rank,operator_id,operator_type,kernel_id,kernel_name,fusion_family,fusion_pattern,input_shapes,output_shapes,weight_shapes,call_count,total_exclusive_ms,mean_ms,p50_ms,p95_ms,end_to_end_share_pct,cumulative_end_to_end_share_pct,operator_exclusive_share_pct,cumulative_operator_exclusive_share_pct,in_top_bottleneck_set
1,10,QLINEAR_CONV,3,fused_quant_qlinear_conv_o4i4,FUSION_CONV_BIAS_ACT,QuantizeLinear-QLinearConvInputPack,"[[1,32,40,98],[],[],[32,32,3,3],[32],[32],[],[],[32]]","[[1,32,40,98]]","[[],[],[32,32,3,3],[32],[32],[],[],[32]]",60,32341.319414,539.0219902333333,538.940833,539.8059348,6.361975090420366,6.361975090420366,6.365595497543921,6.365595497543921,True
2,2,QLINEAR_CONV,1,qlinear_conv_o4i4_neon,,,"[[1,32,80,98],[],[],[32,32,3,3],[32],[32],[],[],[32]]","[[1,32,40,98]]","[[],[],[32,32,3,3],[32],[32],[],[],[32]]",60,31538.22093,525.6370155,525.535209,526.9618196,6.203994753101456,12.56596984352182,6.207525258405138,12.57312075594906,True
3,6,QLINEAR_CONV,1,qlinear_conv_o4i4_neon,,,"[[1,32,40,98],[],[],[32,32,3,3],[32],[32],[],[],[32]]","[[1,32,40,98]]","[[],[],[32,32,3,3],[32],[32],[],[],[32]]",60,31245.186711,520.75311185,520.6586195,521.73379145,6.146350957619451,18.71232080114127,6.149848659586933,18.722969415535992,True
4,12,QLINEAR_CONV,1,qlinear_conv_o4i4_neon,,,"[[1,32,40,98],[],[],[32,32,3,3],[32],[32],[],[],[32]]","[[1,32,40,98]]","[[],[],[32,32,3,3],[32],[32],[],[],[32]]",60,31234.397801,520.5732966833333,520.518958,521.2439589,6.144228633053959,24.85654943419523,6.14772512727088,24.870694542806874,True
5,825,QLINEAR_CONV,1,qlinear_conv_o4i4_neon,,,"[[1,1024,49],[],[],[512,1024,1],[512],[512],[],[],[512]]","[[1,512,49]]","[[],[],[512,1024,1],[512],[512],[],[],[512]]",60,19206.95931,320.11598849999996,320.0233855,321.4514795,3.7782687567175066,28.634818190912736,3.7804188549066873,28.651113397713562,True
6,582,QLINEAR_CONV,1,qlinear_conv_o4i4_neon,,,"[[1,1024,49],[],[],[512,1024,1],[512],[512],[],[]]","[[1,512,49]]","[[],[],[512,1024,1],[512],[512],[],[]]",60,19170.151444,319.50252406666664,319.515364,321.3803016,3.7710281514835056,32.40584634239624,3.7731741292637877,32.42428752697735,True
7,25,QLINEAR_CONV,3,fused_quant_qlinear_conv_o4i4,FUSION_CONV_BIAS_ACT,QuantizeLinear-QLinearConvInputPack,"[[1,32,20,98],[],[],[32,32,3,3],[32],[32],[],[],[32]]","[[1,32,20,98]]","[[],[],[32,32,3,3],[32],[32],[],[],[32]]",60,15955.858539,265.93097565,265.871979,266.58820305,3.1387332493134723,35.54457959170971,3.1405194072366402,35.56480693421399,True
8,17,QLINEAR_CONV,1,qlinear_conv_o4i4_neon,,,"[[1,32,40,98],[],[],[32,32,3,3],[32],[32],[],[],[32]]","[[1,32,20,98]]","[[],[],[32,32,3,3],[32],[32],[],[],[32]]",60,15656.841242,260.94735403333334,260.90950499999997,261.75203930000004,3.0799125014408504,38.624492093150565,3.0816651862598983,38.64647212047389,True
9,21,QLINEAR_CONV,1,qlinear_conv_o4i4_neon,,,"[[1,32,20,98],[],[],[32,32,3,3],[32],[32],[],[],[32]]","[[1,32,20,98]]","[[],[],[32,32,3,3],[32],[32],[],[],[32]]",60,15449.611086,257.4935181,257.4693755,258.367651,3.0391475260365004,41.663639619187066,3.040877012744074,41.687349133217964,True
10,27,QLINEAR_CONV,1,qlinear_conv_o4i4_neon,,,"[[1,32,20,98],[],[],[32,32,3,3],[32],[32],[],[],[32]]","[[1,32,20,98]]","[[],[],[32,32,3,3],[32],[32],[],[],[32]]",60,15437.623796,257.29372993333334,257.379375,257.99939035,3.0367894639115325,44.7004290830986,3.038517608717449,44.72586674193541,True
11,31,QLINEAR_CONV,3,fused_quant_qlinear_conv_o4i4,FUSION_CONV_BIAS_ACT,QuantizeLinear-QLinearConvInputPack,"[[1,32,20,98],[],[],[32,32,3,3],[32],[32],[],[],[32]]","[[1,32,10,98]]","[[],[],[32,32,3,3],[32],[32],[],[],[32]]",60,8238.51156,137.308526,137.175208,137.9104166,1.6206266867446188,46.32105576984322,1.6215489362532889,46.3474156781887,True
12,35,QLINEAR_CONV,3,fused_quant_qlinear_conv_o4i4,FUSION_CONV_BIAS_ACT,QuantizeLinear-QLinearConvInputPack,"[[1,320,98],[],[],[128,320,5],[128],[128],[],[],[128]]","[[1,128,49]]","[[],[],[128,320,5],[128],[128],[],[],[128]]",60,7587.832495,126.46387491666665,126.307526,127.27973395000001,1.4926293113006208,47.81368508114384,1.4934787213839134,47.84089439957262,True
13,0,QLINEAR_CONV,3,fused_quant_qlinear_conv_o4i4,FUSION_CONV_BIAS_ACT,QuantizeLinear-QLinearConvInputPack,"[[1,1,80,98],[],[],[32,1,3,3],[32],[32],[],[],[32]]","[[1,32,80,98]]","[[],[],[32,1,3,3],[32],[32],[],[],[32]]",60,6001.604841,100.02674735000001,99.835937,100.7806171,1.180596870901313,48.99428195204515,1.1812687127838588,49.02216311235648,True
14,219,QLINEAR_CONV,1,qlinear_conv_o4i4_neon,,,"[[1,512,49],[],[],[256,512,1],[256],[256],[],[]]","[[1,256,49]]","[[],[],[256,512,1],[256],[256],[],[]]",60,4802.456508,80.0409418,79.9727345,80.71647115,0.9447081699300512,49.9389901219752,0.945245774705217,49.967408887061694,True
15,567,QLINEAR_CONV,1,qlinear_conv_o4i4_neon,,,"[[1,992,49],[],[],[128,992,1],[128],[128],[],[],[128]]","[[1,128,49]]","[[],[],[128,992,1],[128],[128],[],[],[128]]",60,4645.803279,77.43005465,77.396276,78.27983355,0.9138923603468314,50.85288248232203,0.9144124287791242,50.88182131584082,True
16,810,QLINEAR_CONV,1,qlinear_conv_o4i4_neon,,,"[[1,992,49],[],[],[128,992,1],[128],[128],[],[],[128]]","[[1,128,49]]","[[],[],[128,992,1],[128],[128],[],[],[128]]",60,4643.096092,77.38493486666667,77.29468800000001,78.21831015000001,0.9133598200370611,51.76624230235909,0.9138795854168108,51.795700901257625,True
17,795,QLINEAR_CONV,1,qlinear_conv_o4i4_neon,,,"[[1,960,49],[],[],[128,960,1],[128],[128],[],[],[128]]","[[1,128,49]]","[[],[],[128,960,1],[128],[128],[],[],[128]]",60,4496.152343,74.93587238333333,74.8058595,75.57857530000001,0.8844539965341924,52.65069629889328,0.8849573124862354,52.68065821374386,True
18,552,QLINEAR_CONV,1,qlinear_conv_o4i4_neon,,,"[[1,960,49],[],[],[128,960,1],[128],[128],[],[],[128]]","[[1,128,49]]","[[],[],[128,960,1],[128],[128],[],[],[128]]",60,4492.122295,74.86870491666667,74.78111949999999,75.64751009999999,0.8836612315680823,53.534357530461364,0.8841640963816203,53.56482231012548,True
19,780,QLINEAR_CONV,1,qlinear_conv_o4i4_neon,,,"[[1,928,49],[],[],[128,928,1],[128],[128],[],[],[128]]","[[1,128,49]]","[[],[],[128,928,1],[128],[128],[],[],[128]]",60,4349.7789060000005,72.4963151,72.39880249999999,73.50696375,0.8556603611177567,54.39001789157912,0.8561472914849312,54.42096960161041,True
20,537,QLINEAR_CONV,1,qlinear_conv_o4i4_neon,,,"[[1,928,49],[],[],[128,928,1],[128],[128],[],[],[128]]","[[1,128,49]]","[[],[],[128,928,1],[128],[128],[],[],[128]]",60,4340.156662,72.33594436666667,72.165859,73.17283379999999,0.8537675355388642,55.243785427117984,0.8542533887563939,55.2752229903668,True
21,765,QLINEAR_CONV,1,qlinear_conv_o4i4_neon,,,"[[1,896,49],[],[],[128,896,1],[128],[128],[],[],[128]]","[[1,128,49]]","[[],[],[128,896,1],[128],[128],[],[],[128]]",60,4194.747764,69.91246273333333,69.8336975,70.49102599999999,0.8251636379934529,56.06894906511144,0.8256332136001836,56.100856203966984,True
22,522,QLINEAR_CONV,1,qlinear_conv_o4i4_neon,,,"[[1,896,49],[],[],[128,896,1],[128],[128],[],[],[128]]","[[1,128,49]]","[[],[],[128,896,1],[128],[128],[],[],[128]]",60,4188.794222,69.81323703333334,69.743516,70.4266617,0.8239924957336423,56.89294156084508,0.8244614048788229,56.92531760884581,True
23,3,QLINEAR_CONV,1,qlinear_conv_o4i4_neon,,,"[[1,32,80,98],[],[],[32,32,1,1],[32],[32],[],[],[32]]","[[1,32,40,98]]","[[],[],[32,32,1,1],[32],[32],[],[],[32]]",60,4059.560671,67.65934451666666,67.60856749999999,68.20057249999999,0.7985705077873911,57.69151206863247,0.7990249500500474,57.724342558895856,True
24,507,QLINEAR_CONV,1,qlinear_conv_o4i4_neon,,,"[[1,864,49],[],[],[128,864,1],[128],[128],[],[],[128]]","[[1,128,49]]","[[],[],[128,864,1],[128],[128],[],[],[128]]",60,4049.346566,67.48910943333334,67.448828,68.10246115,0.796561255142219,58.488073323774685,0.797014554000117,58.52135711289597,True
25,750,QLINEAR_CONV,1,qlinear_conv_o4i4_neon,,,"[[1,864,49],[],[],[128,864,1],[128],[128],[],[],[128]]","[[1,128,49]]","[[],[],[128,864,1],[128],[128],[],[],[128]]",60,4049.19833,67.48663883333333,67.3626825,68.2019274,0.7965320951154607,59.284605418890145,0.796985377379272,59.31834249027524,True
26,735,QLINEAR_CONV,1,qlinear_conv_o4i4_neon,,,"[[1,832,49],[],[],[128,832,1],[128],[128],[],[],[128]]","[[1,128,49]]","[[],[],[128,832,1],[128],[128],[],[],[128]]",60,3896.277447,64.93795745,64.84643249999999,65.53013625,0.7664504884871937,60.05105590737734,0.7668866522207721,60.08522914249601,True
27,492,QLINEAR_CONV,1,qlinear_conv_o4i4_neon,,,"[[1,832,49],[],[],[128,832,1],[128],[128],[],[],[128]]","[[1,128,49]]","[[],[],[128,832,1],[128],[128],[],[],[128]]",60,3891.63,64.8605,64.809271,65.67007810000001,0.7655362727846875,60.816592180162026,0.7659719162658294,60.85120105876184,True
28,720,QLINEAR_CONV,1,qlinear_conv_o4i4_neon,,,"[[1,800,49],[],[],[128,800,1],[128],[128],[],[],[128]]","[[1,128,49]]","[[],[],[128,800,1],[128],[128],[],[],[128]]",60,3752.561665,62.54269441666667,62.418150999999995,63.01449515,0.7381796497659852,61.55477182992801,0.7385997254224428,61.58980078418428,True
29,477,QLINEAR_CONV,1,qlinear_conv_o4i4_neon,,,"[[1,800,49],[],[],[128,800,1],[128],[128],[],[],[128]]","[[1,128,49]]","[[],[],[128,800,1],[128],[128],[],[],[128]]",60,3745.750309,62.42917181666667,62.352109,63.11309394999999,0.7368397638865851,62.291611593814594,0.7372590770546152,62.327059861238894,True
30,705,QLINEAR_CONV,1,qlinear_conv_o4i4_neon,,,"[[1,768,49],[],[],[128,768,1],[128],[128],[],[],[128]]","[[1,128,49]]","[[],[],[128,768,1],[128],[128],[],[],[128]]",60,3598.984794,59.9830799,59.955365,60.744797049999995,0.7079690014229323,62.999580595237525,0.70837188511543,63.03543174635433,True
31,462,QLINEAR_CONV,1,qlinear_conv_o4i4_neon,,,"[[1,768,49],[],[],[128,768,1],[128],[128],[],[],[128]]","[[1,128,49]]","[[],[],[128,768,1],[128],[128],[],[],[128]]",60,3596.617236,59.9436206,59.923698,60.69683655,0.7075032707324705,63.70708386597,0.7079058893917537,63.74333763574608,True
32,447,QLINEAR_CONV,1,qlinear_conv_o4i4_neon,,,"[[1,736,49],[],[],[128,736,1],[128],[128],[],[],[128]]","[[1,128,49]]","[[],[],[128,736,1],[128],[128],[],[],[128]]",60,3448.652035,57.477533916666665,57.3810675,58.3057239,0.6783965138014733,64.38548037977147,0.6787825686879282,64.42212020443401,True
33,690,QLINEAR_CONV,1,qlinear_conv_o4i4_neon,,,"[[1,736,49],[],[],[128,736,1],[128],[128],[],[],[128]]","[[1,128,49]]","[[],[],[128,736,1],[128],[128],[],[],[128]]",60,3445.420624,57.42367706666666,57.322214,58.11344535,0.6777608515384176,65.06324123130989,0.6781465446887524,65.10026674912277,True
34,675,QLINEAR_CONV,1,qlinear_conv_o4i4_neon,,,"[[1,704,49],[],[],[128,704,1],[128],[128],[],[],[128]]","[[1,128,49]]","[[],[],[128,704,1],[128],[128],[],[],[128]]",60,3297.477862,54.95796436666667,54.8915365,55.4933617,0.6486585086623086,65.7118997399722,0.6490276405517199,65.74929438967449,True
35,432,QLINEAR_CONV,1,qlinear_conv_o4i4_neon,,,"[[1,704,49],[],[],[128,704,1],[128],[128],[],[],[128]]","[[1,128,49]]","[[],[],[128,704,1],[128],[128],[],[],[128]]",60,3293.56005,54.8926675,54.8466925,55.3521924,0.6478878220358947,66.3597875620081,0.6482565153509148,66.3975509050254,True
36,417,QLINEAR_CONV,1,qlinear_conv_o4i4_neon,,,"[[1,672,49],[],[],[128,672,1],[128],[128],[],[],[128]]","[[1,128,49]]","[[],[],[128,672,1],[128],[128],[],[],[128]]",60,3152.366823,52.53944705,52.4653385,53.23481495,0.6201132040120788,66.97990076602018,0.6204660916341314,67.01801699665953,True
37,660,QLINEAR_CONV,1,qlinear_conv_o4i4_neon,,,"[[1,672,49],[],[],[128,672,1],[128],[128],[],[],[128]]","[[1,128,49]]","[[],[],[128,672,1],[128],[128],[],[],[128]]",60,3151.271251,52.52118751666667,52.4285155,53.42946395,0.619897690177144,67.59979845619732,0.6202504551568077,67.63826745181633,True
38,645,QLINEAR_CONV,1,qlinear_conv_o4i4_neon,,,"[[1,640,49],[],[],[128,640,1],[128],[128],[],[],[128]]","[[1,128,49]]","[[],[],[128,640,1],[128],[128],[],[],[128]]",60,3001.687237,50.02812061666667,49.9480465,50.6069718,0.590472490827326,68.19027094702464,0.5908085108182362,68.22907596263457,True
39,402,QLINEAR_CONV,1,qlinear_conv_o4i4_neon,,,"[[1,640,49],[],[],[128,640,1],[128],[128],[],[],[128]]","[[1,128,49]]","[[],[],[128,640,1],[128],[128],[],[],[128]]",60,2998.08734,49.96812233333333,49.928047,50.6340568,0.5897643423826412,68.78003528940728,0.5900999593877432,68.81917592202231,True
40,387,QLINEAR_CONV,1,qlinear_conv_o4i4_neon,,,"[[1,608,49],[],[],[128,608,1],[128],[128],[],[],[128]]","[[1,128,49]]","[[],[],[128,608,1],[128],[128],[],[],[128]]",60,2849.353749,47.48922915,47.426328,48.0946563,0.5605064327427159,69.34054172215,0.5608253999585662,69.38000132198087,True
41,630,QLINEAR_CONV,1,qlinear_conv_o4i4_neon,,,"[[1,608,49],[],[],[128,608,1],[128],[128],[],[],[128]]","[[1,128,49]]","[[],[],[128,608,1],[128],[128],[],[],[128]]",60,2847.896297,47.46493828333333,47.4178645,47.870635449999995,0.5602197322157279,69.90076145436572,0.5605385362790012,69.94053985825987,True
42,372,QLINEAR_CONV,1,qlinear_conv_o4i4_neon,,,"[[1,576,49],[],[],[128,576,1],[128],[128],[],[],[128]]","[[1,128,49]]","[[],[],[128,576,1],[128],[128],[],[],[128]]",60,2702.106088,45.03510146666667,44.9947655,45.67332095,0.5315408256376717,70.4323022800034,0.5318433094047799,70.47238316766465,True
43,615,QLINEAR_CONV,1,qlinear_conv_o4i4_neon,,,"[[1,576,49],[],[],[128,576,1],[128],[128],[],[],[128]]","[[1,128,49]]","[[],[],[128,576,1],[128],[128],[],[],[128]]",60,2700.467499,45.007791649999994,44.962864499999995,45.50501805,0.5312184930120917,70.96352077301549,0.531520793349476,71.00390396101412,True
44,600,QLINEAR_CONV,1,qlinear_conv_o4i4_neon,,,"[[1,544,49],[],[],[128,544,1],[128],[128],[],[],[128]]","[[1,128,49]]","[[],[],[128,544,1],[128],[128],[],[],[128]]",60,2548.601773,42.47669621666667,42.423724,42.9037687,0.5013444500414649,71.46486522305695,0.5016297499668007,71.50553371098091,True
45,357,QLINEAR_CONV,1,qlinear_conv_o4i4_neon,,,"[[1,544,49],[],[],[128,544,1],[128],[128],[],[],[128]]","[[1,128,49]]","[[],[],[128,544,1],[128],[128],[],[],[128]]",60,2548.312081,42.47186801666667,42.4040885,42.89151270000001,0.5012874637056787,71.96615268676263,0.5015727312018186,72.00710644218273,True
46,342,QLINEAR_CONV,1,qlinear_conv_o4i4_neon,,,"[[1,512,49],[],[],[128,512,1],[128],[128],[],[],[128]]","[[1,128,49]]","[[],[],[128,512,1],[128],[128],[],[],[128]]",60,2402.908128,40.0484688,39.9905995,40.5124236,0.47268453890867085,72.43883722567129,0.47295352934757334,72.48005997153031,True
47,585,QLINEAR_CONV,1,qlinear_conv_o4i4_neon,,,"[[1,512,49],[],[],[128,512,1],[128],[128],[],[],[128]]","[[1,128,49]]","[[],[],[128,512,1],[128],[128],[],[],[128]]",60,2400.021821,40.00036368333333,39.949505,40.4396245,0.4721167632714976,72.9109539889428,0.47238543060650046,72.9524454021368,True
48,204,QLINEAR_CONV,1,qlinear_conv_o4i4_neon,,,"[[1,480,49],[],[],[128,480,1],[128],[128],[],[],[128]]","[[1,128,49]]","[[],[],[128,480,1],[128],[128],[],[],[128]]",60,2256.465521,37.60775868333334,37.523151,38.149481849999994,0.4438772968173999,73.3548312857602,0.4441298939282879,73.3965752960651,True
49,327,QLINEAR_CONV,1,qlinear_conv_o4i4_neon,,,"[[1,480,49],[],[],[128,480,1],[128],[128],[],[],[128]]","[[1,128,49]]","[[],[],[128,480,1],[128],[128],[],[],[128]]",60,2250.851514,37.5141919,37.478594,37.8430341,0.44277294568582587,73.79760423144603,0.44302491434396984,73.83960021040906,True
50,1,DEQUANTIZE_LINEAR,4,fused_dequant_relu_quant,FUSION_CONV_BIAS_ACT,DequantizeLinear-Relu-QuantizeLinear,"[[1,32,80,98],[],[],[],[]]","[[1,32,80,98]]","[[],[],[],[]]",60,2168.208691,36.13681151666666,36.1324735,36.502861550000006,0.426515984286149,74.22412021573219,0.426758701600485,74.26635891200955,True
51,189,QLINEAR_CONV,1,qlinear_conv_o4i4_neon,,,"[[1,448,49],[],[],[128,448,1],[128],[128],[],[],[128]]","[[1,128,49]]","[[],[],[128,448,1],[128],[128],[],[],[128]]",60,2104.145001,35.06908335,35.020026,35.51056755,0.4139137897138403,74.63803400544603,0.41414933550135435,74.6805082475109,True
52,312,QLINEAR_CONV,1,qlinear_conv_o4i4_neon,,,"[[1,448,49],[],[],[128,448,1],[128],[128],[],[],[128]]","[[1,128,49]]","[[],[],[128,448,1],[128],[128],[],[],[128]]",60,2103.576562,35.05960936666667,35.006744499999996,35.378248199999994,0.41380197007184827,75.05183597551787,0.4140374522261944,75.0945456997371,True
53,18,QLINEAR_CONV,1,qlinear_conv_o4i4_neon,,,"[[1,32,40,98],[],[],[32,32,1,1],[32],[32],[],[],[32]]","[[1,32,20,98]]","[[],[],[32,32,1,1],[32],[32],[],[],[32]]",60,2021.616459,33.693607650000004,33.607214,34.17291345,0.3976793089330275,75.4495152844509,0.3979056161697722,75.49245131590686,True
54,174,QLINEAR_CONV,1,qlinear_conv_o4i4_neon,,,"[[1,416,49],[],[],[128,416,1],[128],[128],[],[],[128]]","[[1,128,49]]","[[],[],[128,416,1],[128],[128],[],[],[128]]",60,1958.270728,32.63784546666667,32.596719,33.0065755,0.38521834660964077,75.83473363106054,0.38543756269055396,75.87788887859742,True
55,297,QLINEAR_CONV,1,qlinear_conv_o4i4_neon,,,"[[1,416,49],[],[],[128,416,1],[128],[128],[],[],[128]]","[[1,128,49]]","[[],[],[128,416,1],[128],[128],[],[],[128]]",60,1954.834268,32.580571133333336,32.5106255,32.936229,0.3845423484340759,76.21927597949463,0.38476117982492425,76.26265005842234,True
56,159,QLINEAR_CONV,1,qlinear_conv_o4i4_neon,,,"[[1,384,49],[],[],[128,384,1],[128],[128],[],[],[128]]","[[1,128,49]]","[[],[],[128,384,1],[128],[128],[],[],[128]]",60,1807.123491,30.11872485,30.0540625,30.5144346,0.3554856401461065,76.57476161964073,0.3556879362452919,76.61833799466763,True
57,282,QLINEAR_CONV,1,qlinear_conv_o4i4_neon,,,"[[1,384,49],[],[],[128,384,1],[128],[128],[],[],[128]]","[[1,128,49]]","[[],[],[128,384,1],[128],[128],[],[],[128]]",60,1805.013694,30.083561566666667,30.030182,30.42765085,0.35507061453172073,76.92983223417245,0.3552726744524128,76.97361066912003,True
58,267,QLINEAR_CONV,1,qlinear_conv_o4i4_neon,,,"[[1,352,49],[],[],[128,352,1],[128],[128],[],[],[128]]","[[1,128,49]]","[[],[],[128,352,1],[128],[128],[],[],[128]]",60,1657.109738,27.618495633333335,27.5477605,27.9970626,0.32597590532083726,77.25580813949328,0.32616140832469337,77.29977207744473,True
59,144,QLINEAR_CONV,1,qlinear_conv_o4i4_neon,,,"[[1,352,49],[],[],[128,352,1],[128],[128],[],[],[128]]","[[1,128,49]]","[[],[],[128,352,1],[128],[128],[],[],[128]]",60,1657.029322,27.61715536666667,27.556745,27.8756538,0.3259600864056495,77.58176822589893,0.32614558040744057,77.62591765785217,True
60,129,QLINEAR_CONV,1,qlinear_conv_o4i4_neon,,,"[[1,320,49],[],[],[128,320,1],[128],[128],[],[],[128]]","[[1,128,49]]","[[],[],[128,320,1],[128],[128],[],[],[128]]",60,1509.004474,25.150074566666667,25.087943,25.43065365,0.2968415961027584,77.87860982200168,0.2970105196546151,77.92292817750679,True
61,252,QLINEAR_CONV,1,qlinear_conv_o4i4_neon,,,"[[1,320,49],[],[],[128,320,1],[128],[128],[],[],[128]]","[[1,128,49]]","[[],[],[128,320,1],[128],[128],[],[],[128]]",60,1508.864898,25.1477483,25.081328499999998,25.40545525,0.2968141396151658,78.17542396161684,0.2969830475423679,78.21991122504916,True
62,14,ADD,1,add_stride,,,"[[1,32,40,98],[1,32,40,98]]","[[1,32,40,98]]",[],60,1436.9627600000001,23.949379333333336,23.9698435,24.341433100000003,0.282670016271022,78.45809397788787,0.2828308752064906,78.50274210025565,True
63,8,ADD,1,add_stride,,,"[[1,32,40,98],[1,32,40,98]]","[[1,32,40,98]]",[],60,1435.897554,23.931625899999997,23.9336455,24.371505600000003,0.2824604758391238,78.740554453727,0.28262121553148606,78.78536331578714,True
64,237,QLINEAR_CONV,1,qlinear_conv_o4i4_neon,,,"[[1,288,49],[],[],[128,288,1],[128],[128],[],[],[128]]","[[1,128,49]]","[[],[],[128,288,1],[128],[128],[],[],[128]]",60,1362.611099,22.71018498333333,22.629452999999998,23.0470985,0.2680440386119715,79.00859849233898,0.26819657434702626,79.05355989013417,True
65,114,QLINEAR_CONV,1,qlinear_conv_o4i4_neon,,,"[[1,288,49],[],[],[128,288,1],[128],[128],[],[],[128]]","[[1,128,49]]","[[],[],[128,288,1],[128],[128],[],[],[128]]",60,1359.838856,22.663980933333335,22.6123175,22.9696903,0.2674987009068265,79.2760971932458,0.2676509263067283,79.3212108164409,True
66,222,QLINEAR_CONV,1,qlinear_conv_o4i4_neon,,,"[[1,256,49],[],[],[128,256,1],[128],[128],[],[],[128]]","[[1,128,49]]","[[],[],[128,256,1],[128],[128],[],[],[128]]",60,1216.549537,20.27582561666667,20.256223499999997,20.602807000000002,0.2393117532275466,79.51540894647334,0.23944793829017594,79.56065875473107,True
67,99,QLINEAR_CONV,1,qlinear_conv_o4i4_neon,,,"[[1,256,49],[],[],[128,256,1],[128],[128],[],[],[128]]","[[1,128,49]]","[[],[],[128,256,1],[128],[128],[],[],[128]]",60,1213.296769,20.221612816666667,20.165233999999998,20.541768400000002,0.23867188975364148,79.75408083622699,0.23880771068936907,79.79946646542044,True
68,16,QUANTIZE_LINEAR,1,quantize_linear_stride,,,"[[1,32,40,98],[],[]]","[[1,32,40,98]]","[[],[]]",60,1211.047812,20.184130200000002,20.1469795,20.37854355,0.2382294894844913,79.99231032571149,0.23836505866363963,80.03783152408408,True
69,84,QLINEAR_CONV,1,qlinear_conv_o4i4_neon,,,"[[1,224,49],[],[],[128,224,1],[128],[128],[],[],[128]]","[[1,128,49]]","[[],[],[128,224,1],[128],[128],[],[],[128]]",60,1065.561511,17.75935851666667,17.703229,18.038713350000002,0.20961036572175662,80.20192069143324,0.2097296486253273,80.24756117270941,True
70,11,DEQUANTIZE_LINEAR,4,fused_dequant_relu_quant,FUSION_CONV_BIAS_ACT,DequantizeLinear-Relu-QuantizeLinear,"[[1,32,40,98],[],[],[],[]]","[[1,32,40,98]]","[[],[],[],[]]",60,1043.829737,17.397162283333333,17.338854,17.64967405,0.20533543175605096,80.4072561231893,0.20545228192432133,80.45301345463373,False
71,4,DEQUANTIZE_LINEAR,4,fused_dequant_relu_quant,FUSION_CONV_BIAS_ACT,DequantizeLinear-Relu-QuantizeLinear,"[[1,32,40,98],[],[],[],[]]","[[1,32,40,98]]","[[],[],[],[]]",60,1043.733908,17.39556513333333,17.365026,17.50923935,0.20531658089523305,80.61257270408453,0.20543342033605014,80.65844687496978,False
72,5,DEQUANTIZE_LINEAR,1,dequantize_linear_stride,,,"[[1,32,40,98],[],[]]","[[1,32,40,98]]","[[],[]]",60,943.678542,15.7279757,15.6429165,16.22279395,0.1856343367045603,80.7982070407891,0.1857399755769906,80.84418685054678,False
73,7,DEQUANTIZE_LINEAR,1,dequantize_linear_stride,,,"[[1,32,40,98],[],[]]","[[1,32,40,98]]","[[],[]]",60,938.443908,15.6407318,15.578307,15.873356150000001,0.1846046133748111,80.98281165416391,0.1847096662629165,81.0288965168097,False
74,13,DEQUANTIZE_LINEAR,1,dequantize_linear_stride,,,"[[1,32,40,98],[],[]]","[[1,32,40,98]]","[[],[]]",60,935.768331,15.596138849999999,15.551614,15.856609599999999,0.18407829117970817,81.16688994534361,0.18418304455381085,81.2130795613635,False
75,69,QLINEAR_CONV,1,qlinear_conv_o4i4_neon,,,"[[1,192,49],[],[],[128,192,1],[128],[128],[],[],[128]]","[[1,128,49]]","[[],[],[128,192,1],[128],[128],[],[],[128]]",60,917.448281,15.290804683333333,15.233933,15.550026200000001,0.18047448948370184,81.34736443482731,0.1805771920435296,81.39365675340703,False
76,824,BATCH_NORMALIZATION,2,fused_bn_relu_quant,FUSION_BN_RELU_QUANT,BatchNormalization-Relu-QuantizeLinear,"[[1,1024,49],[1024],[1024],[1024],[1024],[],[]]","[[1,1024,49]]","[[1024],[1024],[1024],[1024],[],[]]",60,770.415627,12.840260449999999,12.816745000000001,13.0591672,0.15155117716449354,81.4989156119918,0.15163742034425945,81.54529417375129,False
77,581,BATCH_NORMALIZATION,2,fused_bn_relu_quant,FUSION_BN_RELU_QUANT,BatchNormalization-Relu-QuantizeLinear,"[[1,1024,49],[1024],[1024],[1024],[1024],[],[]]","[[1,1024,49]]","[[1024],[1024],[1024],[1024],[],[]]",60,770.184689,12.836411483333334,12.826667,12.9873519,0.15150574853541926,81.65042136052722,0.1515919658631298,81.69688613961442,False
78,9,RELU,1,relu_stride,,,"[[1,32,40,98]]","[[1,32,40,98]]",[],60,769.050885,12.817514749999999,12.792448,13.1021401,0.15128271394882487,81.80170407447605,0.15136880435431477,81.84825494396874,False
79,54,QLINEAR_CONV,1,qlinear_conv_o4i4_neon,,,"[[1,160,49],[],[],[128,160,1],[128],[128],[],[],[128]]","[[1,128,49]]","[[],[],[128,160,1],[128],[128],[],[],[128]]",60,768.621299,12.810354983333333,12.780182499999999,12.98126275,0.15119820857054364,81.9529022830466,0.15128425088658504,81.99953919485533,False
80,15,RELU,1,relu_stride,,,"[[1,32,40,98]]","[[1,32,40,98]]",[],60,766.682913,12.77804855,12.777864,12.912742049999999,0.15081690181896193,82.10371918486555,0.15090272714489253,82.15044192200023,False
81,566,BATCH_NORMALIZATION,2,fused_bn_relu_quant,FUSION_BN_RELU_QUANT,BatchNormalization-Relu-QuantizeLinear,"[[1,992,49],[992],[992],[992],[992],[],[]]","[[1,992,49]]","[[992],[992],[992],[992],[],[]]",60,743.669533,12.394492216666666,12.3878385,12.54295035,0.14628985861357557,82.25000904347912,0.14637310773648174,82.2968150297367,False
82,809,BATCH_NORMALIZATION,2,fused_bn_relu_quant,FUSION_BN_RELU_QUANT,BatchNormalization-Relu-QuantizeLinear,"[[1,992,49],[992],[992],[992],[992],[],[]]","[[1,992,49]]","[[992],[992],[992],[992],[],[]]",60,743.3967719999999,12.389946199999999,12.374375,12.55698455,0.14623620283455727,82.39624524631368,0.14631942142358648,82.44313445116029,False
83,794,BATCH_NORMALIZATION,2,fused_bn_relu_quant,FUSION_BN_RELU_QUANT,BatchNormalization-Relu-QuantizeLinear,"[[1,960,49],[960],[960],[960],[960],[],[]]","[[1,960,49]]","[[960],[960],[960],[960],[],[]]",60,719.572759,11.992879316666667,11.974193,12.1492035,0.1415496971506166,82.5377949434643,0.14163024879135985,82.58476469995165,False
84,551,BATCH_NORMALIZATION,2,fused_bn_relu_quant,FUSION_BN_RELU_QUANT,BatchNormalization-Relu-QuantizeLinear,"[[1,960,49],[960],[960],[960],[960],[],[]]","[[1,960,49]]","[[960],[960],[960],[960],[],[]]",60,717.6501049999999,11.960835083333333,11.9620835,12.0079633,0.14117148509628089,82.67896642856059,0.14125182150801172,82.72601652145966,False
85,536,BATCH_NORMALIZATION,2,fused_bn_relu_quant,FUSION_BN_RELU_QUANT,BatchNormalization-Relu-QuantizeLinear,"[[1,928,49],[928],[928],[928],[928],[],[]]","[[1,928,49]]","[[928],[928],[928],[928],[],[]]",60,693.951047,11.565850783333333,11.5502345,11.66238775,0.13650955975141815,82.815475988312,0.1365872432027887,82.86260376466244,False
86,779,BATCH_NORMALIZATION,2,fused_bn_relu_quant,FUSION_BN_RELU_QUANT,BatchNormalization-Relu-QuantizeLinear,"[[1,928,49],[928],[928],[928],[928],[],[]]","[[1,928,49]]","[[928],[928],[928],[928],[],[]]",60,693.88578,11.564763,11.554609,11.639643000000001,0.13649672084948866,82.9519727091615,0.13657439699462942,82.99917816165707,False
87,521,BATCH_NORMALIZATION,2,fused_bn_relu_quant,FUSION_BN_RELU_QUANT,BatchNormalization-Relu-QuantizeLinear,"[[1,896,49],[896],[896],[896],[896],[],[]]","[[1,896,49]]","[[896],[896],[896],[896],[],[]]",60,670.052764,11.167546066666667,11.163099,11.26446915,0.13180844415364198,83.08378115331514,0.1318834523426676,83.13106161399973,False
88,764,BATCH_NORMALIZATION,2,fused_bn_relu_quant,FUSION_BN_RELU_QUANT,BatchNormalization-Relu-QuantizeLinear,"[[1,896,49],[896],[896],[896],[896],[],[]]","[[1,896,49]]","[[896],[896],[896],[896],[],[]]",60,669.844999,11.164083316666668,11.160104,11.23958635,0.13176757396718666,83.21554872728233,0.1318425588982284,83.26290417289796,False
89,749,BATCH_NORMALIZATION,2,fused_bn_relu_quant,FUSION_BN_RELU_QUANT,BatchNormalization-Relu-QuantizeLinear,"[[1,864,49],[864],[864],[864],[864],[],[]]","[[1,864,49]]","[[864],[864],[864],[864],[],[]]",60,644.838075,10.74730125,10.7488535,10.80860625,0.12684837368535876,83.34239710096769,0.12692055924867435,83.38982473214664,False
90,506,BATCH_NORMALIZATION,2,fused_bn_relu_quant,FUSION_BN_RELU_QUANT,BatchNormalization-Relu-QuantizeLinear,"[[1,864,49],[864],[864],[864],[864],[],[]]","[[1,864,49]]","[[864],[864],[864],[864],[],[]]",60,644.796303,10.74660505,10.750104,10.82328115,0.12684015656780473,83.4692372575355,0.1269123374550079,83.51673706960165,False
91,23,ADD,1,add_stride,,,"[[1,32,20,98],[1,32,20,98]]","[[1,32,20,98]]",[],60,635.325571,10.588759516666666,10.543255,11.30594505,0.12497713544919309,83.5942143929847,0.12504825614756598,83.64178532574921,False
92,29,ADD,1,add_stride,,,"[[1,32,20,98],[1,32,20,98]]","[[1,32,20,98]]",[],60,634.615317,10.576921950000001,10.554556999999999,11.0319069,0.12483741887801586,83.71905181186271,0.12490846006792443,83.76669378581714,False
93,39,QLINEAR_CONV,1,qlinear_conv_o4i4_neon,,,"[[1,128,49],[],[],[128,128,1],[128],[128],[],[],[128]]","[[1,128,49]]","[[],[],[128,128,1],[128],[128],[],[],[128]]",60,622.529061,10.375484349999999,10.3476045,10.561960499999998,0.12245988880188798,83.8415117006646,0.12252957701151893,83.88922336282866,False
94,491,BATCH_NORMALIZATION,2,fused_bn_relu_quant,FUSION_BN_RELU_QUANT,BatchNormalization-Relu-QuantizeLinear,"[[1,832,49],[832],[832],[832],[832],[],[]]","[[1,832,49]]","[[832],[832],[832],[832],[],[]]",60,622.3153130000001,10.371921883333334,10.3484375,10.56204395,0.12241784167838571,83.96392954234298,0.12248750596027355,84.01171086878894,False
95,734,BATCH_NORMALIZATION,2,fused_bn_relu_quant,FUSION_BN_RELU_QUANT,BatchNormalization-Relu-QuantizeLinear,"[[1,832,49],[832],[832],[832],[832],[],[]]","[[1,832,49]]","[[832],[832],[832],[832],[],[]]",60,621.984324,10.3664054,10.352995,10.48434335,0.12235273166397202,84.08628227400695,0.12242235889372485,84.13413322768267,False
96,719,BATCH_NORMALIZATION,2,fused_bn_relu_quant,FUSION_BN_RELU_QUANT,BatchNormalization-Relu-QuantizeLinear,"[[1,800,49],[800],[800],[800],[800],[],[]]","[[1,800,49]]","[[800],[800],[800],[800],[],[]]",60,600.299529,10.00499215,9.9992185,10.142635,0.11808703910316844,84.20436931311012,0.11815423885662428,84.25228746653929,False
97,476,BATCH_NORMALIZATION,2,fused_bn_relu_quant,FUSION_BN_RELU_QUANT,BatchNormalization-Relu-QuantizeLinear,"[[1,800,49],[800],[800],[800],[800],[],[]]","[[1,800,49]]","[[800],[800],[800],[800],[],[]]",60,598.0280769999999,9.967134616666666,9.9572915,10.10575255,0.11764021376317227,84.32200952687329,0.11770715924187523,84.36999462578116,False
98,704,BATCH_NORMALIZATION,2,fused_bn_relu_quant,FUSION_BN_RELU_QUANT,BatchNormalization-Relu-QuantizeLinear,"[[1,768,49],[768],[768],[768],[768],[],[]]","[[1,768,49]]","[[768],[768],[768],[768],[],[]]",60,573.180573,9.55300955,9.547031,9.5997545,0.11275237355221628,84.4347619004255,0.11281653750925862,84.48281116329042,False
99,461,BATCH_NORMALIZATION,2,fused_bn_relu_quant,FUSION_BN_RELU_QUANT,BatchNormalization-Relu-QuantizeLinear,"[[1,768,49],[768],[768],[768],[768],[],[]]","[[1,768,49]]","[[768],[768],[768],[768],[],[]]",60,572.355674,9.539261233333333,9.536953,9.60415935,0.11259010475845022,84.54735200518395,0.11265417637324215,84.59546533966366,False
100,689,BATCH_NORMALIZATION,2,fused_bn_relu_quant,FUSION_BN_RELU_QUANT,BatchNormalization-Relu-QuantizeLinear,"[[1,736,49],[736],[736],[736],[736],[],[]]","[[1,736,49]]","[[736],[736],[736],[736],[],[]]",60,548.852036,9.147533933333333,9.1493495,9.2084028,0.10796662117152121,84.65531862635548,0.1080280617019917,84.70349340136565,False
101,446,BATCH_NORMALIZATION,2,fused_bn_relu_quant,FUSION_BN_RELU_QUANT,BatchNormalization-Relu-QuantizeLinear,"[[1,736,49],[736],[736],[736],[736],[],[]]","[[1,736,49]]","[[736],[736],[736],[736],[],[]]",60,548.050571,9.134176183333333,9.1409895,9.173281049999998,0.10780896216260531,84.76312758851809,0.10787031297411417,84.81136371433976,False
102,431,BATCH_NORMALIZATION,2,fused_bn_relu_quant,FUSION_BN_RELU_QUANT,BatchNormalization-Relu-QuantizeLinear,"[[1,704,49],[704],[704],[704],[704],[],[]]","[[1,704,49]]","[[704],[704],[704],[704],[],[]]",60,524.8302620000001,8.747171033333334,8.74388,8.8698802,0.10324121322327429,84.86636880174136,0.10329996466735976,84.91466367900712,False
103,674,BATCH_NORMALIZATION,2,fused_bn_relu_quant,FUSION_BN_RELU_QUANT,BatchNormalization-Relu-QuantizeLinear,"[[1,704,49],[704],[704],[704],[704],[],[]]","[[1,704,49]]","[[704],[704],[704],[704],[],[]]",60,524.57203,8.742867166666667,8.7403905,8.7996616,0.103190415495126,84.96955921723648,0.10324913803176461,85.01791281703889,False
104,19,DEQUANTIZE_LINEAR,4,fused_dequant_relu_quant,FUSION_CONV_BIAS_ACT,DequantizeLinear-Relu-QuantizeLinear,"[[1,32,20,98],[],[],[],[]]","[[1,32,20,98]]","[[],[],[],[]]",60,520.641766,8.677362766666667,8.631901,9.02039655,0.10241727939184285,85.07197649662832,0.1024755619601672,85.12038837899905,False
105,26,DEQUANTIZE_LINEAR,4,fused_dequant_relu_quant,FUSION_CONV_BIAS_ACT,DequantizeLinear-Relu-QuantizeLinear,"[[1,32,20,98],[],[],[],[]]","[[1,32,20,98]]","[[],[],[],[]]",60,517.949792,8.632496533333333,8.6152865,8.762437100000001,0.1018877316849968,85.17386422831332,0.10194571290377752,85.22233409190284,False
106,659,BATCH_NORMALIZATION,2,fused_bn_relu_quant,FUSION_BN_RELU_QUANT,BatchNormalization-Relu-QuantizeLinear,"[[1,672,49],[672],[672],[672],[672],[],[]]","[[1,672,49]]","[[672],[672],[672],[672],[],[]]",60,501.284479,8.354741316666667,8.339427,8.52603105,0.09860943914464476,85.27247366745796,0.09866555478654135,85.32099964668937,False
107,416,BATCH_NORMALIZATION,2,fused_bn_relu_quant,FUSION_BN_RELU_QUANT,BatchNormalization-Relu-QuantizeLinear,"[[1,672,49],[672],[672],[672],[672],[],[]]","[[1,672,49]]","[[672],[672],[672],[672],[],[]]",60,499.543229,8.325720483333333,8.324271,8.48668545,0.09826691171141336,85.37074057916938,0.09832283243133341,85.41932247912071,False
108,207,QLINEAR_CONV,3,fused_quant_qlinear_conv_o4i4,FUSION_CONV_BIAS_ACT,QuantizeLinear-QLinearConvInputPack,"[[1,128,49],[],[],[32,128,3],[32],[32],[],[]]","[[1,32,49]]","[[],[],[32,128,3],[32],[32],[],[]]",60,490.163642,8.169394033333333,8.144583,8.299675149999999,0.09642182004744744,85.46716239921683,0.09647669078164624,85.51579916990235,False
109,132,QLINEAR_CONV,3,fused_quant_qlinear_conv_o4i4,FUSION_CONV_BIAS_ACT,QuantizeLinear-QLinearConvInputPack,"[[1,128,49],[],[],[32,128,3],[32],[32],[],[]]","[[1,32,49]]","[[],[],[32,128,3],[32],[32],[],[]]",60,490.023177,8.16705295,8.144948,8.283722000000001,0.09639418868152706,85.56355658789836,0.09644904369155333,85.6122482135939,False
110,42,QLINEAR_CONV,3,fused_quant_qlinear_conv_o4i4,FUSION_CONV_BIAS_ACT,QuantizeLinear-QLinearConvInputPack,"[[1,128,49],[],[],[32,128,3],[32],[32],[],[]]","[[1,32,49]]","[[],[],[32,128,3],[32],[32],[],[]]",60,489.810727,8.163512116666666,8.145833,8.283497,0.09635239689218607,85.65990898479055,0.09640722811977218,85.70865544171367,False
111,57,QLINEAR_CONV,3,fused_quant_qlinear_conv_o4i4,FUSION_CONV_BIAS_ACT,QuantizeLinear-QLinearConvInputPack,"[[1,128,49],[],[],[32,128,3],[32],[32],[],[]]","[[1,32,49]]","[[],[],[32,128,3],[32],[32],[],[]]",60,489.774375,8.16290625,8.141198,8.31260685,0.0963452459619619,85.7562542307525,0.09640007312017045,85.80505551483384,False
112,87,QLINEAR_CONV,3,fused_quant_qlinear_conv_o4i4,FUSION_CONV_BIAS_ACT,QuantizeLinear-QLinearConvInputPack,"[[1,128,49],[],[],[32,128,3],[32],[32],[],[]]","[[1,32,49]]","[[],[],[32,128,3],[32],[32],[],[]]",60,489.694635,8.16157725,8.145,8.281286150000001,0.09632956002512005,85.85258379077763,0.09638437825693755,85.90143989309078,False
113,117,QLINEAR_CONV,3,fused_quant_qlinear_conv_o4i4,FUSION_CONV_BIAS_ACT,QuantizeLinear-QLinearConvInputPack,"[[1,128,49],[],[],[32,128,3],[32],[32],[],[]]","[[1,32,49]]","[[],[],[32,128,3],[32],[32],[],[]]",60,489.635727,8.160595449999999,8.133958,8.3002036,0.09631797202452462,85.94890176280215,0.09637278366196234,85.99781267675274,False
114,72,QLINEAR_CONV,3,fused_quant_qlinear_conv_o4i4,FUSION_CONV_BIAS_ACT,QuantizeLinear-QLinearConvInputPack,"[[1,128,49],[],[],[32,128,3],[32],[32],[],[]]","[[1,32,49]]","[[],[],[32,128,3],[32],[32],[],[]]",60,489.627917,8.160465283333334,8.137890500000001,8.30325695,0.09631643569185927,86.04521819849401,0.09637124645501664,86.09418392320777,False
115,192,QLINEAR_CONV,3,fused_quant_qlinear_conv_o4i4,FUSION_CONV_BIAS_ACT,QuantizeLinear-QLinearConvInputPack,"[[1,128,49],[],[],[32,128,3],[32],[32],[],[]]","[[1,32,49]]","[[],[],[32,128,3],[32],[32],[],[]]",60,489.547817,8.159130283333333,8.1409895,8.29154415,0.09630067893814681,86.14151887743216,0.0963554807346134,86.19053940394238,False
116,177,QLINEAR_CONV,3,fused_quant_qlinear_conv_o4i4,FUSION_CONV_BIAS_ACT,QuantizeLinear-QLinearConvInputPack,"[[1,128,49],[],[],[32,128,3],[32],[32],[],[]]","[[1,32,49]]","[[],[],[32,128,3],[32],[32],[],[]]",60,489.304795,8.155079916666667,8.140390499999999,8.2156141,0.09625287322278211,86.23777175065494,0.0963076478144656,86.28684705175685,False
117,147,QLINEAR_CONV,3,fused_quant_qlinear_conv_o4i4,FUSION_CONV_BIAS_ACT,QuantizeLinear-QLinearConvInputPack,"[[1,128,49],[],[],[32,128,3],[32],[32],[],[]]","[[1,32,49]]","[[],[],[32,128,3],[32],[32],[],[]]",60,489.18073,8.153012166666667,8.1317185,8.298952949999999,0.09622846795874544,86.33400021861368,0.09628322866213317,86.38313028041898,False
118,162,QLINEAR_CONV,3,fused_quant_qlinear_conv_o4i4,FUSION_CONV_BIAS_ACT,QuantizeLinear-QLinearConvInputPack,"[[1,128,49],[],[],[32,128,3],[32],[32],[],[]]","[[1,32,49]]","[[],[],[32,128,3],[32],[32],[],[]]",60,489.079268,8.151321133333333,8.137891,8.252075150000001,0.09620850901061592,86.4302087276243,0.09626325835597144,86.47939353877496,False
119,102,QLINEAR_CONV,3,fused_quant_qlinear_conv_o4i4,FUSION_CONV_BIAS_ACT,QuantizeLinear-QLinearConvInputPack,"[[1,128,49],[],[],[32,128,3],[32],[32],[],[]]","[[1,32,49]]","[[],[],[32,128,3],[32],[32],[],[]]",60,488.711412,8.1451902,8.140182,8.2148387,0.09613614675851039,86.52634487438281,0.09619085492470231,86.57558439369966,False
120,300,QLINEAR_CONV,3,fused_quant_qlinear_conv_o4i4,FUSION_CONV_BIAS_ACT,QuantizeLinear-QLinearConvInputPack,"[[1,128,49],[],[],[32,128,3],[32],[32],[],[]]","[[1,32,49]]","[[],[],[32,128,3],[32],[32],[],[]]",60,486.44417,8.107402833333333,8.0745055,8.282062849999999,0.09569014958247338,86.62203502396528,0.09574460394519542,86.67132899764485,False
121,495,QLINEAR_CONV,3,fused_quant_qlinear_conv_o4i4,FUSION_CONV_BIAS_ACT,QuantizeLinear-QLinearConvInputPack,"[[1,128,49],[],[],[32,128,3],[32],[32],[],[]]","[[1,32,49]]","[[],[],[32,128,3],[32],[32],[],[]]",60,486.232508,8.103875133333334,8.076927,8.25866675,0.09564851280339362,86.71768353676867,0.09570294347188715,86.76703194111674,False
122,768,QLINEAR_CONV,3,fused_quant_qlinear_conv_o4i4,FUSION_CONV_BIAS_ACT,QuantizeLinear-QLinearConvInputPack,"[[1,128,49],[],[],[32,128,3],[32],[32],[],[]]","[[1,32,49]]","[[],[],[32,128,3],[32],[32],[],[]]",60,486.142444,8.102374066666666,8.0800255,8.2454505,0.09563079599607327,86.81331433276475,0.09568521658246895,86.86271715769921,False
123,738,QLINEAR_CONV,3,fused_quant_qlinear_conv_o4i4,FUSION_CONV_BIAS_ACT,QuantizeLinear-QLinearConvInputPack,"[[1,128,49],[],[],[32,128,3],[32],[32],[],[]]","[[1,32,49]]","[[],[],[32,128,3],[32],[32],[],[]]",60,485.972451,8.09954085,8.076328,8.2223206,0.095597356073054,86.9089116888378,0.09565175762980341,86.95836891532902,False
124,693,QLINEAR_CONV,3,fused_quant_qlinear_conv_o4i4,FUSION_CONV_BIAS_ACT,QuantizeLinear-QLinearConvInputPack,"[[1,128,49],[],[],[32,128,3],[32],[32],[],[]]","[[1,32,49]]","[[],[],[32,128,3],[32],[32],[],[]]",60,485.924532,8.0987422,8.0764585,8.2255442,0.09558792975743417,87.00449961859523,0.09564232594995319,87.05401124127897,False
125,570,QLINEAR_CONV,3,fused_quant_qlinear_conv_o4i4,FUSION_CONV_BIAS_ACT,QuantizeLinear-QLinearConvInputPack,"[[1,128,49],[],[],[32,128,3],[32],[32],[],[]]","[[1,32,49]]","[[],[],[32,128,3],[32],[32],[],[]]",60,485.910152,8.098502533333333,8.07625,8.235132349999999,0.09558510101688006,87.10008471961211,0.09563949559964859,87.14965073687861,False
126,285,QLINEAR_CONV,3,fused_quant_qlinear_conv_o4i4,FUSION_CONV_BIAS_ACT,QuantizeLinear-QLinearConvInputPack,"[[1,128,49],[],[],[32,128,3],[32],[32],[],[]]","[[1,32,49]]","[[],[],[32,128,3],[32],[32],[],[]]",60,485.886563,8.098109383333334,8.0747135,8.26458615,0.09558046074143282,87.19566518035354,0.09563485268356128,87.24528558956217,False
127,315,QLINEAR_CONV,3,fused_quant_qlinear_conv_o4i4,FUSION_CONV_BIAS_ACT,QuantizeLinear-QLinearConvInputPack,"[[1,128,49],[],[],[32,128,3],[32],[32],[],[]]","[[1,32,49]]","[[],[],[32,128,3],[32],[32],[],[]]",60,485.856513,8.09760855,8.0741665,8.199541750000002,0.09557454949987153,87.29123972985342,0.09562893807809165,87.34091452764027,False
128,390,QLINEAR_CONV,3,fused_quant_qlinear_conv_o4i4,FUSION_CONV_BIAS_ACT,QuantizeLinear-QLinearConvInputPack,"[[1,128,49],[],[],[32,128,3],[32],[32],[],[]]","[[1,32,49]]","[[],[],[32,128,3],[32],[32],[],[]]",60,485.821825,8.097030416666666,8.0702605,8.2514764,0.09556772590096044,87.38680745575438,0.09562211059607732,87.43653663823635,False
129,480,QLINEAR_CONV,3,fused_quant_qlinear_conv_o4i4,FUSION_CONV_BIAS_ACT,QuantizeLinear-QLinearConvInputPack,"[[1,128,49],[],[],[32,128,3],[32],[32],[],[]]","[[1,32,49]]","[[],[],[32,128,3],[32],[32],[],[]]",60,485.734426,8.095573766666666,8.0710675,8.1713384,0.0955505333351962,87.48235798908958,0.09560490824654519,87.53214154648289,False
130,435,QLINEAR_CONV,3,fused_quant_qlinear_conv_o4i4,FUSION_CONV_BIAS_ACT,QuantizeLinear-QLinearConvInputPack,"[[1,128,49],[],[],[32,128,3],[32],[32],[],[]]","[[1,32,49]]","[[],[],[32,128,3],[32],[32],[],[]]",60,485.708643,8.09514405,8.073541500000001,8.25544255,0.09554546147026526,87.57790345055984,0.0955998334953697,87.62774137997826,False
131,723,QLINEAR_CONV,3,fused_quant_qlinear_conv_o4i4,FUSION_CONV_BIAS_ACT,QuantizeLinear-QLinearConvInputPack,"[[1,128,49],[],[],[32,128,3],[32],[32],[],[]]","[[1,32,49]]","[[],[],[32,128,3],[32],[32],[],[]]",60,485.70311,8.095051833333333,8.068828,8.22378585,0.09554437305430656,87.67344782361415,0.0955987444600265,87.72334012443828,False
132,525,QLINEAR_CONV,3,fused_quant_qlinear_conv_o4i4,FUSION_CONV_BIAS_ACT,QuantizeLinear-QLinearConvInputPack,"[[1,128,49],[],[],[32,128,3],[32],[32],[],[]]","[[1,32,49]]","[[],[],[32,128,3],[32],[32],[],[]]",60,485.635103,8.093918383333333,8.074453,8.2357163,0.09553099515730626,87.76897881877146,0.09558535895007064,87.81892548338836,False
133,345,QLINEAR_CONV,3,fused_quant_qlinear_conv_o4i4,FUSION_CONV_BIAS_ACT,QuantizeLinear-QLinearConvInputPack,"[[1,128,49],[],[],[32,128,3],[32],[32],[],[]]","[[1,32,49]]","[[],[],[32,128,3],[32],[32],[],[]]",60,485.623912,8.093731866666667,8.0796875,8.217711399999999,0.0955287937361977,87.86450761250765,0.09558315627620007,87.91450863966456,False
134,633,QLINEAR_CONV,3,fused_quant_qlinear_conv_o4i4,FUSION_CONV_BIAS_ACT,QuantizeLinear-QLinearConvInputPack,"[[1,128,49],[],[],[32,128,3],[32],[32],[],[]]","[[1,32,49]]","[[],[],[32,128,3],[32],[32],[],[]]",60,485.610888,8.0935148,8.076667,8.19704355,0.09552623173918956,87.96003384424684,0.09558059282123713,88.0100892324858,False
135,330,QLINEAR_CONV,3,fused_quant_qlinear_conv_o4i4,FUSION_CONV_BIAS_ACT,QuantizeLinear-QLinearConvInputPack,"[[1,128,49],[],[],[32,128,3],[32],[32],[],[]]","[[1,32,49]]","[[],[],[32,128,3],[32],[32],[],[]]",60,485.547813,8.09246355,8.069974,8.2279584,0.09551382403331674,88.05554766828016,0.09556817805451509,88.10565741054032,False
136,510,QLINEAR_CONV,3,fused_quant_qlinear_conv_o4i4,FUSION_CONV_BIAS_ACT,QuantizeLinear-QLinearConvInputPack,"[[1,128,49],[],[],[32,128,3],[32],[32],[],[]]","[[1,32,49]]","[[],[],[32,128,3],[32],[32],[],[]]",60,485.516195,8.091936583333332,8.0765105,8.20583845,0.0955076043449412,88.1510552726251,0.09556195482670349,88.20121936536702,False
137,255,QLINEAR_CONV,3,fused_quant_qlinear_conv_o4i4,FUSION_CONV_BIAS_ACT,QuantizeLinear-QLinearConvInputPack,"[[1,128,49],[],[],[32,128,3],[32],[32],[],[]]","[[1,32,49]]","[[],[],[32,128,3],[32],[32],[],[]]",60,485.505413,8.091756883333334,8.073932,8.1819485,0.09550548337966619,88.24656075600477,0.09555983265445145,88.29677919802147,False
138,783,QLINEAR_CONV,3,fused_quant_qlinear_conv_o4i4,FUSION_CONV_BIAS_ACT,QuantizeLinear-QLinearConvInputPack,"[[1,128,49],[],[],[32,128,3],[32],[32],[],[]]","[[1,32,49]]","[[],[],[32,128,3],[32],[32],[],[]]",60,485.505047,8.091750783333334,8.0747655,8.1774663,0.0955054113825144,88.34206616738729,0.09555976061632826,88.3923389586378,False
139,225,QLINEAR_CONV,3,fused_quant_qlinear_conv_o4i4,FUSION_CONV_BIAS_ACT,QuantizeLinear-QLinearConvInputPack,"[[1,128,49],[],[],[32,128,3],[32],[32],[],[]]","[[1,32,49]]","[[],[],[32,128,3],[32],[32],[],[]]",60,485.494214,8.091570233333334,8.0653385,8.2180202,0.09550328038484938,88.43756944777213,0.09555762840597709,88.48789658704376,False
140,540,QLINEAR_CONV,3,fused_quant_qlinear_conv_o4i4,FUSION_CONV_BIAS_ACT,QuantizeLinear-QLinearConvInputPack,"[[1,128,49],[],[],[32,128,3],[32],[32],[],[]]","[[1,32,49]]","[[],[],[32,128,3],[32],[32],[],[]]",60,485.408855,8.090147583333334,8.073542,8.212476850000002,0.09548648911468531,88.53305593688683,0.09554082758041028,88.58343741462417,False
141,240,QLINEAR_CONV,3,fused_quant_qlinear_conv_o4i4,FUSION_CONV_BIAS_ACT,QuantizeLinear-QLinearConvInputPack,"[[1,128,49],[],[],[32,128,3],[32],[32],[],[]]","[[1,32,49]]","[[],[],[32,128,3],[32],[32],[],[]]",60,485.403437,8.090057283333334,8.0721355,8.22060635,0.09548542332078251,88.6285413602076,0.09553976117999649,88.67897717580416,False
142,618,QLINEAR_CONV,3,fused_quant_qlinear_conv_o4i4,FUSION_CONV_BIAS_ACT,QuantizeLinear-QLinearConvInputPack,"[[1,128,49],[],[],[32,128,3],[32],[32],[],[]]","[[1,32,49]]","[[],[],[32,128,3],[32],[32],[],[]]",60,485.359527,8.08932545,8.073932,8.2071223,0.09547678562970244,88.7240181458373,0.09553111857346833,88.77450829437763,False
143,753,QLINEAR_CONV,3,fused_quant_qlinear_conv_o4i4,FUSION_CONV_BIAS_ACT,QuantizeLinear-QLinearConvInputPack,"[[1,128,49],[],[],[32,128,3],[32],[32],[],[]]","[[1,32,49]]","[[],[],[32,128,3],[32],[32],[],[]]",60,485.319582,8.088659700000001,8.0702345,8.2572141,0.09546892790776679,88.81948707374507,0.09552325637994138,88.87003155075757,False
144,678,QLINEAR_CONV,3,fused_quant_qlinear_conv_o4i4,FUSION_CONV_BIAS_ACT,QuantizeLinear-QLinearConvInputPack,"[[1,128,49],[],[],[32,128,3],[32],[32],[],[]]","[[1,32,49]]","[[],[],[32,128,3],[32],[32],[],[]]",60,485.29755,8.0882925,8.077552,8.1659995,0.09546459391528497,88.91495166766035,0.09551891992111586,88.96555047067869,False
145,663,QLINEAR_CONV,3,fused_quant_qlinear_conv_o4i4,FUSION_CONV_BIAS_ACT,QuantizeLinear-QLinearConvInputPack,"[[1,128,49],[],[],[32,128,3],[32],[32],[],[]]","[[1,32,49]]","[[],[],[32,128,3],[32],[32],[],[]]",60,485.28495,8.0880825,8.0710675,8.20717225,0.09546211532481336,89.01041378298515,0.09551643992015356,89.06106691059884,False
146,375,QLINEAR_CONV,3,fused_quant_qlinear_conv_o4i4,FUSION_CONV_BIAS_ACT,QuantizeLinear-QLinearConvInputPack,"[[1,128,49],[],[],[32,128,3],[32],[32],[],[]]","[[1,32,49]]","[[],[],[32,128,3],[32],[32],[],[]]",60,485.15937,8.0859895,8.0747135,8.22558035,0.0954374120397795,89.10585119502494,0.09549172257722921,89.15655863317608,False
147,405,QLINEAR_CONV,3,fused_quant_qlinear_conv_o4i4,FUSION_CONV_BIAS_ACT,QuantizeLinear-QLinearConvInputPack,"[[1,128,49],[],[],[32,128,3],[32],[32],[],[]]","[[1,32,49]]","[[],[],[32,128,3],[32],[32],[],[]]",60,485.101565,8.085026083333334,8.069557,8.15499775,0.0954260410142071,89.20127723603915,0.09548034508075093,89.25203897825682,False
148,555,QLINEAR_CONV,3,fused_quant_qlinear_conv_o4i4,FUSION_CONV_BIAS_ACT,QuantizeLinear-QLinearConvInputPack,"[[1,128,49],[],[],[32,128,3],[32],[32],[],[]]","[[1,32,49]]","[[],[],[32,128,3],[32],[32],[],[]]",60,485.093748,8.0848958,8.0754685,8.1599558,0.09542450330454705,89.29670173934369,0.09547880649602694,89.34751778475285,False
149,465,QLINEAR_CONV,3,fused_quant_qlinear_conv_o4i4,FUSION_CONV_BIAS_ACT,QuantizeLinear-QLinearConvInputPack,"[[1,128,49],[],[],[32,128,3],[32],[32],[],[]]","[[1,32,49]]","[[],[],[32,128,3],[32],[32],[],[]]",60,485.085415,8.084756916666667,8.080651,8.127080650000002,0.09542286409070577,89.3921246034344,0.09547716634935878,89.44299495110221,False
150,813,QLINEAR_CONV,3,fused_quant_qlinear_conv_o4i4,FUSION_CONV_BIAS_ACT,QuantizeLinear-QLinearConvInputPack,"[[1,128,49],[],[],[32,128,3],[32],[32],[],[]]","[[1,32,49]]","[[],[],[32,128,3],[32],[32],[],[]]",60,485.081618,8.084693633333334,8.0748175,8.17494735,0.09542211716943429,89.48754672060383,0.09547641900303704,89.53847137010524,False
151,708,QLINEAR_CONV,3,fused_quant_qlinear_conv_o4i4,FUSION_CONV_BIAS_ACT,QuantizeLinear-QLinearConvInputPack,"[[1,128,49],[],[],[32,128,3],[32],[32],[],[]]","[[1,32,49]]","[[],[],[32,128,3],[32],[32],[],[]]",60,485.05328,8.084221333333334,8.075573,8.1636009,0.09541654270143549,89.58296326330526,0.09547084136277752,89.63394221146802,False
152,603,QLINEAR_CONV,3,fused_quant_qlinear_conv_o4i4,FUSION_CONV_BIAS_ACT,QuantizeLinear-QLinearConvInputPack,"[[1,128,49],[],[],[32,128,3],[32],[32],[],[]]","[[1,32,49]]","[[],[],[32,128,3],[32],[32],[],[]]",60,485.015306,8.083588433333334,8.068984,8.192768599999999,0.09540907270186648,89.67837233600713,0.09546336711225825,89.72940557858028,False
153,648,QLINEAR_CONV,3,fused_quant_qlinear_conv_o4i4,FUSION_CONV_BIAS_ACT,QuantizeLinear-QLinearConvInputPack,"[[1,128,49],[],[],[32,128,3],[32],[32],[],[]]","[[1,32,49]]","[[],[],[32,128,3],[32],[32],[],[]]",60,485.003857,8.083397616666666,8.0705725,8.16420865,0.09540682052866731,89.7737791565358,0.09546111365741561,89.8248666922377,False
154,420,QLINEAR_CONV,3,fused_quant_qlinear_conv_o4i4,FUSION_CONV_BIAS_ACT,QuantizeLinear-QLinearConvInputPack,"[[1,128,49],[],[],[32,128,3],[32],[32],[],[]]","[[1,32,49]]","[[],[],[32,128,3],[32],[32],[],[]]",60,484.951878,8.082531300000001,8.0733855,8.155943149999999,0.09539659555611774,89.86917575209192,0.09545088286614418,89.92031757510385,False
155,798,QLINEAR_CONV,3,fused_quant_qlinear_conv_o4i4,FUSION_CONV_BIAS_ACT,QuantizeLinear-QLinearConvInputPack,"[[1,128,49],[],[],[32,128,3],[32],[32],[],[]]","[[1,32,49]]","[[],[],[32,128,3],[32],[32],[],[]]",60,484.812657,8.08021095,8.073437,8.14245295,0.09536920890182805,89.96454496099375,0.09542348062693994,90.01574105573079,False
156,450,QLINEAR_CONV,3,fused_quant_qlinear_conv_o4i4,FUSION_CONV_BIAS_ACT,QuantizeLinear-QLinearConvInputPack,"[[1,128,49],[],[],[32,128,3],[32],[32],[],[]]","[[1,32,49]]","[[],[],[32,128,3],[32],[32],[],[]]",60,484.73057900000003,8.078842983333335,8.075312499999999,8.16053875,0.09535306304875424,90.0598980240425,0.09540732558575069,90.11114838131654,False
157,588,QLINEAR_CONV,3,fused_quant_qlinear_conv_o4i4,FUSION_CONV_BIAS_ACT,QuantizeLinear-QLinearConvInputPack,"[[1,128,49],[],[],[32,128,3],[32],[32],[],[]]","[[1,32,49]]","[[],[],[32,128,3],[32],[32],[],[]]",60,484.683539,8.078058983333333,8.067317500000001,8.141041900000001,0.09534380964432684,90.15524183368683,0.09539806691549141,90.20654644823203,False
158,270,QLINEAR_CONV,3,fused_quant_qlinear_conv_o4i4,FUSION_CONV_BIAS_ACT,QuantizeLinear-QLinearConvInputPack,"[[1,128,49],[],[],[32,128,3],[32],[32],[],[]]","[[1,32,49]]","[[],[],[32,128,3],[32],[32],[],[]]",60,484.63765,8.077294166666666,8.0721095,8.11359365,0.0953347826571719,90.250576616344,0.09538903479135177,90.30193548302339,False
159,360,QLINEAR_CONV,3,fused_quant_qlinear_conv_o4i4,FUSION_CONV_BIAS_ACT,QuantizeLinear-QLinearConvInputPack,"[[1,128,49],[],[],[32,128,3],[32],[32],[],[]]","[[1,32,49]]","[[],[],[32,128,3],[32],[32],[],[]]",60,484.528444,8.075474066666667,8.071016,8.1378875,0.09531330035946997,90.34588991670347,0.09536754026872558,90.39730302329211,False
160,644,BATCH_NORMALIZATION,2,fused_bn_relu_quant,FUSION_BN_RELU_QUANT,BatchNormalization-Relu-QuantizeLinear,"[[1,640,49],[640],[640],[640],[640],[],[]]","[[1,640,49]]","[[640],[640],[640],[640],[],[]]",60,476.20537,7.936756166666667,7.9350000000000005,8.0003338,0.09367603909669033,90.43956595580016,0.09372934729020443,90.49103237058232,False
161,401,BATCH_NORMALIZATION,2,fused_bn_relu_quant,FUSION_BN_RELU_QUANT,BatchNormalization-Relu-QuantizeLinear,"[[1,640,49],[640],[640],[640],[640],[],[]]","[[1,640,49]]","[[640],[640],[640],[640],[],[]]",60,475.748018,7.9291336333333335,7.9340885,7.9681952,0.0935860717705492,90.53315202757071,0.09363932876638588,90.5846716993487,False
162,20,DEQUANTIZE_LINEAR,1,dequantize_linear_stride,,,"[[1,32,20,98],[],[]]","[[1,32,20,98]]","[[],[]]",60,457.855416,7.6309236,7.587161500000001,7.7993177,0.09006635487929801,90.62321838245,0.09011760891097263,90.67478930825968,False
163,28,DEQUANTIZE_LINEAR,1,dequantize_linear_stride,,,"[[1,32,20,98],[],[]]","[[1,32,20,98]]","[[],[]]",60,455.430467,7.590507783333334,7.570755500000001,7.7416715499999995,0.08958933460266509,90.71280771705267,0.08964031717656396,90.76442962543624,False
164,22,DEQUANTIZE_LINEAR,1,dequantize_linear_stride,,,"[[1,32,20,98],[],[]]","[[1,32,20,98]]","[[],[]]",60,455.112912,7.5852151999999995,7.568854,7.66806965,0.08952686723780663,90.80233458429048,0.0895778142634222,90.85400743969966,False
165,386,BATCH_NORMALIZATION,2,fused_bn_relu_quant,FUSION_BN_RELU_QUANT,BatchNormalization-Relu-QuantizeLinear,"[[1,608,49],[608],[608],[608],[608],[],[]]","[[1,608,49]]","[[608],[608],[608],[608],[],[]]",60,451.952708,7.532545133333333,7.53474,7.5663824,0.08890521235504562,90.89123979664552,0.0889558056157165,90.94296324531537,False
166,629,BATCH_NORMALIZATION,2,fused_bn_relu_quant,FUSION_BN_RELU_QUANT,BatchNormalization-Relu-QuantizeLinear,"[[1,608,49],[608],[608],[608],[608],[],[]]","[[1,608,49]]","[[608],[608],[608],[608],[],[]]",60,451.721721,7.5286953500000005,7.5291145,7.56654665,0.08885977408700839,90.98009957073253,0.08891034149013866,91.0318735868055,False
167,371,BATCH_NORMALIZATION,2,fused_bn_relu_quant,FUSION_BN_RELU_QUANT,BatchNormalization-Relu-QuantizeLinear,"[[1,576,49],[576],[576],[576],[576],[],[]]","[[1,576,49]]","[[576],[576],[576],[576],[],[]]",60,427.843284,7.1307214,7.1228125,7.24164835,0.08416256246593856,91.06426213319847,0.08421045682835866,91.11608404363386,False
168,614,BATCH_NORMALIZATION,2,fused_bn_relu_quant,FUSION_BN_RELU_QUANT,BatchNormalization-Relu-QuantizeLinear,"[[1,576,49],[576],[576],[576],[576],[],[]]","[[1,576,49]]","[[576],[576],[576],[576],[],[]]",60,427.797252,7.1299542,7.125443,7.299177899999999,0.0841535073487489,91.14841564054721,0.08420139655817636,91.20028544019203,False
169,356,BATCH_NORMALIZATION,2,fused_bn_relu_quant,FUSION_BN_RELU_QUANT,BatchNormalization-Relu-QuantizeLinear,"[[1,544,49],[544],[544],[544],[544],[],[]]","[[1,544,49]]","[[544],[544],[544],[544],[],[]]",60,403.501614,6.7250269000000005,6.717734,6.8802032,0.07937422664646065,91.22778986719368,0.07941939611215224,91.27970483630419,False
170,599,BATCH_NORMALIZATION,2,fused_bn_relu_quant,FUSION_BN_RELU_QUANT,BatchNormalization-Relu-QuantizeLinear,"[[1,544,49],[544],[544],[544],[544],[],[]]","[[1,544,49]]","[[544],[544],[544],[544],[],[]]",60,403.326091,6.722101516666667,6.722474,6.8609019,0.07933969889762328,91.3071295660913,0.0793848487146199,91.35908968501882,False
171,341,BATCH_NORMALIZATION,2,fused_bn_relu_quant,FUSION_BN_RELU_QUANT,BatchNormalization-Relu-QuantizeLinear,"[[1,512,49],[512],[512],[512],[512],[],[]]","[[1,512,49]]","[[512],[512],[512],[512],[],[]]",60,380.948852,6.349147533333333,6.3380205,6.471551699999999,0.07493779323360275,91.3820673593249,0.07498043805955545,91.43407012307837,False
172,218,BATCH_NORMALIZATION,2,fused_bn_relu_quant,FUSION_BN_RELU_QUANT,BatchNormalization-Relu-QuantizeLinear,"[[1,512,49],[512],[512],[512],[512],[],[]]","[[1,512,49]]","[[512],[512],[512],[512],[],[]]",60,371.797453,6.196624216666667,6.2089324999999995,6.24098945,0.07313758923650501,91.45520494856142,0.07317920962094665,91.50724933269932,False
173,584,BATCH_NORMALIZATION,2,fused_bn_relu_quant,FUSION_BN_RELU_QUANT,BatchNormalization-Relu-QuantizeLinear,"[[1,512,49],[512],[512],[512],[512],[],[]]","[[1,512,49]]","[[512],[512],[512],[512],[],[]]",60,361.056821,6.017613683333334,5.9560154999999995,6.373377850000001,0.07102476160678894,91.52622971016821,0.07106517964508921,91.5783145123444,False
174,326,BATCH_NORMALIZATION,2,fused_bn_relu_quant,FUSION_BN_RELU_QUANT,BatchNormalization-Relu-QuantizeLinear,"[[1,480,49],[480],[480],[480],[480],[],[]]","[[1,480,49]]","[[480],[480],[480],[480],[],[]]",60,356.250422,5.9375070333333335,5.9307289999999995,6.08104455,0.07007927789534257,91.59630898806356,0.07011915788753051,91.64843367023194,False
175,532,QLINEAR_CONV,3,fused_quant_qlinear_conv_o4i4,FUSION_CONV_BIAS_ACT,QuantizeLinear-QLinearConvInputPack,"[[1,128,49],[],[],[64,128,1],[64],[64],[],[],[64]]","[[1,64,49]]","[[],[],[64,128,1],[64],[64],[],[],[64]]",60,352.755046,5.879250766666667,5.8397655,5.96539575,0.06939169014547399,91.66570067820903,0.06943117885232172,91.71786484908426,False
176,154,QLINEAR_CONV,3,fused_quant_qlinear_conv_o4i4,FUSION_CONV_BIAS_ACT,QuantizeLinear-QLinearConvInputPack,"[[1,128,49],[],[],[64,128,1],[64],[64],[],[],[64]]","[[1,64,49]]","[[],[],[64,128,1],[64],[64],[],[],[64]]",60,352.376405,5.872940083333333,5.8547655,5.988788749999999,0.06931720633795285,91.73501788454699,0.06935665265832414,91.7872215017426,False
177,49,QLINEAR_CONV,3,fused_quant_qlinear_conv_o4i4,FUSION_CONV_BIAS_ACT,QuantizeLinear-QLinearConvInputPack,"[[1,128,49],[],[],[64,128,1],[64],[64],[],[],[64]]","[[1,64,49]]","[[],[],[64,128,1],[64],[64],[],[],[64]]",60,352.362916,5.872715266666666,5.8625785,5.97991675,0.06931455286915351,91.80433243741615,0.06935399767951615,91.8565754994221,False
178,109,QLINEAR_CONV,3,fused_quant_qlinear_conv_o4i4,FUSION_CONV_BIAS_ACT,QuantizeLinear-QLinearConvInputPack,"[[1,128,49],[],[],[64,128,1],[64],[64],[],[],[64]]","[[1,64,49]]","[[],[],[64,128,1],[64],[64],[],[],[64]]",60,352.249993,5.870833216666667,5.8483855,6.016369399999999,0.06929233938726247,91.87362477680341,0.0693317715566061,91.92590727097871,False
179,124,QLINEAR_CONV,3,fused_quant_qlinear_conv_o4i4,FUSION_CONV_BIAS_ACT,QuantizeLinear-QLinearConvInputPack,"[[1,128,49],[],[],[64,128,1],[64],[64],[],[],[64]]","[[1,64,49]]","[[],[],[64,128,1],[64],[64],[],[],[64]]",60,352.143698,5.869061633333333,5.8598175,5.90765865,0.06927142972264491,91.94289620652606,0.0693108499929324,91.99521812097164,False
180,64,QLINEAR_CONV,3,fused_quant_qlinear_conv_o4i4,FUSION_CONV_BIAS_ACT,QuantizeLinear-QLinearConvInputPack,"[[1,128,49],[],[],[64,128,1],[64],[64],[],[],[64]]","[[1,64,49]]","[[],[],[64,128,1],[64],[64],[],[],[64]]",60,352.027281,5.867121350000001,5.8539840000000005,5.95297835,0.0692485289236818,92.01214473544974,0.06928793616181898,92.06450605713346,False
181,700,QLINEAR_CONV,3,fused_quant_qlinear_conv_o4i4,FUSION_CONV_BIAS_ACT,QuantizeLinear-QLinearConvInputPack,"[[1,128,49],[],[],[64,128,1],[64],[64],[],[],[64]]","[[1,64,49]]","[[],[],[64,128,1],[64],[64],[],[],[64]]",60,351.96193,5.866032166666667,5.838229500000001,6.13465085,0.06923567349781584,92.08138040894755,0.06927507342031994,92.13378113055377,False
182,184,QLINEAR_CONV,3,fused_quant_qlinear_conv_o4i4,FUSION_CONV_BIAS_ACT,QuantizeLinear-QLinearConvInputPack,"[[1,128,49],[],[],[64,128,1],[64],[64],[],[],[64]]","[[1,64,49]]","[[],[],[64,128,1],[64],[64],[],[],[64]]",60,351.960884,5.8660147333333335,5.855651,5.9530075,0.06923546773546399,92.15061587668302,0.06927486754087497,92.20305599809464,False
183,577,QLINEAR_CONV,3,fused_quant_qlinear_conv_o4i4,FUSION_CONV_BIAS_ACT,QuantizeLinear-QLinearConvInputPack,"[[1,128,49],[],[],[64,128,1],[64],[64],[],[],[64]]","[[1,64,49]]","[[],[],[64,128,1],[64],[64],[],[],[64]]",60,351.915573,5.86525955,5.8384635,6.037064549999999,0.06922655444872908,92.21984243113175,0.06926594918185884,92.2723219472765,False
184,139,QLINEAR_CONV,3,fused_quant_qlinear_conv_o4i4,FUSION_CONV_BIAS_ACT,QuantizeLinear-QLinearConvInputPack,"[[1,128,49],[],[],[64,128,1],[64],[64],[],[],[64]]","[[1,64,49]]","[[],[],[64,128,1],[64],[64],[],[],[64]]",60,351.838074,5.8639679000000005,5.856614,5.9267629,0.06921130934690684,92.28905374047866,0.0692506954045114,92.341572642681,False
185,820,QLINEAR_CONV,3,fused_quant_qlinear_conv_o4i4,FUSION_CONV_BIAS_ACT,QuantizeLinear-QLinearConvInputPack,"[[1,128,49],[],[],[64,128,1],[64],[64],[],[],[64]]","[[1,64,49]]","[[],[],[64,128,1],[64],[64],[],[],[64]]",60,351.830571,5.86384285,5.840339,6.032389899999999,0.06920983340529503,92.35826357388396,0.06924921862298598,92.41082186130399,False
186,775,QLINEAR_CONV,3,fused_quant_qlinear_conv_o4i4,FUSION_CONV_BIAS_ACT,QuantizeLinear-QLinearConvInputPack,"[[1,128,49],[],[],[64,128,1],[64],[64],[],[],[64]]","[[1,64,49]]","[[],[],[64,128,1],[64],[64],[],[],[64]]",60,351.766771,5.8627795166666665,5.84737,5.9954404,0.06919728308211333,92.42746085696608,0.06923666115779588,92.48005852246179,False
187,79,QLINEAR_CONV,3,fused_quant_qlinear_conv_o4i4,FUSION_CONV_BIAS_ACT,QuantizeLinear-QLinearConvInputPack,"[[1,128,49],[],[],[64,128,1],[64],[64],[],[],[64]]","[[1,64,49]]","[[],[],[64,128,1],[64],[64],[],[],[64]]",60,351.760362,5.8626727,5.8526299999999996,5.900078000000001,0.0691960223451028,92.49665687931117,0.06923539970333814,92.54929392216513,False
188,214,QLINEAR_CONV,3,fused_quant_qlinear_conv_o4i4,FUSION_CONV_BIAS_ACT,QuantizeLinear-QLinearConvInputPack,"[[1,128,49],[],[],[64,128,1],[64],[64],[],[],[64]]","[[1,64,49]]","[[],[],[64,128,1],[64],[64],[],[],[64]]",60,351.738647,5.862310783333333,5.8510415,5.939708,0.06919175071080984,92.56584863002199,0.06923112563818763,92.61852504780332,False
189,610,QLINEAR_CONV,3,fused_quant_qlinear_conv_o4i4,FUSION_CONV_BIAS_ACT,QuantizeLinear-QLinearConvInputPack,"[[1,128,49],[],[],[64,128,1],[64],[64],[],[],[64]]","[[1,64,49]]","[[],[],[64,128,1],[64],[64],[],[],[64]]",60,351.682342,5.861372366666667,5.839791,5.979017549999999,0.06918067475553168,92.63502930477752,0.06922004337991915,92.68774509118323,False
190,199,QLINEAR_CONV,3,fused_quant_qlinear_conv_o4i4,FUSION_CONV_BIAS_ACT,QuantizeLinear-QLinearConvInputPack,"[[1,128,49],[],[],[64,128,1],[64],[64],[],[],[64]]","[[1,64,49]]","[[],[],[64,128,1],[64],[64],[],[],[64]]",60,351.656094,5.8609349,5.8546095000000005,5.916551750000001,0.06917551141880951,92.70420481619632,0.06921487710489863,92.75695996828813,False
191,382,QLINEAR_CONV,3,fused_quant_qlinear_conv_o4i4,FUSION_CONV_BIAS_ACT,QuantizeLinear-QLinearConvInputPack,"[[1,128,49],[],[],[64,128,1],[64],[64],[],[],[64]]","[[1,64,49]]","[[],[],[64,128,1],[64],[64],[],[],[64]]",60,351.645622,5.860760366666667,5.838255,6.000029,0.06917345143472867,92.77337826763105,0.06921281594854327,92.82617278423668,False
192,745,QLINEAR_CONV,3,fused_quant_qlinear_conv_o4i4,FUSION_CONV_BIAS_ACT,QuantizeLinear-QLinearConvInputPack,"[[1,128,49],[],[],[64,128,1],[64],[64],[],[],[64]]","[[1,64,49]]","[[],[],[64,128,1],[64],[64],[],[],[64]]",60,351.641146,5.860685766666666,5.839531,5.9600344,0.06917257094497063,92.84255083857602,0.06921193495772524,92.8953847191944,False
193,790,QLINEAR_CONV,3,fused_quant_qlinear_conv_o4i4,FUSION_CONV_BIAS_ACT,QuantizeLinear-QLinearConvInputPack,"[[1,128,49],[],[],[64,128,1],[64],[64],[],[],[64]]","[[1,64,49]]","[[],[],[64,128,1],[64],[64],[],[],[64]]",60,351.616198,5.860269966666666,5.8367705,6.0158311,0.06916766333583682,92.91171850191185,0.06920702455581987,92.96459174375022,False
194,94,QLINEAR_CONV,3,fused_quant_qlinear_conv_o4i4,FUSION_CONV_BIAS_ACT,QuantizeLinear-QLinearConvInputPack,"[[1,128,49],[],[],[64,128,1],[64],[64],[],[],[64]]","[[1,64,49]]","[[],[],[64,128,1],[64],[64],[],[],[64]]",60,351.60948,5.860158,5.8511975,5.9197752999999995,0.06916634181434568,92.9808848437262,0.06920570228229092,93.03379744603251,False
195,670,QLINEAR_CONV,3,fused_quant_qlinear_conv_o4i4,FUSION_CONV_BIAS_ACT,QuantizeLinear-QLinearConvInputPack,"[[1,128,49],[],[],[64,128,1],[64],[64],[],[],[64]]","[[1,64,49]]","[[],[],[64,128,1],[64],[64],[],[],[64]]",60,351.550463,5.859174383333333,5.843021,5.9345647,0.06915473237197553,93.05003957609817,0.06919408623333913,93.10299153226585,False
196,169,QLINEAR_CONV,3,fused_quant_qlinear_conv_o4i4,FUSION_CONV_BIAS_ACT,QuantizeLinear-QLinearConvInputPack,"[[1,128,49],[],[],[64,128,1],[64],[64],[],[],[64]]","[[1,64,49]]","[[],[],[64,128,1],[64],[64],[],[],[64]]",60,351.544894,5.859081566666666,5.8527085,5.9023831499999995,0.06915363687432978,93.1191932129725,0.06919299011227888,93.17218452237813,False
197,457,QLINEAR_CONV,3,fused_quant_qlinear_conv_o4i4,FUSION_CONV_BIAS_ACT,QuantizeLinear-QLinearConvInputPack,"[[1,128,49],[],[],[64,128,1],[64],[64],[],[],[64]]","[[1,64,49]]","[[],[],[64,128,1],[64],[64],[],[],[64]]",60,351.493596,5.8582266,5.841146,6.0178724,0.0691435458636938,93.1883367588362,0.0691828933591547,93.24136741573729,False
198,322,QLINEAR_CONV,3,fused_quant_qlinear_conv_o4i4,FUSION_CONV_BIAS_ACT,QuantizeLinear-QLinearConvInputPack,"[[1,128,49],[],[],[64,128,1],[64],[64],[],[],[64]]","[[1,64,49]]","[[],[],[64,128,1],[64],[64],[],[],[64]]",60,351.455207,5.857586783333333,5.839609,5.988755599999999,0.06913599422801006,93.2574727530642,0.06917533742606408,93.31054275316335,False
199,760,QLINEAR_CONV,3,fused_quant_qlinear_conv_o4i4,FUSION_CONV_BIAS_ACT,QuantizeLinear-QLinearConvInputPack,"[[1,128,49],[],[],[64,128,1],[64],[64],[],[],[64]]","[[1,64,49]]","[[],[],[64,128,1],[64],[64],[],[],[64]]",60,351.392653,5.856544216666666,5.8365100000000005,5.9817997,0.0691236890098861,93.32659644207409,0.06916302520541358,93.37970577836876,False
200,547,QLINEAR_CONV,3,fused_quant_qlinear_conv_o4i4,FUSION_CONV_BIAS_ACT,QuantizeLinear-QLinearConvInputPack,"[[1,128,49],[],[],[64,128,1],[64],[64],[],[],[64]]","[[1,64,49]]","[[],[],[64,128,1],[64],[64],[],[],[64]]",60,351.375365,5.856256083333333,5.8409379999999995,5.929794049999999,0.0691202882263882,93.39571673030048,0.0691596224866329,93.4488654008554,False
201,427,QLINEAR_CONV,3,fused_quant_qlinear_conv_o4i4,FUSION_CONV_BIAS_ACT,QuantizeLinear-QLinearConvInputPack,"[[1,128,49],[],[],[64,128,1],[64],[64],[],[],[64]]","[[1,64,49]]","[[],[],[64,128,1],[64],[64],[],[],[64]]",60,351.296509,5.854941816666667,5.833802,6.0065122,0.06910477618430642,93.46482150648478,0.06914410161711831,93.51800950247251,False
202,337,QLINEAR_CONV,3,fused_quant_qlinear_conv_o4i4,FUSION_CONV_BIAS_ACT,QuantizeLinear-QLinearConvInputPack,"[[1,128,49],[],[],[64,128,1],[64],[64],[],[],[64]]","[[1,64,49]]","[[],[],[64,128,1],[64],[64],[],[],[64]]",60,351.290887,5.854848116666667,5.841302000000001,5.96219775,0.0691036702608436,93.53392517674563,0.06914299506430799,93.58715249753682,False
203,625,QLINEAR_CONV,3,fused_quant_qlinear_conv_o4i4,FUSION_CONV_BIAS_ACT,QuantizeLinear-QLinearConvInputPack,"[[1,128,49],[],[],[64,128,1],[64],[64],[],[],[64]]","[[1,64,49]]","[[],[],[64,128,1],[64],[64],[],[],[64]]",60,351.242711,5.854045183333333,5.8423435,5.947635549999999,0.06909419338984671,93.60301937013547,0.06913351280031116,93.65628601033713,False
204,730,QLINEAR_CONV,3,fused_quant_qlinear_conv_o4i4,FUSION_CONV_BIAS_ACT,QuantizeLinear-QLinearConvInputPack,"[[1,128,49],[],[],[64,128,1],[64],[64],[],[],[64]]","[[1,64,49]]","[[],[],[64,128,1],[64],[64],[],[],[64]]",60,351.230464,5.853841066666666,5.8400265000000005,5.927887449999999,0.06909178423925098,93.67211115437472,0.06913110227874088,93.72541711261587,False
205,502,QLINEAR_CONV,3,fused_quant_qlinear_conv_o4i4,FUSION_CONV_BIAS_ACT,QuantizeLinear-QLinearConvInputPack,"[[1,128,49],[],[],[64,128,1],[64],[64],[],[],[64]]","[[1,64,49]]","[[],[],[64,128,1],[64],[64],[],[],[64]]",60,351.19656200000003,5.853276033333334,5.843229,5.9565081499999994,0.06908511525717409,93.7411962696319,0.06912442950154848,93.79454154211741,False
206,262,QLINEAR_CONV,3,fused_quant_qlinear_conv_o4i4,FUSION_CONV_BIAS_ACT,QuantizeLinear-QLinearConvInputPack,"[[1,128,49],[],[],[64,128,1],[64],[64],[],[],[64]]","[[1,64,49]]","[[],[],[64,128,1],[64],[64],[],[],[64]]",60,351.159377,5.852656283333333,5.836119500000001,5.9868883,0.06907780046457984,93.81027407009648,0.06911711054632758,93.86365865266374,False
207,412,QLINEAR_CONV,3,fused_quant_qlinear_conv_o4i4,FUSION_CONV_BIAS_ACT,QuantizeLinear-QLinearConvInputPack,"[[1,128,49],[],[],[64,128,1],[64],[64],[],[],[64]]","[[1,64,49]]","[[],[],[64,128,1],[64],[64],[],[],[64]]",60,351.144796,5.852413266666667,5.842162,5.9084556,0.0690749321846063,93.87934900228109,0.06911424063410286,93.93277289329785,False
208,562,QLINEAR_CONV,3,fused_quant_qlinear_conv_o4i4,FUSION_CONV_BIAS_ACT,QuantizeLinear-QLinearConvInputPack,"[[1,128,49],[],[],[64,128,1],[64],[64],[],[],[64]]","[[1,64,49]]","[[],[],[64,128,1],[64],[64],[],[],[64]]",60,351.126873,5.85211455,5.840156,5.8882735,0.06907140648801718,93.94842040876911,0.06911071293114672,94.001883606229,False
209,307,QLINEAR_CONV,3,fused_quant_qlinear_conv_o4i4,FUSION_CONV_BIAS_ACT,QuantizeLinear-QLinearConvInputPack,"[[1,128,49],[],[],[64,128,1],[64],[64],[],[],[64]]","[[1,64,49]]","[[],[],[64,128,1],[64],[64],[],[],[64]]",60,351.099743,5.851662383333333,5.8385415,5.978783849999999,0.06906606964996201,94.01748647841907,0.06910537305605882,94.07098897928506,False
210,352,QLINEAR_CONV,3,fused_quant_qlinear_conv_o4i4,FUSION_CONV_BIAS_ACT,QuantizeLinear-QLinearConvInputPack,"[[1,128,49],[],[],[64,128,1],[64],[64],[],[],[64]]","[[1,64,49]]","[[],[],[64,128,1],[64],[64],[],[],[64]]",60,350.987813,5.849796883333334,5.841537,5.9323725,0.06904405150460574,94.08653052992368,0.06908334238084364,94.14007232166591,False
211,655,QLINEAR_CONV,3,fused_quant_qlinear_conv_o4i4,FUSION_CONV_BIAS_ACT,QuantizeLinear-QLinearConvInputPack,"[[1,128,49],[],[],[64,128,1],[64],[64],[],[],[64]]","[[1,64,49]]","[[],[],[64,128,1],[64],[64],[],[],[64]]",60,350.949065,5.849151083333334,5.8377865,5.8861849,0.06903642924876491,94.15556695917245,0.06907571578740813,94.20914803745332,False
212,247,QLINEAR_CONV,3,fused_quant_qlinear_conv_o4i4,FUSION_CONV_BIAS_ACT,QuantizeLinear-QLinearConvInputPack,"[[1,128,49],[],[],[64,128,1],[64],[64],[],[],[64]]","[[1,64,49]]","[[],[],[64,128,1],[64],[64],[],[],[64]]",60,350.904274,5.848404566666667,5.837187500000001,5.888755349999999,0.06902761825306535,94.2245945774255,0.06906689977763807,94.27821493723096,False
213,277,QLINEAR_CONV,3,fused_quant_qlinear_conv_o4i4,FUSION_CONV_BIAS_ACT,QuantizeLinear-QLinearConvInputPack,"[[1,128,49],[],[],[64,128,1],[64],[64],[],[],[64]]","[[1,64,49]]","[[],[],[64,128,1],[64],[64],[],[],[64]]",60,350.855466,5.8475911,5.834714,5.95725265,0.0690180170591178,94.29361259448463,0.06905729311994217,94.3472722303509,False
214,595,QLINEAR_CONV,3,fused_quant_qlinear_conv_o4i4,FUSION_CONV_BIAS_ACT,QuantizeLinear-QLinearConvInputPack,"[[1,128,49],[],[],[64,128,1],[64],[64],[],[],[64]]","[[1,64,49]]","[[],[],[64,128,1],[64],[64],[],[],[64]]",60,350.850362,5.8475060333333335,5.837994500000001,5.88472105,0.06901701303326327,94.36262960751789,0.06905628852272695,94.41632851887363,False
215,517,QLINEAR_CONV,3,fused_quant_qlinear_conv_o4i4,FUSION_CONV_BIAS_ACT,QuantizeLinear-QLinearConvInputPack,"[[1,128,49],[],[],[64,128,1],[64],[64],[],[],[64]]","[[1,64,49]]","[[],[],[64,128,1],[64],[64],[],[],[64]]",60,350.848228,5.847470466666667,5.8380209999999995,5.9377793,0.06901659324659133,94.43164620076448,0.06905586849716715,94.4853843873708,False
216,367,QLINEAR_CONV,3,fused_quant_qlinear_conv_o4i4,FUSION_CONV_BIAS_ACT,QuantizeLinear-QLinearConvInputPack,"[[1,128,49],[],[],[64,128,1],[64],[64],[],[],[64]]","[[1,64,49]]","[[],[],[64,128,1],[64],[64],[],[],[64]]",60,350.721197,5.845353283333334,5.832369999999999,5.90532745,0.06899160453022618,94.5006378052947,0.06903086556048119,94.55441525293128,False
217,715,QLINEAR_CONV,3,fused_quant_qlinear_conv_o4i4,FUSION_CONV_BIAS_ACT,QuantizeLinear-QLinearConvInputPack,"[[1,128,49],[],[],[64,128,1],[64],[64],[],[],[64]]","[[1,64,49]]","[[],[],[64,128,1],[64],[64],[],[],[64]]",60,350.697029,5.844950483333333,5.8327605,5.9024870499999995,0.06898685035764537,94.56962465565235,0.06902610868244492,94.62344136161373,False
218,442,QLINEAR_CONV,3,fused_quant_qlinear_conv_o4i4,FUSION_CONV_BIAS_ACT,QuantizeLinear-QLinearConvInputPack,"[[1,128,49],[],[],[64,128,1],[64],[64],[],[],[64]]","[[1,64,49]]","[[],[],[64,128,1],[64],[64],[],[],[64]]",60,350.659014,5.8443169,5.8356770000000004,5.8827218,0.06897937229282165,94.63860402794516,0.06901862636208125,94.69245998797581,False
219,640,QLINEAR_CONV,3,fused_quant_qlinear_conv_o4i4,FUSION_CONV_BIAS_ACT,QuantizeLinear-QLinearConvInputPack,"[[1,128,49],[],[],[64,128,1],[64],[64],[],[],[64]]","[[1,64,49]]","[[],[],[64,128,1],[64],[64],[],[],[64]]",60,350.658389,5.844306483333333,5.834713499999999,5.929128,0.06897924934686571,94.70758327729203,0.06901850334616051,94.76147849132197,False
220,487,QLINEAR_CONV,3,fused_quant_qlinear_conv_o4i4,FUSION_CONV_BIAS_ACT,QuantizeLinear-QLinearConvInputPack,"[[1,128,49],[],[],[64,128,1],[64],[64],[],[],[64]]","[[1,64,49]]","[[],[],[64,128,1],[64],[64],[],[],[64]]",60,350.629427,5.843823783333334,5.8375,5.8715499,0.06897355212962451,94.77655682942165,0.06901280288680572,94.83049129420877,False
221,397,QLINEAR_CONV,3,fused_quant_qlinear_conv_o4i4,FUSION_CONV_BIAS_ACT,QuantizeLinear-QLinearConvInputPack,"[[1,128,49],[],[],[64,128,1],[64],[64],[],[],[64]]","[[1,64,49]]","[[],[],[64,128,1],[64],[64],[],[],[64]]",60,350.628283,5.843804716666667,5.8396875,5.9066199,0.06897332708934677,94.845530156511,0.06901257771846438,94.89950387192724,False
222,805,QLINEAR_CONV,3,fused_quant_qlinear_conv_o4i4,FUSION_CONV_BIAS_ACT,QuantizeLinear-QLinearConvInputPack,"[[1,128,49],[],[],[64,128,1],[64],[64],[],[],[64]]","[[1,64,49]]","[[],[],[64,128,1],[64],[64],[],[],[64]]",60,350.578701,5.84297835,5.8351045,5.8879192499999995,0.0689635736391274,94.91449373015013,0.06900281871785222,94.96850669064509,False
223,292,QLINEAR_CONV,3,fused_quant_qlinear_conv_o4i4,FUSION_CONV_BIAS_ACT,QuantizeLinear-QLinearConvInputPack,"[[1,128,49],[],[],[64,128,1],[64],[64],[],[],[64]]","[[1,64,49]]","[[],[],[64,128,1],[64],[64],[],[],[64]]",60,350.565151,5.842752516666667,5.834817,5.93610635,0.06896090817080276,94.98345463832094,0.06900015173269038,95.03750684237778,False
224,685,QLINEAR_CONV,3,fused_quant_qlinear_conv_o4i4,FUSION_CONV_BIAS_ACT,QuantizeLinear-QLinearConvInputPack,"[[1,128,49],[],[],[64,128,1],[64],[64],[],[],[64]]","[[1,64,49]]","[[],[],[64,128,1],[64],[64],[],[],[64]]",60,350.52323,5.842053833333334,5.8350785,5.9016284,0.06895266174293284,95.05240730006386,0.06899190061202838,95.10649874298981,False
225,472,QLINEAR_CONV,3,fused_quant_qlinear_conv_o4i4,FUSION_CONV_BIAS_ACT,QuantizeLinear-QLinearConvInputPack,"[[1,128,49],[],[],[64,128,1],[64],[64],[],[],[64]]","[[1,64,49]]","[[],[],[64,128,1],[64],[64],[],[],[64]]",60,350.520625,5.842010416666667,5.836354,5.903781550000001,0.06895214930418851,95.12135944936806,0.0689913878816707,95.17549013087148,False
226,232,QLINEAR_CONV,3,fused_quant_qlinear_conv_o4i4,FUSION_CONV_BIAS_ACT,QuantizeLinear-QLinearConvInputPack,"[[1,128,49],[],[],[64,128,1],[64],[64],[],[],[64]]","[[1,64,49]]","[[],[],[64,128,1],[64],[64],[],[],[64]]",60,350.466148,5.841102466666666,5.8323435,5.920984450000001,0.06894143294124226,95.1903008823093,0.06898066542036724,95.24447079629185,False
227,203,BATCH_NORMALIZATION,2,fused_bn_relu_quant,FUSION_BN_RELU_QUANT,BatchNormalization-Relu-QuantizeLinear,"[[1,480,49],[480],[480],[480],[480],[],[]]","[[1,480,49]]","[[480],[480],[480],[480],[],[]]",60,348.046822,5.800780366666667,5.8073175,5.852043800000001,0.06846551878478568,95.25876640109409,0.06850448043559434,95.31297527672744,False
228,311,BATCH_NORMALIZATION,2,fused_bn_relu_quant,FUSION_BN_RELU_QUANT,BatchNormalization-Relu-QuantizeLinear,"[[1,448,49],[448],[448],[448],[448],[],[]]","[[1,448,49]]","[[448],[448],[448],[448],[],[]]",60,331.38203,5.523033833333333,5.520677,5.567936850000001,0.06518732873218253,95.32395372982627,0.0652244248644297,95.37819970159187,False
229,30,RELU,1,relu_stride,,,"[[1,32,20,98]]","[[1,32,20,98]]",[],60,328.101041,5.468350683333333,5.442735,5.5894636,0.06454191380576157,95.38849564363203,0.06457864265194364,95.4427783442438,False
230,24,RELU,1,relu_stride,,,"[[1,32,20,98]]","[[1,32,20,98]]",[],60,327.032659,5.450544316666667,5.440417,5.52470755,0.06433174861169373,95.45282739224372,0.06436835785923624,95.50714670210304,False
231,188,BATCH_NORMALIZATION,2,fused_bn_relu_quant,FUSION_BN_RELU_QUANT,BatchNormalization-Relu-QuantizeLinear,"[[1,448,49],[448],[448],[448],[448],[],[]]","[[1,448,49]]","[[448],[448],[448],[448],[],[]]",60,325.550155,5.425835916666667,5.420104,5.4867844,0.06404012001736477,95.51686751226109,0.06407656330791667,95.57122326541096,False
232,296,BATCH_NORMALIZATION,2,fused_bn_relu_quant,FUSION_BN_RELU_QUANT,BatchNormalization-Relu-QuantizeLinear,"[[1,416,49],[416],[416],[416],[416],[],[]]","[[1,416,49]]","[[416],[416],[416],[416],[],[]]",60,307.859371,5.130989516666667,5.1333335,5.182124999999999,0.06056010345720901,95.57742761571829,0.06059456637585353,95.63181783178682,False
233,173,BATCH_NORMALIZATION,2,fused_bn_relu_quant,FUSION_BN_RELU_QUANT,BatchNormalization-Relu-QuantizeLinear,"[[1,416,49],[416],[416],[416],[416],[],[]]","[[1,416,49]]","[[416],[416],[416],[416],[],[]]",60,301.349323,5.022488716666667,5.023333,5.0632864,0.059279488937953734,95.63670710465625,0.059313223097704655,95.69113105488452,False
234,281,BATCH_NORMALIZATION,2,fused_bn_relu_quant,FUSION_BN_RELU_QUANT,BatchNormalization-Relu-QuantizeLinear,"[[1,384,49],[384],[384],[384],[384],[],[]]","[[1,384,49]]","[[384],[384],[384],[384],[],[]]",60,283.905827,4.731763783333333,4.735547,4.7987262500000005,0.05584811727307947,95.69255522192934,0.05587989874325797,95.74701095362778,False
235,158,BATCH_NORMALIZATION,2,fused_bn_relu_quant,FUSION_BN_RELU_QUANT,BatchNormalization-Relu-QuantizeLinear,"[[1,384,49],[384],[384],[384],[384],[],[]]","[[1,384,49]]","[[384],[384],[384],[384],[],[]]",60,277.404119,4.623401983333333,4.636953500000001,4.68956225,0.05456914334466018,95.747124365274,0.05460019698955557,95.80161115061733,False
236,266,BATCH_NORMALIZATION,2,fused_bn_relu_quant,FUSION_BN_RELU_QUANT,BatchNormalization-Relu-QuantizeLinear,"[[1,352,49],[352],[352],[352],[352],[],[]]","[[1,352,49]]","[[352],[352],[352],[352],[],[]]",60,259.577082,4.3262847,4.3351045,4.3611276000000005,0.05106232397597026,95.79818668924997,0.05109138199629263,95.85270253261362,False
237,143,BATCH_NORMALIZATION,2,fused_bn_relu_quant,FUSION_BN_RELU_QUANT,BatchNormalization-Relu-QuantizeLinear,"[[1,352,49],[352],[352],[352],[352],[],[]]","[[1,352,49]]","[[352],[352],[352],[352],[],[]]",60,253.898231,4.2316371833333335,4.241094,4.341781650000001,0.049945217152289806,95.84813190640226,0.04997363946099043,95.9026761720746,False
238,829,QLINEAR_CONV,3,fused_quant_qlinear_conv_o4i4,FUSION_CONV_BIAS_ACT,QuantizeLinear-QLinearConvInputPack,"[[1,1024,1],[],[],[192,1024,1],[192],[192],[],[]]","[[1,192,1]]","[[],[],[192,1024,1],[192],[192],[],[]]",60,236.891199,3.94818665,3.938151,4.0119323,0.046599703861352613,95.8947316102636,0.04662622233987813,95.94930239441449,False
239,251,BATCH_NORMALIZATION,2,fused_bn_relu_quant,FUSION_BN_RELU_QUANT,BatchNormalization-Relu-QuantizeLinear,"[[1,320,49],[320],[320],[320],[320],[],[]]","[[1,320,49]]","[[320],[320],[320],[320],[],[]]",60,235.90401,3.9317335,3.9350785,3.96101055,0.04640551042888497,95.94113712069249,0.04643191839781618,95.9957343128123,False
240,128,BATCH_NORMALIZATION,2,fused_bn_relu_quant,FUSION_BN_RELU_QUANT,BatchNormalization-Relu-QuantizeLinear,"[[1,320,49],[320],[320],[320],[320],[],[]]","[[1,320,49]]","[[320],[320],[320],[320],[],[]]",60,230.722658,3.8453776333333334,3.8566405,3.8904768499999998,0.04538626838941424,95.9865233890819,0.04541209633860505,96.04114640915091,False
241,32,DEQUANTIZE_LINEAR,1,dequantize_linear_stride,,,"[[1,32,10,98],[],[]]","[[1,32,10,98]]","[[],[]]",60,226.024369,3.767072816666667,3.7646355,3.810742,0.04446205137764146,96.03098544045953,0.04448735338295391,96.08563376253386,False
242,236,BATCH_NORMALIZATION,2,fused_bn_relu_quant,FUSION_BN_RELU_QUANT,BatchNormalization-Relu-QuantizeLinear,"[[1,288,49],[288],[288],[288],[288],[],[]]","[[1,288,49]]","[[288],[288],[288],[288],[],[]]",60,212.034272,3.533904533333333,3.5388285,3.5778873,0.04171001001880821,96.07269545047834,0.04173374592082754,96.12736750845468,False
243,113,BATCH_NORMALIZATION,2,fused_bn_relu_quant,FUSION_BN_RELU_QUANT,BatchNormalization-Relu-QuantizeLinear,"[[1,288,49],[288],[288],[288],[288],[],[]]","[[1,288,49]]","[[288],[288],[288],[288],[],[]]",60,207.602861,3.4600476833333333,3.465885,3.54543985,0.04083829152035973,96.1135337419987,0.040861531353812826,96.1682290398085,False
244,98,BATCH_NORMALIZATION,2,fused_bn_relu_quant,FUSION_BN_RELU_QUANT,BatchNormalization-Relu-QuantizeLinear,"[[1,256,49],[256],[256],[256],[256],[],[]]","[[1,256,49]]","[[256],[256],[256],[256],[],[]]",60,183.817857,3.06363095,3.07612,3.10570825,0.036159459434491115,96.14969320143318,0.03618003668647024,96.20440907649497,False
245,221,BATCH_NORMALIZATION,2,fused_bn_relu_quant,FUSION_BN_RELU_QUANT,BatchNormalization-Relu-QuantizeLinear,"[[1,256,49],[256],[256],[256],[256],[],[]]","[[1,256,49]]","[[256],[256],[256],[256],[],[]]",60,179.50771,2.991795166666667,2.9747915000000003,3.1391794500000003,0.035311595205483194,96.18500479663867,0.035331689963637544,96.23974076645861,False
246,826,DEQUANTIZE_LINEAR,1,dequantize_linear_stride,,,"[[1,512,49],[],[]]","[[1,512,49]]","[[],[]]",60,162.855464,2.7142577333333335,2.7016145,2.822677,0.032035873120821054,96.21704066975948,0.032054103764859655,96.27179487022347,False
247,583,DEQUANTIZE_LINEAR,1,dequantize_linear_stride,,,"[[1,512,49],[],[]]","[[1,512,49]]","[[],[]]",60,162.166457,2.7027742833333335,2.6937235,2.75311395,0.03190033612200499,96.24894100588149,0.03191848963604716,96.30371335985951,False
248,83,BATCH_NORMALIZATION,2,fused_bn_relu_quant,FUSION_BN_RELU_QUANT,BatchNormalization-Relu-QuantizeLinear,"[[1,224,49],[224],[224],[224],[224],[],[]]","[[1,224,49]]","[[224],[224],[224],[224],[],[]]",60,160.591199,2.6765199833333333,2.68539,2.7210498000000003,0.031590461560961354,96.28053146744246,0.03160843873478649,96.33532179859431,False
249,33,RELU,1,relu_stride,,,"[[1,32,10,98]]","[[1,32,10,98]]",[],60,150.168024,2.5028004,2.4968494999999997,2.5508678,0.029540082018177854,96.31007154946063,0.029556892383174414,96.36487869097748,False
250,68,BATCH_NORMALIZATION,2,fused_bn_relu_quant,FUSION_BN_RELU_QUANT,BatchNormalization-Relu-QuantizeLinear,"[[1,192,49],[192],[192],[192],[192],[],[]]","[[1,192,49]]","[[192],[192],[192],[192],[],[]]",60,137.27427,2.2879045000000002,2.293958,2.32932315,0.027003706160410635,96.33707525562104,0.027019073150811576,96.39189776412829,False
251,34,RESHAPE,1,reshape_stride,,,"[[1,32,10,98],[3]]","[[1,320,98]]",[[3]],60,133.481719,2.2246953166666668,2.2201820000000003,2.2622505,0.02625766006741468,96.36333291568846,0.026272602505604842,96.41817036663389,False
252,53,BATCH_NORMALIZATION,2,fused_bn_relu_quant,FUSION_BN_RELU_QUANT,BatchNormalization-Relu-QuantizeLinear,"[[1,160,49],[160],[160],[160],[160],[],[]]","[[1,160,49]]","[[160],[160],[160],[160],[],[]]",60,114.861406,1.9143567666666668,1.917969,1.9571510499999998,0.022594792576901897,96.38592770826536,0.02260765058826441,96.44077801722216,False
253,827,RELU,1,relu_stride,,,"[[1,512,49]]","[[1,512,49]]",[],60,107.74031,1.7956718333333332,1.7871095,1.85467745,0.02119397664887638,96.40712168491423,0.021206037498368163,96.46198405472053,False
254,38,BATCH_NORMALIZATION,2,fused_bn_relu_quant,FUSION_BN_RELU_QUANT,BatchNormalization-Relu-QuantizeLinear,"[[1,128,49],[128],[128],[128],[128],[],[]]","[[1,128,49]]","[[128],[128],[128],[128],[],[]]",60,89.254633,1.4875772166666665,1.485677,1.5255887000000001,0.01755759388112055,96.42467927879535,0.01756758537543737,96.47955164009596,False
255,627,QLINEAR_CONV,1,qlinear_conv_o4i4_neon,,,"[[1,64,49],[],[],[32,64,1],[32],[32],[],[],[32]]","[[1,32,49]]","[[],[],[32,64,1],[32],[32],[],[],[32]]",60,81.429428,1.3571571333333334,1.3470835,1.3909116,0.01601827018655655,96.44069754898192,0.016027385698432373,96.4955790257944,False
256,672,QLINEAR_CONV,1,qlinear_conv_o4i4_neon,,,"[[1,64,49],[],[],[32,64,1],[32],[32],[],[],[32]]","[[1,32,49]]","[[],[],[32,64,1],[32],[32],[],[],[32]]",60,81.415105,1.3569184166666666,1.349688,1.3901982499999999,0.016015452658673608,96.4567130016406,0.016024566567179745,96.51160359236158,False
257,309,QLINEAR_CONV,1,qlinear_conv_o4i4_neon,,,"[[1,64,49],[],[],[32,64,1],[32],[32],[],[],[32]]","[[1,32,49]]","[[],[],[32,64,1],[32],[32],[],[],[32]]",60,81.37948,1.3563246666666666,1.35086,1.3799092499999999,0.016008444739185383,96.47272144637978,0.016017554659697026,96.52762114702128,False
258,612,QLINEAR_CONV,1,qlinear_conv_o4i4_neon,,,"[[1,64,49],[],[],[32,64,1],[32],[32],[],[],[32]]","[[1,32,49]]","[[],[],[32,64,1],[32],[32],[],[],[32]]",60,81.298906,1.3549817666666668,1.35,1.3897399,0.015992594743259935,96.48871404112305,0.01600169564401948,96.5436228426653,False
259,249,QLINEAR_CONV,1,qlinear_conv_o4i4_neon,,,"[[1,64,49],[],[],[32,64,1],[32],[32],[],[],[32]]","[[1,32,49]]","[[],[],[32,64,1],[32],[32],[],[],[32]]",60,81.287759,1.3547959833333332,1.3516405,1.38458825,0.015990401977546666,96.5047044431006,0.01599950163046973,96.55962234429578,False
260,186,QLINEAR_CONV,1,qlinear_conv_o4i4_neon,,,"[[1,64,49],[],[],[32,64,1],[32],[32],[],[],[32]]","[[1,32,49]]","[[],[],[32,64,1],[32],[32],[],[],[32]]",60,81.274063,1.3545677166666665,1.345417,1.3837340999999999,0.015987707789046717,96.52069215088964,0.015996805908788797,96.57561915020456,False
261,459,QLINEAR_CONV,1,qlinear_conv_o4i4_neon,,,"[[1,64,49],[],[],[32,64,1],[32],[32],[],[],[32]]","[[1,32,49]]","[[],[],[32,64,1],[32],[32],[],[],[32]]",60,81.254635,1.3542439166666667,1.344818,1.38345505,0.015983886038595706,96.53667603692824,0.015992981983495483,96.59161213218806,False
262,597,QLINEAR_CONV,1,qlinear_conv_o4i4_neon,,,"[[1,64,49],[],[],[32,64,1],[32],[32],[],[],[32]]","[[1,32,49]]","[[],[],[32,64,1],[32],[32],[],[],[32]]",60,81.251302,1.3541883666666665,1.3436195,1.3854223499999998,0.015983230392401904,96.55265926732065,0.01599232596419331,96.60760445815225,False
263,747,QLINEAR_CONV,1,qlinear_conv_o4i4_neon,,,"[[1,64,49],[],[],[32,64,1],[32],[32],[],[],[32]]","[[1,32,49]]","[[],[],[32,64,1],[32],[32],[],[],[32]]",60,81.239373,1.35398955,1.346979,1.38326775,0.01598088379670857,96.56864015111736,0.015989978033123516,96.62359443618537,False
264,111,QLINEAR_CONV,1,qlinear_conv_o4i4_neon,,,"[[1,64,49],[],[],[32,64,1],[32],[32],[],[],[32]]","[[1,32,49]]","[[],[],[32,64,1],[32],[32],[],[],[32]]",60,81.229423,1.3538237166666667,1.3513015,1.3803722499999997,0.015978926497090103,96.58461907761445,0.01598801961966519,96.63958245580504,False
265,687,QLINEAR_CONV,1,qlinear_conv_o4i4_neon,,,"[[1,64,49],[],[],[32,64,1],[32],[32],[],[],[32]]","[[1,32,49]]","[[],[],[32,64,1],[32],[32],[],[],[32]]",60,81.177034,1.3529505666666668,1.3496095000000001,1.3803783500000002,0.015968620871993442,96.60058769848644,0.01597770812994976,96.655560163935,False
266,156,QLINEAR_CONV,1,qlinear_conv_o4i4_neon,,,"[[1,64,49],[],[],[32,64,1],[32],[32],[],[],[32]]","[[1,32,49]]","[[],[],[32,64,1],[32],[32],[],[],[32]]",60,81.158489,1.3526414833333333,1.3480995,1.38305935,0.015964972819588977,96.61655267130602,0.01597405800154928,96.67153422193654,False
267,126,QLINEAR_CONV,1,qlinear_conv_o4i4_neon,,,"[[1,64,49],[],[],[32,64,1],[32],[32],[],[],[32]]","[[1,32,49]]","[[],[],[32,64,1],[32],[32],[],[],[32]]",60,81.157084,1.3526180666666667,1.3500785,1.37990615,0.01596469643708004,96.6325173677431,0.015973781461759436,96.68750800339829,False
268,354,QLINEAR_CONV,1,qlinear_conv_o4i4_neon,,,"[[1,64,49],[],[],[32,64,1],[32],[32],[],[],[32]]","[[1,32,49]]","[[],[],[32,64,1],[32],[32],[],[],[32]]",60,81.153389,1.3525564833333334,1.34875,1.3742011,0.015963969580588558,96.64848133732369,0.015973054191635968,96.70348105758993,False
269,777,QLINEAR_CONV,1,qlinear_conv_o4i4_neon,,,"[[1,64,49],[],[],[32,64,1],[32],[32],[],[],[32]]","[[1,32,49]]","[[],[],[32,64,1],[32],[32],[],[],[32]]",60,81.136512,1.3522752,1.347578,1.38071865,0.01596064964635129,96.66444198697003,0.015969732368124784,96.71945078995805,False
270,279,QLINEAR_CONV,1,qlinear_conv_o4i4_neon,,,"[[1,64,49],[],[],[32,64,1],[32],[32],[],[],[32]]","[[1,32,49]]","[[],[],[32,64,1],[32],[32],[],[],[32]]",60,81.131613,1.35219355,1.3444265,1.38068765,0.0159596859467703,96.6804016729168,0.015968768120131583,96.73541955807818,False
271,519,QLINEAR_CONV,1,qlinear_conv_o4i4_neon,,,"[[1,64,49],[],[],[32,64,1],[32],[32],[],[],[32]]","[[1,32,49]]","[[],[],[32,64,1],[32],[32],[],[],[32]]",60,81.124115,1.3520685833333335,1.3453385,1.3851695,0.01595821098872615,96.69635988390553,0.015967292322733535,96.7513868504009,False
272,792,QLINEAR_CONV,1,qlinear_conv_o4i4_neon,,,"[[1,64,49],[],[],[32,64,1],[32],[32],[],[],[32]]","[[1,32,49]]","[[],[],[32,64,1],[32],[32],[],[],[32]]",60,81.122914,1.3520485666666666,1.347369,1.3816873499999998,0.01595797473577723,96.71231785864131,0.015967055935340223,96.76735390633624,False
273,96,QLINEAR_CONV,1,qlinear_conv_o4i4_neon,,,"[[1,64,49],[],[],[32,64,1],[32],[32],[],[],[32]]","[[1,32,49]]","[[],[],[32,64,1],[32],[32],[],[],[32]]",60,81.121875,1.35203125,1.3483070000000001,1.37040665,0.015957770350420085,96.72827562899174,0.01596685143367357,96.78332075776991,False
274,66,QLINEAR_CONV,1,qlinear_conv_o4i4_neon,,,"[[1,64,49],[],[],[32,64,1],[32],[32],[],[],[32]]","[[1,32,49]]","[[],[],[32,64,1],[32],[32],[],[],[32]]",60,81.1213,1.3520216666666667,1.347995,1.38953655,0.015957657240140626,96.74423328623188,0.015966738259026482,96.79928749602894,False
275,339,QLINEAR_CONV,1,qlinear_conv_o4i4_neon,,,"[[1,64,49],[],[],[32,64,1],[32],[32],[],[],[32]]","[[1,32,49]]","[[],[],[32,64,1],[32],[32],[],[],[32]]",60,81.107811,1.35179685,1.3475265,1.3835135,0.01595500377134128,96.76018829000321,0.015964083280218498,96.81525157930916,False
276,504,QLINEAR_CONV,1,qlinear_conv_o4i4_neon,,,"[[1,64,49],[],[],[32,64,1],[32],[32],[],[],[32]]","[[1,32,49]]","[[],[],[32,64,1],[32],[32],[],[],[32]]",60,81.092811,1.3515468499999999,1.3465885000000002,1.3866557,0.01595205306839887,96.77614034307162,0.015961130898120512,96.83121271020728,False
277,369,QLINEAR_CONV,1,qlinear_conv_o4i4_neon,,,"[[1,64,49],[],[],[32,64,1],[32],[32],[],[],[32]]","[[1,32,49]]","[[],[],[32,64,1],[32],[32],[],[],[32]]",60,81.090264,1.3515044,1.3488285000000002,1.3841743999999998,0.015951552039039252,96.79209189511066,0.015960629583640272,96.84717333979093,False
278,564,QLINEAR_CONV,1,qlinear_conv_o4i4_neon,,,"[[1,64,49],[],[],[32,64,1],[32],[32],[],[],[32]]","[[1,32,49]]","[[],[],[32,64,1],[32],[32],[],[],[32]]",60,81.089113,1.3514852166666667,1.347526,1.3827316,0.015951325621766804,96.80804322073243,0.01596040303752062,96.86313374282845,False
279,216,QLINEAR_CONV,1,qlinear_conv_o4i4_neon,,,"[[1,64,49],[],[],[32,64,1],[32],[32],[],[],[32]]","[[1,32,49]]","[[],[],[32,64,1],[32],[32],[],[],[32]]",60,81.080671,1.3513445166666667,1.345807,1.3812377,0.015949664966150814,96.82399288569859,0.015958741436875874,96.87909248426533,False
280,732,QLINEAR_CONV,1,qlinear_conv_o4i4_neon,,,"[[1,64,49],[],[],[32,64,1],[32],[32],[],[],[32]]","[[1,32,49]]","[[],[],[32,64,1],[32],[32],[],[],[32]]",60,81.062502,1.3510417,1.347422,1.383237,0.015946090878033437,96.83993897657662,0.015955165314853317,96.89504764958018,False
281,642,QLINEAR_CONV,1,qlinear_conv_o4i4_neon,,,"[[1,64,49],[],[],[32,64,1],[32],[32],[],[],[32]]","[[1,32,49]]","[[],[],[32,64,1],[32],[32],[],[],[32]]",60,81.059945,1.3509990833333334,1.3470315,1.3794297500000001,0.015945587881538523,96.85588456445815,0.015954662032118348,96.9110023116123,False
282,474,QLINEAR_CONV,1,qlinear_conv_o4i4_neon,,,"[[1,64,49],[],[],[32,64,1],[32],[32],[],[],[32]]","[[1,32,49]]","[[],[],[32,64,1],[32],[32],[],[],[32]]",60,81.058123,1.3509687166666666,1.3426565,1.3886922999999998,0.015945229469487784,96.87182979392765,0.01595430341610618,96.9269566150284,False
283,807,QLINEAR_CONV,1,qlinear_conv_o4i4_neon,,,"[[1,64,49],[],[],[32,64,1],[32],[32],[],[],[32]]","[[1,32,49]]","[[],[],[32,64,1],[32],[32],[],[],[32]]",60,81.052556,1.3508759333333333,1.343906,1.3769349999999998,0.01594413436526909,96.88777392829292,0.01595320768869688,96.9429098227171,False
284,141,QLINEAR_CONV,1,qlinear_conv_o4i4_neon,,,"[[1,64,49],[],[],[32,64,1],[32],[32],[],[],[32]]","[[1,32,49]]","[[],[],[32,64,1],[32],[32],[],[],[32]]",60,81.044008,1.3507334666666668,1.3452345,1.3773772499999999,0.015942452858018975,96.90371638115093,0.015951525224551975,96.95886134794165,False
285,51,QLINEAR_CONV,1,qlinear_conv_o4i4_neon,,,"[[1,64,49],[],[],[32,64,1],[32],[32],[],[],[32]]","[[1,32,49]]","[[],[],[32,64,1],[32],[32],[],[],[32]]",60,81.036775,1.3506129166666667,1.347656,1.3814060499999998,0.015941030029060145,96.91965741117998,0.015950101585904326,96.97481144952755,False
286,81,QLINEAR_CONV,1,qlinear_conv_o4i4_neon,,,"[[1,64,49],[],[],[32,64,1],[32],[32],[],[],[32]]","[[1,32,49]]","[[],[],[32,64,1],[32],[32],[],[],[32]]",60,81.032238,1.3505373,1.3453119999999998,1.3821299,0.015940137539776834,96.93559754871976,0.015949208588732423,96.99076065811629,False
287,429,QLINEAR_CONV,1,qlinear_conv_o4i4_neon,,,"[[1,64,49],[],[],[32,64,1],[32],[32],[],[],[32]]","[[1,32,49]]","[[],[],[32,64,1],[32],[32],[],[],[32]]",60,81.025415,1.3504235833333333,1.346016,1.37835385,0.015938795363365094,96.95153634408312,0.015947865648528785,97.00670852376481,False
288,702,QLINEAR_CONV,1,qlinear_conv_o4i4_neon,,,"[[1,64,49],[],[],[32,64,1],[32],[32],[],[],[32]]","[[1,32,49]]","[[],[],[32,64,1],[32],[32],[],[],[32]]",60,81.022714,1.3503785666666666,1.3458855,1.3789061500000002,0.01593826404012193,96.96747460812324,0.015947334022925672,97.02265585778774,False
289,324,QLINEAR_CONV,1,qlinear_conv_o4i4_neon,,,"[[1,64,49],[],[],[32,64,1],[32],[32],[],[],[32]]","[[1,32,49]]","[[],[],[32,64,1],[32],[32],[],[],[32]]",60,81.003748,1.3500624666666667,1.3440365,1.39073435,0.015934533171321548,96.98340914129456,0.015943601031000978,97.03859945881874,False
290,444,QLINEAR_CONV,1,qlinear_conv_o4i4_neon,,,"[[1,64,49],[],[],[32,64,1],[32],[32],[],[],[32]]","[[1,32,49]]","[[],[],[32,64,1],[32],[32],[],[],[32]]",60,80.990206,1.3498367666666666,1.342578,1.3902024,0.015931869276705143,96.99934101057126,0.015940935620442916,97.05454039443919,False
291,822,QLINEAR_CONV,1,qlinear_conv_o4i4_neon,,,"[[1,64,49],[],[],[32,64,1],[32],[32],[],[],[32]]","[[1,32,49]]","[[],[],[32,64,1],[32],[32],[],[],[32]]",60,80.980832,1.3496805333333335,1.3441665,1.3755835,0.015930025284079663,97.01527103585533,0.01593909057845715,97.07047948501764,False
292,549,QLINEAR_CONV,1,qlinear_conv_o4i4_neon,,,"[[1,64,49],[],[],[32,64,1],[32],[32],[],[],[32]]","[[1,32,49]]","[[],[],[32,64,1],[32],[32],[],[],[32]]",60,80.964218,1.3494036333333335,1.3474745000000001,1.37187715,0.01592675708550065,97.03119779294083,0.01593582052004542,97.08641530553768,False
293,534,QLINEAR_CONV,1,qlinear_conv_o4i4_neon,,,"[[1,64,49],[],[],[32,64,1],[32],[32],[],[],[32]]","[[1,32,49]]","[[],[],[32,64,1],[32],[32],[],[],[32]]",60,80.953649,1.3492274833333333,1.3427864999999999,1.37657315,0.01592467802020743,97.04712247096104,0.015933740271619177,97.1023490458093,False
294,579,QLINEAR_CONV,1,qlinear_conv_o4i4_neon,,,"[[1,64,49],[],[],[32,64,1],[32],[32],[],[],[32]]","[[1,32,49]]","[[],[],[32,64,1],[32],[32],[],[],[32]]",60,80.927971,1.3487995166666666,1.3437505,1.3806824500000001,0.015919626810197082,97.06304209777124,0.01592868618711837,97.11827773199643,False
295,762,QLINEAR_CONV,1,qlinear_conv_o4i4_neon,,,"[[1,64,49],[],[],[32,64,1],[32],[32],[],[],[32]]","[[1,32,49]]","[[],[],[32,64,1],[32],[32],[],[],[32]]",60,80.909996,1.3484999333333334,1.343386,1.3743466999999998,0.015916090884504425,97.07895818865575,0.015925148249237617,97.13420288024567,False
296,234,QLINEAR_CONV,1,qlinear_conv_o4i4_neon,,,"[[1,64,49],[],[],[32,64,1],[32],[32],[],[],[32]]","[[1,32,49]]","[[],[],[32,64,1],[32],[32],[],[],[32]]",60,80.879793,1.3479965500000002,1.3423699999999998,1.3723204,0.015910149545773123,97.09486833820152,0.015919203529470585,97.15012208377513,False
297,399,QLINEAR_CONV,1,qlinear_conv_o4i4_neon,,,"[[1,64,49],[],[],[32,64,1],[32],[32],[],[],[32]]","[[1,32,49]]","[[],[],[32,64,1],[32],[32],[],[],[32]]",60,80.877501,1.3479583499999999,1.3437495,1.37766915,0.01590969867836352,97.11077803687988,0.01591875240548601,97.16604083618061,False
298,657,QLINEAR_CONV,1,qlinear_conv_o4i4_neon,,,"[[1,64,49],[],[],[32,64,1],[32],[32],[],[],[32]]","[[1,32,49]]","[[],[],[32,64,1],[32],[32],[],[],[32]]",60,80.874584,1.3479097333333334,1.3428645000000001,1.37764065,0.015909124864997987,97.12668716174488,0.01591817826558069,97.18195901444619,False
299,414,QLINEAR_CONV,1,qlinear_conv_o4i4_neon,,,"[[1,64,49],[],[],[32,64,1],[32],[32],[],[],[32]]","[[1,32,49]]","[[],[],[32,64,1],[32],[32],[],[],[32]]",60,80.863128,1.3477188,1.3441665,1.3784372500000002,0.015906871314804102,97.14259403305968,0.01591592343295972,97.19787493787915,False
300,489,QLINEAR_CONV,1,qlinear_conv_o4i4_neon,,,"[[1,64,49],[],[],[32,64,1],[32],[32],[],[],[32]]","[[1,32,49]]","[[],[],[32,64,1],[32],[32],[],[],[32]]",60,80.829117,1.34715195,1.3423954999999999,1.3809033499999999,0.015900180890952485,97.15849421395063,0.015909229201790748,97.21378416708095,False
301,294,QLINEAR_CONV,1,qlinear_conv_o4i4_neon,,,"[[1,64,49],[],[],[32,64,1],[32],[32],[],[],[32]]","[[1,32,49]]","[[],[],[32,64,1],[32],[32],[],[],[32]]",60,80.814844,1.3469140666666666,1.3415625,1.3764376,0.015897373198746016,97.17439158714937,0.015906419911811777,97.22969058699276,False
302,201,QLINEAR_CONV,1,qlinear_conv_o4i4_neon,,,"[[1,64,49],[],[],[32,64,1],[32],[32],[],[],[32]]","[[1,32,49]]","[[],[],[32,64,1],[32],[32],[],[],[32]]",60,80.776878,1.3462813,1.3417189999999999,1.3790292,0.01588990477288525,97.19028149192226,0.0158989472358963,97.24558953422866,False
303,384,QLINEAR_CONV,1,qlinear_conv_o4i4_neon,,,"[[1,64,49],[],[],[32,64,1],[32],[32],[],[],[32]]","[[1,32,49]]","[[],[],[32,64,1],[32],[32],[],[],[32]]",60,80.734638,1.3455773,1.3402605,1.37440035,0.01588159559339942,97.20616308751566,0.01589063332790837,97.26148016755657,False
304,171,QLINEAR_CONV,1,qlinear_conv_o4i4_neon,,,"[[1,64,49],[],[],[32,64,1],[32],[32],[],[],[32]]","[[1,32,49]]","[[],[],[32,64,1],[32],[32],[],[],[32]]",60,80.698752,1.3449792,1.340313,1.3740154,0.01587453633168,97.22203762384734,0.015883570048977145,97.27736373760554,False
305,264,QLINEAR_CONV,1,qlinear_conv_o4i4_neon,,,"[[1,64,49],[],[],[32,64,1],[32],[32],[],[],[32]]","[[1,32,49]]","[[],[],[32,64,1],[32],[32],[],[],[32]]",60,80.691982,1.3448663666666667,1.3419530000000002,1.3686746500000002,0.015873204581085328,97.23791082842843,0.015882237540523588,97.29324597514606,False
306,717,QLINEAR_CONV,1,qlinear_conv_o4i4_neon,,,"[[1,64,49],[],[],[32,64,1],[32],[32],[],[],[32]]","[[1,32,49]]","[[],[],[32,64,1],[32],[32],[],[],[32]]",60,80.642034,1.3440339,1.339375,1.3687422999999999,0.01586337913371416,97.25377420756215,0.015872406501788238,97.30911838164785,False
307,220,DEQUANTIZE_LINEAR,1,dequantize_linear_stride,,,"[[1,256,49],[],[]]","[[1,256,49]]","[[],[]]",60,79.469063,1.3244843833333335,1.3172139999999999,1.3522682499999996,0.015632639868310066,97.26940684743046,0.015641535929664413,97.32475991757751,False
308,828,CONCAT,5,fused_statistics_pooling,FUSION_STATS_POOLING,StatisticsPoolingMeanStd,"[[1,512,49],[],[]]","[[1,1024]]","[[],[]]",60,53.189742,0.8864957,0.8683595,0.9651798999999998,0.010463141881694598,97.27986998931216,0.01046909613848826,97.335229013716,False
309,622,EXPAND,1,expand_stride,,,"[[1,128,1,1],[4]]","[[1,128,1,100]]",[[4]],60,48.35557,0.8059261666666667,0.7945835,0.8412701999999999,0.009512194845393587,97.28938218415756,0.009517607947062402,97.34474662166306,False
310,304,EXPAND,1,expand_stride,,,"[[1,128,1,1],[4]]","[[1,128,1,100]]",[[4]],60,48.333391999999996,0.8055565333333333,0.794557,0.83486195,0.00950783213273647,97.2988900162903,0.00951324275171779,97.35425986441479,False
311,46,EXPAND,1,expand_stride,,,"[[1,128,1,1],[4]]","[[1,128,1,100]]",[[4]],60,48.311928,0.8051988,0.798203,0.8331510999999999,0.00950360987353941,97.30839362616383,0.009509018089761045,97.36376888250454,False
312,166,EXPAND,1,expand_stride,,,"[[1,128,1,1],[4]]","[[1,128,1,100]]",[[4]],60,48.201871,0.8033645166666666,0.7940105,0.8198674,0.00948196017262389,97.31787558633646,0.00948735606865717,97.3732562385732,False
313,454,EXPAND,1,expand_stride,,,"[[1,128,1,1],[4]]","[[1,128,1,100]]",[[4]],60,48.198285,0.80330475,0.7945835,0.82315365,0.009481254757907126,97.32735684109436,0.00948665025251028,97.38274288882572,False
314,544,EXPAND,1,expand_stride,,,"[[1,128,1,1],[4]]","[[1,128,1,100]]",[[4]],60,48.190363,0.8031727166666667,0.795677,0.82776265,0.009479696393326475,97.33683653748768,0.009485091001111596,97.39222797982683,False
315,499,EXPAND,1,expand_stride,,,"[[1,128,1,1],[4]]","[[1,128,1,100]]",[[4]],60,48.176821,0.8029470166666666,0.7945315,0.8212739499999999,0.009477032498710066,97.34631356998639,0.009482425590553534,97.40171040541738,False
316,667,EXPAND,1,expand_stride,,,"[[1,128,1,1],[4]]","[[1,128,1,100]]",[[4]],60,48.158799,0.80264665,0.795026,0.83555765,0.009473487327481525,97.35578705731388,0.00947887840187554,97.41118928381925,False
317,697,EXPAND,1,expand_stride,,,"[[1,128,1,1],[4]]","[[1,128,1,100]]",[[4]],60,48.147342,0.8024557,0.794818,0.8431953999999999,0.009471233580574114,97.36525829089445,0.009476623372429098,97.42066590719169,False
318,424,EXPAND,1,expand_stride,,,"[[1,128,1,1],[4]]","[[1,128,1,100]]",[[4]],60,48.14521,0.8024201666666666,0.7944795,0.8206430999999998,0.009470814187329231,97.37472910508177,0.009476203740520238,97.43014211093221,False
319,637,EXPAND,1,expand_stride,,,"[[1,128,1,1],[4]]","[[1,128,1,100]]",[[4]],60,48.139532,0.8023255333333333,0.7946880000000001,0.8251978,0.009469697247908766,97.38419880232968,0.009475086165483412,97.43961719709769,False
320,514,EXPAND,1,expand_stride,,,"[[1,128,1,1],[4]]","[[1,128,1,100]]",[[4]],60,48.138909,0.80231515,0.794297,0.81837835,0.00946957469537989,97.39366837702505,0.009474963543213609,97.4490921606409,False
321,559,EXPAND,1,expand_stride,,,"[[1,128,1,1],[4]]","[[1,128,1,100]]",[[4]],60,48.131515,0.8021919166666667,0.795026,0.8226665999999999,0.009468120195542813,97.4031364972206,0.009473508215664776,97.45856566885656,False
322,334,EXPAND,1,expand_stride,,,"[[1,128,1,1],[4]]","[[1,128,1,100]]",[[4]],60,48.116042,0.8019340333333334,0.7955209999999999,0.82398145,0.009465076447100953,97.4126015736677,0.009470462735117965,97.46803613159169,False
323,91,EXPAND,1,expand_stride,,,"[[1,128,1,1],[4]]","[[1,128,1,100]]",[[4]],60,48.105365,0.8017560833333334,0.79401,0.81530265,0.009462976136746544,97.42206454980445,0.009468361229540619,97.47750449282123,False
324,349,EXPAND,1,expand_stride,,,"[[1,128,1,1],[4]]","[[1,128,1,100]]",[[4]],60,48.101564,0.8016927333333334,0.794818,0.8201902499999999,0.009462228428620937,97.43152677823306,0.00946761309591699,97.48697210591715,False
325,211,EXPAND,1,expand_stride,,,"[[1,128,1,1],[4]]","[[1,128,1,100]]",[[4]],60,48.075365,0.8012560833333333,0.7946614999999999,0.8246715,0.009457074730861725,97.44098385296392,0.009462456465344646,97.49643456238249,False
326,652,EXPAND,1,expand_stride,,,"[[1,128,1,1],[4]]","[[1,128,1,100]]",[[4]],60,48.075363,0.80125605,0.7947915000000001,0.8187425,0.009457074337434666,97.45044092730136,0.009462456071693699,97.50589701845418,False
327,439,EXPAND,1,expand_stride,,,"[[1,128,1,1],[4]]","[[1,128,1,100]]",[[4]],60,48.070054,0.8011675666666667,0.7942965,0.82027835,0.009456029985306582,97.45989695728666,0.009461411125256485,97.51535842957944,False
328,772,EXPAND,1,expand_stride,,,"[[1,128,1,1],[4]]","[[1,128,1,100]]",[[4]],60,48.064432,0.8010738666666666,0.795833,0.8186044000000001,0.009454924061843766,97.4693518813485,0.00946030457244616,97.52481873415188,False
329,712,EXPAND,1,expand_stride,,,"[[1,128,1,1],[4]]","[[1,128,1,100]]",[[4]],60,48.058751,0.8009791833333334,0.794505,0.8138282,0.009453806532282711,97.47880568788078,0.009459186406932916,97.53427792055881,False
330,364,EXPAND,1,expand_stride,,,"[[1,128,1,1],[4]]","[[1,128,1,100]]",[[4]],60,48.044791000000004,0.8007465166666667,0.7954684999999999,0.81251565,0.009451060411410975,97.48825674829219,0.009456438723327057,97.54373435928214,False
331,181,EXPAND,1,expand_stride,,,"[[1,128,1,1],[4]]","[[1,128,1,100]]",[[4]],60,48.035881,0.8005980166666667,0.794583,0.8165101,0.009449307693863183,97.49770605598604,0.009454685008360853,97.5531890442905,False
332,529,EXPAND,1,expand_stride,,,"[[1,128,1,1],[4]]","[[1,128,1,100]]",[[4]],60,48.033277,0.8005546166666666,0.794297,0.81819525,0.009448795451832382,97.50715485143787,0.009454172474828642,97.56264321676534,False
333,787,EXPAND,1,expand_stride,,,"[[1,128,1,1],[4]]","[[1,128,1,100]]",[[4]],60,48.032765,0.8005460833333333,0.7953385,0.8160047500000001,0.00944869473450528,97.51660354617238,0.009454071700186365,97.57209728846553,False
334,319,EXPAND,1,expand_stride,,,"[[1,128,1,1],[4]]","[[1,128,1,100]]",[[4]],60,48.02807,0.8004678333333334,0.79401,0.82128715,0.009447771164484307,97.52605131733687,0.009453147604589693,97.58155043607012,False
335,802,EXPAND,1,expand_stride,,,"[[1,128,1,1],[4]]","[[1,128,1,100]]",[[4]],60,48.02776,0.8004626666666667,0.7947660000000001,0.82050035,0.009447710183290162,97.53549902752016,0.009453086588693002,97.59100352265881,False
336,817,EXPAND,1,expand_stride,,,"[[1,128,1,1],[4]]","[[1,128,1,100]]",[[4]],60,48.025312,0.8004218666666667,0.794896,0.8192424,0.009447228628569962,97.54494625614873,0.00945260475993461,97.60045612741874,False
337,484,EXPAND,1,expand_stride,,,"[[1,128,1,1],[4]]","[[1,128,1,100]]",[[4]],60,48.021503,0.8003583833333334,0.7948440000000001,0.81821785,0.00944647934673612,97.55439273549547,0.009451855051707196,97.60990798247045,False
338,607,EXPAND,1,expand_stride,,,"[[1,128,1,1],[4]]","[[1,128,1,100]]",[[4]],60,48.018125,0.8003020833333333,0.7944015,0.8187817999999999,0.009445814848433489,97.5638385503439,0.00945119017525873,97.6193591726457,False
339,289,EXPAND,1,expand_stride,,,"[[1,128,1,1],[4]]","[[1,128,1,100]]",[[4]],60,48.015996,0.8002666,0.7945055,0.8131697999999999,0.009445396045329195,97.57328394638922,0.009450771133826287,97.62880994377953,False
340,229,EXPAND,1,expand_stride,,,"[[1,128,1,1],[4]]","[[1,128,1,100]]",[[4]],60,48.011459,0.8001909833333334,0.794297,0.8181328499999999,0.009444503556045881,97.58272844994526,0.009449878136654382,97.63825982191618,False
341,469,EXPAND,1,expand_stride,,,"[[1,128,1,1],[4]]","[[1,128,1,100]]",[[4]],60,48.006094,0.8001015666666667,0.7946875,0.8146146,0.009443448187960148,97.59217189813323,0.009448822167990669,97.64770864408418,False
342,244,EXPAND,1,expand_stride,,,"[[1,128,1,1],[4]]","[[1,128,1,100]]",[[4]],60,47.98438,0.7997396666666667,0.794271,0.81804965,0.009439176750380715,97.6016110748836,0.009444548299665626,97.65715319238384,False
343,76,EXPAND,1,expand_stride,,,"[[1,128,1,1],[4]]","[[1,128,1,100]]",[[4]],60,47.972551,0.7995425166666668,0.794922,0.8172573000000001,0.00943684982604033,97.61104792470965,0.009442220051143153,97.66659541243499,False
344,196,EXPAND,1,expand_stride,,,"[[1,128,1,1],[4]]","[[1,128,1,100]]",[[4]],60,47.971089,0.79951815,0.794427,0.81213515,0.009436562230860208,97.62048448694051,0.009441932292301336,97.67603734472729,False
345,61,EXPAND,1,expand_stride,,,"[[1,128,1,1],[4]]","[[1,128,1,100]]",[[4]],60,47.968071,0.79946785,0.7939324999999999,0.81099665,0.009435968549428197,97.62992045548994,0.00944133827302322,97.68547868300031,False
346,274,EXPAND,1,expand_stride,,,"[[1,128,1,1],[4]]","[[1,128,1,100]]",[[4]],60,47.960785,0.7993464166666667,0.7941665,0.8197504,0.009434535294652303,97.6393549907846,0.009439904202625492,97.69491858720293,False
347,682,EXPAND,1,expand_stride,,,"[[1,128,1,1],[4]]","[[1,128,1,100]]",[[4]],60,47.955828,0.7992638,0.794271,0.81942895,0.009433560185686602,97.64878855097028,0.009438928538754844,97.70435751574169,False
348,379,EXPAND,1,expand_stride,,,"[[1,128,1,1],[4]]","[[1,128,1,100]]",[[4]],60,47.955052,0.7992508666666667,0.794167,0.81708605,0.009433407535987714,97.65822195850627,0.009438775802187643,97.71379629154387,False
349,136,EXPAND,1,expand_stride,,,"[[1,128,1,1],[4]]","[[1,128,1,100]]",[[4]],60,47.923022,0.7987170333333334,0.7940885,0.81826285,0.009427106801638023,97.66764906530791,0.009432471482281074,97.72322876302616,False
350,742,EXPAND,1,expand_stride,,,"[[1,128,1,1],[4]]","[[1,128,1,100]]",[[4]],60,47.9225,0.7987083333333334,0.794349,0.81185435,0.009427004117175626,97.67707606942508,0.009432368739384064,97.73266113176554,False
351,574,EXPAND,1,expand_stride,,,"[[1,128,1,1],[4]]","[[1,128,1,100]]",[[4]],60,47.909429,0.7984904833333334,0.794583,0.81315905,0.00942443287463161,97.68650050229972,0.009429796033623879,97.74209092779917,False
352,259,EXPAND,1,expand_stride,,,"[[1,128,1,1],[4]]","[[1,128,1,100]]",[[4]],60,47.90719,0.7984531666666667,0.79401,0.8186036999999999,0.009423992433039072,97.69592449473276,0.009429355341389386,97.75152028314056,False
353,727,EXPAND,1,expand_stride,,,"[[1,128,1,1],[4]]","[[1,128,1,100]]",[[4]],60,47.906821,0.7984470166666667,0.7939590000000001,0.81427895,0.009423919845746689,97.70534841457851,0.009429282712789776,97.76094956585335,False
354,394,EXPAND,1,expand_stride,,,"[[1,128,1,1],[4]]","[[1,128,1,100]]",[[4]],60,47.906246,0.7984374333333334,0.7942184999999999,0.81371125,0.00942380673546723,97.71477222131398,0.009429169538142686,97.77037873539149,False
355,151,EXPAND,1,expand_stride,,,"[[1,128,1,1],[4]]","[[1,128,1,100]]",[[4]],60,47.892707,0.7982117833333333,0.7941929999999999,0.8126302,0.009421143430991413,97.72419336474498,0.009426504718061043,97.77980524010955,False
356,121,EXPAND,1,expand_stride,,,"[[1,128,1,1],[4]]","[[1,128,1,100]]",[[4]],60,47.887659,0.79812765,0.793828,0.8124798000000001,0.009420150421094526,97.73361351516607,0.009425511143072334,97.78923075125263,False
357,106,EXPAND,1,expand_stride,,,"[[1,128,1,1],[4]]","[[1,128,1,100]]",[[4]],60,47.88443,0.7980738333333334,0.794349,0.81155,0.00941951523310779,97.74303303039918,0.009424875593619375,97.79865562684626,False
358,592,EXPAND,1,expand_stride,,,"[[1,128,1,1],[4]]","[[1,128,1,100]]",[[4]],60,47.88349,0.7980581666666667,0.794271,0.81586965,0.009419330322390066,97.75245236072156,0.009424690577674567,97.80808031742393,False
359,757,EXPAND,1,expand_stride,,,"[[1,128,1,1],[4]]","[[1,128,1,100]]",[[4]],60,47.875466,0.7979244333333334,0.794088,0.81123185,0.009417751893029406,97.76187011261459,0.009423111250077618,97.817503428674,False
360,409,EXPAND,1,expand_stride,,,"[[1,128,1,1],[4]]","[[1,128,1,100]]",[[4]],60,47.839585,0.7973264166666667,0.794192,0.8099194499999999,0.009410693614877633,97.77128080622947,0.009416048955273761,97.82691947762927,False
361,36,DEQUANTIZE_LINEAR,1,dequantize_linear_stride,,,"[[1,128,49],[],[]]","[[1,128,49]]","[[],[]]",60,39.346094,0.6557682333333333,0.6504425,0.6745156499999999,0.0077399090225422126,97.77902071525202,0.0077443135700864295,97.83466379119936,False
362,493,DEQUANTIZE_LINEAR,1,dequantize_linear_stride,,,"[[1,128,49],[],[]]","[[1,128,49]]","[[],[]]",60,39.236456,0.6539409333333333,0.644739,0.6716717,0.007718341744595551,97.78673905699661,0.007722734018855826,97.84238652521822,False
363,358,DEQUANTIZE_LINEAR,1,dequantize_linear_stride,,,"[[1,128,49],[],[]]","[[1,128,49]]","[[],[]]",60,39.226873,0.6537812166666667,0.644245,0.67525265,0.0077164566388424095,97.79445551363546,0.007720847840346159,97.85010737305856,False
364,766,DEQUANTIZE_LINEAR,1,dequantize_linear_stride,,,"[[1,128,49],[],[]]","[[1,128,49]]","[[],[]]",60,39.140679,0.65234465,0.645729,0.6707526,0.007699501112881205,97.80215501474834,0.007703882665509235,97.85781125572407,False
365,646,DEQUANTIZE_LINEAR,1,dequantize_linear_stride,,,"[[1,128,49],[],[]]","[[1,128,49]]","[[],[]]",60,39.132184,0.6522030666666667,0.6450785,0.672594,0.007697830031448154,97.80985284477978,0.007702210633114409,97.86551346635719,False
366,796,DEQUANTIZE_LINEAR,1,dequantize_linear_stride,,,"[[1,128,49],[],[]]","[[1,128,49]]","[[],[]]",60,39.129018,0.6521503000000001,0.6454424999999999,0.66761735,0.007697207236413776,97.8175500520162,0.007701587483666261,97.87321505384085,False
367,145,DEQUANTIZE_LINEAR,1,dequantize_linear_stride,,,"[[1,128,49],[],[]]","[[1,128,49]]","[[],[]]",60,39.118805,0.6519800833333333,0.6469535,0.66700985,0.0076951982011370535,97.82524525021734,0.0076995773051084775,97.88091463114596,False
368,115,DEQUANTIZE_LINEAR,1,dequantize_linear_stride,,,"[[1,128,49],[],[]]","[[1,128,49]]","[[],[]]",60,39.107086,0.6517847666666667,0.647239,0.6681455,0.007692892915284914,97.83293814313262,0.007697270707388057,97.88861190185334,False
369,223,DEQUANTIZE_LINEAR,1,dequantize_linear_stride,,,"[[1,128,49],[],[]]","[[1,128,49]]","[[],[]]",60,39.086406,0.6514401,0.6451564999999999,0.661523,0.007688824879494978,97.84062696801212,0.0076932003566023005,97.89630510220994,False
370,403,DEQUANTIZE_LINEAR,1,dequantize_linear_stride,,,"[[1,128,49],[],[]]","[[1,128,49]]","[[],[]]",60,39.083697,0.65139495,0.6452085000000001,0.6701432500000001,0.007688291982543579,97.84831525999466,0.007692667156395404,97.90399776936633,False
371,130,DEQUANTIZE_LINEAR,1,dequantize_linear_stride,,,"[[1,128,49],[],[]]","[[1,128,49]]","[[],[]]",60,39.083487,0.65139145,0.6471615,0.6701769,0.007688250672702386,97.85600351066736,0.007692625823046032,97.91169039518937,False
372,55,DEQUANTIZE_LINEAR,1,dequantize_linear_stride,,,"[[1,128,49],[],[]]","[[1,128,49]]","[[],[]]",60,39.068019,0.65113365,0.6442445,0.6722577500000001,0.007685207907828172,97.86368871857519,0.007689581326626589,97.919379976516,False
373,736,DEQUANTIZE_LINEAR,1,dequantize_linear_stride,,,"[[1,128,49],[],[]]","[[1,128,49]]","[[],[]]",60,39.060208,0.6510034666666668,0.644922,0.6683778499999999,0.007683671378449295,97.87137238995363,0.00768804392285543,97.92706802043885,False
374,721,DEQUANTIZE_LINEAR,1,dequantize_linear_stride,,,"[[1,128,49],[],[]]","[[1,128,49]]","[[],[]]",60,39.05677,0.6509461666666667,0.6452344999999999,0.67250295,0.007682995077334894,97.87905538503097,0.007687367236878571,97.93475538767574,False
375,811,DEQUANTIZE_LINEAR,1,dequantize_linear_stride,,,"[[1,128,49],[],[]]","[[1,128,49]]","[[],[]]",60,39.055574,0.6509262333333333,0.6447915,0.66140615,0.00768275980795362,97.88673814483892,0.007687131833612625,97.94244251950934,False
376,253,DEQUANTIZE_LINEAR,1,dequantize_linear_stride,,,"[[1,128,49],[],[]]","[[1,128,49]]","[[],[]]",60,39.041092,0.6506848666666667,0.6468229999999999,0.6658229999999999,0.007679911002619488,97.89441805584154,0.007684281407109755,97.95012680091645,False
377,751,DEQUANTIZE_LINEAR,1,dequantize_linear_stride,,,"[[1,128,49],[],[]]","[[1,128,49]]","[[],[]]",60,39.030307,0.6505051166666667,0.644817,0.66278345,0.007677789447203896,97.90209584528874,0.007682158644381304,97.95780895956084,False
378,70,DEQUANTIZE_LINEAR,1,dequantize_linear_stride,,,"[[1,128,49],[],[]]","[[1,128,49]]","[[],[]]",60,39.030054,0.6505009,0.643672,0.6658205,0.007677739678680933,97.90977358496743,0.007682108847536584,97.96549106840837,False
379,478,DEQUANTIZE_LINEAR,1,dequantize_linear_stride,,,"[[1,128,49],[],[]]","[[1,128,49]]","[[],[]]",60,39.02807,0.6504678333333334,0.645547,0.66577385,0.007677349399038417,97.91745093436646,0.007681718345797757,97.97317278675416,False
380,373,DEQUANTIZE_LINEAR,1,dequantize_linear_stride,,,"[[1,128,49],[],[]]","[[1,128,49]]","[[],[]]",60,39.026561,0.6504426833333333,0.6445829999999999,0.6664372500000001,0.00767705255832241,97.92512798692478,0.0076814213361587,97.98085420809032,False
381,160,DEQUANTIZE_LINEAR,1,dequantize_linear_stride,,,"[[1,128,49],[],[]]","[[1,128,49]]","[[],[]]",60,39.024426,0.6504071,0.6473955,0.6685125,0.007676632574936942,97.93280461949972,0.00768100111377342,97.98853520920409,False
382,448,DEQUANTIZE_LINEAR,1,dequantize_linear_stride,,,"[[1,128,49],[],[]]","[[1,128,49]]","[[],[]]",60,39.016043,0.6502673833333333,0.6449480000000001,0.66157255,0.007674983525419193,97.94047960302514,0.007679351125831591,97.99621456032992,False
383,706,DEQUANTIZE_LINEAR,1,dequantize_linear_stride,,,"[[1,128,49],[],[]]","[[1,128,49]]","[[],[]]",60,39.003172,0.6500528666666666,0.645026,0.6675832500000001,0.007672451625581076,97.94815205465072,0.007676817785166047,98.00389137811509,False
384,553,DEQUANTIZE_LINEAR,1,dequantize_linear_stride,,,"[[1,128,49],[],[]]","[[1,128,49]]","[[],[]]",60,38.996309000000004,0.6499384833333334,0.6447400000000001,0.6648051,0.007671101580628158,97.95582315623135,0.007675466971943481,98.01156684508703,False
385,190,DEQUANTIZE_LINEAR,1,dequantize_linear_stride,,,"[[1,128,49],[],[]]","[[1,128,49]]","[[],[]]",60,38.99224,0.6498706666666667,0.646875,0.66829145,0.007670301153276647,97.96349345738463,0.007674666089093033,98.01924151117612,False
386,523,DEQUANTIZE_LINEAR,1,dequantize_linear_stride,,,"[[1,128,49],[],[]]","[[1,128,49]]","[[],[]]",60,38.988544,0.6498090666666666,0.6449739999999999,0.66315045,0.007669574100071638,97.9711630314847,0.00767393862214409,98.02691544979827,False
387,205,DEQUANTIZE_LINEAR,1,dequantize_linear_stride,,,"[[1,128,49],[],[]]","[[1,128,49]]","[[],[]]",60,38.98771,0.6497951666666667,0.645078,0.66693995,0.00766941004098804,97.9788324415257,0.007673774469699441,98.03458922426796,False
388,433,DEQUANTIZE_LINEAR,1,dequantize_linear_stride,,,"[[1,128,49],[],[]]","[[1,128,49]]","[[],[]]",60,38.983907,0.6497317833333334,0.6451039999999999,0.6668725,0.0076686619394353735,97.98650110346513,0.007673025942424865,98.04226225021038,False
389,418,DEQUANTIZE_LINEAR,1,dequantize_linear_stride,,,"[[1,128,49],[],[]]","[[1,128,49]]","[[],[]]",60,38.983597,0.6497266166666668,0.645339,0.66321615,0.007668600958241231,97.99416970442337,0.007672964926528174,98.04993521513691,False
390,175,DEQUANTIZE_LINEAR,1,dequantize_linear_stride,,,"[[1,128,49],[],[]]","[[1,128,49]]","[[],[]]",60,38.972553,0.6495425499999999,0.646459,0.6616616000000001,0.0076664284540214995,98.00183613287739,0.007670791186002162,98.05760600632291,False
391,568,DEQUANTIZE_LINEAR,1,dequantize_linear_stride,,,"[[1,128,49],[],[]]","[[1,128,49]]","[[],[]]",60,38.972286,0.6495380999999999,0.64526,0.66198615,0.007666375931509124,98.0095025088089,0.007670738633600818,98.06527674495652,False
392,676,DEQUANTIZE_LINEAR,1,dequantize_linear_stride,,,"[[1,128,49],[],[]]","[[1,128,49]]","[[],[]]",60,38.966817999999996,0.6494469666666666,0.6454165000000001,0.6620418,0.007665300301929852,98.01716780911082,0.007669662391913365,98.07294640734844,False
393,538,DEQUANTIZE_LINEAR,1,dequantize_linear_stride,,,"[[1,128,49],[],[]]","[[1,128,49]]","[[],[]]",60,38.963651,0.6493941833333333,0.644583,0.66350315,0.007664677310181944,98.024832486421,0.007669039045639744,98.08061544639408,False
394,40,DEQUANTIZE_LINEAR,1,dequantize_linear_stride,,,"[[1,128,49],[],[]]","[[1,128,49]]","[[],[]]",60,38.956616,0.6492769333333333,0.6443225,0.6638126499999999,0.007663293430501953,98.0324957798515,0.007667654378435788,98.08828310077251,False
395,85,DEQUANTIZE_LINEAR,1,dequantize_linear_stride,,,"[[1,128,49],[],[]]","[[1,128,49]]","[[],[]]",60,38.951194,0.6491865666666666,0.6452085000000001,0.665847,0.007662226849745038,98.04015800670125,0.007666587190720104,98.09594968796324,False
396,601,DEQUANTIZE_LINEAR,1,dequantize_linear_stride,,,"[[1,128,49],[],[]]","[[1,128,49]]","[[],[]]",60,38.94073,0.6490121666666667,0.6440885000000001,0.6652447,0.007660168439372413,98.04781817514062,0.007664527608968548,98.10361421557221,False
397,508,DEQUANTIZE_LINEAR,1,dequantize_linear_stride,,,"[[1,128,49],[],[]]","[[1,128,49]]","[[],[]]",60,38.935155,0.6489192500000001,0.645052,0.66095265,0.007659071761445484,98.05547724690207,0.0076634303069554625,98.11127764587917,False
398,661,DEQUANTIZE_LINEAR,1,dequantize_linear_stride,,,"[[1,128,49],[],[]]","[[1,128,49]]","[[],[]]",60,38.933283,0.64888805,0.6449739999999999,0.6636892999999999,0.00765870351371827,98.06313595041578,0.007663061849669634,98.11894070772884,False
399,463,DEQUANTIZE_LINEAR,1,dequantize_linear_stride,,,"[[1,128,49],[],[]]","[[1,128,49]]","[[],[]]",60,38.931458,0.6488576333333334,0.6456249999999999,0.6620001000000001,0.007658344511526944,98.07079429492731,0.007662702643181046,98.12660341037203,False
400,781,DEQUANTIZE_LINEAR,1,dequantize_linear_stride,,,"[[1,128,49],[],[]]","[[1,128,49]]","[[],[]]",60,38.931146,0.6488524333333333,0.6441665000000001,0.6644456999999999,0.007658283136905742,98.07845257806422,0.007662641233633407,98.13426605160566,False
401,616,DEQUANTIZE_LINEAR,1,dequantize_linear_stride,,,"[[1,128,49],[],[]]","[[1,128,49]]","[[],[]]",60,38.917294,0.6486215666666666,0.6441665,0.6637347,0.007655558261095191,98.08610813632531,0.007659914807178654,98.14192596641284,False
402,238,DEQUANTIZE_LINEAR,1,dequantize_linear_stride,,,"[[1,128,49],[],[]]","[[1,128,49]]","[[],[]]",60,38.915678,0.6485946333333333,0.645104,0.6617548,0.007655240372031529,98.09376337669734,0.007659596737213964,98.14958556315005,False
403,586,DEQUANTIZE_LINEAR,1,dequantize_linear_stride,,,"[[1,128,49],[],[]]","[[1,128,49]]","[[],[]]",60,38.909693,0.6484948833333333,0.6423435,0.660125,0.0076540630415575074,98.1014174397389,0.007658418736756867,98.15724398188681,False
404,343,DEQUANTIZE_LINEAR,1,dequantize_linear_stride,,,"[[1,128,49],[],[]]","[[1,128,49]]","[[],[]]",60,38.907192,0.6484532000000001,0.6429165,0.6647468,0.007653571061020243,98.10907101079992,0.007657926476248396,98.16490190836305,False
405,691,DEQUANTIZE_LINEAR,1,dequantize_linear_stride,,,"[[1,128,49],[],[]]","[[1,128,49]]","[[],[]]",60,38.889946,0.6481657666666667,0.6452085,0.6628173,0.00765017853949059,98.11672118933942,0.007654532024137604,98.17255644038718,False
406,388,DEQUANTIZE_LINEAR,1,dequantize_linear_stride,,,"[[1,128,49],[],[]]","[[1,128,49]]","[[],[]]",60,38.871092,0.6478515333333333,0.6440105,0.6598820999999999,0.00764646970260551,98.12436765904202,0.007650821076665908,98.18020726146385,False
407,298,DEQUANTIZE_LINEAR,1,dequantize_linear_stride,,,"[[1,128,49],[],[]]","[[1,128,49]]","[[],[]]",60,38.859485,0.6476580833333333,0.6429425,0.6661635,0.007644186448668672,98.1320118454907,0.007648536523398486,98.18785579798725,False
408,631,DEQUANTIZE_LINEAR,1,dequantize_linear_stride,,,"[[1,128,49],[],[]]","[[1,128,49]]","[[],[]]",60,38.858226,0.6476371000000001,0.6438545,0.6645441999999999,0.00764393878633504,98.13965578427702,0.00764828872012773,98.19550408670739,False
409,100,DEQUANTIZE_LINEAR,1,dequantize_linear_stride,,,"[[1,128,49],[],[]]","[[1,128,49]]","[[],[]]",60,38.847241,0.6474540166666666,0.645364,0.65907765,0.0076417778882135485,98.14729756216524,0.0076461265923046355,98.2031502132997,False
410,313,DEQUANTIZE_LINEAR,1,dequantize_linear_stride,,,"[[1,128,49],[],[]]","[[1,128,49]]","[[],[]]",60,38.845002,0.6474167000000001,0.643177,0.66160385,0.007641337446621012,98.15493889961185,0.007645685900070144,98.21079589919977,False
411,283,DEQUANTIZE_LINEAR,1,dequantize_linear_stride,,,"[[1,128,49],[],[]]","[[1,128,49]]","[[],[]]",60,38.830885,0.6471814166666667,0.6446875,0.65939855,0.007638560441725144,98.16257746005357,0.007642907314864992,98.21843880651463,False
412,268,DEQUANTIZE_LINEAR,1,dequantize_linear_stride,,,"[[1,128,49],[],[]]","[[1,128,49]]","[[],[]]",60,38.817977,0.6469662833333333,0.6450525,0.66172165,0.0076360212634864364,98.17021348131705,0.007640366691656938,98.22607917320629,False
413,328,DEQUANTIZE_LINEAR,1,dequantize_linear_stride,,,"[[1,128,49],[],[]]","[[1,128,49]]","[[],[]]",60,38.808906,0.6468151,0.6429685,0.6665135999999999,0.0076342368750603965,98.17784771819211,0.0076385812877895485,98.23371775449408,False
414,516,ADD,1,add_stride,,,"[[1,128,1],[1,128,49]]","[[1,128,49]]",[],60,36.39276,0.606546,0.5948439999999999,0.6539668,0.007158948267627616,98.18500666645974,0.007163022208021426,98.2408807767021,False
415,321,ADD,1,add_stride,,,"[[1,128,1],[1,128,49]]","[[1,128,49]]",[],60,36.174006,0.6029000999999999,0.5947389999999999,0.6187578,0.007115916396196689,98.19212258285594,0.00711996584845723,98.24800074255056,False
416,531,ADD,1,add_stride,,,"[[1,128,1],[1,128,49]]","[[1,128,49]]",[],60,36.060206,0.6010034333333334,0.594479,0.6143802,0.0070935303965402735,98.19921611325249,0.007097567109607171,98.25509830966017,False
417,759,ADD,1,add_stride,,,"[[1,128,1],[1,128,49]]","[[1,128,49]]",[],60,36.054945,0.60091575,0.594427,0.6184372499999999,0.007092495486661605,98.20630860873915,0.007096531610792671,98.26219484127097,False
418,729,ADD,1,add_stride,,,"[[1,128,1],[1,128,49]]","[[1,128,49]]",[],60,36.050159,0.6008359833333333,0.5946355000000001,0.62143415,0.007091554015709446,98.21340016275487,0.007095589604077941,98.26929043087505,False
419,198,ADD,1,add_stride,,,"[[1,128,1],[1,128,49]]","[[1,128,49]]",[],60,36.045518,0.6007586333333333,0.6015105000000001,0.61730165,0.007090641068219065,98.22049080382308,0.007094676137056823,98.2763851070121,False
420,336,ADD,1,add_stride,,,"[[1,128,1],[1,128,49]]","[[1,128,49]]",[],60,36.043647,0.60072745,0.592917,0.6258367,0.007090273017205382,98.2275810768403,0.0070943078765964675,98.2834794148887,False
421,426,ADD,1,add_stride,,,"[[1,128,1],[1,128,49]]","[[1,128,49]]",[],60,36.027446,0.6004574333333333,0.594401,0.6221879,0.0070870860613140504,98.23466816290161,0.007091119107105169,98.2905705339958,False
422,213,ADD,1,add_stride,,,"[[1,128,1],[1,128,49]]","[[1,128,49]]",[],60,36.010933,0.6001822166666667,0.60013,0.6190363,0.007083837730801516,98.24175200063242,0.007087868928066233,98.29765840292387,False
423,108,ADD,1,add_stride,,,"[[1,128,1],[1,128,49]]","[[1,128,49]]",[],60,35.999115,0.59998525,0.6010935,0.62059905,0.0070815129703099555,98.24883351360273,0.007085542844623966,98.3047439457685,False
424,471,ADD,1,add_stride,,,"[[1,128,1],[1,128,49]]","[[1,128,49]]",[],60,35.995371,0.59992285,0.594271,0.6169485,0.0070807764748555295,98.25591429007758,0.007084805930052308,98.31182875169854,False
425,441,ADD,1,add_stride,,,"[[1,128,1],[1,128,49]]","[[1,128,49]]",[],60,35.981305,0.5996884166666666,0.594349,0.6188019499999999,0.007078009502349668,98.26299229957993,0.007082037382946289,98.31891078908149,False
426,699,ADD,1,add_stride,,,"[[1,128,1],[1,128,49]]","[[1,128,49]]",[],60,35.968436,0.5994739333333333,0.5928905,0.61719865,0.0070754779959386095,98.27006777757587,0.0070795044359316895,98.32599029351742,False
427,789,ADD,1,add_stride,,,"[[1,128,1],[1,128,49]]","[[1,128,49]]",[],60,35.932181,0.5988696833333333,0.594974,0.61983285,0.007068346146926805,98.2771361237228,0.007072368528400856,98.33306266204582,False
428,561,ADD,1,add_stride,,,"[[1,128,1],[1,128,49]]","[[1,128,49]]",[],60,35.928856,0.5988142666666667,0.5948960000000001,0.6146251500000001,0.007067692074441238,98.28420381579724,0.007071714083702469,98.34013437612953,False
429,183,ADD,1,add_stride,,,"[[1,128,1],[1,128,49]]","[[1,128,49]]",[],60,35.926298,0.5987716333333334,0.592734,0.61793975,0.007067188881232793,98.29127100467848,0.007071210604142026,98.34720558673366,False
430,501,ADD,1,add_stride,,,"[[1,128,1],[1,128,49]]","[[1,128,49]]",[],60,35.923226,0.5987204333333334,0.5941405,0.6200175,0.007066584577270186,98.29833758925575,0.007070605956288358,98.35427619268995,False
431,306,ADD,1,add_stride,,,"[[1,128,1],[1,128,49]]","[[1,128,49]]",[],60,35.922602,0.5987100333333333,0.5946875,0.61314355,0.007066461828027782,98.30540405108378,0.007070483137193082,98.36134667582715,False
432,168,ADD,1,add_stride,,,"[[1,128,1],[1,128,49]]","[[1,128,49]]",[],60,35.922241,0.5987040166666666,0.599375,0.6189658,0.007066390814443635,98.31247044189823,0.007070412083197256,98.36841708791034,False
433,93,ADD,1,add_stride,,,"[[1,128,1],[1,128,49]]","[[1,128,49]]",[],60,35.914065,0.5985677500000001,0.5946089999999999,0.6205905500000001,0.007064782484626491,98.31953522438286,0.007068802838128381,98.37548589074848,False
434,48,ADD,1,add_stride,,,"[[1,128,1],[1,128,49]]","[[1,128,49]]",[],60,35.910939,0.59851565,0.5927865,0.6191567,0.007064167558133293,98.32659939194099,0.00706818756169916,98.38255407831018,False
435,714,ADD,1,add_stride,,,"[[1,128,1],[1,128,49]]","[[1,128,49]]",[],60,35.909586,0.5984931,0.5943229999999999,0.6241592499999999,0.007063901404727888,98.33366329334572,0.007067921256833923,98.38962199956701,False
436,231,ADD,1,add_stride,,,"[[1,128,1],[1,128,49]]","[[1,128,49]]",[],60,35.904067,0.5984011166666666,0.5921875000000001,0.61610205,0.007062815742758611,98.34072610908848,0.007066834977047336,98.39668883454407,False
437,396,ADD,1,add_stride,,,"[[1,128,1],[1,128,49]]","[[1,128,49]]",[],60,35.881618,0.5980269666666668,0.594766,0.6162753999999999,0.007058399720735,98.34778450880921,0.007062416441999489,98.40375125098606,False
438,291,ADD,1,add_stride,,,"[[1,128,1],[1,128,49]]","[[1,128,49]]",[],60,35.881301,0.5980216833333334,0.594349,0.6131796,0.0070583373625461516,98.35484284617176,0.007062354048324486,98.41081360503439,False
439,639,ADD,1,add_stride,,,"[[1,128,1],[1,128,49]]","[[1,128,49]]",[],60,35.874062,0.5979010333333333,0.592292,0.60991445,0.007056913353306144,98.36189975952507,0.007060929228723997,98.41787453426312,False
440,594,ADD,1,add_stride,,,"[[1,128,1],[1,128,49]]","[[1,128,49]]",[],60,35.863753,0.5977292166666667,0.5941405,0.61346085,0.00705488543353059,98.3689546449586,0.007058900154920788,98.42493343441804,False
441,624,ADD,1,add_stride,,,"[[1,128,1],[1,128,49]]","[[1,128,49]]",[],60,35.856564,0.5976094,0.5941405,0.6125364500000001,0.007053471259967058,98.37600811621857,0.00705748517659396,98.43199091959463,False
442,351,ADD,1,add_stride,,,"[[1,128,1],[1,128,49]]","[[1,128,49]]",[],60,35.851402,0.5975233666666667,0.592786,0.6135827,0.00705245582472781,98.3830605720433,0.0070564691635013055,98.43904738875813,False
443,669,ADD,1,add_stride,,,"[[1,128,1],[1,128,49]]","[[1,128,49]]",[],60,35.850887,0.5975147833333333,0.594192,0.61690585,0.007052354517260121,98.39011292656056,0.007056367798382608,98.44610375655651,False
444,684,ADD,1,add_stride,,,"[[1,128,1],[1,128,49]]","[[1,128,49]]",[],60,35.845833,0.59743055,0.594479,0.61009565,0.007051360327082058,98.39716428688764,0.0070553730424410595,98.45315912959896,False
445,381,ADD,1,add_stride,,,"[[1,128,1],[1,128,49]]","[[1,128,49]]",[],60,35.844899,0.5974149833333333,0.5941925,0.6169946500000001,0.00705117659664551,98.40421546348429,0.007055189207449092,98.46021431880641,False
446,78,ADD,1,add_stride,,,"[[1,128,1],[1,128,49]]","[[1,128,49]]",[],60,35.841559000000004,0.5973593166666668,0.5917445,0.6132493,0.0070505195734570005,98.41126598305775,0.0070545318103686075,98.46726885061678,False
447,123,ADD,1,add_stride,,,"[[1,128,1],[1,128,49]]","[[1,128,49]]",[],60,35.840369,0.5973394833333334,0.5907555,0.6191065499999999,0.0070502854843569026,98.4183162685421,0.007054297588055499,98.47432314820483,False
448,411,ADD,1,add_stride,,,"[[1,128,1],[1,128,49]]","[[1,128,49]]",[],60,35.836978,0.5972829666666667,0.5941925,0.6155523500000001,0.007049618428778388,98.42536588697088,0.007053630152875882,98.48137677835771,False
449,366,ADD,1,add_stride,,,"[[1,128,1],[1,128,49]]","[[1,128,49]]",[],60,35.822136,0.5970356,0.591745,0.61422955,0.007046698806573639,98.43241258577746,0.0070507088692026605,98.48842748722691,False
450,246,ADD,1,add_stride,,,"[[1,128,1],[1,128,49]]","[[1,128,49]]",[],60,35.812135,0.5968689166666666,0.592657,0.6141935000000001,0.00704473147456517,98.43945731725202,0.007048740417645197,98.49547622764456,False
451,654,ADD,1,add_stride,,,"[[1,128,1],[1,128,49]]","[[1,128,49]]",[],60,35.807396,0.5967899333333333,0.5918490000000001,0.61408335,0.0070437992491488985,98.44650111650117,0.007047807661727705,98.50252403530628,False
452,63,ADD,1,add_stride,,,"[[1,128,1],[1,128,49]]","[[1,128,49]]",[],60,35.803806,0.5967301,0.591198,0.617325,0.007043093047578014,98.45354420954875,0.007047101058278922,98.50957113636456,False
453,138,ADD,1,add_stride,,,"[[1,128,1],[1,128,49]]","[[1,128,49]]",[],60,35.799323,0.5966553833333333,0.5905465,0.6114398999999999,0.007042211180825294,98.46058642072958,0.00704621868968257,98.51661735505424,False
454,576,ADD,1,add_stride,,,"[[1,128,1],[1,128,49]]","[[1,128,49]]",[],60,35.792398,0.5965399666666666,0.594583,0.6100546,0.007040848939633546,98.46762726966922,0.007044855673280666,98.52366221072752,False
455,609,ADD,1,add_stride,,,"[[1,128,1],[1,128,49]]","[[1,128,49]]",[],60,35.778857,0.5963142833333334,0.5932554999999999,0.6187104,0.007038185241730669,98.47466545491095,0.007042190459548077,98.53070440118707,False
456,456,ADD,1,add_stride,,,"[[1,128,1],[1,128,49]]","[[1,128,49]]",[],60,35.764166,0.5960694333333334,0.5934115,0.6130097,0.007035295323268872,98.48170075023421,0.00703929889652131,98.53774370008358,False
457,744,ADD,1,add_stride,,,"[[1,128,1],[1,128,49]]","[[1,128,49]]",[],60,35.752915,0.5958819166666667,0.5933855,0.6144687,0.007033082099348535,98.48873383233357,0.007037084413122345,98.54478078449671,False
458,804,ADD,1,add_stride,,,"[[1,128,1],[1,128,49]]","[[1,128,49]]",[],60,35.752446,0.5958741,0.5920315,0.61001065,0.007032989840703203,98.49576682217428,0.007036992101975415,98.55181777659868,False
459,774,ADD,1,add_stride,,,"[[1,128,1],[1,128,49]]","[[1,128,49]]",[],60,35.749429,0.5958238166666666,0.591771,0.6144158999999999,0.00703239635598472,98.50279921853026,0.007036398279522773,98.5588541748782,False
460,546,ADD,1,add_stride,,,"[[1,128,1],[1,128,49]]","[[1,128,49]]",[],60,35.746349,0.5957724833333333,0.59388,0.60968965,0.007031790478313878,98.50983100900856,0.00703579205706532,98.56588996693527,False
461,819,ADD,1,add_stride,,,"[[1,128,1],[1,128,49]]","[[1,128,49]]",[],60,35.740836,0.5956806,0.594479,0.60977125,0.0070307059966257775,98.51686171500519,0.007034706958231574,98.57292467389351,False
462,261,ADD,1,add_stride,,,"[[1,128,1],[1,128,49]]","[[1,128,49]]",[],60,35.734687,0.5955781166666667,0.593359,0.6088492,0.007029496405132919,98.52389121141033,0.007033496678396873,98.57995817057191,False
463,276,ADD,1,add_stride,,,"[[1,128,1],[1,128,49]]","[[1,128,49]]",[],60,35.724585,0.59540975,0.592396,0.6104873,0.007027509205057971,98.53091872061539,0.007031508347466615,98.58698967891938,False
464,486,ADD,1,add_stride,,,"[[1,128,1],[1,128,49]]","[[1,128,49]]",[],60,35.707759,0.5951293166666667,0.592005,0.610951,0.007024199303210706,98.5379429199186,0.0070281965620545665,98.59401787548144,False
465,153,ADD,1,add_stride,,,"[[1,128,1],[1,128,49]]","[[1,128,49]]",[],60,35.702757,0.5950459499999999,0.590677,0.6098206500000001,0.0070232153421361755,98.54496613526074,0.007027212041037624,98.60104508752248,False
466,182,SLICE,1,slice_stride,,,"[[1,128,100],[1],[1],[1],[1]]","[[1,128,49]]","[[1],[1],[1],[1]]",60,30.643335999999998,0.5107222666666666,0.5061979999999999,0.5270943499999999,0.006027958780030176,98.55099409404076,0.006031389108599141,98.60707647663108,False
467,47,SLICE,1,slice_stride,,,"[[1,128,100],[1],[1],[1],[1]]","[[1,128,49]]","[[1],[1],[1],[1]]",60,30.636093,0.51060155,0.506276,0.52917755,0.00602653398393605,98.5570206280247,0.00602996350169676,98.61310644013278,False
468,212,SLICE,1,slice_stride,,,"[[1,128,100],[1],[1],[1],[1]]","[[1,128,49]]","[[1],[1],[1],[1]]",60,30.604271,0.5100711833333333,0.5053905000000001,0.5327185000000001,0.006020274166000493,98.5630409021907,0.006023700121488618,98.61913014025427,False
469,167,SLICE,1,slice_stride,,,"[[1,128,100],[1],[1],[1],[1]]","[[1,128,49]]","[[1],[1],[1],[1]]",60,30.60156,0.510026,0.506901,0.52869455,0.006019740875622035,98.56906064306632,0.006023166527630775,98.6251533067819,False
470,758,SLICE,1,slice_stride,,,"[[1,128,100],[1],[1],[1],[1]]","[[1,128,49]]","[[1],[1],[1],[1]]",60,30.547763,0.5091293833333334,0.5026295000000001,0.5260026999999999,0.006009158277875847,98.5750698013442,0.0060125779076490825,98.63116588468955,False
471,197,SLICE,1,slice_stride,,,"[[1,128,100],[1],[1],[1],[1]]","[[1,128,49]]","[[1],[1],[1],[1]]",60,30.52604,0.5087673333333333,0.506328,0.5240335500000001,0.006004885069874649,98.58107468641407,0.0060083022678947785,98.63717418695745,False
472,152,SLICE,1,slice_stride,,,"[[1,128,100],[1],[1],[1],[1]]","[[1,128,49]]","[[1],[1],[1],[1]]",60,30.525315,0.50875525,0.5055465,0.5269322000000001,0.006004742452565766,98.58707942886663,0.006008159569426709,98.64318234652688,False
473,500,SLICE,1,slice_stride,,,"[[1,128,100],[1],[1],[1],[1]]","[[1,128,49]]","[[1],[1],[1],[1]]",60,30.520785,0.50867975,0.5027865,0.5279950499999999,0.006003851340277158,98.59308328020691,0.0060072679500331174,98.64918961447692,False
474,62,SLICE,1,slice_stride,,,"[[1,128,100],[1],[1],[1],[1]]","[[1,128,49]]","[[1],[1],[1],[1]]",60,30.516146,0.5086024333333333,0.504375,0.5228021500000001,0.0060029387862138356,98.59908621899312,0.0060063548766629464,98.65519596935358,False
475,623,SLICE,1,slice_stride,,,"[[1,128,100],[1],[1],[1],[1]]","[[1,128,49]]","[[1],[1],[1],[1]]",60,30.468799,0.5078133166666666,0.502187,0.5439454,0.005993624990732883,98.60507984398386,0.005997035780983389,98.66119300513456,False
476,107,SLICE,1,slice_stride,,,"[[1,128,100],[1],[1],[1],[1]]","[[1,128,49]]","[[1],[1],[1],[1]]",60,30.435989,0.5072664833333334,0.504506,0.5261148,0.0059871708198301855,98.6110670148037,0.005990577937207726,98.66718358307178,False
477,803,SLICE,1,slice_stride,,,"[[1,128,100],[1],[1],[1],[1]]","[[1,128,49]]","[[1],[1],[1],[1]]",60,30.429064,0.5071510666666667,0.5032555,0.5214348999999999,0.00598580857863844,98.61705282338234,0.005989214920805823,98.67317279799258,False
478,122,SLICE,1,slice_stride,,,"[[1,128,100],[1],[1],[1],[1]]","[[1,128,49]]","[[1],[1],[1],[1]]",60,30.422864,0.5070477333333333,0.5046875,0.52260155,0.0059845889547555774,98.6230374123371,0.005987994602871988,98.67916079259545,False
479,92,SLICE,1,slice_stride,,,"[[1,128,100],[1],[1],[1],[1]]","[[1,128,49]]","[[1],[1],[1],[1]]",60,30.414531,0.50690885,0.5046875,0.52363225,0.005982949740914303,98.62902036207801,0.00598635445620382,98.68514714705165,False
480,77,SLICE,1,slice_stride,,,"[[1,128,100],[1],[1],[1],[1]]","[[1,128,49]]","[[1],[1],[1],[1]]",60,30.401457999999998,0.5066909666666667,0.502604,0.5255394,0.005980378104943228,98.63500074018295,0.005983781356792688,98.69113092840844,False
481,425,SLICE,1,slice_stride,,,"[[1,128,100],[1],[1],[1],[1]]","[[1,128,49]]","[[1],[1],[1],[1]]",60,30.397192,0.5066198666666667,0.5021095,0.52227055,0.005979538925026407,98.64098027910798,0.00598294169932402,98.69711387010777,False
482,668,SLICE,1,slice_stride,,,"[[1,128,100],[1],[1],[1],[1]]","[[1,128,49]]","[[1],[1],[1],[1]]",60,30.39297,0.5065495,0.503698,0.5238387,0.005978708400504884,98.64695898750848,0.005982110702176174,98.70309598080995,False
483,137,SLICE,1,slice_stride,,,"[[1,128,100],[1],[1],[1],[1]]","[[1,128,49]]","[[1],[1],[1],[1]]",60,30.387449,0.5064574833333333,0.505,0.5204717,0.005977622345108547,98.6529366098536,0.005981024028738641,98.70907700483869,False
484,485,SLICE,1,slice_stride,,,"[[1,128,100],[1],[1],[1],[1]]","[[1,128,49]]","[[1],[1],[1],[1]]",60,30.38276,0.5063793333333334,0.501745,0.5188724,0.0059766999553687505,98.65891330980897,0.005980101114094811,98.71505710595278,False
485,608,SLICE,1,slice_stride,,,"[[1,128,100],[1],[1],[1],[1]]","[[1,128,49]]","[[1],[1],[1],[1]]",60,30.374488,0.5062414666666667,0.501979,0.52740675,0.005975072741052775,98.66488838255002,0.005978472973780508,98.72103557892656,False
486,530,SLICE,1,slice_stride,,,"[[1,128,100],[1],[1],[1],[1]]","[[1,128,49]]","[[1],[1],[1],[1]]",60,30.36979,0.5061631666666666,0.502318,0.52528085,0.005974148580891213,98.67086253113091,0.005977548287707419,98.72701312721426,False
487,788,SLICE,1,slice_stride,,,"[[1,128,100],[1],[1],[1],[1]]","[[1,128,49]]","[[1],[1],[1],[1]]",60,30.364796,0.5060799333333333,0.503281,0.52569265,0.00597316619352492,98.67683569732444,0.0059765653412942625,98.73298969255556,False
488,230,SLICE,1,slice_stride,,,"[[1,128,100],[1],[1],[1],[1]]","[[1,128,49]]","[[1],[1],[1],[1]]",60,30.361362,0.5060227,0.5027345,0.5198465999999999,0.005972490679264637,98.6828081880037,0.005975889442619297,98.73896558199819,False
489,638,SLICE,1,slice_stride,,,"[[1,128,100],[1],[1],[1],[1]]","[[1,128,49]]","[[1],[1],[1],[1]]",60,30.352708,0.5058784666666667,0.501771,0.5311696,0.005970788320380397,98.68877897632409,0.005974186114974232,98.74493976811316,False
490,290,SLICE,1,slice_stride,,,"[[1,128,100],[1],[1],[1],[1]]","[[1,128,49]]","[[1],[1],[1],[1]]",60,30.350677,0.5058446166666667,0.502213,0.52141675,0.005970388795201995,98.69474936511929,0.005973786362438164,98.75091355447559,False
491,560,SLICE,1,slice_stride,,,"[[1,128,100],[1],[1],[1],[1]]","[[1,128,49]]","[[1],[1],[1],[1]]",60,30.342859999999998,0.5057143333333333,0.5029945,0.5227683000000001,0.0059688510855419406,98.70071821620483,0.0059722477777141665,98.75688580225331,False
492,713,SLICE,1,slice_stride,,,"[[1,128,100],[1],[1],[1],[1]]","[[1,128,49]]","[[1],[1],[1],[1]]",60,30.329696,0.5054949333333333,0.502396,0.52839305,0.005966261548639681,98.70668447775347,0.005969656767184974,98.7628554590205,False
493,698,SLICE,1,slice_stride,,,"[[1,128,100],[1],[1],[1],[1]]","[[1,128,49]]","[[1],[1],[1],[1]]",60,30.328853,0.5054808833333333,0.502265,0.5285697,0.0059660957191343175,98.7126505734726,0.005969490843311067,98.76882494986381,False
494,440,SLICE,1,slice_stride,,,"[[1,128,100],[1],[1],[1],[1]]","[[1,128,49]]","[[1],[1],[1],[1]]",60,30.304641,0.50507735,0.5021095,0.5180366,0.0059613328911582095,98.71861190636376,0.005964725304953971,98.77478967516876,False
495,743,SLICE,1,slice_stride,,,"[[1,128,100],[1],[1],[1],[1]]","[[1,128,49]]","[[1],[1],[1],[1]]",60,30.29651,0.5049418333333333,0.501745,0.5233542999999999,0.005959733413449894,98.72457163977721,0.0059631249170313885,98.78075280008579,False
496,455,SLICE,1,slice_stride,,,"[[1,128,100],[1],[1],[1],[1]]","[[1,128,49]]","[[1],[1],[1],[1]]",60,30.280531,0.5046755166666667,0.50224,0.5194428,0.005956590127962109,98.73052822990518,0.00595997984279514,98.78671277992859,False
497,683,SLICE,1,slice_stride,,,"[[1,128,100],[1],[1],[1],[1]]","[[1,128,49]]","[[1],[1],[1],[1]]",60,30.268952,0.5044825333333333,0.501719,0.5205288,0.005954312382004099,98.73648254228718,0.005957700800640967,98.79267048072923,False
498,545,SLICE,1,slice_stride,,,"[[1,128,100],[1],[1],[1],[1]]","[[1,128,49]]","[[1],[1],[1],[1]]",60,30.244792,0.5040798666666667,0.502526,0.51793695,0.005949559783131524,98.74243210207031,0.005952945497208477,98.79862342622644,False
499,515,SLICE,1,slice_stride,,,"[[1,128,100],[1],[1],[1],[1]]","[[1,128,49]]","[[1],[1],[1],[1]]",60,30.234635,0.5039105833333334,0.50224,0.51522905,0.005947561763812453,98.74837966383413,0.005950946340877194,98.80457437256732,False
500,593,SLICE,1,slice_stride,,,"[[1,128,100],[1],[1],[1],[1]]","[[1,128,49]]","[[1],[1],[1],[1]]",60,30.234528,0.5039088,0.502734,0.51913845,0.005947540715464797,98.7543272045496,0.005950925280551561,98.81052529784787,False
501,410,SLICE,1,slice_stride,,,"[[1,128,100],[1],[1],[1],[1]]","[[1,128,49]]","[[1],[1],[1],[1]]",60,30.224372,0.5037395333333333,0.501927,0.52026805,0.005945542892859257,98.76027274744246,0.005948926321045751,98.81647422416891,False
502,350,SLICE,1,slice_stride,,,"[[1,128,100],[1],[1],[1],[1]]","[[1,128,49]]","[[1],[1],[1],[1]]",60,30.214844,0.5035807333333333,0.502005,0.5236643999999999,0.005943668606350238,98.7662164160488,0.00594705096793711,98.82242127513685,False
503,335,SLICE,1,slice_stride,,,"[[1,128,100],[1],[1],[1],[1]]","[[1,128,49]]","[[1],[1],[1],[1]]",60,30.211975,0.5035329166666667,0.5020575,0.5200366999999999,0.005943104235234119,98.77215952028403,0.005946486275654502,98.82836776141251,False
504,395,SLICE,1,slice_stride,,,"[[1,128,100],[1],[1],[1],[1]]","[[1,128,49]]","[[1],[1],[1],[1]]",60,30.209429,0.5034904833333333,0.501771,0.5232032,0.005942603402588028,98.77810212368662,0.005945985157999737,98.8343137465705,False
505,818,SLICE,1,slice_stride,,,"[[1,128,100],[1],[1],[1],[1]]","[[1,128,49]]","[[1],[1],[1],[1]]",60,30.204787,0.5034131166666667,0.5021875,0.52037185,0.0059416902583841165,98.784043813945,0.005945071494153147,98.84025881806465,False
506,575,SLICE,1,slice_stride,,,"[[1,128,100],[1],[1],[1],[1]]","[[1,128,49]]","[[1],[1],[1],[1]]",60,30.201249,0.5033541500000001,0.501927,0.5192321000000001,0.005940994285916767,98.78998480823093,0.005944375125628968,98.84620319319028,False
507,653,SLICE,1,slice_stride,,,"[[1,128,100],[1],[1],[1],[1]]","[[1,128,49]]","[[1],[1],[1],[1]]",60,30.200525,0.5033420833333333,0.5014325,0.5191072,0.005940851865321413,98.79592566009624,0.005944232623986372,98.85214742581427,False
508,320,SLICE,1,slice_stride,,,"[[1,128,100],[1],[1],[1],[1]]","[[1,128,49]]","[[1],[1],[1],[1]]",60,30.188174,0.5031362333333333,0.5018750000000001,0.5179732499999999,0.005938422256518633,98.80186408235276,0.0059418016325668895,98.85808922744684,False
509,773,SLICE,1,slice_stride,,,"[[1,128,100],[1],[1],[1],[1]]","[[1,128,49]]","[[1],[1],[1],[1]]",60,30.187134,0.5031189,0.5024219999999999,0.51993415,0.005938217674447959,98.80780230002722,0.005941596934074763,98.86403082438092,False
510,728,SLICE,1,slice_stride,,,"[[1,128,100],[1],[1],[1],[1]]","[[1,128,49]]","[[1],[1],[1],[1]]",60,30.17469,0.5029115,0.501458,0.5223279,0.005935769771286936,98.8137380697985,0.005939147637886274,98.86996997201881,False
511,365,SLICE,1,slice_stride,,,"[[1,128,100],[1],[1],[1],[1]]","[[1,128,49]]","[[1],[1],[1],[1]]",60,30.172762,0.5028793666666667,0.502005,0.5153390999999999,0.005935390507602072,98.8196734603061,0.0059387681583739456,98.87590874017718,False
512,380,SLICE,1,slice_stride,,,"[[1,128,100],[1],[1],[1],[1]]","[[1,128,49]]","[[1],[1],[1],[1]]",60,30.150158,0.5025026333333333,0.5026825,0.51301065,0.00593094399498139,98.82560440430109,0.005934319115377753,98.88184305929256,False
513,305,SLICE,1,slice_stride,,,"[[1,128,100],[1],[1],[1],[1]]","[[1,128,49]]","[[1],[1],[1],[1]]",60,30.141933,0.50236555,0.501511,0.51746885,0.005929326026201301,98.8315337303273,0.00593270022586069,98.88777575951842,False
514,470,SLICE,1,slice_stride,,,"[[1,128,100],[1],[1],[1],[1]]","[[1,128,49]]","[[1],[1],[1],[1]]",60,30.12406,0.5020676666666667,0.501875,0.5139402,0.005925810165288655,98.83745954049259,0.005929182364178203,98.8937049418826,False
515,260,SLICE,1,slice_stride,,,"[[1,128,100],[1],[1],[1],[1]]","[[1,128,49]]","[[1],[1],[1],[1]]",60,30.092451,0.50154085,0.5011715,0.51829665,0.00591959224733488,98.84337913273993,0.005922960907795852,98.8996279027904,False
516,245,SLICE,1,slice_stride,,,"[[1,128,100],[1],[1],[1],[1]]","[[1,128,49]]","[[1],[1],[1],[1]]",60,30.077705,0.5012950833333334,0.5008589999999999,0.5175806999999999,0.005916691509628962,98.84929582424955,0.005920058519368059,98.90554796130976,False
517,275,SLICE,1,slice_stride,,,"[[1,128,100],[1],[1],[1],[1]]","[[1,128,49]]","[[1],[1],[1],[1]]",60,30.047345,0.5007890833333334,0.5008595,0.51255555,0.005910719286873525,98.85520654353643,0.005914082898001733,98.91146204420777,False
518,206,RELU,1,relu_stride,,,"[[1,128,49]]","[[1,128,49]]",[],60,26.198539,0.4366423166666667,0.43031200000000003,0.45510199999999995,0.005153607074275888,98.8603601506107,0.0051565398358001825,98.91661858404356,False
519,41,RELU,1,relu_stride,,,"[[1,128,49]]","[[1,128,49]]",[],60,26.14625,0.43577083333333333,0.43114600000000003,0.45210125,0.0051433211205321756,98.86550347173123,0.005146248028632075,98.9217648320722,False
520,191,RELU,1,relu_stride,,,"[[1,128,49]]","[[1,128,49]]",[],60,26.139945,0.43566575,0.42940049999999996,0.45357729999999996,0.0051420808417287165,98.87064555257295,0.005145007044023554,98.92690983911622,False
521,176,RELU,1,relu_stride,,,"[[1,128,49]]","[[1,128,49]]",[],60,26.054121,0.43423534999999996,0.4320055,0.4471067,0.005125198099773425,98.87577075067273,0.005128114694611715,98.93203795381083,False
522,146,RELU,1,relu_stride,,,"[[1,128,49]]","[[1,128,49]]",[],60,26.033437,0.4338906166666667,0.429713,0.45106204999999994,0.005121129277129371,98.88089187994986,0.005124043556524064,98.93716199736735,False
523,116,RELU,1,relu_stride,,,"[[1,128,49]]","[[1,128,49]]",[],60,25.989058,0.4331509666666667,0.4307815,0.4498356,0.005112399327403957,98.88600427927726,0.005115308638848961,98.9422773060062,False
524,71,RELU,1,relu_stride,,,"[[1,128,49]]","[[1,128,49]]",[],60,25.982395,0.4330399166666667,0.428542,0.44602030000000004,0.005111088625156939,98.89111536790242,0.005113997190721035,98.94739130319692,False
525,56,RELU,1,relu_stride,,,"[[1,128,49]]","[[1,128,49]]",[],60,25.972865,0.4328810833333333,0.42916699999999997,0.450536,0.005109213945220861,98.89622458184763,0.005112121443961447,98.95250342464088,False
526,632,RELU,1,relu_stride,,,"[[1,128,49]]","[[1,128,49]]",[],60,25.923651,0.43206085,0.4278385,0.4453277,0.005099532885580345,98.90132411473321,0.005102434875123427,98.95760585951601,False
527,161,RELU,1,relu_stride,,,"[[1,128,49]]","[[1,128,49]]",[],60,25.92292,0.4320486666666667,0.429141,0.44565885,0.005099389087990284,98.9064235038212,0.0051022909957025185,98.96270815051172,False
528,131,RELU,1,relu_stride,,,"[[1,128,49]]","[[1,128,49]]",[],60,25.878123,0.43130205,0.428828,0.44343455,0.005090576912009542,98.91151408073321,0.005093473804979618,98.96780162431669,False
529,737,RELU,1,relu_stride,,,"[[1,128,49]]","[[1,128,49]]",[],60,25.848173,0.43080288333333333,0.422917,0.46890845,0.005084685341801197,98.91659876607501,0.005087578882057305,98.97288920319875,False
530,494,RELU,1,relu_stride,,,"[[1,128,49]]","[[1,128,49]]",[],60,25.842863,0.43071438333333334,0.42252599999999996,0.46847885,0.005083640792959584,98.92168240686797,0.005086533738794618,98.97797573693754,False
531,434,RELU,1,relu_stride,,,"[[1,128,49]]","[[1,128,49]]",[],60,25.82531,0.43042183333333334,0.42622400000000005,0.44174685,0.005080187880376376,98.92676259474835,0.005083078861263554,98.9830588157988,False
532,101,RELU,1,relu_stride,,,"[[1,128,49]]","[[1,128,49]]",[],60,25.812495,0.43020824999999996,0.42859349999999996,0.44200255,0.005077666996495911,98.93184026174485,0.0050805565428245075,98.98813937234162,False
533,86,RELU,1,relu_stride,,,"[[1,128,49]]","[[1,128,49]]",[],60,25.807083,0.43011805,0.428828,0.44324464999999996,0.005076602382874289,98.93691686412772,0.005079491323363554,98.99321886366498,False
534,37,RELU,1,relu_stride,,,"[[1,128,49]]","[[1,128,49]]",[],60,25.796511,0.42994184999999996,0.426042,0.44636454999999997,0.005074522727440478,98.94199138685516,0.005077410484460893,98.99829627414944,False
535,329,RELU,1,relu_stride,,,"[[1,128,49]]","[[1,128,49]]",[],60,25.795159,0.4299193166666667,0.427604,0.44851785,0.005074256770748602,98.94706564362592,0.005077144376421127,99.00337341852585,False
536,344,RELU,1,relu_stride,,,"[[1,128,49]]","[[1,128,49]]",[],60,25.775003,0.42958338333333335,0.4277605,0.44706755,0.0050702918128481215,98.95213593543876,0.0050731771621833266,99.00844659568804,False
537,404,RELU,1,relu_stride,,,"[[1,128,49]]","[[1,128,49]]",[],60,25.767863,0.4294643833333333,0.426953,0.44481550000000003,0.005068887278247535,98.957204822717,0.005071771828304685,99.01351836751634,False
538,389,RELU,1,relu_stride,,,"[[1,128,49]]","[[1,128,49]]",[],60,25.749114,0.4291519,0.427838,0.44462304999999996,0.005065199096283052,98.96227002181328,0.005068081547507675,99.01858644906385,False
539,647,RELU,1,relu_stride,,,"[[1,128,49]]","[[1,128,49]]",[],60,25.736674,0.4289445666666667,0.426901,0.44497925,0.005062751979976147,98.96733277379326,0.0050656330386210785,99.02365208210247,False
540,812,RELU,1,relu_stride,,,"[[1,128,49]]","[[1,128,49]]",[],60,25.734322,0.4289053666666666,0.42224,0.44093259999999995,0.005062289309754777,98.97239506310301,0.005065170105108114,99.02871725220758,False
541,284,RELU,1,relu_stride,,,"[[1,128,49]]","[[1,128,49]]",[],60,25.716615,0.42861025,0.42645849999999996,0.4468096999999999,0.005058806103288027,98.9774538692063,0.005061684916454178,99.03377893712404,False
542,662,RELU,1,relu_stride,,,"[[1,128,49]]","[[1,128,49]]",[],60,25.71505,0.4285841666666667,0.426927,0.44583829999999997,0.0050584982466143685,98.98251236745291,0.0050613768845886205,99.03884031400862,False
543,587,RELU,1,relu_stride,,,"[[1,128,49]]","[[1,128,49]]",[],60,25.714524,0.4285754,0.42674449999999997,0.4444374,0.0050583947752978545,98.98757076222822,0.005061273354389719,99.04390158736301,False
544,602,RELU,1,relu_stride,,,"[[1,128,49]]","[[1,128,49]]",[],60,25.705936,0.4284322666666667,0.4279945,0.44295785,0.0050567053995065605,98.99262746762773,0.005059583017225884,99.04896117038024,False
545,359,RELU,1,relu_stride,,,"[[1,128,49]]","[[1,128,49]]",[],60,25.697764,0.42829606666666664,0.4274215,0.43971165,0.0050550978565435355,98.99768256548427,0.005057974559458901,99.0540191449397,False
546,722,RELU,1,relu_stride,,,"[[1,128,49]]","[[1,128,49]]",[],60,25.697036,0.42828393333333337,0.424739,0.44309385,0.0050549546490940645,99.00273752013337,0.0050578312705144126,99.05907697621022,False
547,677,RELU,1,relu_stride,,,"[[1,128,49]]","[[1,128,49]]",[],60,25.695628,0.4282604666666667,0.426536,0.44346939999999996,0.005054677676444537,99.0077921978098,0.005057554140248148,99.06413453035047,False
548,314,RELU,1,relu_stride,,,"[[1,128,49]]","[[1,128,49]]",[],60,25.674479,0.42790798333333335,0.426953,0.44018765,0.005050517382009268,99.01284271519181,0.00505339147831546,99.06918792182879,False
549,374,RELU,1,relu_stride,,,"[[1,128,49]]","[[1,128,49]]",[],60,25.672654,0.4278775666666667,0.42684849999999996,0.44152565,0.005050158379817942,99.01789287357163,0.005053032271826872,99.07424095410062,False
550,299,RELU,1,relu_stride,,,"[[1,128,49]]","[[1,128,49]]",[],60,25.666981,0.4277830166666667,0.425443,0.44356025,0.005049042423965122,99.02294191599559,0.005051915680917413,99.07929286978154,False
551,224,RELU,1,relu_stride,,,"[[1,128,49]]","[[1,128,49]]",[],60,25.666405,0.4277734166666667,0.42726549999999996,0.4369974,0.005048929116972134,99.02799084511256,0.005051802309444851,99.08434467209098,False
552,692,RELU,1,relu_stride,,,"[[1,128,49]]","[[1,128,49]]",[],60,25.661356,0.4276892666666667,0.425313,0.44406555,0.005047935910361718,99.03303878102291,0.005050808537630669,99.08939548062861,False
553,767,RELU,1,relu_stride,,,"[[1,128,49]]","[[1,128,49]]",[],60,25.655882,0.4275980333333333,0.421718,0.44934879999999994,0.005046859100501268,99.03808564012341,0.005049731114990377,99.0944452117436,False
554,269,RELU,1,relu_stride,,,"[[1,128,49]]","[[1,128,49]]",[],60,25.655425,0.4275904166666667,0.425443,0.447761,0.005046769202418289,99.04313240932584,0.005049641165749124,99.09949485290936,False
555,419,RELU,1,relu_stride,,,"[[1,128,49]]","[[1,128,49]]",[],60,25.655313,0.42758855,0.4263805,0.4451675,0.005046747170502987,99.04817915649633,0.005049619121296126,99.10454447203065,False
556,449,RELU,1,relu_stride,,,"[[1,128,49]]","[[1,128,49]]",[],60,25.653018,0.4275503,0.42497399999999996,0.4416531,0.005046295712952798,99.05322545220929,0.005049167406835134,99.10959363943749,False
557,239,RELU,1,relu_stride,,,"[[1,128,49]]","[[1,128,49]]",[],60,25.646295,0.42743824999999996,0.424609,0.44611655,0.00504497320789401,99.05827042541718,0.005047844149178816,99.11464148358667,False
558,617,RELU,1,relu_stride,,,"[[1,128,49]]","[[1,128,49]]",[],60,25.630625,0.4271770833333333,0.42684900000000003,0.43109144999999993,0.005041890706886839,99.06331231612407,0.005044759894013786,99.11968624348069,False
559,479,RELU,1,relu_stride,,,"[[1,128,49]]","[[1,128,49]]",[],60,25.626142,0.4271023666666667,0.42429649999999997,0.44126309999999996,0.005041008840134117,99.0683533249642,0.005043877525417435,99.12473012100611,False
560,707,RELU,1,relu_stride,,,"[[1,128,49]]","[[1,128,49]]",[],60,25.609426,0.42682376666666666,0.4242705,0.44389305,0.0050377205767750954,99.07339104554099,0.0050405873908074385,99.12977070839692,False
561,464,RELU,1,relu_stride,,,"[[1,128,49]]","[[1,128,49]]",[],60,25.570467,0.42617445000000004,0.4246095,0.43855405000000003,0.005030056814379539,99.07842110235536,0.005032919267197075,99.13480362766411,False
562,254,RELU,1,relu_stride,,,"[[1,128,49]]","[[1,128,49]]",[],60,25.543959,0.42573265,0.424948,0.43883074999999994,0.005024842332139713,99.0834459446875,0.0050277018175535135,99.13983132948167,False
563,569,RELU,1,relu_stride,,,"[[1,128,49]]","[[1,128,49]]",[],60,25.455841,0.42426401666666663,0.4219275,0.43814074999999997,0.005007508329347762,99.08845345301684,0.005010357950506155,99.14484168743218,False
564,524,RELU,1,relu_stride,,,"[[1,128,49]]","[[1,128,49]]",[],60,25.445154,0.42408589999999996,0.421979,0.43876819999999994,0.00500540605185806,99.0934588590687,0.005008254476674075,99.14984994190885,False
565,797,RELU,1,relu_stride,,,"[[1,128,49]]","[[1,128,49]]",[],60,25.433438,0.4238906333333333,0.421823,0.4379847,0.0050031013561465075,99.09846196042486,0.005005948469430075,99.15485589037829,False
566,509,RELU,1,relu_stride,,,"[[1,128,49]]","[[1,128,49]]",[],60,25.410781,0.4235130166666667,0.421979,0.43782505,0.0049986444177087625,99.10346060484257,0.0050014889946838025,99.15985737937297,False
567,782,RELU,1,relu_stride,,,"[[1,128,49]]","[[1,128,49]]",[],60,25.407391,0.42345651666666667,0.421797,0.4360359,0.004997977558843778,99.10845858240141,0.005000821756329658,99.16485820112929,False
568,539,RELU,1,relu_stride,,,"[[1,128,49]]","[[1,128,49]]",[],60,25.406048000000002,0.42343413333333335,0.421563,0.43812765,0.004997713372573667,99.11345629577399,0.005000557419719152,99.16985875854901,False
569,752,RELU,1,relu_stride,,,"[[1,128,49]]","[[1,128,49]]",[],60,25.377918,0.42296530000000004,0.4216405,0.43772725,0.004992179820989002,99.11844847559497,0.0049950207191580605,99.17485377926818,False
570,554,RELU,1,relu_stride,,,"[[1,128,49]]","[[1,128,49]]",[],60,25.371515,0.4228585833333333,0.42086,0.4384994,0.004990920264259652,99.12343939585924,0.004993760445653167,99.17984753971383,False
571,43,REDUCE_MEAN,1,reduce_mean_stride,,,"[[1,128,49]]","[[1,128,1]]",[],60,23.570214,0.3928369,0.38101549999999995,0.43679245,0.0046365799868686025,99.1280759758461,0.004639218523954147,99.18448675823778,False
572,769,REDUCE_MEAN,1,reduce_mean_stride,,,"[[1,128,49]]","[[1,128,1]]",[],60,23.195887,0.38659811666666666,0.374375,0.44188819999999984,0.004562944801513706,99.13263892064762,0.004565541435047946,99.18905229967282,False
573,694,REDUCE_MEAN,1,reduce_mean_stride,,,"[[1,128,49]]","[[1,128,1]]",[],60,23.195626,0.38659376666666667,0.37578100000000003,0.43910399999999994,0.004562893459282508,99.1372018141069,0.004565490063599441,99.19361778973642,False
574,208,REDUCE_MEAN,1,reduce_mean_stride,,,"[[1,128,49]]","[[1,128,1]]",[],60,23.171978,0.38619963333333335,0.37997349999999996,0.43094554999999996,0.004558241577737035,99.14176005568464,0.004560835534809229,99.19817862527123,False
575,193,REDUCE_MEAN,1,reduce_mean_stride,,,"[[1,128,49]]","[[1,128,1]]",[],60,23.139011,0.38565018333333334,0.38054699999999997,0.42815929999999996,0.004551756522810206,99.14631181220746,0.004554346789434274,99.20273297206066,False
576,118,REDUCE_MEAN,1,reduce_mean_stride,,,"[[1,128,49]]","[[1,128,1]]",[],60,23.13172,0.3855286666666667,0.38007749999999996,0.42856995000000003,0.004550322284466665,99.15086213449193,0.004552911734909179,99.20728588379556,False
577,148,REDUCE_MEAN,1,reduce_mean_stride,,,"[[1,128,49]]","[[1,128,1]]",[],60,23.121515,0.38535858333333334,0.3804425,0.42158344999999997,0.00454831482289818,99.15541044931483,0.004550903130955183,99.21183678692653,False
578,88,REDUCE_MEAN,1,reduce_mean_stride,,,"[[1,128,49]]","[[1,128,1]]",[],60,23.097925,0.38496541666666667,0.380495,0.40680769999999994,0.004543674350737416,99.15995412366557,0.0045462600180424155,99.21638304694457,False
579,178,REDUCE_MEAN,1,reduce_mean_stride,,,"[[1,128,49]]","[[1,128,1]]",[],60,23.090989,0.3848498166666667,0.3796875,0.43718215,0.004542309945696846,99.16449643361126,0.004544894836560306,99.22092794178113,False
580,73,REDUCE_MEAN,1,reduce_mean_stride,,,"[[1,128,49]]","[[1,128,1]]",[],60,23.035212,0.38392020000000004,0.379245,0.41974549999999994,0.0045313378551622594,99.16902777146642,0.00453391650214168,99.22546185828327,False
581,739,REDUCE_MEAN,1,reduce_mean_stride,,,"[[1,128,49]]","[[1,128,1]]",[],60,22.974686,0.38291143333333333,0.3728905,0.43542225,0.004519431572076107,99.1735472030385,0.004522003443550832,99.22998386172682,False
582,511,REDUCE_MEAN,1,reduce_mean_stride,,,"[[1,128,49]]","[[1,128,1]]",[],60,22.964112,0.3827352,0.37375,0.42217214999999997,0.004517351523215237,99.17806455456171,0.004519922210997224,99.23450378393783,False
583,391,REDUCE_MEAN,1,reduce_mean_stride,,,"[[1,128,49]]","[[1,128,1]]",[],60,22.955936,0.38259893333333334,0.3735155,0.4265153,0.004515743193398094,99.18258029775511,0.004518312965928349,99.23902209690375,False
584,634,REDUCE_MEAN,1,reduce_mean_stride,,,"[[1,128,49]]","[[1,128,1]]",[],60,22.951877,0.3825312833333333,0.373177,0.4272209,0.004514944733181878,99.1870952424883,0.004517514051332633,99.24353961095508,False
585,163,REDUCE_MEAN,1,reduce_mean_stride,,,"[[1,128,49]]","[[1,128,1]]",[],60,22.941355,0.3823559166666667,0.37880250000000004,0.42797995,0.004512874913424543,99.19160811740173,0.004515443053703632,99.24805505400879,False
586,301,REDUCE_MEAN,1,reduce_mean_stride,,,"[[1,128,49]]","[[1,128,1]]",[],60,22.93891,0.38231516666666665,0.3732555,0.42623934999999996,0.00451239394884493,99.19612051135057,0.00451496181542166,99.2525700158242,False
587,346,REDUCE_MEAN,1,reduce_mean_stride,,,"[[1,128,49]]","[[1,128,1]]",[],60,22.918959,0.38198265000000003,0.3727605,0.42740564999999997,0.004508469317217995,99.20062898066779,0.004511034950405865,99.25708105077462,False
588,226,REDUCE_MEAN,1,reduce_mean_stride,,,"[[1,128,49]]","[[1,128,1]]",[],60,22.91729,0.38195483333333335,0.373438,0.43147204999999994,0.0045081410023372695,99.20513712167012,0.004510706448691095,99.2615917572233,False
589,571,REDUCE_MEAN,1,reduce_mean_stride,,,"[[1,128,49]]","[[1,128,1]]",[],60,22.910415,0.38184025,0.37263,0.42100984999999996,0.004506788596821998,99.20964391026695,0.004509353273562852,99.26610111049686,False
590,541,REDUCE_MEAN,1,reduce_mean_stride,,,"[[1,128,49]]","[[1,128,1]]",[],60,22.904424,0.3817404,0.3717185,0.4324119499999999,0.0045056100860668,99.21414952035302,0.004508174092152916,99.27060928458901,False
591,724,REDUCE_MEAN,1,reduce_mean_stride,,,"[[1,128,49]]","[[1,128,1]]",[],60,22.900052,0.3816675333333333,0.37132750000000003,0.43168945000000003,0.004504750054515852,99.21865427040754,0.004507313571184089,99.2751165981602,False
592,496,REDUCE_MEAN,1,reduce_mean_stride,,,"[[1,128,49]]","[[1,128,1]]",[],60,22.884063,0.38140105,0.371823,0.43223225,0.004501604801892773,99.22315587520943,0.004504166528693109,99.27962076468889,False
593,58,REDUCE_MEAN,1,reduce_mean_stride,,,"[[1,128,49]]","[[1,128,1]]",[],60,22.878591,0.38130985,0.3754425,0.39942944999999996,0.0045005283854593825,99.22765640359489,0.004503089499703764,99.28412385418859,False
594,133,REDUCE_MEAN,1,reduce_mean_stride,,,"[[1,128,49]]","[[1,128,1]]",[],60,22.871145,0.38118575,0.378021,0.40114274999999994,0.004499063656518769,99.23215546725142,0.004501623937230323,99.28862547812582,False
595,481,REDUCE_MEAN,1,reduce_mean_stride,,,"[[1,128,49]]","[[1,128,1]]",[],60,22.853695,0.38089491666666664,0.3727085,0.4154999999999999,0.004495631005429099,99.23665109825684,0.004498189332722999,99.29312366745854,False
596,316,REDUCE_MEAN,1,reduce_mean_stride,,,"[[1,128,49]]","[[1,128,1]]",[],60,22.819273,0.38032121666666663,0.374401,0.42444784999999996,0.004488859732316858,99.24113995798916,0.004491414206284539,99.29761508166483,False
597,664,REDUCE_MEAN,1,reduce_mean_stride,,,"[[1,128,49]]","[[1,128,1]]",[],60,22.809794,0.38016323333333335,0.372865,0.42209725000000003,0.004486995084770784,99.24562695307394,0.004489548497624085,99.30210463016246,False
598,556,REDUCE_MEAN,1,reduce_mean_stride,,,"[[1,128,49]]","[[1,128,1]]",[],60,22.806456,0.3801076,0.373229,0.4094428,0.004486338455009333,99.25011329152895,0.004488891494194546,99.30659352165665,False
599,784,REDUCE_MEAN,1,reduce_mean_stride,,,"[[1,128,49]]","[[1,128,1]]",[],60,22.801979,0.3800329833333333,0.3738545,0.42815149999999996,0.004485457768537789,99.25459874929749,0.004488010306551033,99.3110815319632,False
600,256,REDUCE_MEAN,1,reduce_mean_stride,,,"[[1,128,49]]","[[1,128,1]]",[],60,22.792027,0.37986711666666667,0.37247399999999997,0.42322645000000003,0.004483500075492264,99.25908224937298,0.004486051499441756,99.31556758346264,False
601,814,REDUCE_MEAN,1,reduce_mean_stride,,,"[[1,128,49]]","[[1,128,1]]",[],60,22.791923,0.37986538333333336,0.37283900000000003,0.4164194,0.004483479617285197,99.26356572899027,0.004486031029592543,99.32005361449222,False
602,754,REDUCE_MEAN,1,reduce_mean_stride,,,"[[1,128,49]]","[[1,128,1]]",[],60,22.781823,0.37969705,0.372239,0.4184246,0.004481492810637307,99.26804722180091,0.004484043092313233,99.32453765758454,False
603,103,REDUCE_MEAN,1,reduce_mean_stride,,,"[[1,128,49]]","[[1,128,1]]",[],60,22.762652,0.3793775333333333,0.377917,0.3954508,0.0044777216155633785,99.27252494341647,0.004480269751166532,99.32901792733571,False
604,406,REDUCE_MEAN,1,reduce_mean_stride,,,"[[1,128,49]]","[[1,128,1]]",[],60,22.759534,0.37932556666666667,0.37216150000000003,0.4276727,0.004477108262778416,99.27700205167925,0.0044796560493410974,99.33349758338505,False
605,286,REDUCE_MEAN,1,reduce_mean_stride,,,"[[1,128,49]]","[[1,128,1]]",[],60,22.756255,0.3792709166666667,0.371979,0.4260152,0.004476463239115205,99.28147851491836,0.004479010658614478,99.33797659404367,False
606,619,REDUCE_MEAN,1,reduce_mean_stride,,,"[[1,128,49]]","[[1,128,1]]",[],60,22.755624,0.3792604,0.371094,0.4108621499999999,0.004476339112878094,99.28595485403125,0.004478886461740889,99.34245548050541,False
607,331,REDUCE_MEAN,1,reduce_mean_stride,,,"[[1,128,49]]","[[1,128,1]]",[],60,22.745315,0.37908858333333334,0.3723955,0.41959355,0.004474311193102541,99.29042916522435,0.004476857387937679,99.34693233789335,False
608,589,REDUCE_MEAN,1,reduce_mean_stride,,,"[[1,128,49]]","[[1,128,1]]",[],60,22.728908,0.37881513333333333,0.37375,0.41217685,0.004471083714224134,99.29490024893857,0.0044736280723989014,99.35140596596575,False
609,241,REDUCE_MEAN,1,reduce_mean_stride,,,"[[1,128,49]]","[[1,128,1]]",[],60,22.727599,0.3787933166666667,0.373333,0.4247998,0.004470826216214026,99.2993710751548,0.004473370427854484,99.35587933639361,False
610,526,REDUCE_MEAN,1,reduce_mean_stride,,,"[[1,128,49]]","[[1,128,1]]",[],60,22.719479,0.37865798333333334,0.3722135,0.42342194999999994,0.004469228902354534,99.30384030405715,0.004471772205012108,99.36035110859862,False
611,466,REDUCE_MEAN,1,reduce_mean_stride,,,"[[1,128,49]]","[[1,128,1]]",[],60,22.716354,0.3786059,0.3730985,0.40959589999999996,0.004468614172574866,99.30830891822973,0.00447115712540836,99.36482226572403,False
612,679,REDUCE_MEAN,1,reduce_mean_stride,,,"[[1,128,49]]","[[1,128,1]]",[],60,22.716203,0.3786033833333333,0.3719795,0.41138834999999996,0.004468584468831913,99.31277750269857,0.004471127404761907,99.36929339312879,False
613,799,REDUCE_MEAN,1,reduce_mean_stride,,,"[[1,128,49]]","[[1,128,1]]",[],60,22.699895,0.37833158333333333,0.37200500000000003,0.41666939999999997,0.004465376464592924,99.31724287916316,0.004467917574944976,99.37376131070373,False
614,649,REDUCE_MEAN,1,reduce_mean_stride,,,"[[1,128,49]]","[[1,128,1]]",[],60,22.686925,0.37811541666666665,0.37273449999999997,0.39525749999999993,0.0044628250901153875,99.32170570425328,0.004465364748557583,99.37822667545228,False
615,436,REDUCE_MEAN,1,reduce_mean_stride,,,"[[1,128,49]]","[[1,128,1]]",[],60,22.677604,0.37796006666666665,0.372135,0.41182579999999996,0.004460991523306973,99.32616669577658,0.004463530138321895,99.3826902055906,False
616,709,REDUCE_MEAN,1,reduce_mean_stride,,,"[[1,128,49]]","[[1,128,1]]",[],60,22.672342,0.3778723666666667,0.3721095,0.4163222,0.0044599564167147766,99.33062665219329,0.0044624944426819215,99.38715270003328,False
617,604,REDUCE_MEAN,1,reduce_mean_stride,,,"[[1,128,49]]","[[1,128,1]]",[],60,22.656979,0.3776163166666667,0.3732295,0.39908325,0.004456934306761161,99.33508358650005,0.004459470612937164,99.39161217064623,False
618,421,REDUCE_MEAN,1,reduce_mean_stride,,,"[[1,128,49]]","[[1,128,1]]",[],60,22.565571,0.37609285,0.371354,0.40181305,0.004438953116457174,99.33952253961651,0.0044414791900829805,99.3960536498363,False
619,451,REDUCE_MEAN,1,reduce_mean_stride,,,"[[1,128,49]]","[[1,128,1]]",[],60,22.556767999999998,0.3759461333333333,0.372604,0.39194799999999996,0.004437221447257038,99.34395976106377,0.004439746535442408,99.40049339637174,False
620,376,REDUCE_MEAN,1,reduce_mean_stride,,,"[[1,128,49]]","[[1,128,1]]",[],60,22.555831,0.3759305166666667,0.371354,0.39964884999999994,0.004437037126679902,99.34839679819045,0.0044395621099740205,99.40493295848172,False
621,361,REDUCE_MEAN,1,reduce_mean_stride,,,"[[1,128,49]]","[[1,128,1]]",[],60,22.535415,0.37559025,0.3715365,0.40516930000000007,0.004433021023261753,99.35282981921371,0.004435543721113188,99.40936850220284,False
622,271,REDUCE_MEAN,1,reduce_mean_stride,,,"[[1,128,49]]","[[1,128,1]]",[],60,22.498067,0.3749677833333333,0.3709635,0.39334854999999996,0.0044256741663622114,99.35725549338007,0.0044281926833401476,99.41379669488617,False
623,821,DEQUANTIZE_LINEAR,4,fused_dequant_relu_quant,FUSION_CONV_BIAS_ACT,DequantizeLinear-Relu-QuantizeLinear,"[[1,64,49],[],[],[],[]]","[[1,64,49]]","[[],[],[],[]]",60,21.69057,0.36150950000000004,0.355052,0.3764890999999999,0.004266828581436405,99.3615223219615,0.0042692567042082906,99.41806595159038,False
624,353,DEQUANTIZE_LINEAR,4,fused_dequant_relu_quant,FUSION_CONV_BIAS_ACT,DequantizeLinear-Relu-QuantizeLinear,"[[1,64,49],[],[],[],[]]","[[1,64,49]]","[[],[],[],[]]",60,21.674324,0.3612387333333333,0.35466149999999996,0.37828674999999995,0.0042636327734362454,99.36578595473493,0.004266059077570698,99.42233201066794,False
625,626,DEQUANTIZE_LINEAR,4,fused_dequant_relu_quant,FUSION_CONV_BIAS_ACT,DequantizeLinear-Relu-QuantizeLinear,"[[1,64,49],[],[],[],[]]","[[1,64,49]]","[[],[],[],[]]",60,21.653544,0.3608924,0.3548435,0.37427089999999996,0.0042595450662933606,99.37004549980122,0.0042619690442376205,99.42659397971218,False
626,578,DEQUANTIZE_LINEAR,4,fused_dequant_relu_quant,FUSION_CONV_BIAS_ACT,DequantizeLinear-Relu-QuantizeLinear,"[[1,64,49],[],[],[],[]]","[[1,64,49]]","[[],[],[],[]]",60,21.6525,0.360875,0.35492199999999996,0.37858584999999995,0.004259339697368569,99.37430483949859,0.004261763558443601,99.43085574327063,False
627,140,DEQUANTIZE_LINEAR,4,fused_dequant_relu_quant,FUSION_CONV_BIAS_ACT,DequantizeLinear-Relu-QuantizeLinear,"[[1,64,49],[],[],[],[]]","[[1,64,49]]","[[],[],[],[]]",60,21.608752,0.36014586666666665,0.35513,0.37187729999999997,0.0042507338738802655,99.37855557337247,0.004253152837642086,99.43510889610828,False
628,263,DEQUANTIZE_LINEAR,4,fused_dequant_relu_quant,FUSION_CONV_BIAS_ACT,DequantizeLinear-Relu-QuantizeLinear,"[[1,64,49],[],[],[],[]]","[[1,64,49]]","[[],[],[],[]]",60,21.604428,0.3600738,0.354844,0.37130124999999997,0.004249883284578734,99.38280545665704,0.004252301764295973,99.43936119787257,False
629,323,DEQUANTIZE_LINEAR,4,fused_dequant_relu_quant,FUSION_CONV_BIAS_ACT,DequantizeLinear-Relu-QuantizeLinear,"[[1,64,49],[],[],[],[]]","[[1,64,49]]","[[],[],[],[]]",60,21.585781,0.35976301666666666,0.3547135,0.37056015,0.00424621516739426,99.38705167182444,0.00424863155969723,99.44360982943226,False
630,50,DEQUANTIZE_LINEAR,4,fused_dequant_relu_quant,FUSION_CONV_BIAS_ACT,DequantizeLinear-Relu-QuantizeLinear,"[[1,64,49],[],[],[],[]]","[[1,64,49]]","[[],[],[],[]]",60,21.544578,0.3590763,0.35466149999999996,0.37758080000000005,0.004238109979838519,99.39128978180428,0.004240521759725007,99.44785035119199,False
631,746,DEQUANTIZE_LINEAR,4,fused_dequant_relu_quant,FUSION_CONV_BIAS_ACT,DequantizeLinear-Relu-QuantizeLinear,"[[1,64,49],[],[],[],[]]","[[1,64,49]]","[[],[],[],[]]",60,21.526508,0.35877513333333333,0.3546095,0.3759944,0.004234555366360563,99.39552433717064,0.004236965123424299,99.45208731631541,False
632,125,DEQUANTIZE_LINEAR,4,fused_dequant_relu_quant,FUSION_CONV_BIAS_ACT,DequantizeLinear-Relu-QuantizeLinear,"[[1,64,49],[],[],[],[]]","[[1,64,49]]","[[],[],[],[]]",60,21.515418,0.35859030000000003,0.3547655,0.37680225,0.004232373813318474,99.39975671098397,0.004234782328926521,99.45632209864434,False
633,215,DEQUANTIZE_LINEAR,4,fused_dequant_relu_quant,FUSION_CONV_BIAS_ACT,DequantizeLinear-Relu-QuantizeLinear,"[[1,64,49],[],[],[],[]]","[[1,64,49]]","[[],[],[],[]]",60,21.50542,0.3584236666666667,0.354896,0.37216920000000003,0.004230407071450593,99.40398711805541,0.0042328144678454764,99.46055491311218,False
634,806,DEQUANTIZE_LINEAR,4,fused_dequant_relu_quant,FUSION_CONV_BIAS_ACT,DequantizeLinear-Relu-QuantizeLinear,"[[1,64,49],[],[],[],[]]","[[1,64,49]]","[[],[],[],[]]",60,21.505206,0.3584201,0.354427,0.3717779,0.004230364974755282,99.40821748303017,0.004232772347194212,99.46478768545937,False
635,155,DEQUANTIZE_LINEAR,4,fused_dequant_relu_quant,FUSION_CONV_BIAS_ACT,DequantizeLinear-Relu-QuantizeLinear,"[[1,64,49],[],[],[],[]]","[[1,64,49]]","[[],[],[],[]]",60,21.504374,0.3584062333333333,0.354428,0.3748951,0.0042302013090987425,99.41244768433927,0.00423260858840051,99.46902029404777,False
636,488,DEQUANTIZE_LINEAR,4,fused_dequant_relu_quant,FUSION_CONV_BIAS_ACT,DequantizeLinear-Relu-QuantizeLinear,"[[1,64,49],[],[],[],[]]","[[1,64,49]]","[[],[],[],[]]",60,21.497758,0.3582959666666667,0.3548695,0.37151524999999996,0.0042288998523876105,99.41667658419166,0.004231306391069825,99.47325160043884,False
637,338,DEQUANTIZE_LINEAR,4,fused_dequant_relu_quant,FUSION_CONV_BIAS_ACT,DequantizeLinear-Relu-QuantizeLinear,"[[1,64,49],[],[],[],[]]","[[1,64,49]]","[[],[],[],[]]",60,21.49568,0.3582613333333333,0.354584,0.3728722,0.004228491081673322,99.42090507527334,0.004230897387736517,99.47748249782659,False
638,701,DEQUANTIZE_LINEAR,4,fused_dequant_relu_quant,FUSION_CONV_BIAS_ACT,DequantizeLinear-Relu-QuantizeLinear,"[[1,64,49],[],[],[],[]]","[[1,64,49]]","[[],[],[],[]]",60,21.490314,0.35817190000000004,0.35481799999999997,0.37069965,0.004227435516874057,99.4251325107902,0.004229841222247331,99.48171233904883,False
639,563,DEQUANTIZE_LINEAR,4,fused_dequant_relu_quant,FUSION_CONV_BIAS_ACT,DequantizeLinear-Relu-QuantizeLinear,"[[1,64,49],[],[],[],[]]","[[1,64,49]]","[[],[],[],[]]",60,21.488281,0.35813801666666667,0.354791,0.37651875,0.004227035598268596,99.42935954638847,0.0042294410760603165,99.48594178012489,False
640,308,DEQUANTIZE_LINEAR,4,fused_dequant_relu_quant,FUSION_CONV_BIAS_ACT,DequantizeLinear-Relu-QuantizeLinear,"[[1,64,49],[],[],[],[]]","[[1,64,49]]","[[],[],[],[]]",60,21.485991,0.35809985,0.354636,0.378802,0.004226585124286054,99.43358613151275,0.004228990345726691,99.49017077047061,False
641,80,DEQUANTIZE_LINEAR,4,fused_dequant_relu_quant,FUSION_CONV_BIAS_ACT,DequantizeLinear-Relu-QuantizeLinear,"[[1,64,49],[],[],[],[]]","[[1,64,49]]","[[],[],[],[]]",60,21.474061,0.3579010166666666,0.354349,0.3708724,0.004224238331879192,99.43781036984463,0.004226642217831426,99.49439741268844,False
642,65,DEQUANTIZE_LINEAR,4,fused_dequant_relu_quant,FUSION_CONV_BIAS_ACT,DequantizeLinear-Relu-QuantizeLinear,"[[1,64,49],[],[],[],[]]","[[1,64,49]]","[[],[],[],[]]",60,21.470936000000002,0.35784893333333334,0.35450499999999996,0.370625,0.004223623602099523,99.44203399344673,0.004226027138227679,99.49862343982667,False
643,596,DEQUANTIZE_LINEAR,4,fused_dequant_relu_quant,FUSION_CONV_BIAS_ACT,DequantizeLinear-Relu-QuantizeLinear,"[[1,64,49],[],[],[],[]]","[[1,64,49]]","[[],[],[],[]]",60,21.469685,0.3578280833333333,0.354661,0.37139320000000003,0.004223377513474126,99.4462573709602,0.004225780909560706,99.50284922073624,False
644,533,DEQUANTIZE_LINEAR,4,fused_dequant_relu_quant,FUSION_CONV_BIAS_ACT,DequantizeLinear-Relu-QuantizeLinear,"[[1,64,49],[],[],[],[]]","[[1,64,49]]","[[],[],[],[]]",60,21.464582,0.35774303333333335,0.35450550000000003,0.37176325,0.004222373684333119,99.45047974464453,0.004224776509170971,99.50707399724541,False
645,413,DEQUANTIZE_LINEAR,4,fused_dequant_relu_quant,FUSION_CONV_BIAS_ACT,DequantizeLinear-Relu-QuantizeLinear,"[[1,64,49],[],[],[],[]]","[[1,64,49]]","[[],[],[],[]]",60,21.458901,0.35764835,0.354583,0.3711378,0.004221256154772063,99.4547010007993,0.004223658343657727,99.51129765558908,False
646,686,DEQUANTIZE_LINEAR,4,fused_dequant_relu_quant,FUSION_CONV_BIAS_ACT,DequantizeLinear-Relu-QuantizeLinear,"[[1,64,49],[],[],[],[]]","[[1,64,49]]","[[],[],[],[]]",60,21.458232,0.3576372,0.3546355,0.37138525,0.004221124553420831,99.45892212535273,0.004223526667416157,99.51552118225649,False
647,110,DEQUANTIZE_LINEAR,4,fused_dequant_relu_quant,FUSION_CONV_BIAS_ACT,DequantizeLinear-Relu-QuantizeLinear,"[[1,64,49],[],[],[],[]]","[[1,64,49]]","[[],[],[],[]]",60,21.441457,0.35735761666666666,0.354479,0.36325205,0.004217824683963569,99.46313995003669,0.004220224920103243,99.5197414071766,False
648,518,DEQUANTIZE_LINEAR,4,fused_dequant_relu_quant,FUSION_CONV_BIAS_ACT,DequantizeLinear-Relu-QuantizeLinear,"[[1,64,49],[],[],[],[]]","[[1,64,49]]","[[],[],[],[]]",60,21.440783,0.35734638333333335,0.3546095,0.3704872,0.00421769209904469,99.46735764213574,0.004220092259734306,99.52396149943633,False
649,200,DEQUANTIZE_LINEAR,4,fused_dequant_relu_quant,FUSION_CONV_BIAS_ACT,DequantizeLinear-Relu-QuantizeLinear,"[[1,64,49],[],[],[],[]]","[[1,64,49]]","[[],[],[],[]]",60,21.440311,0.35733851666666666,0.3547655,0.37108104999999997,0.004217599250258769,99.47157524138599,0.004219999358110956,99.52818149879444,False
650,278,DEQUANTIZE_LINEAR,4,fused_dequant_relu_quant,FUSION_CONV_BIAS_ACT,DequantizeLinear-Relu-QuantizeLinear,"[[1,64,49],[],[],[],[]]","[[1,64,49]]","[[],[],[],[]]",60,21.438017,0.3573002833333333,0.35460899999999995,0.3705288,0.00421714798942211,99.47579238937541,0.004219547840475437,99.53240104663492,False
651,503,DEQUANTIZE_LINEAR,4,fused_dequant_relu_quant,FUSION_CONV_BIAS_ACT,DequantizeLinear-Relu-QuantizeLinear,"[[1,64,49],[],[],[],[]]","[[1,64,49]]","[[],[],[],[]]",60,21.437038,0.3572839666666667,0.35481799999999997,0.37243764999999995,0.004216955406876736,99.48000934478229,0.004219355148337175,99.53662040178325,False
652,548,DEQUANTIZE_LINEAR,4,fused_dequant_relu_quant,FUSION_CONV_BIAS_ACT,DequantizeLinear-Relu-QuantizeLinear,"[[1,64,49],[],[],[],[]]","[[1,64,49]]","[[],[],[],[]]",60,21.435829,0.3572638166666666,0.35487,0.37141125,0.004216717580219577,99.48422606236251,0.004219117186340078,99.54083951896959,False
653,95,DEQUANTIZE_LINEAR,4,fused_dequant_relu_quant,FUSION_CONV_BIAS_ACT,DequantizeLinear-Relu-QuantizeLinear,"[[1,64,49],[],[],[],[]]","[[1,64,49]]","[[],[],[],[]]",60,21.435624999999998,0.35726041666666664,0.35424449999999996,0.37005985,0.00421667745065956,99.48844273981317,0.004219077033943545,99.54505859600353,False
654,185,DEQUANTIZE_LINEAR,4,fused_dequant_relu_quant,FUSION_CONV_BIAS_ACT,DequantizeLinear-Relu-QuantizeLinear,"[[1,64,49],[],[],[],[]]","[[1,64,49]]","[[],[],[],[]]",60,21.423954,0.3570659,0.35450550000000003,0.36994035,0.004214381607056836,99.49265712142022,0.004216779883845838,99.54927537588738,False
655,428,DEQUANTIZE_LINEAR,4,fused_dequant_relu_quant,FUSION_CONV_BIAS_ACT,DequantizeLinear-Relu-QuantizeLinear,"[[1,64,49],[],[],[],[]]","[[1,64,49]]","[[],[],[],[]]",60,21.422397,0.35703995,0.3551305,0.37113305,0.004214075324091414,99.49687119674431,0.004216473426584068,99.55349184931396,False
656,641,DEQUANTIZE_LINEAR,4,fused_dequant_relu_quant,FUSION_CONV_BIAS_ACT,DequantizeLinear-Relu-QuantizeLinear,"[[1,64,49],[],[],[],[]]","[[1,64,49]]","[[],[],[],[]]",60,21.422081,0.3570346833333333,0.354714,0.370573,0.004214013162616094,99.50108520990692,0.004216411229734537,99.55770826054369,False
657,791,DEQUANTIZE_LINEAR,4,fused_dequant_relu_quant,FUSION_CONV_BIAS_ACT,DequantizeLinear-Relu-QuantizeLinear,"[[1,64,49],[],[],[],[]]","[[1,64,49]]","[[],[],[],[]]",60,21.420786,0.35701309999999997,0.354479,0.3704924,0.004213758418595399,99.50529896832552,0.004216156340746744,99.56192441688444,False
658,398,DEQUANTIZE_LINEAR,4,fused_dequant_relu_quant,FUSION_CONV_BIAS_ACT,DequantizeLinear-Relu-QuantizeLinear,"[[1,64,49],[],[],[],[]]","[[1,64,49]]","[[],[],[],[]]",60,21.420052,0.35700086666666664,0.354688,0.3705288,0.00421361403086475,99.50951258235638,0.0042160118708494156,99.56614042875529,False
659,761,DEQUANTIZE_LINEAR,4,fused_dequant_relu_quant,FUSION_CONV_BIAS_ACT,DequantizeLinear-Relu-QuantizeLinear,"[[1,64,49],[],[],[],[]]","[[1,64,49]]","[[],[],[],[]]",60,21.419892,0.3569982,0.35468750000000004,0.37082005,0.004213582556700032,99.51372616491308,0.004215980378773704,99.57035640913406,False
660,248,DEQUANTIZE_LINEAR,4,fused_dequant_relu_quant,FUSION_CONV_BIAS_ACT,DequantizeLinear-Relu-QuantizeLinear,"[[1,64,49],[],[],[],[]]","[[1,64,49]]","[[],[],[],[]]",60,21.419162,0.35698603333333334,0.3545315,0.37390095,0.004213438955823501,99.51793960386891,0.004215836696178268,99.57457224583024,False
661,368,DEQUANTIZE_LINEAR,4,fused_dequant_relu_quant,FUSION_CONV_BIAS_ACT,DequantizeLinear-Relu-QuantizeLinear,"[[1,64,49],[],[],[],[]]","[[1,64,49]]","[[],[],[],[]]",60,21.415941,0.35693235,0.35448,0.37090419999999996,0.004212805341545001,99.52215240921045,0.004215202721329094,99.57878744855157,False
662,443,DEQUANTIZE_LINEAR,4,fused_dequant_relu_quant,FUSION_CONV_BIAS_ACT,DequantizeLinear-Relu-QuantizeLinear,"[[1,64,49],[],[],[],[]]","[[1,64,49]]","[[],[],[],[]]",60,21.413232,0.3568872,0.354479,0.3711538,0.004212272444593601,99.52636468165504,0.004214669521122197,99.58300211807268,False
663,611,DEQUANTIZE_LINEAR,4,fused_dequant_relu_quant,FUSION_CONV_BIAS_ACT,DequantizeLinear-Relu-QuantizeLinear,"[[1,64,49],[],[],[],[]]","[[1,64,49]]","[[],[],[],[]]",60,21.412865,0.35688108333333335,0.354687,0.36961945,0.004212200250728278,99.53057688190577,0.004214597286173533,99.58721671535886,False
664,233,DEQUANTIZE_LINEAR,4,fused_dequant_relu_quant,FUSION_CONV_BIAS_ACT,DequantizeLinear-Relu-QuantizeLinear,"[[1,64,49],[],[],[],[]]","[[1,64,49]]","[[],[],[],[]]",60,21.404686,0.3567447666666667,0.354531,0.37021675,0.004210591330770546,99.53478747323655,0.004212987450628238,99.59142970280949,False
665,458,DEQUANTIZE_LINEAR,4,fused_dequant_relu_quant,FUSION_CONV_BIAS_ACT,DequantizeLinear-Relu-QuantizeLinear,"[[1,64,49],[],[],[],[]]","[[1,64,49]]","[[],[],[],[]]",60,21.404482,0.35674136666666667,0.3544795,0.36542414999999995,0.004210551201210529,99.53899802443776,0.004212947298231705,99.59564265010772,False
666,776,DEQUANTIZE_LINEAR,4,fused_dequant_relu_quant,FUSION_CONV_BIAS_ACT,DequantizeLinear-Relu-QuantizeLinear,"[[1,64,49],[],[],[],[]]","[[1,64,49]]","[[],[],[],[]]",60,21.402345,0.35670575,0.3547135,0.3705288,0.004210130824398001,99.54320815526216,0.004212526682195479,99.59985517678992,False
667,656,DEQUANTIZE_LINEAR,4,fused_dequant_relu_quant,FUSION_CONV_BIAS_ACT,DequantizeLinear-Relu-QuantizeLinear,"[[1,64,49],[],[],[],[]]","[[1,64,49]]","[[],[],[],[]]",60,21.398334,0.3566389,0.3546095,0.3705366,0.0042093418064312,99.5474174970686,0.004211737215222477,99.60406691400514,False
668,473,DEQUANTIZE_LINEAR,4,fused_dequant_relu_quant,FUSION_CONV_BIAS_ACT,DequantizeLinear-Relu-QuantizeLinear,"[[1,64,49],[],[],[],[]]","[[1,64,49]]","[[],[],[],[]]",60,21.393228,0.35655380000000003,0.354583,0.3702116,0.0042083373871496035,99.55162583445575,0.004210732224356323,99.6082776462295,False
669,716,DEQUANTIZE_LINEAR,4,fused_dequant_relu_quant,FUSION_CONV_BIAS_ACT,DequantizeLinear-Relu-QuantizeLinear,"[[1,64,49],[],[],[],[]]","[[1,64,49]]","[[],[],[],[]]",60,21.388904,0.35648173333333333,0.3551305,0.36601115,0.004207486797848072,99.5558333212536,0.004209881151010209,99.61248752738051,False
670,293,DEQUANTIZE_LINEAR,4,fused_dequant_relu_quant,FUSION_CONV_BIAS_ACT,DequantizeLinear-Relu-QuantizeLinear,"[[1,64,49],[],[],[],[]]","[[1,64,49]]","[[],[],[],[]]",60,21.387242,0.35645403333333336,0.354297,0.37033284999999994,0.004207159859962052,99.56004048111356,0.004209554027073753,99.61669708140758,False
671,671,DEQUANTIZE_LINEAR,4,fused_dequant_relu_quant,FUSION_CONV_BIAS_ACT,DequantizeLinear-Relu-QuantizeLinear,"[[1,64,49],[],[],[],[]]","[[1,64,49]]","[[],[],[],[]]",60,21.38641,0.35644016666666667,0.354896,0.36984564999999997,0.004206996194305514,99.56424747730786,0.0042093902682800504,99.62090647167587,False
672,170,DEQUANTIZE_LINEAR,4,fused_dequant_relu_quant,FUSION_CONV_BIAS_ACT,DequantizeLinear-Relu-QuantizeLinear,"[[1,64,49],[],[],[],[]]","[[1,64,49]]","[[],[],[],[]]",60,21.382973,0.35638288333333334,0.354375,0.3693283,0.004206320089904643,99.56845379739777,0.004208713779128666,99.625115185455,False
673,731,DEQUANTIZE_LINEAR,4,fused_dequant_relu_quant,FUSION_CONV_BIAS_ACT,DequantizeLinear-Relu-QuantizeLinear,"[[1,64,49],[],[],[],[]]","[[1,64,49]]","[[],[],[],[]]",60,21.374116,0.35623526666666666,0.35487,0.36469774999999993,0.004204577798173914,99.57265837519594,0.004206970495912541,99.62932215595092,False
674,383,DEQUANTIZE_LINEAR,4,fused_dequant_relu_quant,FUSION_CONV_BIAS_ACT,DequantizeLinear-Relu-QuantizeLinear,"[[1,64,49],[],[],[],[]]","[[1,64,49]]","[[],[],[],[]]",60,21.36552,0.356092,0.3544795,0.36384635,0.0042028868486743845,99.57686126204462,0.0042052785841449215,99.63352743453507,False
675,340,MUL,4,fused_dequant_sigmoid_mul,FUSION_POOL_CAM,DequantizeLinear-Sigmoid-Mul,"[[1,32,49],[],[],[1,32,49]]","[[1,32,49]]","[[],[]]",60,15.537862,0.25896436666666667,0.25375,0.2698562,0.003056507674810511,99.57991776971943,0.0030582470406523773,99.63658568157572,False
676,370,MUL,4,fused_dequant_sigmoid_mul,FUSION_POOL_CAM,DequantizeLinear-Sigmoid-Mul,"[[1,32,49],[],[],[1,32,49]]","[[1,32,49]]","[[],[]]",60,15.506617,0.25844361666666665,0.25507749999999996,0.27079145,0.0030503613605814715,99.58296813108001,0.0030520972287422714,99.63963777880447,False
677,580,MUL,4,fused_dequant_sigmoid_mul,FUSION_POOL_CAM,DequantizeLinear-Sigmoid-Mul,"[[1,32,49],[],[],[1,32,49]]","[[1,32,49]]","[[],[]]",60,15.485468,0.25809113333333333,0.25638000000000005,0.2716826,0.0030462010661462028,99.58601433214615,0.0030479345668095836,99.64268571337128,False
678,793,MUL,4,fused_dequant_sigmoid_mul,FUSION_POOL_CAM,DequantizeLinear-Sigmoid-Mul,"[[1,32,49],[],[],[1,32,49]]","[[1,32,49]]","[[],[]]",60,15.460001,0.2576666833333333,0.255495,0.27254165,0.0030411913626905798,99.58905552350883,0.0030429220124836218,99.64572863538376,False
679,823,MUL,4,fused_dequant_sigmoid_mul,FUSION_POOL_CAM,DequantizeLinear-Sigmoid-Mul,"[[1,32,49],[],[],[1,32,49]]","[[1,32,49]]","[[],[]]",60,15.459525,0.25765875,0.256562,0.26608034999999997,0.0030410977270505404,99.59209662123588,0.003042828323558379,99.64877146370732,False
680,733,MUL,4,fused_dequant_sigmoid_mul,FUSION_POOL_CAM,DequantizeLinear-Sigmoid-Mul,"[[1,32,49],[],[],[1,32,49]]","[[1,32,49]]","[[],[]]",60,15.458387,0.2576397833333333,0.25528649999999997,0.2697972,0.0030408738670539763,99.59513749510293,0.003042604336169879,99.65181406804349,False
681,265,MUL,4,fused_dequant_sigmoid_mul,FUSION_POOL_CAM,DequantizeLinear-Sigmoid-Mul,"[[1,32,49],[],[],[1,32,49]]","[[1,32,49]]","[[],[]]",60,15.454271,0.25757118333333334,0.2524735,0.2687241,0.003040064194166579,99.5981775592971,0.0030417942025221913,99.65485586224601,False
682,778,MUL,4,fused_dequant_sigmoid_mul,FUSION_POOL_CAM,DequantizeLinear-Sigmoid-Mul,"[[1,32,49],[],[],[1,32,49]]","[[1,32,49]]","[[],[]]",60,15.437604,0.2572934,0.255417,0.2715621,0.0030367855697705027,99.60121434486688,0.0030385137123603817,99.65789437595836,False
683,748,MUL,4,fused_dequant_sigmoid_mul,FUSION_POOL_CAM,DequantizeLinear-Sigmoid-Mul,"[[1,32,49],[],[],[1,32,49]]","[[1,32,49]]","[[],[]]",60,15.437084,0.25728473333333335,0.2556775,0.27165585,0.003036683278735166,99.60425102814561,0.003038411363114318,99.66093278732147,False
684,445,MUL,4,fused_dequant_sigmoid_mul,FUSION_POOL_CAM,DequantizeLinear-Sigmoid-Mul,"[[1,32,49],[],[],[1,32,49]]","[[1,32,49]]","[[],[]]",60,15.423804,0.2570634,0.253958,0.27126049999999996,0.0030340709230634857,99.60728509906868,0.003035797520830234,99.6639685848423,False
685,763,MUL,4,fused_dequant_sigmoid_mul,FUSION_POOL_CAM,DequantizeLinear-Sigmoid-Mul,"[[1,32,49],[],[],[1,32,49]]","[[1,32,49]]","[[],[]]",60,15.404006,0.25673343333333337,0.255729,0.2654629,0.003030176388606564,99.61031527545728,0.003031900770111838,99.6670004856124,False
686,613,MUL,4,fused_dequant_sigmoid_mul,FUSION_POOL_CAM,DequantizeLinear-Sigmoid-Mul,"[[1,32,49],[],[],[1,32,49]]","[[1,32,49]]","[[],[]]",60,15.403951,0.25673251666666663,0.2545315,0.27223420000000004,0.0030301655693624418,99.61334544102664,0.0030318899447108125,99.67003237555711,False
687,703,MUL,4,fused_dequant_sigmoid_mul,FUSION_POOL_CAM,DequantizeLinear-Sigmoid-Mul,"[[1,32,49],[],[],[1,32,49]]","[[1,32,49]]","[[],[]]",60,15.402758,0.25671263333333333,0.2541405,0.27076905,0.003029930890121755,99.61637537191676,0.003031655131921286,99.67306403068903,False
688,718,MUL,4,fused_dequant_sigmoid_mul,FUSION_POOL_CAM,DequantizeLinear-Sigmoid-Mul,"[[1,32,49],[],[],[1,32,49]]","[[1,32,49]]","[[],[]]",60,15.396511,0.2566085166666667,0.254375,0.26990645,0.0030287020207030065,99.61940407393746,0.003030425563190211,99.67609445625223,False
689,520,MUL,4,fused_dequant_sigmoid_mul,FUSION_POOL_CAM,DequantizeLinear-Sigmoid-Mul,"[[1,32,49],[],[],[1,32,49]]","[[1,32,49]]","[[],[]]",60,15.390833,0.25651388333333336,0.25565099999999996,0.26630205,0.0030275850812825395,99.62243165901874,0.0030293079881533866,99.67912376424039,False
690,565,MUL,4,fused_dequant_sigmoid_mul,FUSION_POOL_CAM,DequantizeLinear-Sigmoid-Mul,"[[1,32,49],[],[],[1,32,49]]","[[1,32,49]]","[[],[]]",60,15.37979,0.2563298333333333,0.254167,0.2650675,0.003025412773776337,99.62545707179252,0.0030271344444528486,99.68215089868484,False
691,490,MUL,4,fused_dequant_sigmoid_mul,FUSION_POOL_CAM,DequantizeLinear-Sigmoid-Mul,"[[1,32,49],[],[],[1,32,49]]","[[1,32,49]]","[[],[]]",60,15.379119,0.25631865,0.25487000000000004,0.27032785,0.003025280778998047,99.62848235257152,0.003027002374560332,99.6851779010594,False
692,673,MUL,4,fused_dequant_sigmoid_mul,FUSION_POOL_CAM,DequantizeLinear-Sigmoid-Mul,"[[1,32,49],[],[],[1,32,49]]","[[1,32,49]]","[[],[]]",60,15.379019,0.2563169833333333,0.254323,0.2691748,0.0030252611076450973,99.63150761367918,0.003026982692013012,99.68820488375141,False
693,235,MUL,4,fused_dequant_sigmoid_mul,FUSION_POOL_CAM,DequantizeLinear-Sigmoid-Mul,"[[1,32,49],[],[],[1,32,49]]","[[1,32,49]]","[[],[]]",60,15.373858,0.25623096666666667,0.25414099999999995,0.2708046,0.003024245869119379,99.63453185954829,0.0030259668757458315,99.69123085062715,False
694,598,MUL,4,fused_dequant_sigmoid_mul,FUSION_POOL_CAM,DequantizeLinear-Sigmoid-Mul,"[[1,32,49],[],[],[1,32,49]]","[[1,32,49]]","[[],[]]",60,15.373591,0.2562265166666667,0.2540885,0.2705392,0.003024193346607004,99.6375560528949,0.0030259143233444872,99.6942567649505,False
695,430,MUL,4,fused_dequant_sigmoid_mul,FUSION_POOL_CAM,DequantizeLinear-Sigmoid-Mul,"[[1,32,49],[],[],[1,32,49]]","[[1,32,49]]","[[],[]]",60,15.372915,0.25621525,0.25406249999999997,0.2737163,0.003024060368261066,99.64058011326316,0.0030257812693246047,99.69728254621982,False
696,535,MUL,4,fused_dequant_sigmoid_mul,FUSION_POOL_CAM,DequantizeLinear-Sigmoid-Mul,"[[1,32,49],[],[],[1,32,49]]","[[1,32,49]]","[[],[]]",60,15.371194000000001,0.25618656666666667,0.25406249999999997,0.2697478,0.003023721824276807,99.64360383508743,0.0030254425326852294,99.70030798875251,False
697,808,MUL,4,fused_dequant_sigmoid_mul,FUSION_POOL_CAM,DequantizeLinear-Sigmoid-Mul,"[[1,32,49],[],[],[1,32,49]]","[[1,32,49]]","[[],[]]",60,15.366671,0.2561111833333333,0.254479,0.27037704999999995,0.0030228320889829057,99.64662666717642,0.0030245522910699496,99.70333254104358,False
698,187,MUL,4,fused_dequant_sigmoid_mul,FUSION_POOL_CAM,DequantizeLinear-Sigmoid-Mul,"[[1,32,49],[],[],[1,32,49]]","[[1,32,49]]","[[],[]]",60,15.362337,0.25603895,0.2514325,0.27121284999999995,0.0030219795325460786,99.64964864670897,0.0030236992494691046,99.70635624029305,False
699,460,MUL,4,fused_dequant_sigmoid_mul,FUSION_POOL_CAM,DequantizeLinear-Sigmoid-Mul,"[[1,32,49],[],[],[1,32,49]]","[[1,32,49]]","[[],[]]",60,15.359789,0.2559964833333333,0.254401,0.2721906,0.003021478306472928,99.65267012501545,0.0030231977381633933,99.7093794380312,False
700,628,MUL,4,fused_dequant_sigmoid_mul,FUSION_POOL_CAM,DequantizeLinear-Sigmoid-Mul,"[[1,32,49],[],[],[1,32,49]]","[[1,32,49]]","[[],[]]",60,15.359324,0.25598873333333333,0.2546615,0.26419495,0.0030213868346817135,99.65569151185012,0.003023106214318356,99.71240254424552,False
701,505,MUL,4,fused_dequant_sigmoid_mul,FUSION_POOL_CAM,DequantizeLinear-Sigmoid-Mul,"[[1,32,49],[],[],[1,32,49]]","[[1,32,49]]","[[],[]]",60,15.35896,0.25598266666666664,0.2547915,0.26410674999999995,0.0030213152309569776,99.65871282708108,0.0030230345698461112,99.71542557881537,False
702,355,MUL,4,fused_dequant_sigmoid_mul,FUSION_POOL_CAM,DequantizeLinear-Sigmoid-Mul,"[[1,32,49],[],[],[1,32,49]]","[[1,32,49]]","[[],[]]",60,15.357754,0.25596256666666667,0.2541405,0.2703651,0.0030210779944404077,99.66173390507552,0.003022797198325433,99.7184483760137,False
703,688,MUL,4,fused_dequant_sigmoid_mul,FUSION_POOL_CAM,DequantizeLinear-Sigmoid-Mul,"[[1,32,49],[],[],[1,32,49]]","[[1,32,49]]","[[],[]]",60,15.356037,0.25593395,0.25325549999999997,0.27073255,0.0030207402373102665,99.66475464531283,0.0030224592489879504,99.72147083526268,False
704,400,MUL,4,fused_dequant_sigmoid_mul,FUSION_POOL_CAM,DequantizeLinear-Sigmoid-Mul,"[[1,32,49],[],[],[1,32,49]]","[[1,32,49]]","[[],[]]",60,15.353280999999999,0.25588801666666666,0.25388,0.26891909999999997,0.003020198094822981,99.66777484340764,0.0030219167979838135,99.72449275206067,False
705,280,MUL,4,fused_dequant_sigmoid_mul,FUSION_POOL_CAM,DequantizeLinear-Sigmoid-Mul,"[[1,32,49],[],[],[1,32,49]]","[[1,32,49]]","[[],[]]",60,15.335412,0.2555902,0.25309899999999996,0.272289,0.003016683020764453,99.6707915264284,0.0030183997236032187,99.72751115178427,False
706,385,MUL,4,fused_dequant_sigmoid_mul,FUSION_POOL_CAM,DequantizeLinear-Sigmoid-Mul,"[[1,32,49],[],[],[1,32,49]]","[[1,32,49]]","[[],[]]",60,15.334012,0.25556686666666667,0.25341100000000005,0.26828105,0.0030164076218231616,99.67380793405023,0.00301812416794074,99.73052927595221,False
707,658,MUL,4,fused_dequant_sigmoid_mul,FUSION_POOL_CAM,DequantizeLinear-Sigmoid-Mul,"[[1,32,49],[],[],[1,32,49]]","[[1,32,49]]","[[],[]]",60,15.331147,0.25551911666666666,0.253698,0.2669246,0.0030158440375611614,99.6768237780878,0.0030175602629600247,99.73354683621517,False
708,550,MUL,4,fused_dequant_sigmoid_mul,FUSION_POOL_CAM,DequantizeLinear-Sigmoid-Mul,"[[1,32,49],[],[],[1,32,49]]","[[1,32,49]]","[[],[]]",60,15.325155,0.25541925,0.2545575,0.26017185,0.003014665330092433,99.67983844341789,0.0030163808847246155,99.7365632170999,False
709,475,MUL,4,fused_dequant_sigmoid_mul,FUSION_POOL_CAM,DequantizeLinear-Sigmoid-Mul,"[[1,32,49],[],[],[1,32,49]]","[[1,32,49]]","[[],[]]",60,15.316776,0.2552796,0.25416700000000003,0.26369545,0.003013017067428803,99.68285146048532,0.0030147316840846805,99.73957794878399,False
710,415,MUL,4,fused_dequant_sigmoid_mul,FUSION_POOL_CAM,DequantizeLinear-Sigmoid-Mul,"[[1,32,49],[],[],[1,32,49]]","[[1,32,49]]","[[],[]]",60,15.314321,0.2552386833333333,0.25375000000000003,0.26480435,0.0030125341357138953,99.68586399462104,0.0030142484775479766,99.74259219726153,False
711,295,MUL,4,fused_dequant_sigmoid_mul,FUSION_POOL_CAM,DequantizeLinear-Sigmoid-Mul,"[[1,32,49],[],[],[1,32,49]]","[[1,32,49]]","[[],[]]",60,15.307399,0.25512331666666666,0.253047,0.26994025,0.0030111724846627382,99.6888751671057,0.0030128860516224925,99.74560508331315,False
712,643,MUL,4,fused_dequant_sigmoid_mul,FUSION_POOL_CAM,DequantizeLinear-Sigmoid-Mul,"[[1,32,49],[],[],[1,32,49]]","[[1,32,49]]","[[],[]]",60,15.298071,0.25496785,0.253906,0.26326065,0.0030093375408596183,99.69188450464657,0.0030110500636084912,99.74861613337676,False
713,310,MUL,4,fused_dequant_sigmoid_mul,FUSION_POOL_CAM,DequantizeLinear-Sigmoid-Mul,"[[1,32,49],[],[],[1,32,49]]","[[1,32,49]]","[[],[]]",60,15.291461,0.2548576833333333,0.253698,0.26202115,0.003008037264429663,99.694892541911,0.003009749047230645,99.751625882424,False
714,325,MUL,4,fused_dequant_sigmoid_mul,FUSION_POOL_CAM,DequantizeLinear-Sigmoid-Mul,"[[1,32,49],[],[],[1,32,49]]","[[1,32,49]]","[[],[]]",60,15.286871,0.2547811833333333,0.253698,0.26426544999999996,0.0030071343493292854,99.69789967626033,0.003008845618308661,99.7546347280423,False
715,250,MUL,4,fused_dequant_sigmoid_mul,FUSION_POOL_CAM,DequantizeLinear-Sigmoid-Mul,"[[1,32,49],[],[],[1,32,49]]","[[1,32,49]]","[[],[]]",60,15.273698,0.2545616333333333,0.2534375,0.25938085,0.003004543042005261,99.70090421930234,0.0030062528363502096,99.75764098087866,False
716,172,MUL,4,fused_dequant_sigmoid_mul,FUSION_POOL_CAM,DequantizeLinear-Sigmoid-Mul,"[[1,32,49],[],[],[1,32,49]]","[[1,32,49]]","[[],[]]",60,15.234055,0.25390091666666664,0.251432,0.26977285,0.002996744727555531,99.7039009640299,0.0029984500841161773,99.76063943096278,False
717,157,MUL,4,fused_dequant_sigmoid_mul,FUSION_POOL_CAM,DequantizeLinear-Sigmoid-Mul,"[[1,32,49],[],[],[1,32,49]]","[[1,32,49]]","[[],[]]",60,15.186562,0.25310936666666667,0.251094,0.26787295,0.002987402211899273,99.7068883662418,0.0029891022519175324,99.7636285332147,False
718,217,MUL,4,fused_dequant_sigmoid_mul,FUSION_POOL_CAM,DequantizeLinear-Sigmoid-Mul,"[[1,32,49],[],[],[1,32,49]]","[[1,32,49]]","[[],[]]",60,15.178908,0.2529818,0.251276,0.26694529999999994,0.002985896566544526,99.70987426280834,0.002987595749745666,99.76661612896444,False
719,52,MUL,4,fused_dequant_sigmoid_mul,FUSION_POOL_CAM,DequantizeLinear-Sigmoid-Mul,"[[1,32,49],[],[],[1,32,49]]","[[1,32,49]]","[[],[]]",60,15.157976,0.2526329333333333,0.2522135,0.2542216,0.002981778958945158,99.71285604176728,0.0029834757989406625,99.76959960476339,False
720,202,MUL,4,fused_dequant_sigmoid_mul,FUSION_POOL_CAM,DequantizeLinear-Sigmoid-Mul,"[[1,32,49],[],[],[1,32,49]]","[[1,32,49]]","[[],[]]",60,15.153959,0.25256598333333335,0.250886,0.2677679,0.0029809887606971805,99.71583703052798,0.002982685151014822,99.7725822899144,False
721,67,MUL,4,fused_dequant_sigmoid_mul,FUSION_POOL_CAM,DequantizeLinear-Sigmoid-Mul,"[[1,32,49],[],[],[1,32,49]]","[[1,32,49]]","[[],[]]",60,15.150516,0.25250859999999997,0.2497395,0.2643016,0.002980311476015133,99.71881734200399,0.002982007480910597,99.7755642973953,False
722,127,MUL,4,fused_dequant_sigmoid_mul,FUSION_POOL_CAM,DequantizeLinear-Sigmoid-Mul,"[[1,32,49],[],[],[1,32,49]]","[[1,32,49]]","[[],[]]",60,15.109009,0.25181681666666667,0.2506515,0.26726339999999993,0.0029721464875464257,99.72178948849154,0.002973837845994522,99.7785381352413,False
723,97,MUL,4,fused_dequant_sigmoid_mul,FUSION_POOL_CAM,DequantizeLinear-Sigmoid-Mul,"[[1,32,49],[],[],[1,32,49]]","[[1,32,49]]","[[],[]]",60,15.10807,0.2518011666666667,0.25026,0.26663329999999996,0.0029719617735422307,99.72476145026508,0.002973653026875188,99.78151178826818,False
724,112,MUL,4,fused_dequant_sigmoid_mul,FUSION_POOL_CAM,DequantizeLinear-Sigmoid-Mul,"[[1,32,49],[],[],[1,32,49]]","[[1,32,49]]","[[],[]]",60,15.097649,0.25162748333333335,0.25041650000000004,0.2628573,0.0029699118218513743,99.72773136208693,0.0029716019086189803,99.78448339017679,False
725,82,MUL,4,fused_dequant_sigmoid_mul,FUSION_POOL_CAM,DequantizeLinear-Sigmoid-Mul,"[[1,32,49],[],[],[1,32,49]]","[[1,32,49]]","[[],[]]",60,15.076819,0.25128031666666667,0.250156,0.26308509999999996,0.0029658142790320143,99.73069717636596,0.002967502034012243,99.7874508922108,False
726,142,MUL,4,fused_dequant_sigmoid_mul,FUSION_POOL_CAM,DequantizeLinear-Sigmoid-Mul,"[[1,32,49],[],[],[1,32,49]]","[[1,32,49]]","[[],[]]",60,15.036357,0.25060595,0.25039,0.2526353,0.002957854856201629,99.73365503122217,0.0029595380817156606,99.79041043029251,False
727,44,AVERAGE_POOL,1,average_pool_stride,,,"[[1,128,49]]","[[1,128,1]]",[],60,11.122395,0.18537325,0.1808075,0.19921854999999997,0.0021879255768762814,99.73584295679905,0.002189170658982349,99.79259960095149,False
728,209,AVERAGE_POOL,1,average_pool_stride,,,"[[1,128,49]]","[[1,128,1]]",[],60,11.040103,0.18400171666666668,0.18007800000000002,0.19993175,0.002171737627107162,99.73801469442616,0.0021729734971418484,99.79477257444863,False
729,149,AVERAGE_POOL,1,average_pool_stride,,,"[[1,128,49]]","[[1,128,1]]",[],60,11.009113,0.18348521666666665,0.1799485,0.1968875,0.0021656414748281437,99.74018033590099,0.0021668738757274083,99.79693944832435,False
730,179,AVERAGE_POOL,1,average_pool_stride,,,"[[1,128,49]]","[[1,128,1]]",[],60,11.005468,0.18342446666666667,0.1797655,0.19484919999999997,0.0021649244540131378,99.742345260355,0.0021661564468775972,99.79910560477123,False
731,59,AVERAGE_POOL,1,average_pool_stride,,,"[[1,128,49]]","[[1,128,1]]",[],60,10.969583,0.18282638333333334,0.17987,0.19450599999999998,0.0021578653890072463,99.744503125744,0.0021590933647718477,99.801264698136,False
732,89,AVERAGE_POOL,1,average_pool_stride,,,"[[1,128,49]]","[[1,128,1]]",[],60,10.950257,0.18250428333333335,0.179479,0.19193749999999998,0.0021540637033362455,99.74665718944733,0.0021552895156768015,99.80341998765167,False
733,194,AVERAGE_POOL,1,average_pool_stride,,,"[[1,128,49]]","[[1,128,1]]",[],60,10.927404,0.1821234,0.179375,0.18881240000000002,0.0021495682090467193,99.74880675765638,0.0021507914631377825,99.8055707791148,False
734,119,AVERAGE_POOL,1,average_pool_stride,,,"[[1,128,49]]","[[1,128,1]]",[],60,10.919122,0.18198536666666668,0.179011,0.18911469999999997,0.00214793902759545,99.75095469668398,0.0021491613545687478,99.80771994046937,False
735,164,AVERAGE_POOL,1,average_pool_stride,,,"[[1,128,49]]","[[1,128,1]]",[],60,10.908124,0.18180206666666668,0.179037,0.1887006,0.0021457755721980753,99.75310047225618,0.002146996668014504,99.80986693713739,False
736,74,AVERAGE_POOL,1,average_pool_stride,,,"[[1,128,49]]","[[1,128,1]]",[],60,10.90625,0.18177083333333333,0.17901,0.18950014999999998,0.0021454069310438036,99.75524587918723,0.0021466278170777287,99.81201356495447,False
737,104,AVERAGE_POOL,1,average_pool_stride,,,"[[1,128,49]]","[[1,128,1]]",[],60,10.873386,0.1812231,0.1783075,0.18850215,0.0021389421376105133,99.75738482132483,0.0021401593447265134,99.81415372429919,False
738,134,AVERAGE_POOL,1,average_pool_stride,,,"[[1,128,49]]","[[1,128,1]]",[],60,10.872603999999999,0.18121006666666664,0.17875,0.18883065000000002,0.002138788307630449,99.75952360963247,0.0021400054272064715,99.8162937297264,False
739,332,AVERAGE_POOL,1,average_pool_stride,,,"[[1,128,49]]","[[1,128,1]]",[],60,10.822919,0.18038198333333336,0.17679650000000002,0.19258324999999998,0.00212901459591754,99.76165262422839,0.002130226153570574,99.81842395587996,False
740,695,AVERAGE_POOL,1,average_pool_stride,,,"[[1,128,49]]","[[1,128,1]]",[],60,10.772078,0.17953463333333333,0.177422,0.1947703,0.0021190134833645362,99.76377163771176,0.002120219349687658,99.82054417522966,False
741,392,AVERAGE_POOL,1,average_pool_stride,,,"[[1,128,49]]","[[1,128,1]]",[],60,10.743387,0.17905645,0.176354,0.19343025000000003,0.002113369575489824,99.76588500728725,0.002114572230036103,99.8226587474597,False
742,572,AVERAGE_POOL,1,average_pool_stride,,,"[[1,128,49]]","[[1,128,1]]",[],60,10.734642000000001,0.1789107,0.177083,0.18619229999999998,0.0021116493156743995,99.76799665660293,0.0021128509912729768,99.82477159845097,False
743,377,AVERAGE_POOL,1,average_pool_stride,,,"[[1,128,49]]","[[1,128,1]]",[],60,10.729639,0.17882731666666668,0.175261,0.192448,0.002110665157886341,99.77010732176082,0.0021118662734305616,99.82688346472439,False
744,770,AVERAGE_POOL,1,average_pool_stride,,,"[[1,128,49]]","[[1,128,1]]",[],60,10.725052,0.17875086666666667,0.176302,0.18837774999999998,0.002109762832926552,99.77221708459375,0.0021109634349849977,99.82899442815938,False
745,590,AVERAGE_POOL,1,average_pool_stride,,,"[[1,128,49]]","[[1,128,1]]",[],60,10.70297,0.17838283333333335,0.176146,0.1918023,0.002105419004768266,99.77432250359851,0.002106617134885815,99.83110104529426,False
746,302,AVERAGE_POOL,1,average_pool_stride,,,"[[1,128,49]]","[[1,128,1]]",[],60,10.702189,0.17836981666666668,0.176276,0.1912504,0.002105265371501731,99.77642776897001,0.0021064634141912462,99.83320750870845,False
747,362,AVERAGE_POOL,1,average_pool_stride,,,"[[1,128,49]]","[[1,128,1]]",[],60,10.69494,0.17824900000000002,0.1758595,0.19124405,0.002103839395126429,99.77853160836514,0.0021050366263360262,99.83531254533479,False
748,725,AVERAGE_POOL,1,average_pool_stride,,,"[[1,128,49]]","[[1,128,1]]",[],60,10.691145,0.17818575,0.175573,0.19624755,0.0021030928672819992,99.78063470123243,0.002104289673665235,99.83741683500845,False
749,467,AVERAGE_POOL,1,average_pool_stride,,,"[[1,128,49]]","[[1,128,1]]",[],60,10.690724,0.1781787333333333,0.176432,0.1863515,0.0021030100508860824,99.78273771128332,0.0021042068101410185,99.8395210418186,False
750,272,AVERAGE_POOL,1,average_pool_stride,,,"[[1,128,49]]","[[1,128,1]]",[],60,10.689116,0.17815193333333335,0.176354,0.18819034999999998,0.002102693735530656,99.78484040501885,0.0021038903147801145,99.84162493213339,False
751,347,AVERAGE_POOL,1,average_pool_stride,,,"[[1,128,49]]","[[1,128,1]]",[],60,10.686198,0.1781033,0.175573,0.1898495,0.0021021197254515924,99.7869425247443,0.0021033159780493196,99.84372824811143,False
752,815,AVERAGE_POOL,1,average_pool_stride,,,"[[1,128,49]]","[[1,128,1]]",[],60,10.685675,0.17809458333333333,0.175599,0.18565849999999998,0.002102016844275667,99.78904454158858,0.002103213038326836,99.84583146114976,False
753,620,AVERAGE_POOL,1,average_pool_stride,,,"[[1,128,49]]","[[1,128,1]]",[],60,10.677711,0.17796185,0.176406,0.1857914,0.002100450217726777,99.7911449918063,0.002101645520258279,99.84793310667001,False
754,497,AVERAGE_POOL,1,average_pool_stride,,,"[[1,128,49]]","[[1,128,1]]",[],60,10.675207,0.17792011666666668,0.175651,0.18713559999999996,0.002099957647048924,99.79324494945335,0.002101152669273388,99.85003425933928,False
755,542,AVERAGE_POOL,1,average_pool_stride,,,"[[1,128,49]]","[[1,128,1]]",[],60,10.674431,0.17790718333333333,0.1757555,0.1918751,0.002099804997350037,99.79534475445071,0.0021009999327061854,99.85213525927199,False
756,755,AVERAGE_POOL,1,average_pool_stride,,,"[[1,128,49]]","[[1,128,1]]",[],60,10.671929,0.17786548333333335,0.1758075,0.18650535,0.0020993128200992427,99.7974440672708,0.0021005074753722413,99.85423576674737,False
757,242,AVERAGE_POOL,1,average_pool_stride,,,"[[1,128,49]]","[[1,128,1]]",[],60,10.671827,0.17786378333333333,0.176458,0.18620369999999997,0.0020992927553192342,99.79954336002612,0.002100487399173975,99.85633625414654,False
758,512,AVERAGE_POOL,1,average_pool_stride,,,"[[1,128,49]]","[[1,128,1]]",[],60,10.669844,0.17783073333333332,0.1772915,0.18548145,0.002098902672390248,99.80164226269851,0.002100097094260621,99.8584363512408,False
759,317,AVERAGE_POOL,1,average_pool_stride,,,"[[1,128,49]]","[[1,128,1]]",[],60,10.662812,0.17771353333333334,0.176198,0.18715369999999998,0.002097519382850846,99.80373978208137,0.002098713017533085,99.86053506425833,False
760,800,AVERAGE_POOL,1,average_pool_stride,,,"[[1,128,49]]","[[1,128,1]]",[],60,10.661406,0.1776901,0.17609350000000001,0.1915023,0.002097242803628378,99.805837024885,0.0020984362809177673,99.86263350053925,False
761,422,AVERAGE_POOL,1,average_pool_stride,,,"[[1,128,49]]","[[1,128,1]]",[],60,10.659583,0.17765971666666666,0.175729,0.18772914999999998,0.00209688419486411,99.80793390907986,0.0020980774680801253,99.86473157800732,False
762,452,AVERAGE_POOL,1,average_pool_stride,,,"[[1,128,49]]","[[1,128,1]]",[],60,10.655315,0.17758858333333333,0.1755465,0.19166870000000003,0.0020960446215202294,99.81002995370139,0.0020972374169605113,99.86682881542428,False
763,635,AVERAGE_POOL,1,average_pool_stride,,,"[[1,128,49]]","[[1,128,1]]",[],60,10.6549,0.17758166666666667,0.17586,0.1901962,0.0020959629854054897,99.8121259166868,0.002097155734389134,99.86892597115867,False
764,482,AVERAGE_POOL,1,average_pool_stride,,,"[[1,128,49]]","[[1,128,1]]",[],60,10.653124,0.17755206666666667,0.175807,0.18530755,0.0020956136221771085,99.81422153030897,0.002096806172348732,99.87102277733102,False
765,740,AVERAGE_POOL,1,average_pool_stride,,,"[[1,128,49]]","[[1,128,1]]",[],60,10.652441,0.17754068333333334,0.176354,0.18391675,0.0020954792668364643,99.81631700957581,0.002096671740550537,99.87311944907157,False
766,437,AVERAGE_POOL,1,average_pool_stride,,,"[[1,128,49]]","[[1,128,1]]",[],60,10.651768,0.17752946666666666,0.1754945,0.1878676,0.0020953468786311146,99.81841235645444,0.0020965392770070745,99.87521598834857,False
767,407,AVERAGE_POOL,1,average_pool_stride,,,"[[1,128,49]]","[[1,128,1]]",[],60,10.651357,0.1775226166666667,0.175729,0.18508019999999997,0.0020952660293704923,99.82050762248382,0.0020964583817375893,99.87731244673031,False
768,680,AVERAGE_POOL,1,average_pool_stride,,,"[[1,128,49]]","[[1,128,1]]",[],60,10.641929,0.17736548333333332,0.17562450000000002,0.18246864999999998,0.002093411414214423,99.82260103389802,0.002094602711176268,99.8794070494415,False
769,257,AVERAGE_POOL,1,average_pool_stride,,,"[[1,128,49]]","[[1,128,1]]",[],60,10.635991,0.17726651666666668,0.175703,0.18447915,0.002092243329276288,99.8246932772273,0.002093433961516412,99.88150048340302,False
770,287,AVERAGE_POOL,1,average_pool_stride,,,"[[1,128,49]]","[[1,128,1]]",[],60,10.633125,0.17721875,0.1752865,0.1870155,0.002091679548300758,99.8267849567756,0.0020928698597102234,99.88359335326273,False
771,710,AVERAGE_POOL,1,average_pool_stride,,,"[[1,128,49]]","[[1,128,1]]",[],60,10.633072,0.17721786666666667,0.17557299999999998,0.18369334999999998,0.002091669122483695,99.82887662589808,0.0020928594279601438,99.88568621269069,False
772,665,AVERAGE_POOL,1,average_pool_stride,,,"[[1,128,49]]","[[1,128,1]]",[],60,10.631873,0.17719788333333333,0.17625000000000002,0.18133064999999998,0.0020914332629618317,99.83096805916104,0.002092623434217778,99.88777883612491,False
773,557,AVERAGE_POOL,1,average_pool_stride,,,"[[1,128,49]]","[[1,128,1]]",[],60,10.630209,0.17717015,0.17593799999999998,0.1875182,0.0020911059316487536,99.83305916509269,0.002092295916630375,99.88987113204153,False
774,785,AVERAGE_POOL,1,average_pool_stride,,,"[[1,128,49]]","[[1,128,1]]",[],60,10.629741,0.17716235,0.17599,0.18087485,0.0020910138697169504,99.83515017896241,0.0020922038023089176,99.89196333584384,False
775,650,AVERAGE_POOL,1,average_pool_stride,,,"[[1,128,49]]","[[1,128,1]]",[],60,10.625777,0.17709628333333333,0.175547,0.18174219999999996,0.0020902340972860363,99.83724041305969,0.0020914235861331566,99.89405475942998,False
776,527,AVERAGE_POOL,1,average_pool_stride,,,"[[1,128,49]]","[[1,128,1]]",[],60,10.622395,0.17703991666666666,0.17578149999999998,0.18148169999999997,0.0020895688121292874,99.83932998187181,0.0020907579223827973,99.89614551735237,False
777,605,AVERAGE_POOL,1,average_pool_stride,,,"[[1,128,49]]","[[1,128,1]]",[],60,10.615418,0.17692363333333333,0.17546899999999999,0.18068789999999998,0.002088196341834008,99.84141817821364,0.0020893846710562866,99.89823490202342,False
778,227,AVERAGE_POOL,1,average_pool_stride,,,"[[1,128,49]]","[[1,128,1]]",[],60,10.603702,0.17672836666666666,0.175599,0.1800391,0.0020858916461224566,99.84350406985976,0.002087078663812286,99.90032198068722,False
779,696,DEQUANTIZE_LINEAR,1,dequantize_linear_stride,,,"[[1,32,49],[],[]]","[[1,32,49]]","[[],[]]",60,9.798953000000001,0.16331588333333336,0.160364,0.17686725,0.0019275866299756994,99.84543165648974,0.0019286835610807804,99.9022506642483,False
780,318,DEQUANTIZE_LINEAR,1,dequantize_linear_stride,,,"[[1,32,49],[],[]]","[[1,32,49]]","[[],[]]",60,9.784841,0.16308068333333334,0.1601305,0.1678055,0.0019248106086474802,99.84735646709838,0.0019259059600029945,99.9041765702083,False
781,378,DEQUANTIZE_LINEAR,1,dequantize_linear_stride,,,"[[1,32,49],[],[]]","[[1,32,49]]","[[],[]]",60,9.758703,0.16264505,0.1603385,0.17604735000000002,0.0019196689104135666,99.8492761360088,0.0019207613357845163,99.90609733154409,False
782,483,DEQUANTIZE_LINEAR,1,dequantize_linear_stride,,,"[[1,32,49],[],[]]","[[1,32,49]]","[[],[]]",60,9.755834,0.16259723333333334,0.160417,0.17386979999999996,0.001919104539297448,99.8511952405481,0.0019201966435019083,99.90801752818759,False
783,408,DEQUANTIZE_LINEAR,1,dequantize_linear_stride,,,"[[1,32,49],[],[]]","[[1,32,49]]","[[],[]]",60,9.736404,0.1622734,0.160469,0.17746884999999998,0.0019152823954193799,99.85311052294351,0.0019163723245576496,99.90993390051214,False
784,741,DEQUANTIZE_LINEAR,1,dequantize_linear_stride,,,"[[1,32,49],[],[]]","[[1,32,49]]","[[],[]]",60,9.730581,0.16217635000000002,0.160573,0.16949774999999997,0.0019141369325371364,99.85502465987605,0.001915226209827211,99.91184912672198,False
785,591,DEQUANTIZE_LINEAR,1,dequantize_linear_stride,,,"[[1,32,49],[],[]]","[[1,32,49]]","[[],[]]",60,9.729062,0.16215103333333333,0.160287,0.17498185,0.0019138381246858352,99.85693849800073,0.0019149272319334215,99.91376405395391,False
786,498,DEQUANTIZE_LINEAR,1,dequantize_linear_stride,,,"[[1,32,49],[],[]]","[[1,32,49]]","[[],[]]",60,9.726141,0.16210235,0.16028599999999998,0.176666,0.001913263524466183,99.8588517615252,0.001914352304726207,99.91567840625864,False
787,45,DEQUANTIZE_LINEAR,1,dequantize_linear_stride,,,"[[1,32,49],[],[]]","[[1,32,49]]","[[],[]]",60,9.723074,0.16205123333333335,0.160052,0.17515635,0.0019126602040712253,99.86076442172927,0.0019137486409999053,99.91759215489964,False
788,258,DEQUANTIZE_LINEAR,1,dequantize_linear_stride,,,"[[1,32,49],[],[]]","[[1,32,49]]","[[],[]]",60,9.719686,0.16199476666666665,0.16,0.17222365,0.0019119937386332996,99.8626764154679,0.0019130817962967068,99.91950523669594,False
789,423,DEQUANTIZE_LINEAR,1,dequantize_linear_stride,,,"[[1,32,49],[],[]]","[[1,32,49]]","[[],[]]",60,9.714529,0.16190881666666668,0.16020849999999998,0.1773041,0.001910979286961699,99.86458739475486,0.0019120667673314191,99.92141730346327,False
790,513,DEQUANTIZE_LINEAR,1,dequantize_linear_stride,,,"[[1,32,49],[],[]]","[[1,32,49]]","[[],[]]",60,9.710007,0.16183345,0.1602345,0.1740804,0.0019100897483813274,99.86649748450324,0.0019111767225416126,99.92332848018582,False
791,228,DEQUANTIZE_LINEAR,1,dequantize_linear_stride,,,"[[1,32,49],[],[]]","[[1,32,49]]","[[],[]]",60,9.709522,0.16182536666666666,0.160364,0.17150780000000002,0.0019099943423195225,99.86840747884555,0.0019110812621871112,99.92523956144801,False
792,756,DEQUANTIZE_LINEAR,1,dequantize_linear_stride,,,"[[1,32,49],[],[]]","[[1,32,49]]","[[],[]]",60,9.709268,0.16182113333333334,0.160208,0.17370249999999998,0.0019099443770830313,99.87031742322264,0.0019110312685169189,99.92715059271653,False
793,681,DEQUANTIZE_LINEAR,1,dequantize_linear_stride,,,"[[1,32,49],[],[]]","[[1,32,49]]","[[],[]]",60,9.701301,0.16168835,0.1601305,0.16849474999999997,0.0019083771603935523,99.87222580038303,0.0019094631599719414,99.9290600558765,False
794,666,DEQUANTIZE_LINEAR,1,dequantize_linear_stride,,,"[[1,32,49],[],[]]","[[1,32,49]]","[[],[]]",60,9.700261,0.16167101666666667,0.160208,0.17065049999999998,0.0019081725783228786,99.87413397296136,0.0019092584614798143,99.93096931433799,False
795,771,DEQUANTIZE_LINEAR,1,dequantize_linear_stride,,,"[[1,32,49],[],[]]","[[1,32,49]]","[[],[]]",60,9.699222,0.1616537,0.160521,0.16305239999999996,0.0019079681929657347,99.87604194115433,0.0019090539598131603,99.93287836829779,False
796,210,DEQUANTIZE_LINEAR,1,dequantize_linear_stride,,,"[[1,32,49],[],[]]","[[1,32,49]]","[[],[]]",60,9.698642,0.16164403333333333,0.159688,0.17605935,0.0019078540991186279,99.87794979525344,0.001908939801038705,99.93478730809883,False
797,348,DEQUANTIZE_LINEAR,1,dequantize_linear_stride,,,"[[1,32,49],[],[]]","[[1,32,49]]","[[],[]]",60,9.697243,0.16162071666666666,0.1607555,0.1635345,0.001907578896890866,99.87985737415033,0.0019086644422016993,99.93669597254103,False
798,528,DEQUANTIZE_LINEAR,1,dequantize_linear_stride,,,"[[1,32,49],[],[]]","[[1,32,49]]","[[],[]]",60,9.696197,0.16160328333333332,0.1602605,0.17110905,0.001907373134539015,99.88176474728488,0.0019084585627567334,99.93860443110378,False
799,303,DEQUANTIZE_LINEAR,1,dequantize_linear_stride,,,"[[1,32,49],[],[]]","[[1,32,49]]","[[],[]]",60,9.694793,0.16157988333333334,0.16015649999999998,0.16883859999999998,0.0019070969487436056,99.88367184423362,0.0019081822197923618,99.94051261332358,False
800,636,DEQUANTIZE_LINEAR,1,dequantize_linear_stride,,,"[[1,32,49],[],[]]","[[1,32,49]]","[[],[]]",60,9.694789,0.16157981666666668,0.1609895,0.162604,0.0019070961618894875,99.8855789403955,0.0019081814324904691,99.94242079475606,False
801,273,DEQUANTIZE_LINEAR,1,dequantize_linear_stride,,,"[[1,32,49],[],[]]","[[1,32,49]]","[[],[]]",60,9.69349,0.16155816666666667,0.16013,0.17089585,0.001906840631014675,99.88748578102651,0.0019079257562007832,99.94432872051226,False
802,333,DEQUANTIZE_LINEAR,1,dequantize_linear_stride,,,"[[1,32,49],[],[]]","[[1,32,49]]","[[],[]]",60,9.692605,0.16154341666666666,0.160208,0.17682825000000002,0.0019066665395410726,99.88939244756605,0.001907751565657002,99.94623647207791,False
803,621,DEQUANTIZE_LINEAR,1,dequantize_linear_stride,,,"[[1,32,49],[],[]]","[[1,32,49]]","[[],[]]",60,9.691402,0.16152336666666667,0.16010449999999998,0.16850310000000002,0.0019064298931650916,99.89129887745922,0.0019075147846127434,99.94814398686253,False
804,606,DEQUANTIZE_LINEAR,1,dequantize_linear_stride,,,"[[1,32,49],[],[]]","[[1,32,49]]","[[],[]]",60,9.691093,0.1615182166666667,0.160261,0.16847925,0.0019063691086844779,99.8932052465679,0.001907453965541525,99.95005144082808,False
805,726,DEQUANTIZE_LINEAR,1,dequantize_linear_stride,,,"[[1,32,49],[],[]]","[[1,32,49]]","[[],[]]",60,9.686716,0.16144526666666667,0.16052,0.16797600000000001,0.0019055080935658827,99.89511075466147,0.0019065924604453324,99.95195803328852,False
806,453,DEQUANTIZE_LINEAR,1,dequantize_linear_stride,,,"[[1,32,49],[],[]]","[[1,32,49]]","[[],[]]",60,9.686613,0.16144355,0.160156,0.16884934999999998,0.0019054878320723448,99.89701624249355,0.0019065721874215928,99.95386460547594,False
807,543,DEQUANTIZE_LINEAR,1,dequantize_linear_stride,,,"[[1,32,49],[],[]]","[[1,32,49]]","[[],[]]",60,9.686304,0.1614384,0.160261,0.16839900000000002,0.0019054270475917312,99.89892166954114,0.0019065113683503743,99.95577111684429,False
808,558,DEQUANTIZE_LINEAR,1,dequantize_linear_stride,,,"[[1,32,49],[],[]]","[[1,32,49]]","[[],[]]",60,9.685101,0.16141835,0.160469,0.170625,0.0019051904012157498,99.90082685994236,0.0019062745873061162,99.9576773914316,False
809,120,DEQUANTIZE_LINEAR,1,dequantize_linear_stride,,,"[[1,32,49],[],[]]","[[1,32,49]]","[[],[]]",60,9.684059,0.16140098333333333,0.15968749999999998,0.17456495,0.0019049854257180171,99.90273184536808,0.0019060694951630425,99.95958346092677,False
810,786,DEQUANTIZE_LINEAR,1,dequantize_linear_stride,,,"[[1,32,49],[],[]]","[[1,32,49]]","[[],[]]",60,9.67802,0.16130033333333332,0.160156,0.16370844999999995,0.001903797472713403,99.90463564284079,0.001904880866130393,99.9614883417929,False
811,468,DEQUANTIZE_LINEAR,1,dequantize_linear_stride,,,"[[1,32,49],[],[]]","[[1,32,49]]","[[],[]]",60,9.677605,0.16129341666666666,0.1602605,0.16804149999999998,0.001903715836598663,99.90653935867739,0.0019047991835590156,99.96339314097646,False
812,135,DEQUANTIZE_LINEAR,1,dequantize_linear_stride,,,"[[1,32,49],[],[]]","[[1,32,49]]","[[],[]]",60,9.676773,0.16127955000000002,0.159531,0.17651260000000002,0.001903552170942124,99.90844291084834,0.0019046354247653136,99.96529777640123,False
813,801,DEQUANTIZE_LINEAR,1,dequantize_linear_stride,,,"[[1,32,49],[],[]]","[[1,32,49]]","[[],[]]",60,9.675623,0.16126038333333334,0.160104,0.168516,0.0019033259503832061,99.91034623679872,0.001904409075471135,99.9672021854767,False
814,90,DEQUANTIZE_LINEAR,1,dequantize_linear_stride,,,"[[1,32,49],[],[]]","[[1,32,49]]","[[],[]]",60,9.675573,0.16125955,0.1595835,0.16831484999999996,0.001903316114706731,99.91224955291342,0.001904399234197475,99.96910658471089,False
815,60,DEQUANTIZE_LINEAR,1,dequantize_linear_stride,,,"[[1,32,49],[],[]]","[[1,32,49]]","[[],[]]",60,9.672342,0.1612057,0.16015649999999998,0.17048465000000002,0.0019026805332929362,99.91415223344671,0.0019037632910935687,99.97101034800198,False
816,243,DEQUANTIZE_LINEAR,1,dequantize_linear_stride,,,"[[1,32,49],[],[]]","[[1,32,49]]","[[],[]]",60,9.668907,0.16114845000000003,0.160078,0.16904694999999997,0.0019020048223191241,99.91605423826903,0.0019030871955931295,99.97291343519757,False
817,393,DEQUANTIZE_LINEAR,1,dequantize_linear_stride,,,"[[1,32,49],[],[]]","[[1,32,49]]","[[],[]]",60,9.666563,0.16110938333333333,0.1600525,0.1625411,0.0019015437258059903,99.91795578199483,0.001902625836683951,99.97481606103425,False
818,816,DEQUANTIZE_LINEAR,1,dequantize_linear_stride,,,"[[1,32,49],[],[]]","[[1,32,49]]","[[],[]]",60,9.662133,0.16103555,0.16041650000000002,0.1625681,0.001900672284870332,99.91985645427971,0.001901753899837679,99.97671781493409,False
819,363,DEQUANTIZE_LINEAR,1,dequantize_linear_stride,,,"[[1,32,49],[],[]]","[[1,32,49]]","[[],[]]",60,9.661615,0.16102691666666666,0.16026,0.16235905,0.001900570387262054,99.92175702466697,0.0019016519442425618,99.97861946687833,False
820,438,DEQUANTIZE_LINEAR,1,dequantize_linear_stride,,,"[[1,32,49],[],[]]","[[1,32,49]]","[[],[]]",60,9.654632,0.16091053333333333,0.160104,0.16247145000000002,0.0018991967366855976,99.92365622140366,0.0019002775119632124,99.98051974439029,False
821,288,DEQUANTIZE_LINEAR,1,dequantize_linear_stride,,,"[[1,32,49],[],[]]","[[1,32,49]]","[[],[]]",60,9.652192,0.16086986666666667,0.1600525,0.16297399999999998,0.0018987167556736321,99.92555493815934,0.0018997972578086064,99.9824195416481,False
822,573,DEQUANTIZE_LINEAR,1,dequantize_linear_stride,,,"[[1,32,49],[],[]]","[[1,32,49]]","[[],[]]",60,9.649685,0.16082808333333334,0.16046850000000001,0.16169044999999999,0.0018982235948551908,99.92745316175419,0.0018993038163472964,99.98431884546444,False
823,180,DEQUANTIZE_LINEAR,1,dequantize_linear_stride,,,"[[1,32,49],[],[]]","[[1,32,49]]","[[],[]]",60,9.646247,0.16077078333333333,0.159922,0.16305160000000002,0.0018975472937407905,99.92935070904792,0.001898627130370438,99.98621747259482,False
824,165,DEQUANTIZE_LINEAR,1,dequantize_linear_stride,,,"[[1,32,49],[],[]]","[[1,32,49]]","[[],[]]",60,9.645629,0.16076048333333331,0.1595835,0.16820624999999997,0.001897425724779563,99.9312481347727,0.001898505492228001,99.98811597808704,False
825,651,DEQUANTIZE_LINEAR,1,dequantize_linear_stride,,,"[[1,32,49],[],[]]","[[1,32,49]]","[[],[]]",60,9.64333,0.16072216666666667,0.160156,0.16364535,0.0018969734803752564,99.93314510825307,0.0018980529904651163,99.99001403107751,False
826,150,DEQUANTIZE_LINEAR,1,dequantize_linear_stride,,,"[[1,32,49],[],[]]","[[1,32,49]]","[[],[]]",60,9.638017,0.16063361666666667,0.1597135,0.1676146,0.0018959283413930552,99.93504103659447,0.0018970072567260092,99.99191103833424,False
827,105,DEQUANTIZE_LINEAR,1,dequantize_linear_stride,,,"[[1,32,49],[],[]]","[[1,32,49]]","[[],[]]",60,9.637805,0.16063008333333334,0.159453,0.16855769999999998,0.0018958866381248022,99.9369369232326,0.001896965529725691,99.99380800386396,False
828,711,DEQUANTIZE_LINEAR,1,dequantize_linear_stride,,,"[[1,32,49],[],[]]","[[1,32,49]]","[[],[]]",60,9.631875,0.16053125000000001,0.16015649999999998,0.16146934999999998,0.0018947201268949031,99.93883164335949,0.0018957983546696202,99.99570380221863,False
829,75,DEQUANTIZE_LINEAR,1,dequantize_linear_stride,,,"[[1,32,49],[],[]]","[[1,32,49]]","[[],[]]",60,9.624637,0.16041061666666667,0.159531,0.16684380000000001,0.0018932963143684254,99.94072493967386,0.0018943737318946052,99.99759817595053,False
830,195,DEQUANTIZE_LINEAR,1,dequantize_linear_stride,,,"[[1,32,49],[],[]]","[[1,32,49]]","[[],[]]",60,9.616827,0.16028045000000002,0.159688,0.16185424999999998,0.0018917599817030774,99.94261669965556,0.0018928365249489202,99.99949101247547,False
831,830,DEQUANTIZE_LINEAR,1,dequantize_linear_stride,,,"[[1,192,1],[],[]]","[[1,192,1]]","[[],[]]",60,1.310099,0.021834983333333332,0.0217445,0.023021,0.0002577141982765438,99.94287441385383,0.00025786085561267305,99.99974887333109,False
832,831,BATCH_NORMALIZATION,1,batch_normalization_stride,,,"[[1,192],[192],[192],[192],[192]]","[[1,192]]","[[192],[192],[192],[192]]",60,1.275885,0.02126475,0.020989,0.0221402,0.0002509838415784365,99.94312539769541,0.0002511266688726389,99.99999999999996,False
