rank,operator_id,operator_type,kernel_id,kernel_name,fusion_family,fusion_pattern,input_shapes,output_shapes,weight_shapes,call_count,total_exclusive_ms,mean_ms,p50_ms,p95_ms,end_to_end_share_pct,cumulative_end_to_end_share_pct,operator_exclusive_share_pct,cumulative_operator_exclusive_share_pct,in_top_bottleneck_set
1,0,QLINEAR_CONV,3,fused_quant_qlinear_conv_o4i4_layer_hybrid_v3,FUSION_CONV_BIAS_ACT,QuantizeLinear-QLinearConvInputPack,"[[1,1,80,98],[],[],[32,1,3,3],[32],[32],[],[],[32]]","[[1,32,80,98]]","[[],[],[32,1,3,3],[32],[32],[],[],[32]]",300,23760.877541,79.20292513666668,79.1272655,79.74059374999999,24.528922428956943,24.528922428956943,24.793922638531544,24.793922638531544,True
2,10,QLINEAR_CONV,3,fused_quant_qlinear_conv_o4i4_layer_hybrid_v3,FUSION_CONV_BIAS_ACT,QuantizeLinear-QLinearConvInputPack,"[[1,32,40,98],[],[],[32,32,3,3],[32],[32],[],[],[32]]","[[1,32,40,98]]","[[],[],[32,32,3,3],[32],[32],[],[],[32]]",300,4593.71702,15.312390066666667,15.341458,15.66109935,4.742203996873806,29.271126425830747,4.793436783664861,29.587359422196407,True
3,2,QLINEAR_CONV,1,qlinear_conv_o4i4_layer_hybrid_v3,,,"[[1,32,80,98],[],[],[32,32,3,3],[32],[32],[],[],[32]]","[[1,32,40,98]]","[[],[],[32,32,3,3],[32],[32],[],[],[32]]",300,4338.922022,14.463073406666666,14.411796500000001,14.954492100000001,4.479173023777632,33.75029944960838,4.527564134045922,34.11492355624233,True
4,6,QLINEAR_CONV,1,qlinear_conv_o4i4_layer_hybrid_v3,,,"[[1,32,40,98],[],[],[32,32,3,3],[32],[32],[],[],[32]]","[[1,32,40,98]]","[[],[],[32,32,3,3],[32],[32],[],[],[32]]",300,4261.629066,14.205430220000002,14.14573,14.5191832,4.399381655855411,38.149681105463785,4.446910733587096,38.56183428982943,True
5,12,QLINEAR_CONV,1,qlinear_conv_o4i4_layer_hybrid_v3,,,"[[1,32,40,98],[],[],[32,32,3,3],[32],[32],[],[],[32]]","[[1,32,40,98]]","[[],[],[32,32,3,3],[32],[32],[],[],[32]]",300,4249.104637,14.163682123333334,14.107266,14.41429395,4.386452388117808,42.536133493581595,4.433841783453333,42.99567607328276,True
6,25,QLINEAR_CONV,3,fused_quant_qlinear_conv_o4i4_layer_hybrid_v3,FUSION_CONV_BIAS_ACT,QuantizeLinear-QLinearConvInputPack,"[[1,32,20,98],[],[],[32,32,3,3],[32],[32],[],[],[32]]","[[1,32,20,98]]","[[],[],[32,32,3,3],[32],[32],[],[],[32]]",300,2392.706563,7.975688543333334,7.952552000000001,8.121146049999998,2.470048236973201,45.00618173055479,2.4967336041087975,45.49240967739156,True
7,27,QLINEAR_CONV,1,qlinear_conv_o4i4_layer_hybrid_v3,,,"[[1,32,20,98],[],[],[32,32,3,3],[32],[32],[],[],[32]]","[[1,32,20,98]]","[[],[],[32,32,3,3],[32],[32],[],[],[32]]",300,2227.442505,7.42480835,7.401823,7.59933245,2.299442195509379,47.30562392606417,2.3242844063924513,47.81669408378401,True
8,21,QLINEAR_CONV,1,qlinear_conv_o4i4_layer_hybrid_v3,,,"[[1,32,20,98],[],[],[32,32,3,3],[32],[32],[],[],[32]]","[[1,32,20,98]]","[[],[],[32,32,3,3],[32],[32],[],[],[32]]",300,2226.681103,7.422270343333333,7.393463000000001,7.6024766999999995,2.298656182006173,49.60428010807034,2.3234899011283994,50.140183984912404,True
9,825,QLINEAR_CONV,1,qlinear_conv_o4i4_layer_hybrid_v3,,,"[[1,1024,49],[],[],[512,1024,1],[512],[512],[],[],[512]]","[[1,512,49]]","[[],[],[512,1024,1],[512],[512],[],[],[512]]",300,2211.482197,7.371607323333333,7.339323,7.577116999999999,2.2829659876673607,51.8872460957377,2.307630196498212,52.447814181410614,True
10,582,QLINEAR_CONV,1,qlinear_conv_o4i4_layer_hybrid_v3,,,"[[1,1024,49],[],[],[512,1024,1],[512],[512],[],[]]","[[1,512,49]]","[[],[],[512,1024,1],[512],[512],[],[]]",300,2191.207288,7.304024293333334,7.288672,7.45336245,2.2620357139745217,54.14928180971222,2.2864738008902696,54.734287982300884,True
11,17,QLINEAR_CONV,1,qlinear_conv_o4i4_layer_hybrid_v3,,,"[[1,32,40,98],[],[],[32,32,3,3],[32],[32],[],[],[32]]","[[1,32,20,98]]","[[],[],[32,32,3,3],[32],[32],[],[],[32]]",300,2169.641099,7.232136996666666,7.168099,7.540576000000001,2.2397724210403096,56.38905423075253,2.2639699846591017,56.99825796695998,True
12,3,QLINEAR_CONV,1,qlinear_conv_o4i4_layer_hybrid_v3,,,"[[1,32,80,98],[],[],[32,32,1,1],[32],[32],[],[],[32]]","[[1,32,40,98]]","[[],[],[32,32,1,1],[32],[32],[],[],[32]]",300,1607.626857,5.35875619,5.328437,5.55142215,1.6595916713100178,58.048645902062546,1.6775212049851798,58.675779171945166,True
13,35,QLINEAR_CONV,3,fused_quant_qlinear_conv_o4i4_layer_hybrid_v3,FUSION_CONV_BIAS_ACT,QuantizeLinear-QLinearConvInputPack,"[[1,320,98],[],[],[128,320,5],[128],[128],[],[],[128]]","[[1,128,49]]","[[],[],[128,320,5],[128],[128],[],[],[128]]",300,1359.937924,4.533126413333334,4.5245055,4.5964659,1.4038964591452057,59.452542361207755,1.4190635687877935,60.09484274073296,True
14,31,QLINEAR_CONV,3,fused_quant_qlinear_conv_o4i4_layer_hybrid_v3,FUSION_CONV_BIAS_ACT,QuantizeLinear-QLinearConvInputPack,"[[1,32,20,98],[],[],[32,32,3,3],[32],[32],[],[],[32]]","[[1,32,10,98]]","[[],[],[32,32,3,3],[32],[32],[],[],[32]]",300,1292.381621,4.307938736666666,4.2872395,4.4627081,1.3341564710906915,60.78669883229845,1.3485701390970355,61.44341287982999,True
15,18,QLINEAR_CONV,1,qlinear_conv_o4i4_layer_hybrid_v3,,,"[[1,32,40,98],[],[],[32,32,1,1],[32],[32],[],[],[32]]","[[1,32,20,98]]","[[],[],[32,32,1,1],[32],[32],[],[],[32]]",300,797.758029,2.6591934299999997,2.64961,2.7348648499999997,0.8235447018593168,61.61024353415777,0.8324419340642317,62.27585481389423,True
16,219,QLINEAR_CONV,1,qlinear_conv_o4i4_layer_hybrid_v3,,,"[[1,512,49],[],[],[256,512,1],[256],[256],[],[]]","[[1,256,49]]","[[],[],[256,512,1],[256],[256],[],[]]",300,582.855571,1.9428519033333336,1.914896,2.1469661,0.6016957523422642,62.211939286500034,0.6081962213674594,62.884051035261685,True
17,810,QLINEAR_CONV,1,qlinear_conv_o4i4_layer_hybrid_v3,,,"[[1,992,49],[],[],[128,992,1],[128],[128],[],[],[128]]","[[1,128,49]]","[[],[],[128,992,1],[128],[128],[],[],[128]]",300,536.336831,1.7877894366666665,1.764323,1.83215085,0.5536733439533528,62.76561263045339,0.5596549989815534,63.443706034243235,True
18,567,QLINEAR_CONV,1,qlinear_conv_o4i4_layer_hybrid_v3,,,"[[1,992,49],[],[],[128,992,1],[128],[128],[],[],[128]]","[[1,128,49]]","[[],[],[128,992,1],[128],[128],[],[],[128]]",300,535.345998,1.78448666,1.760859,1.82839835,0.5526504833390883,63.318263113792476,0.5586210878094043,64.00232712205263,True
19,795,QLINEAR_CONV,1,qlinear_conv_o4i4_layer_hybrid_v3,,,"[[1,960,49],[],[],[128,960,1],[128],[128],[],[],[128]]","[[1,128,49]]","[[],[],[128,960,1],[128],[128],[],[],[128]]",300,520.097596,1.7336586533333331,1.7239325,1.7809890499999999,0.5369091930951502,63.855172306887624,0.5427097352553218,64.54503685730796,True
20,552,QLINEAR_CONV,1,qlinear_conv_o4i4_layer_hybrid_v3,,,"[[1,960,49],[],[],[128,960,1],[128],[128],[],[],[128]]","[[1,128,49]]","[[],[],[128,960,1],[128],[128],[],[],[128]]",300,517.712027,1.7257067566666668,1.699922,1.7707108500000002,0.5344465131352475,64.38961882002287,0.5402204495320645,65.08525730684002,True
21,780,QLINEAR_CONV,1,qlinear_conv_o4i4_layer_hybrid_v3,,,"[[1,928,49],[],[],[128,928,1],[128],[128],[],[],[128]]","[[1,128,49]]","[[],[],[128,928,1],[128],[128],[],[],[128]]",300,505.028077,1.6834269233333332,1.6597140000000001,1.73182565,0.5213525680523726,64.91097138807525,0.5269850429479284,65.61224234978795,True
22,537,QLINEAR_CONV,1,qlinear_conv_o4i4_layer_hybrid_v3,,,"[[1,928,49],[],[],[128,928,1],[128],[128],[],[],[128]]","[[1,128,49]]","[[],[],[128,928,1],[128],[128],[],[],[128]]",300,503.250731,1.6775024366666667,1.655338,1.71874225,0.5195177712487532,65.43048915932401,0.5251304237677292,66.13737277355568,True
23,765,QLINEAR_CONV,1,qlinear_conv_o4i4_layer_hybrid_v3,,,"[[1,896,49],[],[],[128,896,1],[128],[128],[],[],[128]]","[[1,128,49]]","[[],[],[128,896,1],[128],[128],[],[],[128]]",300,485.600729,1.6186690966666666,1.595755,1.6617986999999999,0.5012972518600273,65.93178641118404,0.5067130575150386,66.64408583107073,True
24,522,QLINEAR_CONV,1,qlinear_conv_o4i4_layer_hybrid_v3,,,"[[1,896,49],[],[],[128,896,1],[128],[128],[],[],[128]]","[[1,128,49]]","[[],[],[128,896,1],[128],[128],[],[],[128]]",300,484.447772,1.6148259066666666,1.5903385,1.65808355,0.5001070267613067,66.43189343794535,0.505509973722606,67.14959580479334,True
25,750,QLINEAR_CONV,1,qlinear_conv_o4i4_layer_hybrid_v3,,,"[[1,864,49],[],[],[128,864,1],[128],[128],[],[],[128]]","[[1,128,49]]","[[],[],[128,864,1],[128],[128],[],[],[128]]",300,470.852599,1.5695086633333333,1.55125,1.6151587,0.4860724043720523,66.9179658423174,0.49132372714826056,67.64091953194159,True
26,507,QLINEAR_CONV,1,qlinear_conv_o4i4_layer_hybrid_v3,,,"[[1,864,49],[],[],[128,864,1],[128],[128],[],[],[128]]","[[1,128,49]]","[[],[],[128,864,1],[128],[128],[],[],[128]]",300,469.643587,1.5654786233333333,1.5413545,1.6130262,0.4848243123555641,67.40279015467297,0.49006215126810493,68.1309816832097,True
27,735,QLINEAR_CONV,1,qlinear_conv_o4i4_layer_hybrid_v3,,,"[[1,832,49],[],[],[128,832,1],[128],[128],[],[],[128]]","[[1,128,49]]","[[],[],[128,832,1],[128],[128],[],[],[128]]",300,454.5263,1.5150876666666666,1.4952605,1.5678409,0.4692183752634076,67.87200852993638,0.47428761416459425,68.60526929737429,True
28,492,QLINEAR_CONV,1,qlinear_conv_o4i4_layer_hybrid_v3,,,"[[1,832,49],[],[],[128,832,1],[128],[128],[],[],[128]]","[[1,128,49]]","[[],[],[128,832,1],[128],[128],[],[],[128]]",300,452.54979,1.5084993,1.48414,1.5473903,0.46717797669704986,68.33918650663342,0.47222517198628144,69.07749446936057,True
29,720,QLINEAR_CONV,1,qlinear_conv_o4i4_layer_hybrid_v3,,,"[[1,800,49],[],[],[128,800,1],[128],[128],[],[],[128]]","[[1,128,49]]","[[],[],[128,800,1],[128],[128],[],[],[128]]",300,437.489472,1.45829824,1.4334635,1.51028355,0.45163085006673115,68.79081735670016,0.45651008070821875,69.53400455006879,True
30,477,QLINEAR_CONV,1,qlinear_conv_o4i4_layer_hybrid_v3,,,"[[1,800,49],[],[],[128,800,1],[128],[128],[],[],[128]]","[[1,128,49]]","[[],[],[128,800,1],[128],[128],[],[],[128]]",300,435.856935,1.45285645,1.4336455,1.4949559,0.44994554305875956,69.24076289975892,0.45480656634883976,69.98881111641762,True
31,462,QLINEAR_CONV,1,qlinear_conv_o4i4_layer_hybrid_v3,,,"[[1,768,49],[],[],[128,768,1],[128],[128],[],[],[128]]","[[1,128,49]]","[[],[],[128,768,1],[128],[128],[],[],[128]]",300,419.397094,1.3979903133333333,1.373802,1.4461044500000002,0.43295365534816055,69.67371655510708,0.43763110539659433,70.42644222181421,True
32,705,QLINEAR_CONV,1,qlinear_conv_o4i4_layer_hybrid_v3,,,"[[1,768,49],[],[],[128,768,1],[128],[128],[],[],[128]]","[[1,128,49]]","[[],[],[128,768,1],[128],[128],[],[],[128]]",300,417.701251,1.3923375033333334,1.3708075000000002,1.4320336999999999,0.4312029960416214,70.1049195511487,0.43586153269977196,70.86230375451399,True
33,690,QLINEAR_CONV,1,qlinear_conv_o4i4_layer_hybrid_v3,,,"[[1,736,49],[],[],[128,736,1],[128],[128],[],[],[128]]","[[1,128,49]]","[[],[],[128,736,1],[128],[128],[],[],[128]]",300,403.403695,1.3446789833333335,1.3227605,1.3858782,0.4164432868750504,70.52136283802375,0.42094236581410505,71.28324612032809,True
34,447,QLINEAR_CONV,1,qlinear_conv_o4i4_layer_hybrid_v3,,,"[[1,736,49],[],[],[128,736,1],[128],[128],[],[],[128]]","[[1,128,49]]","[[],[],[128,736,1],[128],[128],[],[],[128]]",300,402.727286,1.3424242866666667,1.3230724999999999,1.3830861,0.4157450136794322,70.93710785170317,0.4202365487671939,71.70348266909528,True
35,16,QUANTIZE_LINEAR,1,quantize_linear_stride_optimized,,,"[[1,32,40,98],[],[]]","[[1,32,40,98]]","[[],[]]",300,397.789592,1.3259653066666668,1.297813,1.5482919000000002,0.410647714015523,71.3477555657187,0.41508418001155784,72.11856684910684,True
36,432,QLINEAR_CONV,1,qlinear_conv_o4i4_layer_hybrid_v3,,,"[[1,704,49],[],[],[128,704,1],[128],[128],[],[],[128]]","[[1,128,49]]","[[],[],[128,704,1],[128],[128],[],[],[128]]",300,385.425105,1.28475035,1.2655205,1.3285394499999998,0.39788355823156607,71.74563912395027,0.4021821256318682,72.52074897473871,True
37,675,QLINEAR_CONV,1,qlinear_conv_o4i4_layer_hybrid_v3,,,"[[1,704,49],[],[],[128,704,1],[128],[128],[],[],[128]]","[[1,128,49]]","[[],[],[128,704,1],[128],[128],[],[],[128]]",300,385.341046,1.2844701533333334,1.265599,1.3295704500000003,0.3977967821145267,72.1434359060648,0.4020944120219867,72.92284338676069,True
38,660,QLINEAR_CONV,1,qlinear_conv_o4i4_layer_hybrid_v3,,,"[[1,672,49],[],[],[128,672,1],[128],[128],[],[],[128]]","[[1,128,49]]","[[],[],[128,672,1],[128],[128],[],[],[128]]",300,370.074281,1.2335809366666666,1.2146615,1.2786018000000001,0.38203653530630405,72.5254724413711,0.3861638981048349,73.30900728486553,True
39,417,QLINEAR_CONV,1,qlinear_conv_o4i4_layer_hybrid_v3,,,"[[1,672,49],[],[],[128,672,1],[128],[128],[],[],[128]]","[[1,128,49]]","[[],[],[128,672,1],[128],[128],[],[],[128]]",300,369.627186,1.23209062,1.214114,1.2708601,0.38157498843984466,72.90704742981094,0.385697364879244,73.69470464974478,True
40,645,QLINEAR_CONV,1,qlinear_conv_o4i4_layer_hybrid_v3,,,"[[1,640,49],[],[],[128,640,1],[128],[128],[],[],[128]]","[[1,128,49]]","[[],[],[128,640,1],[128],[128],[],[],[128]]",300,352.786883,1.1759562766666667,1.157657,1.2131458499999999,0.36419034070306133,73.271237770514,0.36812490068590936,74.06282955043069,True
41,402,QLINEAR_CONV,1,qlinear_conv_o4i4_layer_hybrid_v3,,,"[[1,640,49],[],[],[128,640,1],[128],[128],[],[],[128]]","[[1,128,49]]","[[],[],[128,640,1],[128],[128],[],[],[128]]",300,351.430314,1.17143438,1.158177,1.2106562500000002,0.36278992206477195,73.63402769257878,0.3667093525108981,74.42953890294159,True
42,387,QLINEAR_CONV,1,qlinear_conv_o4i4_layer_hybrid_v3,,,"[[1,608,49],[],[],[128,608,1],[128],[128],[],[],[128]]","[[1,128,49]]","[[],[],[128,608,1],[128],[128],[],[],[128]]",300,336.715526,1.1223850866666667,1.106979,1.1585436500000001,0.3475994943211948,73.98162718689998,0.3513548137450273,74.78089371668662,True
43,630,QLINEAR_CONV,1,qlinear_conv_o4i4_layer_hybrid_v3,,,"[[1,608,49],[],[],[128,608,1],[128],[128],[],[],[128]]","[[1,128,49]]","[[],[],[128,608,1],[128],[128],[],[],[128]]",300,336.038293,1.1201276433333334,1.105208,1.16158645,0.3469003704906601,74.32852755739064,0.35064813687329616,75.13154185355991,True
44,615,QLINEAR_CONV,1,qlinear_conv_o4i4_layer_hybrid_v3,,,"[[1,576,49],[],[],[128,576,1],[128],[128],[],[],[128]]","[[1,128,49]]","[[],[],[128,576,1],[128],[128],[],[],[128]]",300,322.455143,1.0748504766666667,1.0507555000000002,1.1366999500000003,0.3328781597319886,74.66140571712263,0.33647443601959465,75.46801628957951,True
45,372,QLINEAR_CONV,1,qlinear_conv_o4i4_layer_hybrid_v3,,,"[[1,576,49],[],[],[128,576,1],[128],[128],[],[],[128]]","[[1,128,49]]","[[],[],[128,576,1],[128],[128],[],[],[128]]",300,320.273539,1.0675784633333334,1.0535415000000001,1.1046594,0.33062603772200116,74.99203175484463,0.3341979830261992,75.80221427260571,True
46,600,QLINEAR_CONV,1,qlinear_conv_o4i4_layer_hybrid_v3,,,"[[1,544,49],[],[],[128,544,1],[128],[128],[],[],[128]]","[[1,128,49]]","[[],[],[128,544,1],[128],[128],[],[],[128]]",300,305.535523,1.0184517433333333,0.9990619999999999,1.0652506000000002,0.3154116311582311,75.30744338600286,0.3188192063830003,76.1210334789887,True
47,357,QLINEAR_CONV,1,qlinear_conv_o4i4_layer_hybrid_v3,,,"[[1,544,49],[],[],[128,544,1],[128],[128],[],[],[128]]","[[1,128,49]]","[[],[],[128,544,1],[128],[128],[],[],[128]]",300,302.913796,1.0097126533333334,0.997187,1.0483435,0.31270515964420825,75.62014854564707,0.3160834952837286,76.43711697427244,True
48,585,QLINEAR_CONV,1,qlinear_conv_o4i4_layer_hybrid_v3,,,"[[1,512,49],[],[],[128,512,1],[128],[128],[],[],[128]]","[[1,128,49]]","[[],[],[128,512,1],[128],[128],[],[],[128]]",300,292.136251,0.9737875033333334,0.9591145000000001,1.0196178,0.30157924205873904,75.9217277877058,0.30483737794222043,76.74195435221466,True
49,342,QLINEAR_CONV,1,qlinear_conv_o4i4_layer_hybrid_v3,,,"[[1,512,49],[],[],[128,512,1],[128],[128],[],[],[128]]","[[1,128,49]]","[[],[],[128,512,1],[128],[128],[],[],[128]]",300,286.43396,0.9547798666666667,0.9442185000000001,0.9894946,0.2956926306166747,76.21742041832248,0.2988871700144014,77.04084152222906,True
50,204,QLINEAR_CONV,1,qlinear_conv_o4i4_layer_hybrid_v3,,,"[[1,480,49],[],[],[128,480,1],[128],[128],[],[],[128]]","[[1,128,49]]","[[],[],[128,480,1],[128],[128],[],[],[128]]",300,272.53328,0.9084442666666667,0.8958335,0.94889575,0.2813426260412375,76.49876304436371,0.28438213399675955,77.32522365622582,True
51,327,QLINEAR_CONV,1,qlinear_conv_o4i4_layer_hybrid_v3,,,"[[1,480,49],[],[],[128,480,1],[128],[128],[],[],[128]]","[[1,128,49]]","[[],[],[128,480,1],[128],[128],[],[],[128]]",300,270.969157,0.9032305233333333,0.8926825,0.9391695999999999,0.2797279444424563,76.77849098880617,0.28275000805392636,77.60797366427974,True
52,312,QLINEAR_CONV,1,qlinear_conv_o4i4_layer_hybrid_v3,,,"[[1,448,49],[],[],[128,448,1],[128],[128],[],[],[128]]","[[1,128,49]]","[[],[],[128,448,1],[128],[128],[],[],[128]]",300,254.569479,0.84856493,0.8391919999999999,0.8826483,0.2627981644363201,77.04128915324249,0.2656373257917832,77.87361099007153,True
53,189,QLINEAR_CONV,1,qlinear_conv_o4i4_layer_hybrid_v3,,,"[[1,448,49],[],[],[128,448,1],[128],[128],[],[],[128]]","[[1,128,49]]","[[],[],[128,448,1],[128],[128],[],[],[128]]",300,254.52866,0.8484288666666667,0.840469,0.884948,0.2627560260059149,77.3040451792484,0.26559473211541595,78.13920572218694,True
54,1,DEQUANTIZE_LINEAR,4,fused_dequant_relu_quant_neon,FUSION_CONV_BIAS_ACT,DequantizeLinear-Relu-QuantizeLinear,"[[1,32,80,98],[],[],[],[]]","[[1,32,80,98]]","[[],[],[],[]]",300,244.325781,0.81441927,0.81125,0.83054975,0.25222334988268696,77.55626852913109,0.2549482653685632,78.39415398755551,True
55,174,QLINEAR_CONV,1,qlinear_conv_o4i4_layer_hybrid_v3,,,"[[1,416,49],[],[],[128,416,1],[128],[128],[],[],[128]]","[[1,128,49]]","[[],[],[128,416,1],[128],[128],[],[],[128]]",300,239.965257,0.79988419,0.7889845,0.84131855,0.2477218766201341,77.80399040575122,0.2503981600732976,78.64455214762881,True
56,297,QLINEAR_CONV,1,qlinear_conv_o4i4_layer_hybrid_v3,,,"[[1,416,49],[],[],[128,416,1],[128],[128],[],[],[128]]","[[1,128,49]]","[[],[],[128,416,1],[128],[128],[],[],[128]]",300,239.122138,0.7970737933333334,0.787083,0.8299220500000001,0.2468515047025273,78.05084191045376,0.24951838502184992,78.89407053265066,True
57,159,QLINEAR_CONV,1,qlinear_conv_o4i4_layer_hybrid_v3,,,"[[1,384,49],[],[],[128,384,1],[128],[128],[],[],[128]]","[[1,128,49]]","[[],[],[128,384,1],[128],[128],[],[],[128]]",300,223.21177,0.7440392333333333,0.7358075,0.78363565,0.23042685111745884,78.28126876157121,0.23291628635517056,79.12698681900584,True
58,282,QLINEAR_CONV,1,qlinear_conv_o4i4_layer_hybrid_v3,,,"[[1,384,49],[],[],[128,384,1],[128],[128],[],[],[128]]","[[1,128,49]]","[[],[],[128,384,1],[128],[128],[],[],[128]]",300,222.848977,0.7428299233333333,0.733047,0.7784866,0.2300523312227532,78.51132109279396,0.2325377203043048,79.35952453931014,True
59,144,QLINEAR_CONV,1,qlinear_conv_o4i4_layer_hybrid_v3,,,"[[1,352,49],[],[],[128,352,1],[128],[128],[],[],[128]]","[[1,128,49]]","[[],[],[128,352,1],[128],[128],[],[],[128]]",300,208.197071,0.6939902366666666,0.683516,0.7367190499999999,0.21492681807239827,78.72624791086636,0.2172487974417468,79.57677333675188,True
60,267,QLINEAR_CONV,1,qlinear_conv_o4i4_layer_hybrid_v3,,,"[[1,352,49],[],[],[128,352,1],[128],[128],[],[],[128]]","[[1,128,49]]","[[],[],[128,352,1],[128],[128],[],[],[128]]",300,207.140877,0.69046959,0.683047,0.7246402500000001,0.21383648373389472,78.94008439460026,0.21614668358748806,79.79292002033937,True
61,252,QLINEAR_CONV,1,qlinear_conv_o4i4_layer_hybrid_v3,,,"[[1,320,49],[],[],[128,320,1],[128],[128],[],[],[128]]","[[1,128,49]]","[[],[],[128,320,1],[128],[128],[],[],[128]]",300,191.710147,0.6390338233333334,0.630417,0.6752159,0.19790697193286513,79.13799136653313,0.20004507600940505,79.99296509634877,True
62,129,QLINEAR_CONV,1,qlinear_conv_o4i4_layer_hybrid_v3,,,"[[1,320,49],[],[],[128,320,1],[128],[128],[],[],[128]]","[[1,128,49]]","[[],[],[128,320,1],[128],[128],[],[],[128]]",300,191.185359,0.6372845300000001,0.630417,0.67289785,0.19736522072349014,79.33535658725661,0.199497471946753,80.19246256829553,True
63,237,QLINEAR_CONV,1,qlinear_conv_o4i4_layer_hybrid_v3,,,"[[1,288,49],[],[],[128,288,1],[128],[128],[],[],[128]]","[[1,128,49]]","[[],[],[128,288,1],[128],[128],[],[],[128]]",300,183.002029,0.6100067633333333,0.5795835,0.80917225,0.1889173733561446,79.52427396061276,0.19095835757290586,80.38342092586844,True
64,114,QLINEAR_CONV,1,qlinear_conv_o4i4_layer_hybrid_v3,,,"[[1,288,49],[],[],[128,288,1],[128],[128],[],[],[128]]","[[1,128,49]]","[[],[],[128,288,1],[128],[128],[],[],[128]]",300,175.868275,0.5862275833333334,0.5802605000000001,0.6182821000000001,0.18155302840754906,79.70582698902031,0.18351445132436287,80.56693537719279,True
65,8,ADD,1,add_stride_optimized,,,"[[1,32,40,98],[1,32,40,98]]","[[1,32,40,98]]",[],300,175.790846,0.5859694866666666,0.581563,0.6400469000000001,0.18147309659815042,79.88730008561846,0.1834336559651567,80.75036903315795,True
66,14,ADD,1,add_stride_optimized,,,"[[1,32,40,98],[1,32,40,98]]","[[1,32,40,98]]",[],300,175.451051,0.5848368366666666,0.576432,0.64981455,0.18112231808913426,80.0684224037076,0.18307908779197277,80.93344812094992,True
67,222,QLINEAR_CONV,1,qlinear_conv_o4i4_layer_hybrid_v3,,,"[[1,256,49],[],[],[128,256,1],[128],[128],[],[],[128]]","[[1,128,49]]","[[],[],[128,256,1],[128],[128],[],[],[128]]",300,167.389419,0.55796473,0.532917,0.7525833000000001,0.17280010247914315,80.24122250618674,0.1746669624483943,81.10811508339832,False
68,99,QLINEAR_CONV,1,qlinear_conv_o4i4_layer_hybrid_v3,,,"[[1,256,49],[],[],[128,256,1],[128],[128],[],[],[128]]","[[1,128,49]]","[[],[],[128,256,1],[128],[128],[],[],[128]]",300,160.694124,0.5356470799999999,0.529791,0.5681510500000001,0.16588838924756732,80.40711089543431,0.16768057796046007,81.27579566135877,False
69,828,CONCAT,5,fused_statistics_pooling_optimized,FUSION_STATS_POOLING,StatisticsPoolingMeanStd,"[[1,512,49],[],[]]","[[1,1024]]","[[],[]]",300,154.62208,0.5154069333333333,0.523281,0.57309555,0.15962007293626052,80.56673096837058,0.16134454138378138,81.43714020274255,False
70,84,QLINEAR_CONV,1,qlinear_conv_o4i4_layer_hybrid_v3,,,"[[1,224,49],[],[],[128,224,1],[128],[128],[],[],[128]]","[[1,128,49]]","[[],[],[128,224,1],[128],[128],[],[],[128]]",300,145.498587,0.48499528999999997,0.479427,0.5269877500000001,0.15020167280806754,80.71693264117864,0.1518243888033534,81.5889645915459,False
71,829,QLINEAR_CONV,3,fused_quant_qlinear_conv_o4i4_layer_hybrid_v3,FUSION_CONV_BIAS_ACT,QuantizeLinear-QLinearConvInputPack,"[[1,1024,1],[],[],[192,1024,1],[192],[192],[],[]]","[[1,192,1]]","[[],[],[192,1024,1],[192],[192],[],[]]",300,140.118121,0.4670604033333333,0.462735,0.5165568500000001,0.14464728901403848,80.86157993019269,0.14620999777200117,81.73517458931791,False
72,69,QLINEAR_CONV,1,qlinear_conv_o4i4_layer_hybrid_v3,,,"[[1,192,49],[],[],[128,192,1],[128],[128],[],[],[128]]","[[1,128,49]]","[[],[],[128,192,1],[128],[128],[],[],[128]]",300,130.004892,0.43334964000000004,0.42580700000000005,0.4741011,0.1342071607309297,80.99578709092361,0.13565707871338964,81.8708316680313,False
73,225,QLINEAR_CONV,3,fused_quant_qlinear_conv_o4i4_layer_hybrid_v3,FUSION_CONV_BIAS_ACT,QuantizeLinear-QLinearConvInputPack,"[[1,128,49],[],[],[32,128,3],[32],[32],[],[]]","[[1,32,49]]","[[],[],[32,128,3],[32],[32],[],[]]",300,128.985944,0.4299531466666666,0.41015650000000003,0.5667654000000002,0.13315527632943763,81.12894236725305,0.13459383019316587,82.00542549822447,False
74,588,QLINEAR_CONV,3,fused_quant_qlinear_conv_o4i4_layer_hybrid_v3,FUSION_CONV_BIAS_ACT,QuantizeLinear-QLinearConvInputPack,"[[1,128,49],[],[],[32,128,3],[32],[32],[],[]]","[[1,32,49]]","[[],[],[32,128,3],[32],[32],[],[]]",300,126.844012,0.42281337333333335,0.41773400000000005,0.46908555,0.13094410867431033,81.25988647592736,0.13235877400833607,82.1377842722328,False
75,570,QLINEAR_CONV,3,fused_quant_qlinear_conv_o4i4_layer_hybrid_v3,FUSION_CONV_BIAS_ACT,QuantizeLinear-QLinearConvInputPack,"[[1,128,49],[],[],[32,128,3],[32],[32],[],[]]","[[1,32,49]]","[[],[],[32,128,3],[32],[32],[],[]]",300,124.504477,0.41501492333333334,0.407865,0.4634484,0.12852895071409576,81.38841542664146,0.12991752369255774,82.26770179592536,False
76,768,QLINEAR_CONV,3,fused_quant_qlinear_conv_o4i4_layer_hybrid_v3,FUSION_CONV_BIAS_ACT,QuantizeLinear-QLinearConvInputPack,"[[1,128,49],[],[],[32,128,3],[32],[32],[],[]]","[[1,32,49]]","[[],[],[32,128,3],[32],[32],[],[]]",300,124.37802,0.4145934,0.4064845,0.46239505,0.12839840612716935,81.51681383276863,0.12978556875656302,82.39748736468192,False
77,813,QLINEAR_CONV,3,fused_quant_qlinear_conv_o4i4_layer_hybrid_v3,FUSION_CONV_BIAS_ACT,QuantizeLinear-QLinearConvInputPack,"[[1,128,49],[],[],[32,128,3],[32],[32],[],[]]","[[1,32,49]]","[[],[],[32,128,3],[32],[32],[],[]]",300,124.251671,0.4141722366666667,0.406771,0.46388785,0.12826797303122714,81.64508180579986,0.12965372651605442,82.52714109119798,False
78,540,QLINEAR_CONV,3,fused_quant_qlinear_conv_o4i4_layer_hybrid_v3,FUSION_CONV_BIAS_ACT,QuantizeLinear-QLinearConvInputPack,"[[1,128,49],[],[],[32,128,3],[32],[32],[],[]]","[[1,32,49]]","[[],[],[32,128,3],[32],[32],[],[]]",300,124.157288,0.41385762666666664,0.407448,0.46226605,0.1281705392019581,81.77325234500182,0.1295552400524819,82.65669633125046,False
79,753,QLINEAR_CONV,3,fused_quant_qlinear_conv_o4i4_layer_hybrid_v3,FUSION_CONV_BIAS_ACT,QuantizeLinear-QLinearConvInputPack,"[[1,128,49],[],[],[32,128,3],[32],[32],[],[]]","[[1,32,49]]","[[],[],[32,128,3],[32],[32],[],[]]",300,124.14927,0.4138309,0.405494,0.45892679999999997,0.12816226202870573,81.90141460703053,0.12954687345611474,82.78624320470658,False
80,510,QLINEAR_CONV,3,fused_quant_qlinear_conv_o4i4_layer_hybrid_v3,FUSION_CONV_BIAS_ACT,QuantizeLinear-QLinearConvInputPack,"[[1,128,49],[],[],[32,128,3],[32],[32],[],[]]","[[1,32,49]]","[[],[],[32,128,3],[32],[32],[],[]]",300,124.003748,0.4133458266666667,0.405,0.45952590000000004,0.12801203618609755,82.02942664321662,0.12939502463639085,82.91563822934297,False
81,555,QLINEAR_CONV,3,fused_quant_qlinear_conv_o4i4_layer_hybrid_v3,FUSION_CONV_BIAS_ACT,QuantizeLinear-QLinearConvInputPack,"[[1,128,49],[],[],[32,128,3],[32],[32],[],[]]","[[1,32,49]]","[[],[],[32,128,3],[32],[32],[],[]]",300,123.941725,0.4131390833333333,0.40669299999999997,0.46272625,0.1279480083591292,82.15737465157575,0.1293303050795834,83.04496853442255,False
82,465,QLINEAR_CONV,3,fused_quant_qlinear_conv_o4i4_layer_hybrid_v3,FUSION_CONV_BIAS_ACT,QuantizeLinear-QLinearConvInputPack,"[[1,128,49],[],[],[32,128,3],[32],[32],[],[]]","[[1,32,49]]","[[],[],[32,128,3],[32],[32],[],[]]",300,123.889479,0.41296493,0.40388,0.4562136,0.12789407356320207,82.28526872513895,0.12927578759469935,83.17424432201724,False
83,798,QLINEAR_CONV,3,fused_quant_qlinear_conv_o4i4_layer_hybrid_v3,FUSION_CONV_BIAS_ACT,QuantizeLinear-QLinearConvInputPack,"[[1,128,49],[],[],[32,128,3],[32],[32],[],[]]","[[1,32,49]]","[[],[],[32,128,3],[32],[32],[],[]]",300,123.875051,0.4129168366666667,0.407187,0.45628645,0.12787917919357308,82.41314790433252,0.12926073231253601,83.30350505432978,False
84,4,DEQUANTIZE_LINEAR,4,fused_dequant_relu_quant_neon,FUSION_CONV_BIAS_ACT,DequantizeLinear-Relu-QuantizeLinear,"[[1,32,40,98],[],[],[],[]]","[[1,32,40,98]]","[[],[],[],[]]",300,123.828069,0.41276023,0.409687,0.43292385,0.1278306785508014,82.54097858288333,0.12921170768912327,83.4327167620189,False
85,783,QLINEAR_CONV,3,fused_quant_qlinear_conv_o4i4_layer_hybrid_v3,FUSION_CONV_BIAS_ACT,QuantizeLinear-QLinearConvInputPack,"[[1,128,49],[],[],[32,128,3],[32],[32],[],[]]","[[1,32,49]]","[[],[],[32,128,3],[32],[32],[],[]]",300,123.712184,0.41237394666666666,0.40612000000000004,0.45959340000000004,0.12771104769243877,82.66868963057577,0.12909078438904698,83.56180754640795,False
86,738,QLINEAR_CONV,3,fused_quant_qlinear_conv_o4i4_layer_hybrid_v3,FUSION_CONV_BIAS_ACT,QuantizeLinear-QLinearConvInputPack,"[[1,128,49],[],[],[32,128,3],[32],[32],[],[]]","[[1,32,49]]","[[],[],[32,128,3],[32],[32],[],[]]",300,123.652291,0.4121743033333333,0.405,0.4559448,0.12764921871543644,82.7963388492912,0.12902828743766012,83.69083583384561,False
87,495,QLINEAR_CONV,3,fused_quant_qlinear_conv_o4i4_layer_hybrid_v3,FUSION_CONV_BIAS_ACT,QuantizeLinear-QLinearConvInputPack,"[[1,128,49],[],[],[32,128,3],[32],[32],[],[]]","[[1,32,49]]","[[],[],[32,128,3],[32],[32],[],[]]",300,123.560266,0.4118675533333333,0.403776,0.45876215000000004,0.12755421910598894,82.92389306839719,0.12893226149220108,83.8197680953378,False
88,723,QLINEAR_CONV,3,fused_quant_qlinear_conv_o4i4_layer_hybrid_v3,FUSION_CONV_BIAS_ACT,QuantizeLinear-QLinearConvInputPack,"[[1,128,49],[],[],[32,128,3],[32],[32],[],[]]","[[1,32,49]]","[[],[],[32,128,3],[32],[32],[],[]]",300,123.514683,0.41171561,0.404271,0.45661405,0.12750716268439213,83.05140023108159,0.1288846966927242,83.94865279203053,False
89,525,QLINEAR_CONV,3,fused_quant_qlinear_conv_o4i4_layer_hybrid_v3,FUSION_CONV_BIAS_ACT,QuantizeLinear-QLinearConvInputPack,"[[1,128,49],[],[],[32,128,3],[32],[32],[],[]]","[[1,32,49]]","[[],[],[32,128,3],[32],[32],[],[]]",300,123.327031,0.41109010333333335,0.4051045,0.4568647,0.12731344503470957,83.1787136761163,0.1286888861986489,84.07734167822917,False
90,633,QLINEAR_CONV,3,fused_quant_qlinear_conv_o4i4_layer_hybrid_v3,FUSION_CONV_BIAS_ACT,QuantizeLinear-QLinearConvInputPack,"[[1,128,49],[],[],[32,128,3],[32],[32],[],[]]","[[1,32,49]]","[[],[],[32,128,3],[32],[32],[],[]]",300,123.232433,0.4107747766666667,0.4016925,0.45503645000000004,0.12721578925579605,83.3059294653721,0.1285901753875809,84.20593185361676,False
91,480,QLINEAR_CONV,3,fused_quant_qlinear_conv_o4i4_layer_hybrid_v3,FUSION_CONV_BIAS_ACT,QuantizeLinear-QLinearConvInputPack,"[[1,128,49],[],[],[32,128,3],[32],[32],[],[]]","[[1,32,49]]","[[],[],[32,128,3],[32],[32],[],[]]",300,123.230355,0.41076785,0.40351499999999996,0.454739,0.12721364408667427,83.43314310945878,0.12858800704294993,84.33451986065971,False
92,708,QLINEAR_CONV,3,fused_quant_qlinear_conv_o4i4_layer_hybrid_v3,FUSION_CONV_BIAS_ACT,QuantizeLinear-QLinearConvInputPack,"[[1,128,49],[],[],[32,128,3],[32],[32],[],[]]","[[1,32,49]]","[[],[],[32,128,3],[32],[32],[],[]]",300,123.21609600000001,0.41072032,0.4038805,0.45261965,0.12719892417978906,83.56034203363858,0.12857312810835284,84.46309298876807,False
93,678,QLINEAR_CONV,3,fused_quant_qlinear_conv_o4i4_layer_hybrid_v3,FUSION_CONV_BIAS_ACT,QuantizeLinear-QLinearConvInputPack,"[[1,128,49],[],[],[32,128,3],[32],[32],[],[]]","[[1,32,49]]","[[],[],[32,128,3],[32],[32],[],[]]",300,122.871353,0.40957117666666665,0.403073,0.45086265000000003,0.1268430377319786,83.68718507137055,0.12821339681234212,84.59130638558041,False
94,405,QLINEAR_CONV,3,fused_quant_qlinear_conv_o4i4_layer_hybrid_v3,FUSION_CONV_BIAS_ACT,QuantizeLinear-QLinearConvInputPack,"[[1,128,49],[],[],[32,128,3],[32],[32],[],[]]","[[1,32,49]]","[[],[],[32,128,3],[32],[32],[],[]]",300,122.847868,0.40949289333333333,0.4027345,0.44918790000000003,0.12681879360453632,83.81400386497509,0.1281888907614961,84.7194952763419,False
95,618,QLINEAR_CONV,3,fused_quant_qlinear_conv_o4i4_layer_hybrid_v3,FUSION_CONV_BIAS_ACT,QuantizeLinear-QLinearConvInputPack,"[[1,128,49],[],[],[32,128,3],[32],[32],[],[]]","[[1,32,49]]","[[],[],[32,128,3],[32],[32],[],[]]",300,122.768751,0.40922917,0.401667,0.452357,0.12673711923234773,83.94074098420744,0.12810633401358107,84.84760161035548,False
96,603,QLINEAR_CONV,3,fused_quant_qlinear_conv_o4i4_layer_hybrid_v3,FUSION_CONV_BIAS_ACT,QuantizeLinear-QLinearConvInputPack,"[[1,128,49],[],[],[32,128,3],[32],[32],[],[]]","[[1,32,49]]","[[],[],[32,128,3],[32],[32],[],[]]",300,122.755568,0.4091852266666667,0.401823,0.45715845,0.1267235101060087,84.06746449431344,0.12809257785993816,84.97569418821541,False
97,693,QLINEAR_CONV,3,fused_quant_qlinear_conv_o4i4_layer_hybrid_v3,FUSION_CONV_BIAS_ACT,QuantizeLinear-QLinearConvInputPack,"[[1,128,49],[],[],[32,128,3],[32],[32],[],[]]","[[1,32,49]]","[[],[],[32,128,3],[32],[32],[],[]]",300,122.660578,0.40886859333333336,0.40252600000000005,0.45161405000000004,0.12662544965611555,84.19408994396956,0.12799345800599465,85.1036876462214,False
98,420,QLINEAR_CONV,3,fused_quant_qlinear_conv_o4i4_layer_hybrid_v3,FUSION_CONV_BIAS_ACT,QuantizeLinear-QLinearConvInputPack,"[[1,128,49],[],[],[32,128,3],[32],[32],[],[]]","[[1,32,49]]","[[],[],[32,128,3],[32],[32],[],[]]",300,122.553948,0.40851316000000004,0.4020315,0.45122665,0.12651537295570386,84.32060531692527,0.12788219208299223,85.2315698383044,False
99,11,DEQUANTIZE_LINEAR,4,fused_dequant_relu_quant_neon,FUSION_CONV_BIAS_ACT,DequantizeLinear-Relu-QuantizeLinear,"[[1,32,40,98],[],[],[],[]]","[[1,32,40,98]]","[[],[],[],[]]",300,122.476408,0.40825469333333336,0.405208,0.4195753,0.12643532655834924,84.44704064348362,0.12780128089786977,85.35937111920227,False
100,450,QLINEAR_CONV,3,fused_quant_qlinear_conv_o4i4_layer_hybrid_v3,FUSION_CONV_BIAS_ACT,QuantizeLinear-QLinearConvInputPack,"[[1,128,49],[],[],[32,128,3],[32],[32],[],[]]","[[1,32,49]]","[[],[],[32,128,3],[32],[32],[],[]]",300,122.394829,0.40798276333333333,0.40273499999999995,0.45215065000000004,0.12635111060465062,84.57339175408826,0.12771615511026202,85.48708727431253,False
101,435,QLINEAR_CONV,3,fused_quant_qlinear_conv_o4i4_layer_hybrid_v3,FUSION_CONV_BIAS_ACT,QuantizeLinear-QLinearConvInputPack,"[[1,128,49],[],[],[32,128,3],[32],[32],[],[]]","[[1,32,49]]","[[],[],[32,128,3],[32],[32],[],[]]",300,122.328393,0.40776131000000004,0.402604,0.44967415000000005,0.1262825271321893,84.69967428122045,0.12764683069067478,85.61473410500321,False
102,390,QLINEAR_CONV,3,fused_quant_qlinear_conv_o4i4_layer_hybrid_v3,FUSION_CONV_BIAS_ACT,QuantizeLinear-QLinearConvInputPack,"[[1,128,49],[],[],[32,128,3],[32],[32],[],[]]","[[1,32,49]]","[[],[],[32,128,3],[32],[32],[],[]]",300,122.296005,0.40765334999999997,0.4008855,0.44731020000000005,0.12624909222481862,84.82592337344528,0.12761303456656148,85.74234713956977,False
103,360,QLINEAR_CONV,3,fused_quant_qlinear_conv_o4i4_layer_hybrid_v3,FUSION_CONV_BIAS_ACT,QuantizeLinear-QLinearConvInputPack,"[[1,128,49],[],[],[32,128,3],[32],[32],[],[]]","[[1,32,49]]","[[],[],[32,128,3],[32],[32],[],[]]",300,122.260268,0.40753422666666667,0.400651,0.4444661,0.12621220006461406,84.95213557350989,0.12757574383890194,85.86992288340868,False
104,663,QLINEAR_CONV,3,fused_quant_qlinear_conv_o4i4_layer_hybrid_v3,FUSION_CONV_BIAS_ACT,QuantizeLinear-QLinearConvInputPack,"[[1,128,49],[],[],[32,128,3],[32],[32],[],[]]","[[1,32,49]]","[[],[],[32,128,3],[32],[32],[],[]]",300,122.212296,0.40737431999999996,0.401667,0.44859935,0.12616267742115395,85.07829825093104,0.12752568617353316,85.9974485695822,False
105,240,QLINEAR_CONV,3,fused_quant_qlinear_conv_o4i4_layer_hybrid_v3,FUSION_CONV_BIAS_ACT,QuantizeLinear-QLinearConvInputPack,"[[1,128,49],[],[],[32,128,3],[32],[32],[],[]]","[[1,32,49]]","[[],[],[32,128,3],[32],[32],[],[]]",300,122.19343,0.40731143333333336,0.399323,0.44141645,0.12614320159793377,85.20444145252897,0.12750599994167194,86.12495456952388,False
106,648,QLINEAR_CONV,3,fused_quant_qlinear_conv_o4i4_layer_hybrid_v3,FUSION_CONV_BIAS_ACT,QuantizeLinear-QLinearConvInputPack,"[[1,128,49],[],[],[32,128,3],[32],[32],[],[]]","[[1,32,49]]","[[],[],[32,128,3],[32],[32],[],[]]",300,121.95891,0.4065297,0.400886,0.4492944,0.12590110099040727,85.33034255351937,0.12726128378053037,86.2522158533044,False
107,330,QLINEAR_CONV,3,fused_quant_qlinear_conv_o4i4_layer_hybrid_v3,FUSION_CONV_BIAS_ACT,QuantizeLinear-QLinearConvInputPack,"[[1,128,49],[],[],[32,128,3],[32],[32],[],[]]","[[1,32,49]]","[[],[],[32,128,3],[32],[32],[],[]]",300,121.918127,0.40639375666666666,0.399531,0.44017425,0.1258589997236635,85.45620155324303,0.12721872766932518,86.37943458097374,False
108,375,QLINEAR_CONV,3,fused_quant_qlinear_conv_o4i4_layer_hybrid_v3,FUSION_CONV_BIAS_ACT,QuantizeLinear-QLinearConvInputPack,"[[1,128,49],[],[],[32,128,3],[32],[32],[],[]]","[[1,32,49]]","[[],[],[32,128,3],[32],[32],[],[]]",300,121.634118,0.40544706,0.4003385,0.44355665000000005,0.12556581043727855,85.58176736368031,0.12692237088862565,86.50635695186236,False
109,345,QLINEAR_CONV,3,fused_quant_qlinear_conv_o4i4_layer_hybrid_v3,FUSION_CONV_BIAS_ACT,QuantizeLinear-QLinearConvInputPack,"[[1,128,49],[],[],[32,128,3],[32],[32],[],[]]","[[1,32,49]]","[[],[],[32,128,3],[32],[32],[],[]]",300,121.574634,0.40524878000000003,0.399792,0.44245070000000003,0.12550440368076266,85.70727176736108,0.12686030071921858,86.63321725258157,False
110,270,QLINEAR_CONV,3,fused_quant_qlinear_conv_o4i4_layer_hybrid_v3,FUSION_CONV_BIAS_ACT,QuantizeLinear-QLinearConvInputPack,"[[1,128,49],[],[],[32,128,3],[32],[32],[],[]]","[[1,32,49]]","[[],[],[32,128,3],[32],[32],[],[]]",300,121.561927,0.40520642333333334,0.398541,0.43890865,0.12549128594061326,85.83276305330169,0.12684704126049598,86.76006429384206,False
111,285,QLINEAR_CONV,3,fused_quant_qlinear_conv_o4i4_layer_hybrid_v3,FUSION_CONV_BIAS_ACT,QuantizeLinear-QLinearConvInputPack,"[[1,128,49],[],[],[32,128,3],[32],[32],[],[]]","[[1,32,49]]","[[],[],[32,128,3],[32],[32],[],[]]",300,121.52469,0.4050823,0.397786,0.4347011,0.1254528452945171,85.95821589859621,0.12680818531775154,86.88687247915982,False
112,315,QLINEAR_CONV,3,fused_quant_qlinear_conv_o4i4_layer_hybrid_v3,FUSION_CONV_BIAS_ACT,QuantizeLinear-QLinearConvInputPack,"[[1,128,49],[],[],[32,128,3],[32],[32],[],[]]","[[1,32,49]]","[[],[],[32,128,3],[32],[32],[],[]]",300,121.39343,0.40464476666666666,0.39875,0.4362475,0.12531734245576592,86.08353324105198,0.12667121856305494,87.01354369772288,False
113,300,QLINEAR_CONV,3,fused_quant_qlinear_conv_o4i4_layer_hybrid_v3,FUSION_CONV_BIAS_ACT,QuantizeLinear-QLinearConvInputPack,"[[1,128,49],[],[],[32,128,3],[32],[32],[],[]]","[[1,32,49]]","[[],[],[32,128,3],[32],[32],[],[]]",300,121.12173,0.4037391,0.3989325,0.43682560000000004,0.12503686004460718,86.20857010109658,0.12638770593734217,87.13993140366023,False
114,255,QLINEAR_CONV,3,fused_quant_qlinear_conv_o4i4_layer_hybrid_v3,FUSION_CONV_BIAS_ACT,QuantizeLinear-QLinearConvInputPack,"[[1,128,49],[],[],[32,128,3],[32],[32],[],[]]","[[1,32,49]]","[[],[],[32,128,3],[32],[32],[],[]]",300,121.089803,0.4036326766666667,0.3983335,0.43878385,0.12500390103856718,86.33357400213515,0.12635439085599826,87.26628579451622,False
115,7,DEQUANTIZE_LINEAR,1,dequantize_linear_neon_combined,,,"[[1,32,40,98],[],[]]","[[1,32,40,98]]","[[],[]]",300,118.461618,0.39487206,0.392448,0.4100156,0.12229076277661917,86.45586476491177,0.12361194098404768,87.38989773550027,False
116,13,DEQUANTIZE_LINEAR,1,dequantize_linear_neon_combined,,,"[[1,32,40,98],[],[]]","[[1,32,40,98]]","[[],[]]",300,118.145624,0.39381874666666666,0.39224,0.40530004999999997,0.12196455460940644,86.57782931952117,0.12328220860035433,87.51317994410063,False
117,5,DEQUANTIZE_LINEAR,1,dequantize_linear_neon_combined,,,"[[1,32,40,98],[],[]]","[[1,32,40,98]]","[[],[]]",300,117.198326,0.39066108666666666,0.3847395,0.41459440000000003,0.1209866362173348,86.69881595573851,0.12229372518735293,87.63547366928798,False
118,824,BATCH_NORMALIZATION,2,fused_bn_relu_quant_v2_spatial2,FUSION_BN_RELU_QUANT,BatchNormalization-Relu-QuantizeLinear,"[[1,1024,49],[1024],[1024],[1024],[1024],[],[]]","[[1,1024,49]]","[[1024],[1024],[1024],[1024],[],[]]",300,112.929683,0.3764322766666667,0.369427,0.4259345,0.1165800139095838,86.8153959696481,0.11783949557689828,87.75331316486488,False
119,54,QLINEAR_CONV,1,qlinear_conv_o4i4_layer_hybrid_v3,,,"[[1,160,49],[],[],[128,160,1],[128],[128],[],[],[128]]","[[1,128,49]]","[[],[],[128,160,1],[128],[128],[],[],[128]]",300,112.782344,0.37594114666666667,0.372448,0.4177766,0.11642791233439896,86.9318238819825,0.11768575075996822,87.87099891562485,False
120,581,BATCH_NORMALIZATION,2,fused_bn_relu_quant_v2_spatial2,FUSION_BN_RELU_QUANT,BatchNormalization-Relu-QuantizeLinear,"[[1,1024,49],[1024],[1024],[1024],[1024],[],[]]","[[1,1024,49]]","[[1024],[1024],[1024],[1024],[],[]]",300,112.08156,0.37360519999999997,0.36388,0.41623445000000003,0.11570447624304277,87.04752835822553,0.11695449896792733,87.98795341459278,False
121,15,RELU,1,relu_stride_optimized,,,"[[1,32,40,98]]","[[1,32,40,98]]",[],300,111.173013,0.37057671,0.332812,0.5744897,0.11476656143549382,87.16229491966102,0.11600645132142941,88.1039598659142,False
122,809,BATCH_NORMALIZATION,2,fused_bn_relu_quant_v2_spatial2,FUSION_BN_RELU_QUANT,BatchNormalization-Relu-QuantizeLinear,"[[1,992,49],[992],[992],[992],[992],[],[]]","[[1,992,49]]","[[992],[992],[992],[992],[],[]]",300,108.945274,0.3631509133333333,0.35513,0.40925815,0.11246681316110149,87.27476173282213,0.11368185752940589,88.2176417234436,False
123,42,QLINEAR_CONV,3,fused_quant_qlinear_conv_o4i4_layer_hybrid_v3,FUSION_CONV_BIAS_ACT,QuantizeLinear-QLinearConvInputPack,"[[1,128,49],[],[],[32,128,3],[32],[32],[],[]]","[[1,32,49]]","[[],[],[32,128,3],[32],[32],[],[]]",300,108.358387,0.3611946233333333,0.357031,0.39756765,0.11186095566813965,87.38662268849026,0.11306945460571541,88.33071117804933,False
124,566,BATCH_NORMALIZATION,2,fused_bn_relu_quant_v2_spatial2,FUSION_BN_RELU_QUANT,BatchNormalization-Relu-QuantizeLinear,"[[1,992,49],[992],[992],[992],[992],[],[]]","[[1,992,49]]","[[992],[992],[992],[992],[],[]]",300,107.973399,0.35991133000000003,0.350625,0.4016853,0.11146352334385852,87.49808621183412,0.11266772858897667,88.4433789066383,False
125,57,QLINEAR_CONV,3,fused_quant_qlinear_conv_o4i4_layer_hybrid_v3,FUSION_CONV_BIAS_ACT,QuantizeLinear-QLinearConvInputPack,"[[1,128,49],[],[],[32,128,3],[32],[32],[],[]]","[[1,32,49]]","[[],[],[32,128,3],[32],[32],[],[]]",300,106.787026,0.3559567533333333,0.35020850000000003,0.39786925,0.11023880210876964,87.60832501394289,0.11142977597835921,88.55480868261667,False
126,9,RELU,1,relu_stride_optimized,,,"[[1,32,40,98]]","[[1,32,40,98]]",[],300,106.630998,0.35543666,0.332786,0.5633586,0.11007773067097694,87.71840274461387,0.11126696439218065,88.66607564700885,False
127,162,QLINEAR_CONV,3,fused_quant_qlinear_conv_o4i4_layer_hybrid_v3,FUSION_CONV_BIAS_ACT,QuantizeLinear-QLinearConvInputPack,"[[1,128,49],[],[],[32,128,3],[32],[32],[],[]]","[[1,32,49]]","[[],[],[32,128,3],[32],[32],[],[]]",300,106.227201,0.35409067,0.349974,0.37968205000000005,0.1096608813659395,87.82806362597981,0.11084561162175391,88.77692125863061,False
128,192,QLINEAR_CONV,3,fused_quant_qlinear_conv_o4i4_layer_hybrid_v3,FUSION_CONV_BIAS_ACT,QuantizeLinear-QLinearConvInputPack,"[[1,128,49],[],[],[32,128,3],[32],[32],[],[]]","[[1,32,49]]","[[],[],[32,128,3],[32],[32],[],[]]",300,106.218962,0.3540632066666667,0.348907,0.38835644999999996,0.1096523760490991,87.9377160020289,0.11083701441703088,88.88775827304764,False
129,207,QLINEAR_CONV,3,fused_quant_qlinear_conv_o4i4_layer_hybrid_v3,FUSION_CONV_BIAS_ACT,QuantizeLinear-QLinearConvInputPack,"[[1,128,49],[],[],[32,128,3],[32],[32],[],[]]","[[1,32,49]]","[[],[],[32,128,3],[32],[32],[],[]]",300,106.174073,0.3539135766666667,0.348334,0.38438815000000004,0.10960603606030812,88.04732203808922,0.11079017379039995,88.99854844683804,False
130,72,QLINEAR_CONV,3,fused_quant_qlinear_conv_o4i4_layer_hybrid_v3,FUSION_CONV_BIAS_ACT,QuantizeLinear-QLinearConvInputPack,"[[1,128,49],[],[],[32,128,3],[32],[32],[],[]]","[[1,32,49]]","[[],[],[32,128,3],[32],[32],[],[]]",300,106.115151,0.35371716999999997,0.349219,0.39439579999999996,0.1095452094698396,88.15686724755906,0.11072869005491137,89.10927713689296,False
131,87,QLINEAR_CONV,3,fused_quant_qlinear_conv_o4i4_layer_hybrid_v3,FUSION_CONV_BIAS_ACT,QuantizeLinear-QLinearConvInputPack,"[[1,128,49],[],[],[32,128,3],[32],[32],[],[]]","[[1,32,49]]","[[],[],[32,128,3],[32],[32],[],[]]",300,105.96375,0.35321250000000004,0.34872400000000003,0.38896840000000005,0.10938891459486041,88.26625616215392,0.11057070663553137,89.21984784352848,False
132,117,QLINEAR_CONV,3,fused_quant_qlinear_conv_o4i4_layer_hybrid_v3,FUSION_CONV_BIAS_ACT,QuantizeLinear-QLinearConvInputPack,"[[1,128,49],[],[],[32,128,3],[32],[32],[],[]]","[[1,32,49]]","[[],[],[32,128,3],[32],[32],[],[]]",300,105.868856,0.35289618666666667,0.347448,0.38371625000000004,0.10929095324806433,88.37554711540199,0.11047168695535328,89.33031953048383,False
133,147,QLINEAR_CONV,3,fused_quant_qlinear_conv_o4i4_layer_hybrid_v3,FUSION_CONV_BIAS_ACT,QuantizeLinear-QLinearConvInputPack,"[[1,128,49],[],[],[32,128,3],[32],[32],[],[]]","[[1,32,49]]","[[],[],[32,128,3],[32],[32],[],[]]",300,105.77693000000001,0.3525897666666667,0.348281,0.38238835000000004,0.10919605583868568,88.48474317124067,0.11037576431408985,89.44069529479792,False
134,102,QLINEAR_CONV,3,fused_quant_qlinear_conv_o4i4_layer_hybrid_v3,FUSION_CONV_BIAS_ACT,QuantizeLinear-QLinearConvInputPack,"[[1,128,49],[],[],[32,128,3],[32],[32],[],[]]","[[1,32,49]]","[[],[],[32,128,3],[32],[32],[],[]]",300,105.771001,0.3525700033333333,0.347552,0.3860966,0.10918993519011828,88.59393310643078,0.11036957754059758,89.55106487233851,False
135,132,QLINEAR_CONV,3,fused_quant_qlinear_conv_o4i4_layer_hybrid_v3,FUSION_CONV_BIAS_ACT,QuantizeLinear-QLinearConvInputPack,"[[1,128,49],[],[],[32,128,3],[32],[32],[],[]]","[[1,32,49]]","[[],[],[32,128,3],[32],[32],[],[]]",300,105.667765,0.3522258833333333,0.34781249999999997,0.38271584999999997,0.10908336219711723,88.7030164686279,0.11026185317759393,89.6613267255161,False
136,177,QLINEAR_CONV,3,fused_quant_qlinear_conv_o4i4_layer_hybrid_v3,FUSION_CONV_BIAS_ACT,QuantizeLinear-QLinearConvInputPack,"[[1,128,49],[],[],[32,128,3],[32],[32],[],[]]","[[1,32,49]]","[[],[],[32,128,3],[32],[32],[],[]]",300,105.499057,0.35166352333333334,0.34776,0.3811018,0.10890920089192117,88.81192566951981,0.1100858103065643,89.77141253582266,False
137,794,BATCH_NORMALIZATION,2,fused_bn_relu_quant_v2_spatial2,FUSION_BN_RELU_QUANT,BatchNormalization-Relu-QuantizeLinear,"[[1,960,49],[960],[960],[960],[960],[],[]]","[[1,960,49]]","[[960],[960],[960],[960],[],[]]",300,104.212342,0.3473744733333334,0.340391,0.3953208,0.10758089420927805,88.91950656372909,0.10874315315458037,89.88015568897724,False
138,551,BATCH_NORMALIZATION,2,fused_bn_relu_quant_v2_spatial2,FUSION_BN_RELU_QUANT,BatchNormalization-Relu-QuantizeLinear,"[[1,960,49],[960],[960],[960],[960],[],[]]","[[1,960,49]]","[[960],[960],[960],[960],[],[]]",300,103.687824,0.34562608,0.33786499999999997,0.38994740000000006,0.10703942172736354,89.02654598545645,0.10819583083064357,89.98835151980788,False
139,779,BATCH_NORMALIZATION,2,fused_bn_relu_quant_v2_spatial2,FUSION_BN_RELU_QUANT,BatchNormalization-Relu-QuantizeLinear,"[[1,928,49],[928],[928],[928],[928],[],[]]","[[1,928,49]]","[[928],[928],[928],[928],[],[]]",300,100.7602,0.33586733333333335,0.329245,0.37850305,0.10401716542082604,89.13056315087728,0.10514092333215339,90.09349244314004,False
140,39,QLINEAR_CONV,1,qlinear_conv_o4i4_layer_hybrid_v3,,,"[[1,128,49],[],[],[128,128,1],[128],[128],[],[],[128]]","[[1,128,49]]","[[],[],[128,128,1],[128],[128],[],[],[128]]",300,100.323385,0.33441128333333336,0.331927,0.36813019999999996,0.10356623084434348,89.23412938172163,0.10468511704727766,90.19817756018732,False
141,536,BATCH_NORMALIZATION,2,fused_bn_relu_quant_v2_spatial2,FUSION_BN_RELU_QUANT,BatchNormalization-Relu-QuantizeLinear,"[[1,928,49],[928],[928],[928],[928],[],[]]","[[1,928,49]]","[[928],[928],[928],[928],[],[]]",300,99.624525,0.33208175,0.3254685,0.3705782,0.1028447809442242,89.33697416266585,0.10395587290445234,90.30213343309177,False
142,521,BATCH_NORMALIZATION,2,fused_bn_relu_quant_v2_spatial2,FUSION_BN_RELU_QUANT,BatchNormalization-Relu-QuantizeLinear,"[[1,896,49],[896],[896],[896],[896],[],[]]","[[1,896,49]]","[[896],[896],[896],[896],[],[]]",300,96.53729,0.3217909666666667,0.314063,0.36366165,0.09965775438326101,89.43663191704911,0.1007344150426841,90.40286784813445,False
143,764,BATCH_NORMALIZATION,2,fused_bn_relu_quant_v2_spatial2,FUSION_BN_RELU_QUANT,BatchNormalization-Relu-QuantizeLinear,"[[1,896,49],[896],[896],[896],[896],[],[]]","[[1,896,49]]","[[896],[896],[896],[896],[],[]]",300,96.405618,0.32135206,0.3141925,0.36144775,0.09952182622705161,89.53615374327616,0.10059701837557752,90.50346486651003,False
144,749,BATCH_NORMALIZATION,2,fused_bn_relu_quant_v2_spatial2,FUSION_BN_RELU_QUANT,BatchNormalization-Relu-QuantizeLinear,"[[1,864,49],[864],[864],[864],[864],[],[]]","[[1,864,49]]","[[864],[864],[864],[864],[],[]]",300,93.29625,0.31098750000000003,0.30367200000000005,0.35282339999999995,0.0963119512405964,89.63246569451675,0.09735246524349311,90.60081733175352,False
145,506,BATCH_NORMALIZATION,2,fused_bn_relu_quant_v2_spatial2,FUSION_BN_RELU_QUANT,BatchNormalization-Relu-QuantizeLinear,"[[1,864,49],[864],[864],[864],[864],[],[]]","[[1,864,49]]","[[864],[864],[864],[864],[],[]]",300,92.929321,0.3097644033333333,0.299271,0.35164110000000004,0.09593316165412576,89.72839885617088,0.09696958337289993,90.69778691512641,False
146,734,BATCH_NORMALIZATION,2,fused_bn_relu_quant_v2_spatial2,FUSION_BN_RELU_QUANT,BatchNormalization-Relu-QuantizeLinear,"[[1,832,49],[832],[832],[832],[832],[],[]]","[[1,832,49]]","[[832],[832],[832],[832],[],[]]",300,88.985048,0.29661682666666667,0.29,0.33097875,0.09186139425880602,89.82026025042968,0.09285382630717276,90.79064074143359,False
147,491,BATCH_NORMALIZATION,2,fused_bn_relu_quant_v2_spatial2,FUSION_BN_RELU_QUANT,BatchNormalization-Relu-QuantizeLinear,"[[1,832,49],[832],[832],[832],[832],[],[]]","[[1,832,49]]","[[832],[832],[832],[832],[],[]]",300,88.13729,0.29379096666666665,0.28773400000000005,0.33209350000000004,0.09098623339049859,89.91124648382018,0.09196921056720579,90.88260995200079,False
148,719,BATCH_NORMALIZATION,2,fused_bn_relu_quant_v2_spatial2,FUSION_BN_RELU_QUANT,BatchNormalization-Relu-QuantizeLinear,"[[1,800,49],[800],[800],[800],[800],[],[]]","[[1,800,49]]","[[800],[800],[800],[800],[],[]]",300,84.978447,0.28326149,0.276875,0.31793545000000006,0.08772528417771995,89.9989717679979,0.08867303142423755,90.97128298342503,False
149,476,BATCH_NORMALIZATION,2,fused_bn_relu_quant_v2_spatial2,FUSION_BN_RELU_QUANT,BatchNormalization-Relu-QuantizeLinear,"[[1,800,49],[800],[800],[800],[800],[],[]]","[[1,800,49]]","[[800],[800],[800],[800],[],[]]",300,84.915775,0.28305258333333333,0.27486999999999995,0.3203208,0.08766058637252253,90.08663235437042,0.08860763465103669,91.05989061807607,False
150,704,BATCH_NORMALIZATION,2,fused_bn_relu_quant_v2_spatial2,FUSION_BN_RELU_QUANT,BatchNormalization-Relu-QuantizeLinear,"[[1,768,49],[768],[768],[768],[768],[],[]]","[[1,768,49]]","[[768],[768],[768],[768],[],[]]",300,80.784839,0.26928279666666666,0.262135,0.30604370000000003,0.08339612229588467,90.1700284766663,0.08429709908971354,91.14418771716578,False
151,461,BATCH_NORMALIZATION,2,fused_bn_relu_quant_v2_spatial2,FUSION_BN_RELU_QUANT,BatchNormalization-Relu-QuantizeLinear,"[[1,768,49],[768],[768],[768],[768],[],[]]","[[1,768,49]]","[[768],[768],[768],[768],[],[]]",300,80.129729,0.26709909666666665,0.261328,0.30387485000000003,0.0827198365676027,90.25274831323391,0.08361350705353134,91.2278012242193,False
152,689,BATCH_NORMALIZATION,2,fused_bn_relu_quant_v2_spatial2,FUSION_BN_RELU_QUANT,BatchNormalization-Relu-QuantizeLinear,"[[1,736,49],[736],[736],[736],[736],[],[]]","[[1,736,49]]","[[736],[736],[736],[736],[],[]]",300,77.532076,0.25844025333333337,0.252162,0.30490120000000004,0.08003821721981552,90.33278653045372,0.08090291661289567,91.3087041408322,False
153,446,BATCH_NORMALIZATION,2,fused_bn_relu_quant_v2_spatial2,FUSION_BN_RELU_QUANT,BatchNormalization-Relu-QuantizeLinear,"[[1,736,49],[736],[736],[736],[736],[],[]]","[[1,736,49]]","[[736],[736],[736],[736],[],[]]",300,77.423809,0.25807936333333337,0.251198,0.2957812,0.07992645060513417,90.41271298105885,0.08078994251849726,91.3894940833507,False
154,29,ADD,1,add_stride_optimized,,,"[[1,32,20,98],[1,32,20,98]]","[[1,32,20,98]]",[],300,76.099888,0.25366629333333335,0.236718,0.37183340000000004,0.07855973527843667,90.49127271633728,0.0794084617715473,91.46890254512225,False
155,674,BATCH_NORMALIZATION,2,fused_bn_relu_quant_v2_spatial2,FUSION_BN_RELU_QUANT,BatchNormalization-Relu-QuantizeLinear,"[[1,704,49],[704],[704],[704],[704],[],[]]","[[1,704,49]]","[[704],[704],[704],[704],[],[]]",300,73.7863,0.24595433333333333,0.2398695,0.2827923,0.0761713630271744,90.56744407936445,0.07699428654630766,91.54589683166856,False
156,431,BATCH_NORMALIZATION,2,fused_bn_relu_quant_v2_spatial2,FUSION_BN_RELU_QUANT,BatchNormalization-Relu-QuantizeLinear,"[[1,704,49],[704],[704],[704],[704],[],[]]","[[1,704,49]]","[[704],[704],[704],[704],[],[]]",300,73.354371,0.24451457000000001,0.23861949999999998,0.28333835,0.07572547238540261,90.64316955174985,0.07654357868870185,91.62244041035726,False
157,34,RESHAPE,1,reshape_stride_optimized,,,"[[1,32,10,98],[3]]","[[1,320,98]]",[[3]],300,70.878963,0.23626321,0.23111949999999998,0.28499225,0.07317004947615832,90.71633960122601,0.07396054806010247,91.69640095841736,False
158,659,BATCH_NORMALIZATION,2,fused_bn_relu_quant_v2_spatial2,FUSION_BN_RELU_QUANT,BatchNormalization-Relu-QuantizeLinear,"[[1,672,49],[672],[672],[672],[672],[],[]]","[[1,672,49]]","[[672],[672],[672],[672],[],[]]",300,70.142403,0.23380801,0.229062,0.27018205,0.07240968096396438,90.78874928218997,0.0731919648448098,91.76959292326217,False
159,416,BATCH_NORMALIZATION,2,fused_bn_relu_quant_v2_spatial2,FUSION_BN_RELU_QUANT,BatchNormalization-Relu-QuantizeLinear,"[[1,672,49],[672],[672],[672],[672],[],[]]","[[1,672,49]]","[[672],[672],[672],[672],[],[]]",300,69.173434,0.23057811333333333,0.225078,0.26560175,0.07140939108005534,90.86015867327002,0.07218086824773842,91.84177379150991,False
160,23,ADD,1,add_stride_optimized,,,"[[1,32,20,98],[1,32,20,98]]","[[1,32,20,98]]",[],300,68.796092,0.22932030666666667,0.2175,0.28624225000000003,0.07101985190452546,90.93117852517454,0.0717871206540258,91.91356091216393,False
161,232,QLINEAR_CONV,3,fused_quant_qlinear_conv_o4i4_layer_hybrid_v3,FUSION_CONV_BIAS_ACT,QuantizeLinear-QLinearConvInputPack,"[[1,128,49],[],[],[64,128,1],[64],[64],[],[],[64]]","[[1,64,49]]","[[],[],[64,128,1],[64],[64],[],[],[64]]",300,67.740987,0.22580329000000002,0.211667,0.3129393000000001,0.06993064176677921,91.00110916694132,0.07068614314591871,91.98424705530985,False
162,644,BATCH_NORMALIZATION,2,fused_bn_relu_quant_v2_spatial2,FUSION_BN_RELU_QUANT,BatchNormalization-Relu-QuantizeLinear,"[[1,640,49],[640],[640],[640],[640],[],[]]","[[1,640,49]]","[[640],[640],[640],[640],[],[]]",300,66.944481,0.22314826999999998,0.217917,0.25762485,0.06910838956441477,91.07021755650574,0.06985500767497285,92.05410206298482,False
163,401,BATCH_NORMALIZATION,2,fused_bn_relu_quant_v2_spatial2,FUSION_BN_RELU_QUANT,BatchNormalization-Relu-QuantizeLinear,"[[1,640,49],[640],[640],[640],[640],[],[]]","[[1,640,49]]","[[640],[640],[640],[640],[],[]]",300,65.876927,0.21958975666666666,0.213724,0.2516228,0.06800632802609245,91.13822388453183,0.06874103992513776,92.12284310290997,False
164,595,QLINEAR_CONV,3,fused_quant_qlinear_conv_o4i4_layer_hybrid_v3,FUSION_CONV_BIAS_ACT,QuantizeLinear-QLinearConvInputPack,"[[1,128,49],[],[],[64,128,1],[64],[64],[],[],[64]]","[[1,64,49]]","[[],[],[64,128,1],[64],[64],[],[],[64]]",300,65.318383,0.2177279433333333,0.212448,0.2585729000000001,0.06742972969021371,91.20565361422204,0.06815821226221495,92.19100131517219,False
165,730,QLINEAR_CONV,3,fused_quant_qlinear_conv_o4i4_layer_hybrid_v3,FUSION_CONV_BIAS_ACT,QuantizeLinear-QLinearConvInputPack,"[[1,128,49],[],[],[64,128,1],[64],[64],[],[],[64]]","[[1,64,49]]","[[],[],[64,128,1],[64],[64],[],[],[64]]",300,65.154272,0.21718090666666667,0.212239,0.26214040000000005,0.06726031397811331,91.27291392820015,0.0679869662536822,92.25898828142587,False
166,562,QLINEAR_CONV,3,fused_quant_qlinear_conv_o4i4_layer_hybrid_v3,FUSION_CONV_BIAS_ACT,QuantizeLinear-QLinearConvInputPack,"[[1,128,49],[],[],[64,128,1],[64],[64],[],[],[64]]","[[1,64,49]]","[[],[],[64,128,1],[64],[64],[],[],[64]]",300,64.801316,0.21600438666666666,0.211875,0.25314765000000006,0.06689594905388457,91.33980987725404,0.06761866488334327,92.32660694630921,False
167,655,QLINEAR_CONV,3,fused_quant_qlinear_conv_o4i4_layer_hybrid_v3,FUSION_CONV_BIAS_ACT,QuantizeLinear-QLinearConvInputPack,"[[1,128,49],[],[],[64,128,1],[64],[64],[],[],[64]]","[[1,64,49]]","[[],[],[64,128,1],[64],[64],[],[],[64]]",300,64.756185,0.21585395000000002,0.211094,0.25474,0.0668493592427031,91.40665923649675,0.06757157173534531,92.39417851804455,False
168,790,QLINEAR_CONV,3,fused_quant_qlinear_conv_o4i4_layer_hybrid_v3,FUSION_CONV_BIAS_ACT,QuantizeLinear-QLinearConvInputPack,"[[1,128,49],[],[],[64,128,1],[64],[64],[],[],[64]]","[[1,64,49]]","[[],[],[64,128,1],[64],[64],[],[],[64]]",300,64.747139,0.21582379666666668,0.211823,0.25505985000000003,0.06684002084045305,91.47349925733721,0.06756213244490661,92.46174065048946,False
169,820,QLINEAR_CONV,3,fused_quant_qlinear_conv_o4i4_layer_hybrid_v3,FUSION_CONV_BIAS_ACT,QuantizeLinear-QLinearConvInputPack,"[[1,128,49],[],[],[64,128,1],[64],[64],[],[],[64]]","[[1,64,49]]","[[],[],[64,128,1],[64],[64],[],[],[64]]",300,64.71761,0.21572536666666664,0.211172,0.2601457,0.06680953734719171,91.5403087946844,0.06753131962074513,92.5292719701102,False
170,577,QLINEAR_CONV,3,fused_quant_qlinear_conv_o4i4_layer_hybrid_v3,FUSION_CONV_BIAS_ACT,QuantizeLinear-QLinearConvInputPack,"[[1,128,49],[],[],[64,128,1],[64],[64],[],[],[64]]","[[1,64,49]]","[[],[],[64,128,1],[64],[64],[],[],[64]]",300,64.707187,0.21569062333333336,0.210807,0.2588254,0.06679877743489318,91.6071075721193,0.06752044346285847,92.59679241357306,False
171,775,QLINEAR_CONV,3,fused_quant_qlinear_conv_o4i4_layer_hybrid_v3,FUSION_CONV_BIAS_ACT,QuantizeLinear-QLinearConvInputPack,"[[1,128,49],[],[],[64,128,1],[64],[64],[],[],[64]]","[[1,64,49]]","[[],[],[64,128,1],[64],[64],[],[],[64]]",300,64.612407,0.21537469,0.2109895,0.24485465000000003,0.06670093377302484,91.67380850589232,0.06742154273902683,92.66421395631208,False
172,670,QLINEAR_CONV,3,fused_quant_qlinear_conv_o4i4_layer_hybrid_v3,FUSION_CONV_BIAS_ACT,QuantizeLinear-QLinearConvInputPack,"[[1,128,49],[],[],[64,128,1],[64],[64],[],[],[64]]","[[1,64,49]]","[[],[],[64,128,1],[64],[64],[],[],[64]]",300,64.612245,0.21537415000000001,0.211094,0.25605925,0.06670076653654856,91.74050927242887,0.06742137369579765,92.73163533000788,False
173,805,QLINEAR_CONV,3,fused_quant_qlinear_conv_o4i4_layer_hybrid_v3,FUSION_CONV_BIAS_ACT,QuantizeLinear-QLinearConvInputPack,"[[1,128,49],[],[],[64,128,1],[64],[64],[],[],[64]]","[[1,64,49]]","[[],[],[64,128,1],[64],[64],[],[],[64]]",300,64.587033,0.21529011,0.210365,0.2616218,0.06667473958568314,91.80718401201455,0.06739506556065054,92.79903039556852,False
174,610,QLINEAR_CONV,3,fused_quant_qlinear_conv_o4i4_layer_hybrid_v3,FUSION_CONV_BIAS_ACT,QuantizeLinear-QLinearConvInputPack,"[[1,128,49],[],[],[64,128,1],[64],[64],[],[],[64]]","[[1,64,49]]","[[],[],[64,128,1],[64],[64],[],[],[64]]",300,64.571827,0.21523942333333332,0.209609,0.2592061,0.06665904206803838,91.87384305408258,0.06737919845359648,92.86640959402212,False
175,745,QLINEAR_CONV,3,fused_quant_qlinear_conv_o4i4_layer_hybrid_v3,FUSION_CONV_BIAS_ACT,QuantizeLinear-QLinearConvInputPack,"[[1,128,49],[],[],[64,128,1],[64],[64],[],[],[64]]","[[1,64,49]]","[[],[],[64,128,1],[64],[64],[],[],[64]]",300,64.558644,0.21519548,0.21114549999999999,0.2502186,0.06664543294169938,91.94048848702428,0.0673654422999536,92.93377503632207,False
176,547,QLINEAR_CONV,3,fused_quant_qlinear_conv_o4i4_layer_hybrid_v3,FUSION_CONV_BIAS_ACT,QuantizeLinear-QLinearConvInputPack,"[[1,128,49],[],[],[64,128,1],[64],[64],[],[],[64]]","[[1,64,49]]","[[],[],[64,128,1],[64],[64],[],[],[64]]",300,64.554284,0.21518094666666665,0.21096399999999998,0.22755220000000018,0.06664093200937457,92.00712941903366,0.06736089274144014,93.00113592906351,False
177,517,QLINEAR_CONV,3,fused_quant_qlinear_conv_o4i4_layer_hybrid_v3,FUSION_CONV_BIAS_ACT,QuantizeLinear-QLinearConvInputPack,"[[1,128,49],[],[],[64,128,1],[64],[64],[],[],[64]]","[[1,64,49]]","[[],[],[64,128,1],[64],[64],[],[],[64]]",300,64.524277,0.2150809233333333,0.210781,0.25358055000000007,0.06660995506527578,92.07373937409893,0.06732958113540494,93.06846551019892,False
178,700,QLINEAR_CONV,3,fused_quant_qlinear_conv_o4i4_layer_hybrid_v3,FUSION_CONV_BIAS_ACT,QuantizeLinear-QLinearConvInputPack,"[[1,128,49],[],[],[64,128,1],[64],[64],[],[],[64]]","[[1,64,49]]","[[],[],[64,128,1],[64],[64],[],[],[64]]",300,64.450942,0.21483647333333333,0.210782,0.25557575000000005,0.06653424959003719,92.14027362368897,0.06725305776990384,93.13571856796882,False
179,184,QLINEAR_CONV,3,fused_quant_qlinear_conv_o4i4_layer_hybrid_v3,FUSION_CONV_BIAS_ACT,QuantizeLinear-QLinearConvInputPack,"[[1,128,49],[],[],[64,128,1],[64],[64],[],[],[64]]","[[1,64,49]]","[[],[],[64,128,1],[64],[64],[],[],[64]]",300,64.407707,0.21469235666666667,0.209479,0.24616585000000002,0.06648961706502265,92.20676324075399,0.06720794305377321,93.2029265110226,False
180,307,QLINEAR_CONV,3,fused_quant_qlinear_conv_o4i4_layer_hybrid_v3,FUSION_CONV_BIAS_ACT,QuantizeLinear-QLinearConvInputPack,"[[1,128,49],[],[],[64,128,1],[64],[64],[],[],[64]]","[[1,64,49]]","[[],[],[64,128,1],[64],[64],[],[],[64]]",300,64.389224,0.21463074666666665,0.210703,0.24527825,0.06647053662186679,92.27323377737585,0.06718865647349699,93.27011516749609,False
181,397,QLINEAR_CONV,3,fused_quant_qlinear_conv_o4i4_layer_hybrid_v3,FUSION_CONV_BIAS_ACT,QuantizeLinear-QLinearConvInputPack,"[[1,128,49],[],[],[64,128,1],[64],[64],[],[],[64]]","[[1,64,49]]","[[],[],[64,128,1],[64],[64],[],[],[64]]",300,64.337764,0.21445921333333337,0.210729,0.25137485000000004,0.06641741323254684,92.3396511906084,0.06713495916131745,93.33725012665741,False
182,412,QLINEAR_CONV,3,fused_quant_qlinear_conv_o4i4_layer_hybrid_v3,FUSION_CONV_BIAS_ACT,QuantizeLinear-QLinearConvInputPack,"[[1,128,49],[],[],[64,128,1],[64],[64],[],[],[64]]","[[1,64,49]]","[[],[],[64,128,1],[64],[64],[],[],[64]]",300,64.314729,0.21438243,0.2109375,0.25130464999999996,0.06639363365087204,92.40604482425927,0.0671109226749969,93.40436104933241,False
183,625,QLINEAR_CONV,3,fused_quant_qlinear_conv_o4i4_layer_hybrid_v3,FUSION_CONV_BIAS_ACT,QuantizeLinear-QLinearConvInputPack,"[[1,128,49],[],[],[64,128,1],[64],[64],[],[],[64]]","[[1,64,49]]","[[],[],[64,128,1],[64],[64],[],[],[64]]",300,64.305479,0.21435159666666667,0.210365,0.250482,0.06638408465454074,92.47242890891381,0.06710127051530664,93.47146231984772,False
184,472,QLINEAR_CONV,3,fused_quant_qlinear_conv_o4i4_layer_hybrid_v3,FUSION_CONV_BIAS_ACT,QuantizeLinear-QLinearConvInputPack,"[[1,128,49],[],[],[64,128,1],[64],[64],[],[],[64]]","[[1,64,49]]","[[],[],[64,128,1],[64],[64],[],[],[64]]",300,64.294052,0.21431350666666665,0.211667,0.22511710000000001,0.06637228828901878,92.53880119720283,0.06708934670678982,93.53855166655451,False
185,502,QLINEAR_CONV,3,fused_quant_qlinear_conv_o4i4_layer_hybrid_v3,FUSION_CONV_BIAS_ACT,QuantizeLinear-QLinearConvInputPack,"[[1,128,49],[],[],[64,128,1],[64],[64],[],[],[64]]","[[1,64,49]]","[[],[],[64,128,1],[64],[64],[],[],[64]]",300,64.288334,0.2142944466666667,0.210781,0.22585750000000002,0.06636638546080015,92.60516758266363,0.06708338010688615,93.60563504666139,False
186,760,QLINEAR_CONV,3,fused_quant_qlinear_conv_o4i4_layer_hybrid_v3,FUSION_CONV_BIAS_ACT,QuantizeLinear-QLinearConvInputPack,"[[1,128,49],[],[],[64,128,1],[64],[64],[],[],[64]]","[[1,64,49]]","[[],[],[64,128,1],[64],[64],[],[],[64]]",300,64.257291,0.21419096999999998,0.21106750000000002,0.2227626,0.06633433902911225,92.67150192169274,0.06705098745896565,93.67268603412036,False
187,685,QLINEAR_CONV,3,fused_quant_qlinear_conv_o4i4_layer_hybrid_v3,FUSION_CONV_BIAS_ACT,QuantizeLinear-QLinearConvInputPack,"[[1,128,49],[],[],[64,128,1],[64],[64],[],[],[64]]","[[1,64,49]]","[[],[],[64,128,1],[64],[64],[],[],[64]]",300,64.254357,0.21418119,0.210781,0.2251586,0.06633131019070834,92.73783323188344,0.06704792589825956,93.73973396001863,False
188,487,QLINEAR_CONV,3,fused_quant_qlinear_conv_o4i4_layer_hybrid_v3,FUSION_CONV_BIAS_ACT,QuantizeLinear-QLinearConvInputPack,"[[1,128,49],[],[],[64,128,1],[64],[64],[],[],[64]]","[[1,64,49]]","[[],[],[64,128,1],[64],[64],[],[],[64]]",300,64.251349,0.21417116333333336,0.21085949999999998,0.22876240000000003,0.0663282049603338,92.80416143684377,0.06704478712027596,93.8067787471389,False
189,640,QLINEAR_CONV,3,fused_quant_qlinear_conv_o4i4_layer_hybrid_v3,FUSION_CONV_BIAS_ACT,QuantizeLinear-QLinearConvInputPack,"[[1,128,49],[],[],[64,128,1],[64],[64],[],[],[64]]","[[1,64,49]]","[[],[],[64,128,1],[64],[64],[],[],[64]]",300,64.241879,0.21413959666666665,0.21020850000000002,0.25048410000000004,0.06631842885273839,92.87047986569651,0.06703490539570658,93.87381365253461,False
190,715,QLINEAR_CONV,3,fused_quant_qlinear_conv_o4i4_layer_hybrid_v3,FUSION_CONV_BIAS_ACT,QuantizeLinear-QLinearConvInputPack,"[[1,128,49],[],[],[64,128,1],[64],[64],[],[],[64]]","[[1,64,49]]","[[],[],[64,128,1],[64],[64],[],[],[64]]",300,64.216455,0.21405485,0.2109895,0.22418785,0.06629218304920029,92.93677204874571,0.06700837604349413,93.9408220285781,False
191,337,QLINEAR_CONV,3,fused_quant_qlinear_conv_o4i4_layer_hybrid_v3,FUSION_CONV_BIAS_ACT,QuantizeLinear-QLinearConvInputPack,"[[1,128,49],[],[],[64,128,1],[64],[64],[],[],[64]]","[[1,64,49]]","[[],[],[64,128,1],[64],[64],[],[],[64]]",300,64.195935,0.21398645000000002,0.209635,0.24645029999999998,0.06627099976220369,93.00304304850792,0.06698696390113261,94.00780899247923,False
192,442,QLINEAR_CONV,3,fused_quant_qlinear_conv_o4i4_layer_hybrid_v3,FUSION_CONV_BIAS_ACT,QuantizeLinear-QLinearConvInputPack,"[[1,128,49],[],[],[64,128,1],[64],[64],[],[],[64]]","[[1,64,49]]","[[],[],[64,128,1],[64],[64],[],[],[64]]",300,64.162413,0.21387471,0.210261,0.24812170000000003,0.06623639419949899,93.06927944270741,0.06695198447441512,94.07476097695364,False
193,629,BATCH_NORMALIZATION,2,fused_bn_relu_quant_v2_spatial2,FUSION_BN_RELU_QUANT,BatchNormalization-Relu-QuantizeLinear,"[[1,608,49],[608],[608],[608],[608],[],[]]","[[1,608,49]]","[[608],[608],[608],[608],[],[]]",300,64.125725,0.21375241666666667,0.20776050000000001,0.250482,0.06619852029923919,93.13547796300665,0.06691370140039174,94.14167467835404,False
194,457,QLINEAR_CONV,3,fused_quant_qlinear_conv_o4i4_layer_hybrid_v3,FUSION_CONV_BIAS_ACT,QuantizeLinear-QLinearConvInputPack,"[[1,128,49],[],[],[64,128,1],[64],[64],[],[],[64]]","[[1,64,49]]","[[],[],[64,128,1],[64],[64],[],[],[64]]",300,64.079472,0.21359824,0.211146,0.2215933,0.06615077222061082,93.20162873522726,0.06686543747151028,94.20854011582554,False
195,169,QLINEAR_CONV,3,fused_quant_qlinear_conv_o4i4_layer_hybrid_v3,FUSION_CONV_BIAS_ACT,QuantizeLinear-QLinearConvInputPack,"[[1,128,49],[],[],[64,128,1],[64],[64],[],[],[64]]","[[1,64,49]]","[[],[],[64,128,1],[64],[64],[],[],[64]]",300,64.061097,0.21353699,0.210495,0.2410966,0.06613180326843915,93.2677605384957,0.06684626358672016,94.27538637941227,False
196,124,QLINEAR_CONV,3,fused_quant_qlinear_conv_o4i4_layer_hybrid_v3,FUSION_CONV_BIAS_ACT,QuantizeLinear-QLinearConvInputPack,"[[1,128,49],[],[],[64,128,1],[64],[64],[],[],[64]]","[[1,64,49]]","[[],[],[64,128,1],[64],[64],[],[],[64]]",300,64.024424,0.21341474666666665,0.2109375,0.23908025,0.06609394485303825,93.33385448334873,0.06680799616484764,94.34219437557712,False
197,322,QLINEAR_CONV,3,fused_quant_qlinear_conv_o4i4_layer_hybrid_v3,FUSION_CONV_BIAS_ACT,QuantizeLinear-QLinearConvInputPack,"[[1,128,49],[],[],[64,128,1],[64],[64],[],[],[64]]","[[1,64,49]]","[[],[],[64,128,1],[64],[64],[],[],[64]]",300,64.009373,0.21336457666666667,0.21020850000000002,0.24502870000000002,0.06607840734560229,93.39993289069433,0.06679229079668568,94.4089866663738,False
198,532,QLINEAR_CONV,3,fused_quant_qlinear_conv_o4i4_layer_hybrid_v3,FUSION_CONV_BIAS_ACT,QuantizeLinear-QLinearConvInputPack,"[[1,128,49],[],[],[64,128,1],[64],[64],[],[],[64]]","[[1,64,49]]","[[],[],[64,128,1],[64],[64],[],[],[64]]",300,63.981775,0.21327258333333332,0.210078,0.22536920000000002,0.06604991726984535,93.46598280796418,0.06676349292607685,94.47575015929988,False
199,64,QLINEAR_CONV,3,fused_quant_qlinear_conv_o4i4_layer_hybrid_v3,FUSION_CONV_BIAS_ACT,QuantizeLinear-QLinearConvInputPack,"[[1,128,49],[],[],[64,128,1],[64],[64],[],[],[64]]","[[1,64,49]]","[[],[],[64,128,1],[64],[64],[],[],[64]]",300,63.968222,0.21322740666666665,0.21015650000000002,0.2526275,0.0660359261836531,93.53201873414784,0.06674935068604636,94.54249950998593,False
200,79,QLINEAR_CONV,3,fused_quant_qlinear_conv_o4i4_layer_hybrid_v3,FUSION_CONV_BIAS_ACT,QuantizeLinear-QLinearConvInputPack,"[[1,128,49],[],[],[64,128,1],[64],[64],[],[],[64]]","[[1,64,49]]","[[],[],[64,128,1],[64],[64],[],[],[64]]",300,63.95151,0.2131717,0.209948,0.24996275000000004,0.06601867398617323,93.59803740813402,0.06673191210304705,94.60923142208898,False
201,49,QLINEAR_CONV,3,fused_quant_qlinear_conv_o4i4_layer_hybrid_v3,FUSION_CONV_BIAS_ACT,QuantizeLinear-QLinearConvInputPack,"[[1,128,49],[],[],[64,128,1],[64],[64],[],[],[64]]","[[1,64,49]]","[[],[],[64,128,1],[64],[64],[],[],[64]]",300,63.945477,0.21315159,0.209948,0.24127900000000008,0.06601244597591735,93.66404985410993,0.06672561680797555,94.67595703889695,False
202,367,QLINEAR_CONV,3,fused_quant_qlinear_conv_o4i4_layer_hybrid_v3,FUSION_CONV_BIAS_ACT,QuantizeLinear-QLinearConvInputPack,"[[1,128,49],[],[],[64,128,1],[64],[64],[],[],[64]]","[[1,64,49]]","[[],[],[64,128,1],[64],[64],[],[],[64]]",300,63.924898,0.21308299333333333,0.209688,0.2477184,0.065991201781809,93.73004105589175,0.06670414310048735,94.74266118199743,False
203,214,QLINEAR_CONV,3,fused_quant_qlinear_conv_o4i4_layer_hybrid_v3,FUSION_CONV_BIAS_ACT,QuantizeLinear-QLinearConvInputPack,"[[1,128,49],[],[],[64,128,1],[64],[64],[],[],[64]]","[[1,64,49]]","[[],[],[64,128,1],[64],[64],[],[],[64]]",300,63.894587,0.21298195666666667,0.210156,0.24242735000000004,0.06595991101123619,93.79600096690298,0.06667251427752828,94.80933369627496,False
204,247,QLINEAR_CONV,3,fused_quant_qlinear_conv_o4i4_layer_hybrid_v3,FUSION_CONV_BIAS_ACT,QuantizeLinear-QLinearConvInputPack,"[[1,128,49],[],[],[64,128,1],[64],[64],[],[],[64]]","[[1,64,49]]","[[],[],[64,128,1],[64],[64],[],[],[64]]",300,63.837548,0.21279182666666666,0.2096615,0.24569795000000003,0.06590102828672355,93.8619019951897,0.06661299540870962,94.87594669168367,False
205,427,QLINEAR_CONV,3,fused_quant_qlinear_conv_o4i4_layer_hybrid_v3,FUSION_CONV_BIAS_ACT,QuantizeLinear-QLinearConvInputPack,"[[1,128,49],[],[],[64,128,1],[64],[64],[],[],[64]]","[[1,64,49]]","[[],[],[64,128,1],[64],[64],[],[],[64]]",300,63.825987,0.21275328999999998,0.20987,0.2228574,0.06588909358979529,93.92779108877949,0.06660093177431187,94.94254762345798,False
206,382,QLINEAR_CONV,3,fused_quant_qlinear_conv_o4i4_layer_hybrid_v3,FUSION_CONV_BIAS_ACT,QuantizeLinear-QLinearConvInputPack,"[[1,128,49],[],[],[64,128,1],[64],[64],[],[],[64]]","[[1,64,49]]","[[],[],[64,128,1],[64],[64],[],[],[64]]",300,63.725205,0.21241735,0.209062,0.24609665000000003,0.06578505391971286,93.9935761426992,0.06649576810318715,95.00904339156116,False
207,352,QLINEAR_CONV,3,fused_quant_qlinear_conv_o4i4_layer_hybrid_v3,FUSION_CONV_BIAS_ACT,QuantizeLinear-QLinearConvInputPack,"[[1,128,49],[],[],[64,128,1],[64],[64],[],[],[64]]","[[1,64,49]]","[[],[],[64,128,1],[64],[64],[],[],[64]]",300,63.713546,0.21237848666666667,0.209635,0.24110980000000004,0.06577301805503968,94.05934916075424,0.06648360220807052,95.07552699376923,False
208,199,QLINEAR_CONV,3,fused_quant_qlinear_conv_o4i4_layer_hybrid_v3,FUSION_CONV_BIAS_ACT,QuantizeLinear-QLinearConvInputPack,"[[1,128,49],[],[],[64,128,1],[64],[64],[],[],[64]]","[[1,64,49]]","[[],[],[64,128,1],[64],[64],[],[],[64]]",300,63.702815,0.21234271666666668,0.210469,0.22165595000000002,0.06576194018697143,94.12511110094121,0.0664724046593531,95.14199939842858,False
209,139,QLINEAR_CONV,3,fused_quant_qlinear_conv_o4i4_layer_hybrid_v3,FUSION_CONV_BIAS_ACT,QuantizeLinear-QLinearConvInputPack,"[[1,128,49],[],[],[64,128,1],[64],[64],[],[],[64]]","[[1,64,49]]","[[],[],[64,128,1],[64],[64],[],[],[64]]",300,63.696306,0.21232102,0.2099475,0.23845265000000002,0.06575522079052597,94.19086632173173,0.06646561266936132,95.20846501109794,False
210,109,QLINEAR_CONV,3,fused_quant_qlinear_conv_o4i4_layer_hybrid_v3,FUSION_CONV_BIAS_ACT,QuantizeLinear-QLinearConvInputPack,"[[1,128,49],[],[],[64,128,1],[64],[64],[],[],[64]]","[[1,64,49]]","[[],[],[64,128,1],[64],[64],[],[],[64]]",300,63.675424,0.21225141333333333,0.209479,0.24242725,0.06573366380226753,94.256599985534,0.06644382278842598,95.27490883388637,False
211,154,QLINEAR_CONV,3,fused_quant_qlinear_conv_o4i4_layer_hybrid_v3,FUSION_CONV_BIAS_ACT,QuantizeLinear-QLinearConvInputPack,"[[1,128,49],[],[],[64,128,1],[64],[64],[],[],[64]]","[[1,64,49]]","[[],[],[64,128,1],[64],[64],[],[],[64]]",300,63.656721,0.21218906999999998,0.208907,0.23651795000000003,0.06571435624784756,94.32231434178185,0.06642430664327063,95.34133314052964,False
212,277,QLINEAR_CONV,3,fused_quant_qlinear_conv_o4i4_layer_hybrid_v3,FUSION_CONV_BIAS_ACT,QuantizeLinear-QLinearConvInputPack,"[[1,128,49],[],[],[64,128,1],[64],[64],[],[],[64]]","[[1,64,49]]","[[],[],[64,128,1],[64],[64],[],[],[64]]",300,63.653648,0.21217882666666665,0.209062,0.2433054,0.06571118391641773,94.38802552569827,0.06642110003930002,95.40775424056895,False
213,292,QLINEAR_CONV,3,fused_quant_qlinear_conv_o4i4_layer_hybrid_v3,FUSION_CONV_BIAS_ACT,QuantizeLinear-QLinearConvInputPack,"[[1,128,49],[],[],[64,128,1],[64],[64],[],[],[64]]","[[1,64,49]]","[[],[],[64,128,1],[64],[64],[],[],[64]]",300,63.601045,0.21200348333333333,0.20968750000000003,0.22291425000000012,0.0656568805808484,94.45368240627911,0.06636621003322579,95.47412045060217,False
214,94,QLINEAR_CONV,3,fused_quant_qlinear_conv_o4i4_layer_hybrid_v3,FUSION_CONV_BIAS_ACT,QuantizeLinear-QLinearConvInputPack,"[[1,128,49],[],[],[64,128,1],[64],[64],[],[],[64]]","[[1,64,49]]","[[],[],[64,128,1],[64],[64],[],[],[64]]",300,63.518697,0.21172899,0.208802,0.24440105,0.06557187077004935,94.51925427704916,0.06628028181201785,95.54040073241418,False
215,262,QLINEAR_CONV,3,fused_quant_qlinear_conv_o4i4_layer_hybrid_v3,FUSION_CONV_BIAS_ACT,QuantizeLinear-QLinearConvInputPack,"[[1,128,49],[],[],[64,128,1],[64],[64],[],[],[64]]","[[1,64,49]]","[[],[],[64,128,1],[64],[64],[],[],[64]]",300,63.51574,0.21171913333333334,0.209948,0.22029480000000004,0.06556881818819511,94.58482309523735,0.06627719625134715,95.60667792866553,False
216,386,BATCH_NORMALIZATION,2,fused_bn_relu_quant_v2_spatial2,FUSION_BN_RELU_QUANT,BatchNormalization-Relu-QuantizeLinear,"[[1,608,49],[608],[608],[608],[608],[],[]]","[[1,608,49]]","[[608],[608],[608],[608],[],[]]",300,62.398548,0.20799515999999998,0.20213550000000002,0.24093455000000003,0.06441551415474914,94.6492386093921,0.06511143240392231,95.67178936106946,False
217,614,BATCH_NORMALIZATION,2,fused_bn_relu_quant_v2_spatial2,FUSION_BN_RELU_QUANT,BatchNormalization-Relu-QuantizeLinear,"[[1,576,49],[576],[576],[576],[576],[],[]]","[[1,576,49]]","[[576],[576],[576],[576],[],[]]",300,61.94464,0.20648213333333335,0.200521,0.249753,0.06394693406537023,94.71318554345747,0.06463778997141571,95.73642715104087,False
218,584,BATCH_NORMALIZATION,2,fused_bn_relu_quant_v2_spatial2,FUSION_BN_RELU_QUANT,BatchNormalization-Relu-QuantizeLinear,"[[1,512,49],[512],[512],[512],[512],[],[]]","[[1,512,49]]","[[512],[512],[512],[512],[],[]]",300,61.834586,0.20611528666666667,0.202995,0.24458665000000002,0.06383332268783005,94.7770188661453,0.06452295118411283,95.80095010222499,False
219,19,DEQUANTIZE_LINEAR,4,fused_dequant_relu_quant_neon,FUSION_CONV_BIAS_ACT,DequantizeLinear-Relu-QuantizeLinear,"[[1,32,20,98],[],[],[],[]]","[[1,32,20,98]]","[[],[],[],[]]",300,61.609844,0.20536614666666667,0.2034895,0.21928140000000002,0.06360131614366869,94.84062018228897,0.0642884381383714,95.86523854036336,False
220,26,DEQUANTIZE_LINEAR,4,fused_dequant_relu_quant_neon,FUSION_CONV_BIAS_ACT,DequantizeLinear-Relu-QuantizeLinear,"[[1,32,20,98],[],[],[],[]]","[[1,32,20,98]]","[[],[],[],[]]",300,61.337184,0.20445728,0.203334,0.21096845000000003,0.06331984270153934,94.90394002499052,0.06400392377500427,95.92924246413837,False
221,599,BATCH_NORMALIZATION,2,fused_bn_relu_quant_v2_spatial2,FUSION_BN_RELU_QUANT,BatchNormalization-Relu-QuantizeLinear,"[[1,544,49],[544],[544],[544],[544],[],[]]","[[1,544,49]]","[[544],[544],[544],[544],[],[]]",300,60.768593,0.20256197666666667,0.2003645,0.23363305,0.06273287260715889,94.96667289759768,0.06341061230144276,95.99265307643981,False
222,28,DEQUANTIZE_LINEAR,1,dequantize_linear_neon_combined,,,"[[1,32,20,98],[],[]]","[[1,32,20,98]]","[[],[]]",300,60.146876,0.20048958666666666,0.1966925,0.20785725000000002,0.06209105927179493,95.02876395686947,0.06276186508348074,96.0554149415233,False
223,20,DEQUANTIZE_LINEAR,1,dequantize_linear_neon_combined,,,"[[1,32,20,98],[],[]]","[[1,32,20,98]]","[[],[]]",300,59.591295,0.19863765,0.196458,0.2015838,0.06151751971171399,95.09028147658118,0.062182129242089,96.11759707076538,False
224,371,BATCH_NORMALIZATION,2,fused_bn_relu_quant_v2_spatial2,FUSION_BN_RELU_QUANT,BatchNormalization-Relu-QuantizeLinear,"[[1,576,49],[576],[576],[576],[576],[],[]]","[[1,576,49]]","[[576],[576],[576],[576],[],[]]",300,59.240585,0.19746861666666668,0.189896,0.2325598,0.06115547338702688,95.15143694996821,0.061816171520470545,96.17941324228586,False
225,22,DEQUANTIZE_LINEAR,1,dequantize_linear_neon_combined,,,"[[1,32,20,98],[],[]]","[[1,32,20,98]]","[[],[]]",300,58.697619,0.19565873,0.194063,0.20374745,0.060594956593294,95.2120319065615,0.06124959913794285,96.2406628414238,False
226,356,BATCH_NORMALIZATION,2,fused_bn_relu_quant_v2_spatial2,FUSION_BN_RELU_QUANT,BatchNormalization-Relu-QuantizeLinear,"[[1,544,49],[544],[544],[544],[544],[],[]]","[[1,544,49]]","[[544],[544],[544],[544],[],[]]",300,54.932717,0.18310905666666666,0.178099,0.21753650000000002,0.05670835817321147,95.26874026473472,0.05732101153554558,96.29798385295935,False
227,341,BATCH_NORMALIZATION,2,fused_bn_relu_quant_v2_spatial2,FUSION_BN_RELU_QUANT,BatchNormalization-Relu-QuantizeLinear,"[[1,512,49],[512],[512],[512],[512],[],[]]","[[1,512,49]]","[[512],[512],[512],[512],[],[]]",300,52.149896,0.17383298666666666,0.16908849999999997,0.20596400000000004,0.05383558546837813,95.3225758502031,0.05441720259701521,96.35240105555636,False
228,30,RELU,1,relu_stride_optimized,,,"[[1,32,20,98]]","[[1,32,20,98]]",[],300,50.241656,0.16747218666666666,0.153776,0.2574887,0.051865663656565156,95.37444151385967,0.05242599857460013,96.40482705413096,False
229,218,BATCH_NORMALIZATION,2,fused_bn_relu_quant_v2_spatial2,FUSION_BN_RELU_QUANT,BatchNormalization-Relu-QuantizeLinear,"[[1,512,49],[512],[512],[512],[512],[],[]]","[[1,512,49]]","[[512],[512],[512],[512],[],[]]",300,48.926392,0.16308797333333333,0.157396,0.19517944999999998,0.05050788515810985,95.42494939901778,0.051053551205643526,96.4558806053366,False
230,326,BATCH_NORMALIZATION,2,fused_bn_relu_quant_v2_spatial2,FUSION_BN_RELU_QUANT,BatchNormalization-Relu-QuantizeLinear,"[[1,480,49],[480],[480],[480],[480],[],[]]","[[1,480,49]]","[[480],[480],[480],[480],[],[]]",300,48.110365,0.16036788333333335,0.155833,0.19142945,0.049665480960352594,95.47461487997813,0.050202046025582675,96.50608265136219,False
231,24,RELU,1,relu_stride_optimized,,,"[[1,32,20,98]]","[[1,32,20,98]]",[],300,47.119943,0.15706647666666668,0.153438,0.19375025,0.04864304463122239,95.52325792460935,0.04916856372236694,96.55525121508455,False
232,203,BATCH_NORMALIZATION,2,fused_bn_relu_quant_v2_spatial2,FUSION_BN_RELU_QUANT,BatchNormalization-Relu-QuantizeLinear,"[[1,480,49],[480],[480],[480],[480],[],[]]","[[1,480,49]]","[[480],[480],[480],[480],[],[]]",300,45.753947,0.15251315666666665,0.1478645,0.18105505,0.0472328942752665,95.57049081888462,0.047743178692285344,96.60299439377684,False
233,311,BATCH_NORMALIZATION,2,fused_bn_relu_quant_v2_spatial2,FUSION_BN_RELU_QUANT,BatchNormalization-Relu-QuantizeLinear,"[[1,448,49],[448],[448],[448],[448],[],[]]","[[1,448,49]]","[[448],[448],[448],[448],[],[]]",300,44.947871,0.14982623666666667,0.144896,0.17953884999999997,0.04640076273291388,95.61689158161754,0.046902057149097766,96.64989645092594,False
234,188,BATCH_NORMALIZATION,2,fused_bn_relu_quant_v2_spatial2,FUSION_BN_RELU_QUANT,BatchNormalization-Relu-QuantizeLinear,"[[1,448,49],[448],[448],[448],[448],[],[]]","[[1,448,49]]","[[448],[448],[448],[448],[],[]]",300,42.645924,0.14215308000000001,0.136745,0.17393725,0.04402440776449407,95.66091598938203,0.04450002903639373,96.69439647996234,False
235,296,BATCH_NORMALIZATION,2,fused_bn_relu_quant_v2_spatial2,FUSION_BN_RELU_QUANT,BatchNormalization-Relu-QuantizeLinear,"[[1,416,49],[416],[416],[416],[416],[],[]]","[[1,416,49]]","[[416],[416],[416],[416],[],[]]",300,41.727724,0.13909241333333333,0.1347395,0.1688098,0.04307652793407092,95.70399251731611,0.0435419087090861,96.73793838867142,False
236,173,BATCH_NORMALIZATION,2,fused_bn_relu_quant_v2_spatial2,FUSION_BN_RELU_QUANT,BatchNormalization-Relu-QuantizeLinear,"[[1,416,49],[416],[416],[416],[416],[],[]]","[[1,416,49]]","[[416],[416],[416],[416],[],[]]",300,38.960837,0.12986945666666666,0.1259635,0.15692965,0.04022020427870171,95.7442127215948,0.040654726528664344,96.77859311520008,False
237,281,BATCH_NORMALIZATION,2,fused_bn_relu_quant_v2_spatial2,FUSION_BN_RELU_QUANT,BatchNormalization-Relu-QuantizeLinear,"[[1,384,49],[384],[384],[384],[384],[],[]]","[[1,384,49]]","[[384],[384],[384],[384],[],[]]",300,38.862711,0.12954237,0.1245575,0.15594315,0.04011890646097125,95.78433162805578,0.040552334331716636,96.8191454495318,False
238,158,BATCH_NORMALIZATION,2,fused_bn_relu_quant_v2_spatial2,FUSION_BN_RELU_QUANT,BatchNormalization-Relu-QuantizeLinear,"[[1,384,49],[384],[384],[384],[384],[],[]]","[[1,384,49]]","[[384],[384],[384],[384],[],[]]",300,36.557294,0.12185764666666667,0.1167185,0.15118245000000002,0.03773896932852228,95.8220705973843,0.03814668535478285,96.85729213488659,False
239,266,BATCH_NORMALIZATION,2,fused_bn_relu_quant_v2_spatial2,FUSION_BN_RELU_QUANT,BatchNormalization-Relu-QuantizeLinear,"[[1,352,49],[352],[352],[352],[352],[],[]]","[[1,352,49]]","[[352],[352],[352],[352],[],[]]",300,35.578027,0.11859342333333332,0.113802,0.15104985000000004,0.036728048572805684,95.85879864595711,0.037124843034415204,96.89441697792101,False
240,143,BATCH_NORMALIZATION,2,fused_bn_relu_quant_v2_spatial2,FUSION_BN_RELU_QUANT,BatchNormalization-Relu-QuantizeLinear,"[[1,352,49],[352],[352],[352],[352],[],[]]","[[1,352,49]]","[[352],[352],[352],[352],[],[]]",300,32.853596,0.10951198666666667,0.10653599999999999,0.1351586,0.03391555326211132,95.89271419921921,0.03428196270175666,96.92869894062277,False
241,251,BATCH_NORMALIZATION,2,fused_bn_relu_quant_v2_spatial2,FUSION_BN_RELU_QUANT,BatchNormalization-Relu-QuantizeLinear,"[[1,320,49],[320],[320],[320],[320],[],[]]","[[1,320,49]]","[[320],[320],[320],[320],[],[]]",300,32.723284,0.10907761333333334,0.106068,0.13771325,0.0337810290664436,95.92649522828566,0.03414598516299374,96.96284492578576,False
242,236,BATCH_NORMALIZATION,2,fused_bn_relu_quant_v2_spatial2,FUSION_BN_RELU_QUANT,BatchNormalization-Relu-QuantizeLinear,"[[1,288,49],[288],[288],[288],[288],[],[]]","[[1,288,49]]","[[288],[288],[288],[288],[],[]]",300,30.815209,0.10271736333333333,0.097682,0.130443,0.031811277588078696,95.95830650587374,0.03215495331423799,96.99499987909999,False
243,32,DEQUANTIZE_LINEAR,1,dequantize_linear_neon_combined,,,"[[1,32,10,98],[],[]]","[[1,32,10,98]]","[[],[]]",300,30.124592,0.10041530666666666,0.09974,0.10198255,0.031098337134095537,95.98940484300783,0.03143431055004259,97.02643418965003,False
244,128,BATCH_NORMALIZATION,2,fused_bn_relu_quant_v2_spatial2,FUSION_BN_RELU_QUANT,BatchNormalization-Relu-QuantizeLinear,"[[1,320,49],[320],[320],[320],[320],[],[]]","[[1,320,49]]","[[320],[320],[320],[320],[],[]]",300,30.056509,0.10018836333333332,0.096823,0.1271958,0.031028053424125266,96.02043289643196,0.03136326752429212,97.05779745717433,False
245,113,BATCH_NORMALIZATION,2,fused_bn_relu_quant_v2_spatial2,FUSION_BN_RELU_QUANT,BatchNormalization-Relu-QuantizeLinear,"[[1,288,49],[288],[288],[288],[288],[],[]]","[[1,288,49]]","[[288],[288],[288],[288],[],[]]",300,26.707281,0.08902426999999999,0.086562,0.10729455,0.027570565220369596,96.04800346165233,0.027868426065363872,97.0856658832397,False
246,221,BATCH_NORMALIZATION,2,fused_bn_relu_quant_v2_spatial2,FUSION_BN_RELU_QUANT,BatchNormalization-Relu-QuantizeLinear,"[[1,256,49],[256],[256],[256],[256],[],[]]","[[1,256,49]]","[[256],[256],[256],[256],[],[]]",300,26.674892,0.08891630666666667,0.083672,0.11435945,0.027537129280674998,96.075540590933,0.027834628897773838,97.11350051213748,False
247,33,RELU,1,relu_stride_optimized,,,"[[1,32,10,98]]","[[1,32,10,98]]",[],300,24.288841,0.08096280333333333,0.076042,0.09775325000000001,0.02507395174063908,96.10061454267364,0.02534484021873581,97.13884535235621,False
248,98,BATCH_NORMALIZATION,2,fused_bn_relu_quant_v2_spatial2,FUSION_BN_RELU_QUANT,BatchNormalization-Relu-QuantizeLinear,"[[1,256,49],[256],[256],[256],[256],[],[]]","[[1,256,49]]","[[256],[256],[256],[256],[],[]]",300,23.975414,0.07991804666666667,0.0771875,0.10143300000000001,0.024750393548948778,96.12536493622258,0.025017786439791075,97.163863138796,False
249,826,DEQUANTIZE_LINEAR,1,dequantize_linear_neon_combined,,,"[[1,512,49],[],[]]","[[1,512,49]]","[[],[]]",300,22.862252,0.07620750666666667,0.074375,0.07715065,0.023601249780931467,96.14896618600352,0.02385622780356103,97.18771936659957,False
250,583,DEQUANTIZE_LINEAR,1,dequantize_linear_neon_combined,,,"[[1,512,49],[],[]]","[[1,512,49]]","[[],[]]",300,22.687655,0.07562551666666667,0.074323,0.07948685,0.023421009120125118,96.17238719512365,0.023674039898108047,97.21139340649768,False
251,83,BATCH_NORMALIZATION,2,fused_bn_relu_quant_v2_spatial2,FUSION_BN_RELU_QUANT,BatchNormalization-Relu-QuantizeLinear,"[[1,224,49],[224],[224],[224],[224],[],[]]","[[1,224,49]]","[[224],[224],[224],[224],[],[]]",300,21.324371,0.07108123666666666,0.067969,0.09404385000000001,0.022013658426661177,96.1944008535503,0.022251484776899956,97.23364489127458,False
252,827,RELU,1,relu_stride_optimized,,,"[[1,512,49]]","[[1,512,49]]",[],300,21.064174,0.07021391333333334,0.0682555,0.0777298,0.021745050837642867,96.21614590438794,0.021979975263934953,97.25562486653851,False
253,216,QLINEAR_CONV,1,qlinear_conv_o4i4_layer_hybrid_v3,,,"[[1,64,49],[],[],[32,64,1],[32],[32],[],[],[32]]","[[1,32,49]]","[[],[],[32,64,1],[32],[32],[],[],[32]]",300,18.927646,0.06309215333333333,0.0625,0.0645882,0.01953946186102088,96.23568536624896,0.019750558027317726,97.27537542456582,False
254,68,BATCH_NORMALIZATION,2,fused_bn_relu_quant_v2_spatial2,FUSION_BN_RELU_QUANT,BatchNormalization-Relu-QuantizeLinear,"[[1,192,49],[192],[192],[192],[192],[],[]]","[[1,192,49]]","[[192],[192],[192],[192],[],[]]",300,18.564367999999998,0.061881226666666664,0.059323,0.0819816,0.019164441289210316,96.25484980753816,0.0193714858902412,97.29474691045607,False
255,399,QLINEAR_CONV,1,qlinear_conv_o4i4_layer_hybrid_v3,,,"[[1,64,49],[],[],[32,64,1],[32],[32],[],[],[32]]","[[1,32,49]]","[[],[],[32,64,1],[32],[32],[],[],[32]]",300,17.062292,0.056874306666666666,0.0555725,0.05693745,0.017613812293171674,96.27246361983134,0.017804104547656855,97.31255101500372,False
256,504,QLINEAR_CONV,1,qlinear_conv_o4i4_layer_hybrid_v3,,,"[[1,64,49],[],[],[32,64,1],[32],[32],[],[],[32]]","[[1,32,49]]","[[],[],[32,64,1],[32],[32],[],[],[32]]",300,17.059001,0.05686333666666666,0.055468500000000004,0.0567762,0.017610414915125584,96.29007403474647,0.017800670465760567,97.33035168546948,False
257,672,QLINEAR_CONV,1,qlinear_conv_o4i4_layer_hybrid_v3,,,"[[1,64,49],[],[],[32,64,1],[32],[32],[],[],[32]]","[[1,32,49]]","[[],[],[32,64,1],[32],[32],[],[],[32]]",300,17.029523,0.05676507666666667,0.0554165,0.0567268,0.017579984070384556,96.30765401881685,0.01776991085891198,97.3481215963284,False
258,822,QLINEAR_CONV,1,qlinear_conv_o4i4_layer_hybrid_v3,,,"[[1,64,49],[],[],[32,64,1],[32],[32],[],[],[32]]","[[1,32,49]]","[[],[],[32,64,1],[32],[32],[],[],[32]]",300,16.978117,0.05659372333333334,0.055208,0.056986800000000004,0.017526916426556703,96.32518093524341,0.0177162698944755,97.36583786622288,False
259,53,BATCH_NORMALIZATION,2,fused_bn_relu_quant_v2_spatial2,FUSION_BN_RELU_QUANT,BatchNormalization-Relu-QuantizeLinear,"[[1,160,49],[160],[160],[160],[160],[],[]]","[[1,160,49]]","[[160],[160],[160],[160],[],[]]",300,16.911405,0.056371349999999994,0.054219,0.07305485,0.017458048032691326,96.3426389832761,0.01764665747531263,97.38348452369819,False
260,579,QLINEAR_CONV,1,qlinear_conv_o4i4_layer_hybrid_v3,,,"[[1,64,49],[],[],[32,64,1],[32],[32],[],[],[32]]","[[1,32,49]]","[[],[],[32,64,1],[32],[32],[],[],[32]]",300,16.862085,0.05620695,0.055104,0.0562526,0.017407133816576676,96.36004611709268,0.017595193203320893,97.4010797169015,False
261,234,QLINEAR_CONV,1,qlinear_conv_o4i4_layer_hybrid_v3,,,"[[1,64,49],[],[],[32,64,1],[32],[32],[],[],[32]]","[[1,32,49]]","[[],[],[32,64,1],[32],[32],[],[],[32]]",300,16.817249,0.056057496666666665,0.054401000000000005,0.056411199999999995,0.017360848540953884,96.37740696563364,0.017548407880956303,97.41862812478246,False
262,747,QLINEAR_CONV,1,qlinear_conv_o4i4_layer_hybrid_v3,,,"[[1,64,49],[],[],[32,64,1],[32],[32],[],[],[32]]","[[1,32,49]]","[[],[],[32,64,1],[32],[32],[],[],[32]]",300,16.809898,0.056032993333333336,0.0553125,0.057136,0.017353259927761287,96.3947602255614,0.017540737283563538,97.43616886206603,False
263,597,QLINEAR_CONV,1,qlinear_conv_o4i4_layer_hybrid_v3,,,"[[1,64,49],[],[],[32,64,1],[32],[32],[],[],[32]]","[[1,32,49]]","[[],[],[32,64,1],[32],[32],[],[],[32]]",300,16.804905,0.056016350000000006,0.0553645,0.056721600000000004,0.017348105534390233,96.4121083310958,0.01753552720428424,97.45370438927031,False
264,642,QLINEAR_CONV,1,qlinear_conv_o4i4_layer_hybrid_v3,,,"[[1,64,49],[],[],[32,64,1],[32],[32],[],[],[32]]","[[1,32,49]]","[[],[],[32,64,1],[32],[32],[],[],[32]]",300,16.801295,0.056004316666666665,0.054636,0.056409549999999996,0.0173443788450112,96.4294527099408,0.017531760253313232,97.47123614952363,False
265,732,QLINEAR_CONV,1,qlinear_conv_o4i4_layer_hybrid_v3,,,"[[1,64,49],[],[],[32,64,1],[32],[32],[],[],[32]]","[[1,32,49]]","[[],[],[32,64,1],[32],[32],[],[],[32]]",300,16.712863,0.055709543333333326,0.0547915,0.057344,0.017253088375435967,96.44670579831624,0.017439483519720914,97.48867563304336,False
266,549,QLINEAR_CONV,1,qlinear_conv_o4i4_layer_hybrid_v3,,,"[[1,64,49],[],[],[32,64,1],[32],[32],[],[],[32]]","[[1,32,49]]","[[],[],[32,64,1],[32],[32],[],[],[32]]",300,16.699174,0.05566391333333333,0.0548955,0.055992600000000003,0.017238956893189543,96.46394475520944,0.01742519936685605,97.50610083241021,False
267,762,QLINEAR_CONV,1,qlinear_conv_o4i4_layer_hybrid_v3,,,"[[1,64,49],[],[],[32,64,1],[32],[32],[],[],[32]]","[[1,32,49]]","[[],[],[32,64,1],[32],[32],[],[],[32]]",300,16.696448,0.055654826666666664,0.054479,0.055832999999999994,0.01723614277816261,96.4811808979876,0.017422354849308413,97.52352318725951,False
268,324,QLINEAR_CONV,1,qlinear_conv_o4i4_layer_hybrid_v3,,,"[[1,64,49],[],[],[32,64,1],[32],[32],[],[],[32]]","[[1,32,49]]","[[],[],[32,64,1],[32],[32],[],[],[32]]",300,16.657713,0.055525710000000006,0.054895,0.056304599999999996,0.01719615571082277,96.49837705369842,0.017381935778432504,97.54090512303794,False
269,309,QLINEAR_CONV,1,qlinear_conv_o4i4_layer_hybrid_v3,,,"[[1,64,49],[],[],[32,64,1],[32],[32],[],[],[32]]","[[1,32,49]]","[[],[],[32,64,1],[32],[32],[],[],[32]]",300,16.655776,0.05551925333333333,0.054062,0.056146,0.017194156099374795,96.5155712097978,0.01737991456401953,97.55828503760196,False
270,444,QLINEAR_CONV,1,qlinear_conv_o4i4_layer_hybrid_v3,,,"[[1,64,49],[],[],[32,64,1],[32],[32],[],[],[32]]","[[1,32,49]]","[[],[],[32,64,1],[32],[32],[],[],[32]]",300,16.653486,0.055511620000000005,0.054427,0.055677,0.01719179207758034,96.53276300187538,0.017377525002323237,97.57566256260428,False
271,474,QLINEAR_CONV,1,qlinear_conv_o4i4_layer_hybrid_v3,,,"[[1,64,49],[],[],[32,64,1],[32],[32],[],[],[32]]","[[1,32,49]]","[[],[],[32,64,1],[32],[32],[],[],[32]]",300,16.629535,0.05543178333333334,0.054844,0.056096599999999996,0.017167066887187762,96.54993006876256,0.01735253269132417,97.5930150952956,False
272,81,QLINEAR_CONV,1,qlinear_conv_o4i4_layer_hybrid_v3,,,"[[1,64,49],[],[],[32,64,1],[32],[32],[],[],[32]]","[[1,32,49]]","[[],[],[32,64,1],[32],[32],[],[],[32]]",300,16.618229,0.05539409666666666,0.054375,0.05573165,0.017155395432861074,96.56708546419543,0.017340735143490865,97.61035583043909,False
273,369,QLINEAR_CONV,1,qlinear_conv_o4i4_layer_hybrid_v3,,,"[[1,64,49],[],[],[32,64,1],[32],[32],[],[],[32]]","[[1,32,49]]","[[],[],[32,64,1],[32],[32],[],[],[32]]",300,16.601931,0.05533977,0.054218,0.055365,0.017138570617487258,96.58422403481292,0.01732372855985499,97.62767955899895,False
274,249,QLINEAR_CONV,1,qlinear_conv_o4i4_layer_hybrid_v3,,,"[[1,64,49],[],[],[32,64,1],[32],[32],[],[],[32]]","[[1,32,49]]","[[],[],[32,64,1],[32],[32],[],[],[32]]",300,16.599846,0.05533282,0.054739499999999996,0.05645805,0.017136418222097986,96.60136045303501,0.017321552910886967,97.64500111190983,False
275,111,QLINEAR_CONV,1,qlinear_conv_o4i4_layer_hybrid_v3,,,"[[1,64,49],[],[],[32,64,1],[32],[32],[],[],[32]]","[[1,32,49]]","[[],[],[32,64,1],[32],[32],[],[],[32]]",300,16.567247000000002,0.05522415666666667,0.05427,0.055729,0.017102765494378572,96.6184632185294,0.01728753661318505,97.66228864852302,False
276,186,QLINEAR_CONV,1,qlinear_conv_o4i4_layer_hybrid_v3,,,"[[1,64,49],[],[],[32,64,1],[32],[32],[],[],[32]]","[[1,32,49]]","[[],[],[32,64,1],[32],[32],[],[],[32]]",300,16.544742,0.05514914,0.0545055,0.0556874,0.01707953304438546,96.63554275157378,0.01726405316952783,97.67955270169254,False
277,807,QLINEAR_CONV,1,qlinear_conv_o4i4_layer_hybrid_v3,,,"[[1,64,49],[],[],[32,64,1],[32],[32],[],[],[32]]","[[1,32,49]]","[[],[],[32,64,1],[32],[32],[],[],[32]]",300,16.533711,0.05511237,0.053958,0.055364,0.0170681454791389,96.65261089705292,0.017252542577793427,97.69680524427034,False
278,459,QLINEAR_CONV,1,qlinear_conv_o4i4_layer_hybrid_v3,,,"[[1,64,49],[],[],[32,64,1],[32],[32],[],[],[32]]","[[1,32,49]]","[[],[],[32,64,1],[32],[32],[],[],[32]]",300,16.504279,0.055014263333333334,0.053542,0.05536405,0.017037762121298542,96.66964865917423,0.017221830970874107,97.7140270752412,False
279,66,QLINEAR_CONV,1,qlinear_conv_o4i4_layer_hybrid_v3,,,"[[1,64,49],[],[],[32,64,1],[32],[32],[],[],[32]]","[[1,32,49]]","[[],[],[32,64,1],[32],[32],[],[],[32]]",300,16.499632000000002,0.05499877333333334,0.053489,0.055989,0.017032964912006475,96.68668162408623,0.017216981934541065,97.73124405717574,False
280,38,BATCH_NORMALIZATION,2,fused_bn_relu_quant_v2_spatial2,FUSION_BN_RELU_QUANT,BatchNormalization-Relu-QuantizeLinear,"[[1,128,49],[128],[128],[128],[128],[],[]]","[[1,128,49]]","[[128],[128],[128],[128],[],[]]",300,16.491556,0.05497185333333333,0.053594,0.06307560000000001,0.017024627863966288,96.7037062519502,0.017208554816523926,97.74845261199226,False
281,519,QLINEAR_CONV,1,qlinear_conv_o4i4_layer_hybrid_v3,,,"[[1,64,49],[],[],[32,64,1],[32],[32],[],[],[32]]","[[1,32,49]]","[[],[],[32,64,1],[32],[32],[],[],[32]]",300,16.487699,0.05495899666666666,0.0542445,0.055312,0.017020646190577114,96.72072689814077,0.01720453012680227,97.76565714211907,False
282,51,QLINEAR_CONV,1,qlinear_conv_o4i4_layer_hybrid_v3,,,"[[1,64,49],[],[],[32,64,1],[32],[32],[],[],[32]]","[[1,32,49]]","[[],[],[32,64,1],[32],[32],[],[],[32]]",300,16.482391,0.05494130333333333,0.054323,0.055625,0.017015166615168827,96.73774206475593,0.017198991352355145,97.78285613347143,False
283,429,QLINEAR_CONV,1,qlinear_conv_o4i4_layer_hybrid_v3,,,"[[1,64,49],[],[],[32,64,1],[32],[32],[],[],[32]]","[[1,32,49]]","[[],[],[32,64,1],[32],[32],[],[],[32]]",300,16.477705,0.054925683333333336,0.053906,0.0552116,0.017010329145243582,96.75475239390119,0.017194101620429898,97.80005023509186,False
284,687,QLINEAR_CONV,1,qlinear_conv_o4i4_layer_hybrid_v3,,,"[[1,64,49],[],[],[32,64,1],[32],[32],[],[],[32]]","[[1,32,49]]","[[],[],[32,64,1],[32],[32],[],[],[32]]",300,16.476558,0.05492186,0.053906,0.05646155,0.017009145069698497,96.77176153897088,0.017192904752628305,97.81724313984449,False
285,534,QLINEAR_CONV,1,qlinear_conv_o4i4_layer_hybrid_v3,,,"[[1,64,49],[],[],[32,64,1],[32],[32],[],[],[32]]","[[1,32,49]]","[[],[],[32,64,1],[32],[32],[],[],[32]]",300,16.453492,0.05484497333333334,0.054166,0.05604715,0.016985333485981944,96.78874687245685,0.01716883591852933,97.83441197576302,False
286,657,QLINEAR_CONV,1,qlinear_conv_o4i4_layer_hybrid_v3,,,"[[1,64,49],[],[],[32,64,1],[32],[32],[],[],[32]]","[[1,32,49]]","[[],[],[32,64,1],[32],[32],[],[],[32]]",300,16.440569,0.05480189666666667,0.054349,0.05526355,0.01697199276386415,96.80571886522073,0.0171553510688345,97.85156732683186,False
287,612,QLINEAR_CONV,1,qlinear_conv_o4i4_layer_hybrid_v3,,,"[[1,64,49],[],[],[32,64,1],[32],[32],[],[],[32]]","[[1,32,49]]","[[],[],[32,64,1],[32],[32],[],[],[32]]",300,16.440313,0.054801043333333334,0.053802,0.0559978,0.016971728488938655,96.82269059370967,0.01715508393879334,97.86872241077064,False
288,792,QLINEAR_CONV,1,qlinear_conv_o4i4_layer_hybrid_v3,,,"[[1,64,49],[],[],[32,64,1],[32],[32],[],[],[32]]","[[1,32,49]]","[[],[],[32,64,1],[32],[32],[],[],[32]]",300,16.433503,0.05477834333333334,0.054219,0.055677,0.016964698362990954,96.83965529207266,0.017147977862307862,97.88587038863295,False
289,384,QLINEAR_CONV,1,qlinear_conv_o4i4_layer_hybrid_v3,,,"[[1,64,49],[],[],[32,64,1],[32],[32],[],[],[32]]","[[1,32,49]]","[[],[],[32,64,1],[32],[32],[],[],[32]]",300,16.41839,0.05472796666666666,0.05401,0.054901200000000004,0.016949096851471473,96.85660438892414,0.017132207798589066,97.90300259643153,False
290,564,QLINEAR_CONV,1,qlinear_conv_o4i4_layer_hybrid_v3,,,"[[1,64,49],[],[],[32,64,1],[32],[32],[],[],[32]]","[[1,32,49]]","[[],[],[32,64,1],[32],[32],[],[],[32]]",300,16.398536,0.05466178666666666,0.0538545,0.0562552,0.016928601092210723,96.87353299001634,0.017111490611725236,97.92011408704326,False
291,414,QLINEAR_CONV,1,qlinear_conv_o4i4_layer_hybrid_v3,,,"[[1,64,49],[],[],[32,64,1],[32],[32],[],[],[32]]","[[1,32,49]]","[[],[],[32,64,1],[32],[32],[],[],[32]]",300,16.357545000000002,0.05452515000000001,0.053698,0.05520805,0.01688628510208997,96.89041927511843,0.017068717457361625,97.93718280450062,False
292,156,QLINEAR_CONV,1,qlinear_conv_o4i4_layer_hybrid_v3,,,"[[1,64,49],[],[],[32,64,1],[32],[32],[],[],[32]]","[[1,32,49]]","[[],[],[32,64,1],[32],[32],[],[],[32]]",300,16.355782,0.05451927333333334,0.054167,0.0550572,0.016884465115005416,96.90730374023344,0.0170668778078985,97.95424968230851,False
293,717,QLINEAR_CONV,1,qlinear_conv_o4i4_layer_hybrid_v3,,,"[[1,64,49],[],[],[32,64,1],[32],[32],[],[],[32]]","[[1,32,49]]","[[],[],[32,64,1],[32],[32],[],[],[32]]",300,16.343331,0.054477769999999995,0.053854,0.05526005,0.016871611649781505,96.92417535188322,0.01705388547921705,97.97130356778773,False
294,489,QLINEAR_CONV,1,qlinear_conv_o4i4_layer_hybrid_v3,,,"[[1,64,49],[],[],[32,64,1],[32],[32],[],[],[32]]","[[1,32,49]]","[[],[],[32,64,1],[32],[32],[],[],[32]]",300,16.339798000000002,0.05446599333333334,0.0540365,0.0555262,0.016867964449344904,96.94104331633257,0.017050198875953732,97.98835376666368,False
295,264,QLINEAR_CONV,1,qlinear_conv_o4i4_layer_hybrid_v3,,,"[[1,64,49],[],[],[32,64,1],[32],[32],[],[],[32]]","[[1,32,49]]","[[],[],[32,64,1],[32],[32],[],[],[32]]",300,16.323956,0.05441318666666666,0.053594,0.0555236,0.016851610373682126,96.95789492670625,0.017033668117703668,98.00538743478138,False
296,201,QLINEAR_CONV,1,qlinear_conv_o4i4_layer_hybrid_v3,,,"[[1,64,49],[],[],[32,64,1],[32],[32],[],[],[32]]","[[1,32,49]]","[[],[],[32,64,1],[32],[32],[],[],[32]]",300,16.32126,0.05440419999999999,0.05401,0.055315550000000005,0.016848827228373022,96.97474375393462,0.017030854904457732,98.02241828968585,False
297,279,QLINEAR_CONV,1,qlinear_conv_o4i4_layer_hybrid_v3,,,"[[1,64,49],[],[],[32,64,1],[32],[32],[],[],[32]]","[[1,32,49]]","[[],[],[32,64,1],[32],[32],[],[],[32]]",300,16.316721,0.054389070000000005,0.053541,0.054688,0.016844141510065146,96.99158789544468,0.017026118563610804,98.03944440824945,False
298,777,QLINEAR_CONV,1,qlinear_conv_o4i4_layer_hybrid_v3,,,"[[1,64,49],[],[],[32,64,1],[32],[32],[],[],[32]]","[[1,32,49]]","[[],[],[32,64,1],[32],[32],[],[],[32]]",300,16.306204,0.05435401333333334,0.0534635,0.05640605,0.016833284559317423,97.00842118000399,0.017015144318912157,98.05645955256837,False
299,702,QLINEAR_CONV,1,qlinear_conv_o4i4_layer_hybrid_v3,,,"[[1,64,49],[],[],[32,64,1],[32],[32],[],[],[32]]","[[1,32,49]]","[[],[],[32,64,1],[32],[32],[],[],[32]]",300,16.29897,0.0543299,0.053907,0.0552142,0.016825816728024367,97.02524699673202,0.017007595808296014,98.07346714837666,False
300,294,QLINEAR_CONV,1,qlinear_conv_o4i4_layer_hybrid_v3,,,"[[1,64,49],[],[],[32,64,1],[32],[32],[],[],[32]]","[[1,32,49]]","[[],[],[32,64,1],[32],[32],[],[],[32]]",300,16.294215,0.05431405,0.053698,0.0547946,0.01682090802774811,97.04206790475978,0.017002634076476862,98.09046978245314,False
301,627,QLINEAR_CONV,1,qlinear_conv_o4i4_layer_hybrid_v3,,,"[[1,64,49],[],[],[32,64,1],[32],[32],[],[],[32]]","[[1,32,49]]","[[],[],[32,64,1],[32],[32],[],[],[32]]",300,16.280157,0.05426719,0.053802,0.055625,0.016806395617972366,97.05887430037775,0.016987964880701114,98.10745774733384,False
302,339,QLINEAR_CONV,1,qlinear_conv_o4i4_layer_hybrid_v3,,,"[[1,64,49],[],[],[32,64,1],[32],[32],[],[],[32]]","[[1,32,49]]","[[],[],[32,64,1],[32],[32],[],[],[32]]",300,16.275054,0.05425018,0.053906499999999996,0.0555236,0.01680112766896926,97.07567542804672,0.01698264001898226,98.12444038735282,False
303,141,QLINEAR_CONV,1,qlinear_conv_o4i4_layer_hybrid_v3,,,"[[1,64,49],[],[],[32,64,1],[32],[32],[],[],[32]]","[[1,32,49]]","[[],[],[32,64,1],[32],[32],[],[],[32]]",300,16.247408,0.054158026666666664,0.053724,0.05537275,0.016772588041663795,97.09244801608838,0.016953792061490704,98.1413941794143,False
304,96,QLINEAR_CONV,1,qlinear_conv_o4i4_layer_hybrid_v3,,,"[[1,64,49],[],[],[32,64,1],[32],[32],[],[],[32]]","[[1,32,49]]","[[],[],[32,64,1],[32],[32],[],[],[32]]",300,16.223966,0.05407988666666667,0.05349,0.054484199999999997,0.01674838830415042,97.10919640439253,0.016929330880143777,98.15832351029445,False
305,354,QLINEAR_CONV,1,qlinear_conv_o4i4_layer_hybrid_v3,,,"[[1,64,49],[],[],[32,64,1],[32],[32],[],[],[32]]","[[1,32,49]]","[[],[],[32,64,1],[32],[32],[],[],[32]]",300,16.197708,0.053992359999999996,0.053437,0.055887599999999996,0.016721281542456615,97.125917685935,0.016901931268344123,98.1752254415628,False
306,171,QLINEAR_CONV,1,qlinear_conv_o4i4_layer_hybrid_v3,,,"[[1,64,49],[],[],[32,64,1],[32],[32],[],[],[32]]","[[1,32,49]]","[[],[],[32,64,1],[32],[32],[],[],[32]]",300,16.154222,0.05384740666666667,0.05375,0.0552626,0.01667638990413623,97.14259407583913,0.016856554639555953,98.19208199620236,False
307,126,QLINEAR_CONV,1,qlinear_conv_o4i4_layer_hybrid_v3,,,"[[1,64,49],[],[],[32,64,1],[32],[32],[],[],[32]]","[[1,32,49]]","[[],[],[32,64,1],[32],[32],[],[],[32]]",300,16.08631,0.05362103333333334,0.053281,0.055156,0.016606282721557602,97.15920035856068,0.016785690048325155,98.20886768625068,False
308,220,DEQUANTIZE_LINEAR,1,dequantize_linear_neon_combined,,,"[[1,256,49],[],[]]","[[1,256,49]]","[[],[]]",300,12.102353,0.04034117666666667,0.037656,0.06258065,0.012493548583490607,97.17169390714417,0.012628523652311692,98.221496209903,False
309,36,DEQUANTIZE_LINEAR,1,dequantize_linear_neon_combined,,,"[[1,128,49],[],[]]","[[1,128,49]]","[[],[]]",300,6.671645,0.022238816666666664,0.022395,0.0234396,0.006887298770685517,97.17858120591487,0.006961706263428859,98.22845791616642,False
310,831,BATCH_NORMALIZATION,1,batch_normalization_stride,,,"[[1,192],[192],[192],[192],[192]]","[[1,192]]","[[192],[192],[192],[192]]",300,6.455526,0.02151842,0.021146,0.022865,0.006664193955752801,97.18524539987062,0.006736191117472204,98.23519410728389,False
311,568,DEQUANTIZE_LINEAR,1,dequantize_linear_neon_combined,,,"[[1,128,49],[],[]]","[[1,128,49]]","[[],[]]",300,6.445725,0.02148575,0.020677,0.0244816,0.006654076148937318,97.19189947601956,0.006725964002107424,98.24192007128599,False
312,811,DEQUANTIZE_LINEAR,1,dequantize_linear_neon_combined,,,"[[1,128,49],[],[]]","[[1,128,49]]","[[],[]]",300,6.426455,0.021421516666666664,0.020729,0.024171250000000002,0.006634183266850349,97.19853365928641,0.006705856205649987,98.24862592749164,False
313,796,DEQUANTIZE_LINEAR,1,dequantize_linear_neon_combined,,,"[[1,128,49],[],[]]","[[1,128,49]]","[[],[]]",300,6.399632,0.02133210666666667,0.020938,0.023807250000000002,0.00660649324213739,97.20514015252854,0.006677867029501683,98.25530379452114,False
314,538,DEQUANTIZE_LINEAR,1,dequantize_linear_neon_combined,,,"[[1,128,49],[],[]]","[[1,128,49]]","[[],[]]",300,6.384896,0.021282986666666667,0.0203645,0.023860150000000004,0.006591280916738658,97.21173143344528,0.006662490356507558,98.26196628487764,False
315,781,DEQUANTIZE_LINEAR,1,dequantize_linear_neon_combined,,,"[[1,128,49],[],[]]","[[1,128,49]]","[[],[]]",300,6.350731,0.02116910333333333,0.020364,0.023698,0.006556011569748451,97.21828744501502,0.006626839974256996,98.2685931248519,False
316,553,DEQUANTIZE_LINEAR,1,dequantize_linear_neon_combined,,,"[[1,128,49],[],[]]","[[1,128,49]]","[[],[]]",300,6.310623,0.021035409999999997,0.0204685,0.024171200000000004,0.006514607121655866,97.22480205213668,0.006584988209840034,98.27517811306174,False
317,766,DEQUANTIZE_LINEAR,1,dequantize_linear_neon_combined,,,"[[1,128,49],[],[]]","[[1,128,49]]","[[],[]]",300,6.30811,0.021027033333333334,0.020052,0.023809800000000002,0.006512012891625531,97.2313140650283,0.0065823659528344534,98.28176047901458,False
318,523,DEQUANTIZE_LINEAR,1,dequantize_linear_neon_combined,,,"[[1,128,49],[],[]]","[[1,128,49]]","[[],[]]",300,6.271716,0.02090572,0.019896,0.023911250000000002,0.006474442494600462,97.23778850752291,0.00654438966096772,98.28830486867555,False
319,721,DEQUANTIZE_LINEAR,1,dequantize_linear_neon_combined,,,"[[1,128,49],[],[]]","[[1,128,49]]","[[],[]]",300,6.250991,0.020836636666666665,0.019739,0.02338765,0.006453047581198676,97.24424155510411,0.006522763605877924,98.29482763228143,False
320,691,DEQUANTIZE_LINEAR,1,dequantize_linear_neon_combined,,,"[[1,128,49],[],[]]","[[1,128,49]]","[[],[]]",300,6.239838,0.02079946,0.019531,0.02339285,0.006441534072432928,97.25068308917655,0.00651112570998328,98.3013387579914,False
321,508,DEQUANTIZE_LINEAR,1,dequantize_linear_neon_combined,,,"[[1,128,49],[],[]]","[[1,128,49]]","[[],[]]",300,6.235572,0.02078524,0.02026,0.023700600000000002,0.0064371301785573175,97.2571202193551,0.006506674238281805,98.30784543222968,False
322,676,DEQUANTIZE_LINEAR,1,dequantize_linear_neon_combined,,,"[[1,128,49],[],[]]","[[1,128,49]]","[[],[]]",300,6.234121,0.020780403333333333,0.019375,0.023282,0.006435632276538211,97.26355585163164,0.006505160153556338,98.31435059238324,False
323,736,DEQUANTIZE_LINEAR,1,dequantize_linear_neon_combined,,,"[[1,128,49],[],[]]","[[1,128,49]]","[[],[]]",300,6.194332,0.020647773333333334,0.020209,0.02385755,0.006394557139778565,97.26995040877142,0.0064636412582141,98.32081423364144,False
324,751,DEQUANTIZE_LINEAR,1,dequantize_linear_neon_combined,,,"[[1,128,49],[],[]]","[[1,128,49]]","[[],[]]",300,6.170836,0.020569453333333335,0.020052,0.023854049999999998,0.006370301656773096,97.2763207104282,0.006439123729124119,98.32725335737057,False
325,478,DEQUANTIZE_LINEAR,1,dequantize_linear_neon_combined,,,"[[1,128,49],[],[]]","[[1,128,49]]","[[],[]]",300,6.145937,0.020486456666666666,0.019636,0.023281,0.006344597823297048,97.2826653082515,0.006413142202191389,98.33366649957276,False
326,463,DEQUANTIZE_LINEAR,1,dequantize_linear_neon_combined,,,"[[1,128,49],[],[]]","[[1,128,49]]","[[],[]]",300,6.132758,0.020442526666666665,0.019792,0.0230756,0.006330992826253761,97.28899630107774,0.0063993902224553974,98.34006588979521,False
327,598,MUL,4,fused_dequant_sigmoid_mul_optimized,FUSION_POOL_CAM,DequantizeLinear-Sigmoid-Mul,"[[1,32,49],[],[],[1,32,49]]","[[1,32,49]]","[[],[]]",300,6.115211,0.020384036666666668,0.020156,0.020937050000000002,0.006312878638294238,97.29530917971604,0.006381080336392157,98.34644697013161,False
328,706,DEQUANTIZE_LINEAR,1,dequantize_linear_neon_combined,,,"[[1,128,49],[],[]]","[[1,128,49]]","[[],[]]",300,6.092666,0.020308886666666668,0.019636,0.023028800000000002,0.006289604895344019,97.30159878461139,0.006357555153666008,98.35280452528528,False
329,493,DEQUANTIZE_LINEAR,1,dequantize_linear_neon_combined,,,"[[1,128,49],[],[]]","[[1,128,49]]","[[],[]]",300,6.067968,0.020226559999999998,0.019660999999999998,0.023920000000000004,0.006264108558977443,97.30786289317037,0.006331783365554655,98.35913630865083,False
330,448,DEQUANTIZE_LINEAR,1,dequantize_linear_neon_combined,,,"[[1,128,49],[],[]]","[[1,128,49]]","[[],[]]",300,6.036039,0.02012013,0.019531,0.022708,0.0062311474882895965,97.31409404065866,0.006298466197257328,98.36543477484808,False
331,235,MUL,4,fused_dequant_sigmoid_mul_optimized,FUSION_POOL_CAM,DequantizeLinear-Sigmoid-Mul,"[[1,32,49],[],[],[1,32,49]]","[[1,32,49]]","[[],[]]",300,6.008748,0.02002916,0.018307499999999997,0.020625,0.006202974335978468,97.32029701499464,0.006269988674002532,98.37170476352209,False
332,601,DEQUANTIZE_LINEAR,1,dequantize_linear_neon_combined,,,"[[1,128,49],[],[]]","[[1,128,49]]","[[],[]]",300,6.008653,0.020028843333333334,0.019739,0.0226144,0.006202876265205335,97.32649989125984,0.006269889543713822,98.3779746530658,False
333,313,DEQUANTIZE_LINEAR,1,dequantize_linear_neon_combined,,,"[[1,128,49],[],[]]","[[1,128,49]]","[[],[]]",300,6.001101,0.02000367,0.01875,0.021520400000000005,0.006195080154903271,97.33269497141475,0.006262009207499678,98.38423666227331,False
334,433,DEQUANTIZE_LINEAR,1,dequantize_linear_neon_combined,,,"[[1,128,49],[],[]]","[[1,128,49]]","[[],[]]",300,5.979745,0.019932483333333334,0.019531,0.022760049999999997,0.0061730338451031,97.33886800525985,0.006239724718597497,98.3904763869919,False
335,616,DEQUANTIZE_LINEAR,1,dequantize_linear_neon_combined,,,"[[1,128,49],[],[]]","[[1,128,49]]","[[],[]]",300,5.976089,0.019920296666666667,0.019115,0.023235150000000003,0.006169259668823393,97.34503726492868,0.006235909767697217,98.3967122967596,False
336,52,MUL,4,fused_dequant_sigmoid_mul_optimized,FUSION_POOL_CAM,DequantizeLinear-Sigmoid-Mul,"[[1,32,49],[],[],[1,32,49]]","[[1,32,49]]","[[],[]]",300,5.968133,0.019893776666666665,0.019739,0.020677,0.006161046499654534,97.35119831142833,0.006227607866886871,98.40293990462649,False
337,661,DEQUANTIZE_LINEAR,1,dequantize_linear_neon_combined,,,"[[1,128,49],[],[]]","[[1,128,49]]","[[],[]]",300,5.948279,0.01982759666666667,0.019218,0.022929050000000003,0.0061405507403937834,97.35733886216873,0.0062068906800230444,98.40914679530651,False
338,646,DEQUANTIZE_LINEAR,1,dequantize_linear_neon_combined,,,"[[1,128,49],[],[]]","[[1,128,49]]","[[],[]]",300,5.941032,0.01980344,0.019167,0.022656,0.006133069488889671,97.36347193165763,0.006199328604209499,98.41534612391072,False
339,418,DEQUANTIZE_LINEAR,1,dequantize_linear_neon_combined,,,"[[1,128,49],[],[]]","[[1,128,49]]","[[],[]]",300,5.922359,0.01974119666666667,0.019271,0.022831200000000003,0.006113792904187545,97.36958572456182,0.006179843763355855,98.42152596767409,False
340,403,DEQUANTIZE_LINEAR,1,dequantize_linear_neon_combined,,,"[[1,128,49],[],[]]","[[1,128,49]]","[[],[]]",300,5.896456,0.019654853333333333,0.019219,0.0219452,0.006087052617488078,97.3756727771793,0.00615281458579296,98.42767878225987,False
341,631,DEQUANTIZE_LINEAR,1,dequantize_linear_neon_combined,,,"[[1,128,49],[],[]]","[[1,128,49]]","[[],[]]",300,5.8905259999999995,0.019635086666666666,0.019062,0.022606599999999998,0.0060809309365967585,97.3817537081159,0.006146626768823962,98.4338254090287,False
342,358,DEQUANTIZE_LINEAR,1,dequantize_linear_neon_combined,,,"[[1,128,49],[],[]]","[[1,128,49]]","[[],[]]",300,5.863016,0.019543386666666666,0.018906,0.022206200000000002,0.006052531705345462,97.38780623982124,0.006117920724166771,98.43994332975286,False
343,388,DEQUANTIZE_LINEAR,1,dequantize_linear_neon_combined,,,"[[1,128,49],[],[]]","[[1,128,49]]","[[],[]]",300,5.8484419999999995,0.019494806666666666,0.019114,0.022096050000000002,0.006037486616423019,97.39384372643767,0.006102713094401815,98.44604604284727,False
344,373,DEQUANTIZE_LINEAR,1,dequantize_linear_neon_combined,,,"[[1,128,49],[],[]]","[[1,128,49]]","[[],[]]",300,5.796761,0.019322536666666668,0.019063,0.022094400000000004,0.005984135083515048,97.39982786152117,0.006048785173866435,98.45209482802113,False
345,55,DEQUANTIZE_LINEAR,1,dequantize_linear_neon_combined,,,"[[1,128,49],[],[]]","[[1,128,49]]","[[],[]]",300,5.794999,0.01931666333333333,0.018906,0.020887650000000004,0.0059823161287544235,97.40581017764993,0.006046946567880031,98.45814177458901,False
346,205,DEQUANTIZE_LINEAR,1,dequantize_linear_neon_combined,,,"[[1,128,49],[],[]]","[[1,128,49]]","[[],[]]",300,5.783175,0.01927725,0.018906,0.02177355,0.005970109930633183,97.41178028758056,0.006034608499104073,98.46417638308812,False
347,586,DEQUANTIZE_LINEAR,1,dequantize_linear_neon_combined,,,"[[1,128,49],[],[]]","[[1,128,49]]","[[],[]]",300,5.782383,0.01927461,0.018958,0.020677,0.005969292330082436,97.41774957991063,0.006033782065539242,98.47021016515366,False
348,268,DEQUANTIZE_LINEAR,1,dequantize_linear_neon_combined,,,"[[1,128,49],[],[]]","[[1,128,49]]","[[],[]]",300,5.769108,0.019230360000000002,0.018698,0.020596400000000004,0.005955588229942089,97.42370516814057,0.006019929912037816,98.4762300950657,False
349,328,DEQUANTIZE_LINEAR,1,dequantize_linear_neon_combined,,,"[[1,128,49],[],[]]","[[1,128,49]]","[[],[]]",300,5.761883,0.019206276666666668,0.01875,0.021148600000000004,0.0059481296895643855,97.42965329783014,0.006012390792712182,98.48224248585842,False
350,175,DEQUANTIZE_LINEAR,1,dequantize_linear_neon_combined,,,"[[1,128,49],[],[]]","[[1,128,49]]","[[],[]]",300,5.7507209999999995,0.01916907,0.018594,0.021614,0.005936606889883289,97.43558990472003,0.0060007435055270284,98.48824322936395,False
351,343,DEQUANTIZE_LINEAR,1,dequantize_linear_neon_combined,,,"[[1,128,49],[],[]]","[[1,128,49]]","[[],[]]",300,5.750368,0.01916789333333333,0.018855,0.0213618,0.0059362424795368065,97.44152614719957,0.006000375158243714,98.49424360452218,False
352,160,DEQUANTIZE_LINEAR,1,dequantize_linear_neon_combined,,,"[[1,128,49],[],[]]","[[1,128,49]]","[[],[]]",300,5.74369,0.019145633333333332,0.018593,0.0213566,0.005929348620347561,97.44745549581991,0.0059934068206857075,98.50023701134286,False
353,223,DEQUANTIZE_LINEAR,1,dequantize_linear_neon_combined,,,"[[1,128,49],[],[]]","[[1,128,49]]","[[],[]]",300,5.736822,0.01912274,0.018073,0.020156050000000002,0.00592225861961205,97.45337775443952,0.0059862402225502815,98.50622325156542,False
354,238,DEQUANTIZE_LINEAR,1,dequantize_linear_neon_combined,,,"[[1,128,49],[],[]]","[[1,128,49]]","[[],[]]",300,5.7252019999999995,0.019084006666666663,0.018542,0.021270850000000008,0.005910263015572062,97.45928801745508,0.00597411502302587,98.51219736658844,False
355,283,DEQUANTIZE_LINEAR,1,dequantize_linear_neon_combined,,,"[[1,128,49],[],[]]","[[1,128,49]]","[[],[]]",300,5.724425999999999,0.019081419999999998,0.018437,0.021524,0.00590946193220416,97.46519747938729,0.0059733052850886115,98.51817067187352,False
356,190,DEQUANTIZE_LINEAR,1,dequantize_linear_neon_combined,,,"[[1,128,49],[],[]]","[[1,128,49]]","[[],[]]",300,5.704008,0.01901336,0.018802,0.021211000000000004,0.00588838394224818,97.47108586332953,0.0059519995773528594,98.52412267145087,False
357,85,DEQUANTIZE_LINEAR,1,dequantize_linear_neon_combined,,,"[[1,128,49],[],[]]","[[1,128,49]]","[[],[]]",300,5.683909,0.018946363333333334,0.018386,0.02036755,0.005867635263625141,97.47695349859316,0.0059310267386918315,98.53005369818956,False
358,145,DEQUANTIZE_LINEAR,1,dequantize_linear_neon_combined,,,"[[1,128,49],[],[]]","[[1,128,49]]","[[],[]]",300,5.680825,0.018936083333333333,0.0184895,0.021055000000000004,0.005864451576632084,97.48281795016979,0.005927808656477263,98.53598150684604,False
359,298,DEQUANTIZE_LINEAR,1,dequantize_linear_neon_combined,,,"[[1,128,49],[],[]]","[[1,128,49]]","[[],[]]",300,5.674416,0.01891472,0.01875,0.020582450000000002,0.005857835412579391,97.48867578558237,0.005921121014157817,98.5419026278602,False
360,40,DEQUANTIZE_LINEAR,1,dequantize_linear_neon_combined,,,"[[1,128,49],[],[]]","[[1,128,49]]","[[],[]]",300,5.634522,0.018781739999999998,0.0185935,0.019481650000000003,0.005816651881807336,97.49449243746417,0.005879492553759635,98.54778212041396,False
361,253,DEQUANTIZE_LINEAR,1,dequantize_linear_neon_combined,,,"[[1,128,49],[],[]]","[[1,128,49]]","[[],[]]",300,5.6241699999999994,0.01874723333333333,0.018178,0.021003000000000004,0.005805965264507685,97.50029840272869,0.005868690482720331,98.55365081089667,False
362,130,DEQUANTIZE_LINEAR,1,dequantize_linear_neon_combined,,,"[[1,128,49],[],[]]","[[1,128,49]]","[[],[]]",300,5.616406,0.018721353333333333,0.0182555,0.020430000000000004,0.005797950301532946,97.50609635303022,0.005860588929440853,98.5595113998261,False
363,115,DEQUANTIZE_LINEAR,1,dequantize_linear_neon_combined,,,"[[1,128,49],[],[]]","[[1,128,49]]","[[],[]]",300,5.6162469999999995,0.01872082333333333,0.018229,0.019857000000000007,0.005797786162028439,97.51189413919225,0.005860423016641854,98.56537182284275,False
364,100,DEQUANTIZE_LINEAR,1,dequantize_linear_neon_combined,,,"[[1,128,49],[],[]]","[[1,128,49]]","[[],[]]",300,5.591194,0.018637313333333332,0.018281,0.01969055,0.005771923350667526,97.51766606254292,0.005834280794293739,98.57120610363704,False
365,70,DEQUANTIZE_LINEAR,1,dequantize_linear_neon_combined,,,"[[1,128,49],[],[]]","[[1,128,49]]","[[],[]]",300,5.590885,0.018636283333333333,0.018437,0.0199506,0.005771604362573864,97.5234376669055,0.0058339583599862485,98.57704006199702,False
366,613,MUL,4,fused_dequant_sigmoid_mul_optimized,FUSION_POOL_CAM,DequantizeLinear-Sigmoid-Mul,"[[1,32,49],[],[],[1,32,49]]","[[1,32,49]]","[[],[]]",300,5.552086,0.018506953333333333,0.017031,0.020158600000000002,0.0057315512265026505,97.529169218132,0.005793472506600048,98.58283353450362,False
367,565,MUL,4,fused_dequant_sigmoid_mul_optimized,FUSION_POOL_CAM,DequantizeLinear-Sigmoid-Mul,"[[1,32,49],[],[],[1,32,49]]","[[1,32,49]]","[[],[]]",300,5.492436,0.018308119999999997,0.017448,0.0200546,0.00566997310421476,97.53483919123622,0.005731229120056919,98.58856476362368,False
368,580,MUL,4,fused_dequant_sigmoid_mul_optimized,FUSION_POOL_CAM,DequantizeLinear-Sigmoid-Mul,"[[1,32,49],[],[],[1,32,49]]","[[1,32,49]]","[[],[]]",300,5.473691,0.018245636666666665,0.017292,0.020364049999999998,0.00565062219218984,97.54048981342841,0.0057116691488792,98.59427643277256,False
369,823,MUL,4,fused_dequant_sigmoid_mul_optimized,FUSION_POOL_CAM,DequantizeLinear-Sigmoid-Mul,"[[1,32,49],[],[],[1,32,49]]","[[1,32,49]]","[[],[]]",300,5.454426,0.01818142,0.017344,0.0201066,0.00563073447172251,97.54612054790013,0.00569156656980538,98.59996799934237,False
370,778,MUL,4,fused_dequant_sigmoid_mul_optimized,FUSION_POOL_CAM,DequantizeLinear-Sigmoid-Mul,"[[1,32,49],[],[],[1,32,49]]","[[1,32,49]]","[[],[]]",300,5.411616,0.01803872,0.01724,0.02005465,0.005586540684377254,97.55170708858451,0.00564689533128214,98.60561489467365,False
371,793,MUL,4,fused_dequant_sigmoid_mul_optimized,FUSION_POOL_CAM,DequantizeLinear-Sigmoid-Mul,"[[1,32,49],[],[],[1,32,49]]","[[1,32,49]]","[[],[]]",300,5.392441,0.017974803333333334,0.017318,0.019798850000000003,0.005566745873063417,97.55727383445758,0.005626886665113413,98.61124178133876,False
372,763,MUL,4,fused_dequant_sigmoid_mul_optimized,FUSION_POOL_CAM,DequantizeLinear-Sigmoid-Mul,"[[1,32,49],[],[],[1,32,49]]","[[1,32,49]]","[[],[]]",300,5.364527,0.017881756666666665,0.017239499999999998,0.02026,0.005537929582945326,97.56281176404052,0.0055977590558600205,98.61683954039462,False
373,733,MUL,4,fused_dequant_sigmoid_mul_optimized,FUSION_POOL_CAM,DequantizeLinear-Sigmoid-Mul,"[[1,32,49],[],[],[1,32,49]]","[[1,32,49]]","[[],[]]",300,5.33636,0.017787866666666666,0.016875,0.020052,0.005508852114873525,97.56832061615539,0.00556836744699564,98.62240790784162,False
374,808,MUL,4,fused_dequant_sigmoid_mul_optimized,FUSION_POOL_CAM,DequantizeLinear-Sigmoid-Mul,"[[1,32,49],[],[],[1,32,49]]","[[1,32,49]]","[[],[]]",300,5.332613,0.01777537666666667,0.017188,0.019896,0.005504983997116395,97.5738256001525,0.005564457539713543,98.62797236538134,False
375,658,MUL,4,fused_dequant_sigmoid_mul_optimized,FUSION_POOL_CAM,DequantizeLinear-Sigmoid-Mul,"[[1,32,49],[],[],[1,32,49]]","[[1,32,49]]","[[],[]]",300,5.320365,0.017734549999999998,0.016563,0.019739,0.005492340093649806,97.57931794024616,0.0055516770368069165,98.63352404241814,False
376,748,MUL,4,fused_dequant_sigmoid_mul_optimized,FUSION_POOL_CAM,DequantizeLinear-Sigmoid-Mul,"[[1,32,49],[],[],[1,32,49]]","[[1,32,49]]","[[],[]]",300,5.298134,0.017660446666666666,0.016979,0.01989855,0.005469390500412888,97.58478733074656,0.005528479505771874,98.63905252192392,False
377,505,MUL,4,fused_dequant_sigmoid_mul_optimized,FUSION_POOL_CAM,DequantizeLinear-Sigmoid-Mul,"[[1,32,49],[],[],[1,32,49]]","[[1,32,49]]","[[],[]]",300,5.283228,0.01761076,0.0167965,0.0200546,0.005454002679946447,97.5902413334265,0.005512925441734793,98.64456544736565,False
378,673,MUL,4,fused_dequant_sigmoid_mul_optimized,FUSION_POOL_CAM,DequantizeLinear-Sigmoid-Mul,"[[1,32,49],[],[],[1,32,49]]","[[1,32,49]]","[[],[]]",300,5.281931,0.017606436666666666,0.016667,0.019854400000000005,0.005452663755812206,97.59569399718232,0.005511572052424711,98.65007701941808,False
379,550,MUL,4,fused_dequant_sigmoid_mul_optimized,FUSION_POOL_CAM,DequantizeLinear-Sigmoid-Mul,"[[1,32,49],[],[],[1,32,49]]","[[1,32,49]]","[[],[]]",300,5.255193,0.01751731,0.017187,0.0197946,0.005425061478633102,97.60111905866096,0.005483671571797884,98.65556069098987,False
380,688,MUL,4,fused_dequant_sigmoid_mul_optimized,FUSION_POOL_CAM,DequantizeLinear-Sigmoid-Mul,"[[1,32,49],[],[],[1,32,49]]","[[1,32,49]]","[[],[]]",300,5.204154,0.01734718,0.016927,0.019641150000000003,0.005372372697686721,97.60649143135865,0.005430413563318844,98.66099110455319,False
381,460,MUL,4,fused_dequant_sigmoid_mul_optimized,FUSION_POOL_CAM,DequantizeLinear-Sigmoid-Mul,"[[1,32,49],[],[],[1,32,49]]","[[1,32,49]]","[[],[]]",300,5.200328,0.017334426666666666,0.0169535,0.01948255,0.005368423026339303,97.61185985438499,0.005426421221375609,98.66641752577456,False
382,703,MUL,4,fused_dequant_sigmoid_mul_optimized,FUSION_POOL_CAM,DequantizeLinear-Sigmoid-Mul,"[[1,32,49],[],[],[1,32,49]]","[[1,32,49]]","[[],[]]",300,5.194264,0.017314213333333335,0.016823,0.0196906,0.005362163014041671,97.61722201739903,0.005420093578525692,98.67183761935308,False
383,535,MUL,4,fused_dequant_sigmoid_mul_optimized,FUSION_POOL_CAM,DequantizeLinear-Sigmoid-Mul,"[[1,32,49],[],[],[1,32,49]]","[[1,32,49]]","[[],[]]",300,5.173558,0.017245193333333332,0.016979,0.01963855,0.005340787714794511,97.62256280511383,0.005398487349493638,98.67723610670258,False
384,520,MUL,4,fused_dequant_sigmoid_mul_optimized,FUSION_POOL_CAM,DequantizeLinear-Sigmoid-Mul,"[[1,32,49],[],[],[1,32,49]]","[[1,32,49]]","[[],[]]",300,5.163958,0.017213193333333335,0.016927,0.019846600000000002,0.005330877405088497,97.62789368251892,0.005388469972950233,98.68262457667554,False
385,445,MUL,4,fused_dequant_sigmoid_mul_optimized,FUSION_POOL_CAM,DequantizeLinear-Sigmoid-Mul,"[[1,32,49],[],[],[1,32,49]]","[[1,32,49]]","[[],[]]",300,5.160521,0.01720173666666667,0.01625,0.0194322,0.005327329307748959,97.63322101182666,0.005384883543452351,98.68800946021899,False
386,718,MUL,4,fused_dequant_sigmoid_mul_optimized,FUSION_POOL_CAM,DequantizeLinear-Sigmoid-Mul,"[[1,32,49],[],[],[1,32,49]]","[[1,32,49]]","[[],[]]",300,5.156823,0.017189410000000002,0.0166925,0.01963855,0.005323511773864288,97.63854452360053,0.005381024766529694,98.69339048498553,False
387,475,MUL,4,fused_dequant_sigmoid_mul_optimized,FUSION_POOL_CAM,DequantizeLinear-Sigmoid-Mul,"[[1,32,49],[],[],[1,32,49]]","[[1,32,49]]","[[],[]]",300,5.148548,0.017161826666666668,0.016771,0.0197452,0.005314969293362489,97.6438594928939,0.0053723899966446245,98.69876287498218,False
388,490,MUL,4,fused_dequant_sigmoid_mul_optimized,FUSION_POOL_CAM,DequantizeLinear-Sigmoid-Mul,"[[1,32,49],[],[],[1,32,49]]","[[1,32,49]]","[[],[]]",300,5.144063,0.017146876666666668,0.016667,0.019440000000000002,0.0053103393205467106,97.64916983221444,0.005367710003540752,98.70413058498572,False
389,628,MUL,4,fused_dequant_sigmoid_mul_optimized,FUSION_POOL_CAM,DequantizeLinear-Sigmoid-Mul,"[[1,32,49],[],[],[1,32,49]]","[[1,32,49]]","[[],[]]",300,5.137765,0.017125883333333335,0.0165885,0.020163850000000004,0.005303837744449994,97.65447366995889,0.005361138187137591,98.70949172317286,False
390,643,MUL,4,fused_dequant_sigmoid_mul_optimized,FUSION_POOL_CAM,DequantizeLinear-Sigmoid-Mul,"[[1,32,49],[],[],[1,32,49]]","[[1,32,49]]","[[],[]]",300,5.07311,0.016910366666666666,0.0164065,0.01963505,0.005237092840903916,97.65971076279979,0.0052936721995944895,98.71478539537246,False
391,400,MUL,4,fused_dequant_sigmoid_mul_optimized,FUSION_POOL_CAM,DequantizeLinear-Sigmoid-Mul,"[[1,32,49],[],[],[1,32,49]]","[[1,32,49]]","[[],[]]",300,5.070726,0.016902419999999998,0.016302,0.0196412,0.005234631780660256,97.66494539458046,0.0052911845510862105,98.72007657992354,False
392,430,MUL,4,fused_dequant_sigmoid_mul_optimized,FUSION_POOL_CAM,DequantizeLinear-Sigmoid-Mul,"[[1,32,49],[],[],[1,32,49]]","[[1,32,49]]","[[],[]]",300,5.039322,0.016797740000000002,0.01625,0.019531,0.005202212680034458,97.67014760726049,0.005258415208068601,98.72533499513162,False
393,385,MUL,4,fused_dequant_sigmoid_mul_optimized,FUSION_POOL_CAM,DequantizeLinear-Sigmoid-Mul,"[[1,32,49],[],[],[1,32,49]]","[[1,32,49]]","[[],[]]",300,4.996035,0.01665345,0.01625,0.0194816,0.005157526474175682,97.67530513373467,0.0052132462311483595,98.73054824136277,False
394,37,RELU,1,relu_stride_optimized,,,"[[1,128,49]]","[[1,128,49]]",[],300,4.982873,0.016609576666666667,0.01573,0.0183382,0.005143939026639166,97.6804490727613,0.005199511990516664,98.73574775335328,False
395,415,MUL,4,fused_dequant_sigmoid_mul_optimized,FUSION_POOL_CAM,DequantizeLinear-Sigmoid-Mul,"[[1,32,49],[],[],[1,32,49]]","[[1,32,49]]","[[],[]]",300,4.974426,0.01658142,0.01625,0.019323,0.005135218986421801,97.68558429174773,0.005190697742635192,98.74093845109591,False
396,587,RELU,1,relu_stride_optimized,,,"[[1,128,49]]","[[1,128,49]]",[],300,4.968063,0.01656021,0.016146,0.017137600000000003,0.005128650309269784,97.690712942057,0.005184058100245017,98.74612250919616,False
397,250,MUL,4,fused_dequant_sigmoid_mul_optimized,FUSION_POOL_CAM,DequantizeLinear-Sigmoid-Mul,"[[1,32,49],[],[],[1,32,49]]","[[1,32,49]]","[[],[]]",300,4.921824,0.01640608,0.015782,0.0187526,0.00508091668317641,97.69579385874017,0.005135808780037678,98.7512583179762,False
398,370,MUL,4,fused_dequant_sigmoid_mul_optimized,FUSION_POOL_CAM,DequantizeLinear-Sigmoid-Mul,"[[1,32,49],[],[],[1,32,49]]","[[1,32,49]]","[[],[]]",300,4.913439,0.01637813,0.015729,0.019589200000000005,0.005072260647042563,97.70086611938721,0.00512705922771305,98.75638537720391,False
399,172,MUL,4,fused_dequant_sigmoid_mul_optimized,FUSION_POOL_CAM,DequantizeLinear-Sigmoid-Mul,"[[1,32,49],[],[],[1,32,49]]","[[1,32,49]]","[[],[]]",300,4.900107,0.01633369,0.015625,0.0191192,0.005058497704438336,97.70592461709165,0.005113147596038398,98.76149852479995,False
400,280,MUL,4,fused_dequant_sigmoid_mul_optimized,FUSION_POOL_CAM,DequantizeLinear-Sigmoid-Mul,"[[1,32,49],[],[],[1,32,49]]","[[1,32,49]]","[[],[]]",300,4.889583,0.01629861,0.015365,0.019013600000000002,0.0050476335274231175,97.71097225061908,0.005102166047002691,98.76660069084694,False
401,67,MUL,4,fused_dequant_sigmoid_mul_optimized,FUSION_POOL_CAM,DequantizeLinear-Sigmoid-Mul,"[[1,32,49],[],[],[1,32,49]]","[[1,32,49]]","[[],[]]",300,4.881503,0.01627167666666667,0.0160415,0.018700599999999998,0.005039292350087222,97.71601154296917,0.005093734755078659,98.77169442560202,False
402,224,RELU,1,relu_stride_optimized,,,"[[1,128,49]]","[[1,128,49]]",[],300,4.872404,0.016241346666666667,0.016041,0.0177116,0.005029899234668992,97.72104144220384,0.005084240160373615,98.7767786657624,False
403,340,MUL,4,fused_dequant_sigmoid_mul_optimized,FUSION_POOL_CAM,DequantizeLinear-Sigmoid-Mul,"[[1,32,49],[],[],[1,32,49]]","[[1,32,49]]","[[],[]]",300,4.855445,0.016184816666666664,0.015677,0.018763000000000002,0.00501239205317896,97.72605383425702,0.005066543838623658,98.78184520960102,False
404,82,MUL,4,fused_dequant_sigmoid_mul_optimized,FUSION_POOL_CAM,DequantizeLinear-Sigmoid-Mul,"[[1,32,49],[],[],[1,32,49]]","[[1,32,49]]","[[],[]]",300,4.847867,0.016159556666666665,0.015807500000000002,0.0183366,0.005004569102454776,97.73105840335947,0.005058636372014709,98.78690384597303,False
405,355,MUL,4,fused_dequant_sigmoid_mul_optimized,FUSION_POOL_CAM,DequantizeLinear-Sigmoid-Mul,"[[1,32,49],[],[],[1,32,49]]","[[1,32,49]]","[[],[]]",300,4.842911,0.016143036666666666,0.015807500000000002,0.0188124,0.004999452905069046,97.73605785626454,0.005053464901374176,98.79195731087441,False
406,187,MUL,4,fused_dequant_sigmoid_mul_optimized,FUSION_POOL_CAM,DequantizeLinear-Sigmoid-Mul,"[[1,32,49],[],[],[1,32,49]]","[[1,32,49]]","[[],[]]",300,4.806965,0.016023216666666666,0.015442500000000001,0.018802,0.004962344989163589,97.7410202012537,0.005015956087079469,98.79697326696149,False
407,310,MUL,4,fused_dequant_sigmoid_mul_optimized,FUSION_POOL_CAM,DequantizeLinear-Sigmoid-Mul,"[[1,32,49],[],[],[1,32,49]]","[[1,32,49]]","[[],[]]",300,4.80673,0.016022433333333332,0.015650999999999998,0.018700599999999998,0.004962102393040577,97.74598230364674,0.005015710870049501,98.80198897783154,False
408,202,MUL,4,fused_dequant_sigmoid_mul_optimized,FUSION_POOL_CAM,DequantizeLinear-Sigmoid-Mul,"[[1,32,49],[],[],[1,32,49]]","[[1,32,49]]","[[],[]]",300,4.803542,0.016011806666666666,0.015494500000000001,0.018700599999999998,0.004958811344359037,97.7509411149911,0.005012384266255712,98.8070013620978,False
409,157,MUL,4,fused_dequant_sigmoid_mul_optimized,FUSION_POOL_CAM,DequantizeLinear-Sigmoid-Mul,"[[1,32,49],[],[],[1,32,49]]","[[1,32,49]]","[[],[]]",300,4.80166,0.016005533333333332,0.015469,0.0186486,0.004956868510727088,97.75589798350182,0.005010420443062515,98.81201178254085,False
410,142,MUL,4,fused_dequant_sigmoid_mul_optimized,FUSION_POOL_CAM,DequantizeLinear-Sigmoid-Mul,"[[1,32,49],[],[],[1,32,49]]","[[1,32,49]]","[[],[]]",300,4.801567,0.016005223333333336,0.015469,0.018555000000000002,0.004956772504601812,97.76085475600642,0.005010323399727251,98.81702210594058,False
411,127,MUL,4,fused_dequant_sigmoid_mul_optimized,FUSION_POOL_CAM,DequantizeLinear-Sigmoid-Mul,"[[1,32,49],[],[],[1,32,49]]","[[1,32,49]]","[[],[]]",300,4.7954,0.015984666666666668,0.015312,0.017981050000000002,0.0049504061629396245,97.76580516216936,0.005003888278774837,98.82202599421936,False
412,295,MUL,4,fused_dequant_sigmoid_mul_optimized,FUSION_POOL_CAM,DequantizeLinear-Sigmoid-Mul,"[[1,32,49],[],[],[1,32,49]]","[[1,32,49]]","[[],[]]",300,4.792235,0.015974116666666666,0.0153125,0.01845265,0.004947138857708424,97.77075230102706,0.005000585674945684,98.82702657989431,False
413,325,MUL,4,fused_dequant_sigmoid_mul_optimized,FUSION_POOL_CAM,DequantizeLinear-Sigmoid-Mul,"[[1,32,49],[],[],[1,32,49]]","[[1,32,49]]","[[],[]]",300,4.752446,0.015841486666666668,0.015365,0.018390200000000002,0.004906063720948778,97.77565836474801,0.004959066779603445,98.83198564667391,False
414,217,MUL,4,fused_dequant_sigmoid_mul_optimized,FUSION_POOL_CAM,DequantizeLinear-Sigmoid-Mul,"[[1,32,49],[],[],[1,32,49]]","[[1,32,49]]","[[],[]]",300,4.743743,0.01581247666666667,0.015417,0.018802,0.00489707940580592,97.78055544415382,0.004949985401680815,98.8369356320756,False
415,112,MUL,4,fused_dequant_sigmoid_mul_optimized,FUSION_POOL_CAM,DequantizeLinear-Sigmoid-Mul,"[[1,32,49],[],[],[1,32,49]]","[[1,32,49]]","[[],[]]",300,4.741199,0.015803996666666667,0.015365,0.017656050000000003,0.004894453173733825,97.78544989732755,0.004947330796896814,98.84188296287249,False
416,265,MUL,4,fused_dequant_sigmoid_mul_optimized,FUSION_POOL_CAM,DequantizeLinear-Sigmoid-Mul,"[[1,32,49],[],[],[1,32,49]]","[[1,32,49]]","[[],[]]",300,4.734476,0.015781586666666667,0.015364,0.01854365,0.004887512859967832,97.79033741018752,0.004940315502886261,98.84682327837538,False
417,97,MUL,4,fused_dequant_sigmoid_mul_optimized,FUSION_POOL_CAM,DequantizeLinear-Sigmoid-Mul,"[[1,32,49],[],[],[1,32,49]]","[[1,32,49]]","[[],[]]",300,4.726201,0.015754003333333332,0.015417,0.017510400000000006,0.004878970379466034,97.79521638056698,0.004931680733001192,98.85175495910838,False
418,524,RELU,1,relu_stride_optimized,,,"[[1,128,49]]","[[1,128,49]]",[],300,4.6676,0.015558666666666667,0.0151825,0.016406,0.004818475164978311,97.80003485573197,0.004870531953540774,98.85662549106192,False
419,737,RELU,1,relu_stride_optimized,,,"[[1,128,49]]","[[1,128,49]]",[],300,4.616096,0.015386986666666666,0.014531,0.0161512,0.004765306353405545,97.80480016208537,0.004816788728385413,98.86144227979031,False
420,812,RELU,1,relu_stride_optimized,,,"[[1,128,49]]","[[1,128,49]]",[],300,4.596153,0.01532051,0.015261,0.016304600000000002,0.004744718717315228,97.80954488080269,0.0047959786720932155,98.8662382584624,False
421,797,RELU,1,relu_stride_optimized,,,"[[1,128,49]]","[[1,128,49]]",[],300,4.528446,0.015094819999999998,0.014792,0.0161486,0.00467482316114178,97.81421970396383,0.00472532799359069,98.870963586456,False
422,662,RELU,1,relu_stride_optimized,,,"[[1,128,49]]","[[1,128,49]]",[],300,4.510834,0.015036113333333333,0.0142445,0.015627600000000002,0.004656641872126955,97.81887634583596,0.004706950281540437,98.87567053673754,False
423,569,RELU,1,relu_stride_optimized,,,"[[1,128,49]]","[[1,128,49]]",[],300,4.489898,0.014966326666666667,0.014791,0.016252600000000002,0.004635029138376423,97.82351137497433,0.004685104052862031,98.88035564079041,False
424,434,RELU,1,relu_stride_optimized,,,"[[1,128,49]]","[[1,128,49]]",[],300,4.485995,0.014953316666666666,0.0143225,0.015417,0.004630999978086571,97.82814237495242,0.004681031363211103,98.88503667215362,False
425,554,RELU,1,relu_stride_optimized,,,"[[1,128,49]]","[[1,128,49]]",[],300,4.482702,0.014942339999999998,0.014687,0.0158876,0.0046276005353926225,97.8327699754878,0.004677595194361371,98.88971426734798,False
426,539,RELU,1,relu_stride_optimized,,,"[[1,128,49]]","[[1,128,49]]",[],300,4.474278,0.01491426,0.014584,0.01593705,0.004618904238625595,97.83738887972643,0.004668804946444535,98.89438307229443,False
427,359,RELU,1,relu_stride_optimized,,,"[[1,128,49]]","[[1,128,49]]",[],300,4.457609,0.014858696666666666,0.014115,0.015573,0.0046016964310746,97.84199057615751,0.004651411232944326,98.89903448352737,False
428,707,RELU,1,relu_stride_optimized,,,"[[1,128,49]]","[[1,128,49]]",[],300,4.457282,0.014857606666666667,0.014427,0.015781,0.004601358861150239,97.84659193501867,0.004651070016055817,98.90368555354343,False
429,782,RELU,1,relu_stride_optimized,,,"[[1,128,49]]","[[1,128,49]]",[],300,4.449178,0.014830593333333333,0.014713500000000001,0.01588505,0.004592992908040079,97.85118492792671,0.004642613680690427,98.90832816722411,False
430,677,RELU,1,relu_stride_optimized,,,"[[1,128,49]]","[[1,128,49]]",[],300,4.441024,0.014803413333333333,0.0141405,0.01557465,0.004584575338733533,97.85576950326545,0.004634105171488874,98.9129622723956,False
431,767,RELU,1,relu_stride_optimized,,,"[[1,128,49]]","[[1,128,49]]",[],300,4.434327,0.014781089999999998,0.014635,0.0159432,0.00457766186538966,97.86034716513083,0.004627117007873126,98.91758938940347,False
432,494,RELU,1,relu_stride_optimized,,,"[[1,128,49]]","[[1,128,49]]",[],300,4.432618,0.014775393333333333,0.014427,0.015781049999999998,0.004575897623797205,97.86492306275463,0.004625333706153056,98.92221472310963,False
433,617,RELU,1,relu_stride_optimized,,,"[[1,128,49]]","[[1,128,49]]",[],300,4.431971,0.014773236666666667,0.014219,0.015729,0.004575229710215976,97.86949829246484,0.0046246585767130985,98.92683938168635,False
434,239,RELU,1,relu_stride_optimized,,,"[[1,128,49]]","[[1,128,49]]",[],300,4.427453,0.014758176666666666,0.014427,0.015364049999999999,0.004570565670710583,97.87406885813554,0.004619944148877359,98.93145932583522,False
435,449,RELU,1,relu_stride_optimized,,,"[[1,128,49]]","[[1,128,49]]",[],300,4.426137,0.01475379,0.014323,0.015625,0.004569207132421717,97.87863806526796,0.004618570933509534,98.93607789676874,False
436,647,RELU,1,relu_stride_optimized,,,"[[1,128,49]]","[[1,128,49]]",[],300,4.420466,0.014734886666666667,0.0142445,0.015521,0.004563352823427675,97.88320141809139,0.004612653377011863,98.94069055014575,False
437,314,RELU,1,relu_stride_optimized,,,"[[1,128,49]]","[[1,128,49]]",[],300,4.41595,0.014719833333333331,0.014011,0.015156049999999999,0.0045586908485701376,97.88776010893996,0.004607941036129571,98.94529849118187,False
438,722,RELU,1,relu_stride_optimized,,,"[[1,128,49]]","[[1,128,49]]",[],300,4.409991,0.01469997,0.014375,0.01588505,0.004552539230284914,97.89231264817025,0.0046017229583355974,98.94990021414021,False
439,509,RELU,1,relu_stride_optimized,,,"[[1,128,49]]","[[1,128,49]]",[],300,4.408125,0.01469375,0.014557500000000001,0.0161486,0.004550612913835808,97.89686326108408,0.004599775830769973,98.95449998997098,False
440,231,ADD,1,add_stride_optimized,,,"[[1,128,1],[1,128,49]]","[[1,128,49]]",[],300,4.405253,0.014684176666666666,0.01375,0.015156049999999999,0.004547648079515425,97.90141090916359,0.004596778965620738,98.9590967689366,False
441,374,RELU,1,relu_stride_optimized,,,"[[1,128,49]]","[[1,128,49]]",[],300,4.403549,0.014678496666666667,0.014167,0.0155782,0.004545888999542608,97.90595679816313,0.004595000881284284,98.96369176981788,False
442,389,RELU,1,relu_stride_optimized,,,"[[1,128,49]]","[[1,128,49]]",[],300,4.396126,0.014653753333333332,0.014271,0.0155236,0.004538226059027218,97.91049502422216,0.004587255153567442,98.96827902497145,False
443,602,RELU,1,relu_stride_optimized,,,"[[1,128,49]]","[[1,128,49]]",[],300,4.39229,0.014640966666666666,0.014271,0.015471600000000002,0.004534266064440523,97.9150292902866,0.004583252376856973,98.97286227734831,False
444,752,RELU,1,relu_stride_optimized,,,"[[1,128,49]]","[[1,128,49]]",[],300,4.390426,0.014634753333333332,0.014479,0.0160992,0.004532341812639272,97.91956163209923,0.004581307336244796,98.97744358468455,False
445,419,RELU,1,relu_stride_optimized,,,"[[1,128,49]]","[[1,128,49]]",[],300,4.374428,0.014581426666666666,0.014323,0.015627600000000002,0.00451582669444377,97.92407745879368,0.004564613795625903,98.98200819848017,False
446,284,RELU,1,relu_stride_optimized,,,"[[1,128,49]]","[[1,128,49]]",[],300,4.365618,0.014552060000000002,0.014323,0.015312,0.004506731920640647,97.92858419071432,0.0045554207656938826,98.98656361924587,False
447,479,RELU,1,relu_stride_optimized,,,"[[1,128,49]]","[[1,128,49]]",[],300,4.35594,0.014519800000000001,0.014427,0.01578455,0.004496741089668272,97.93308093180399,0.004545321997966064,98.99110894124384,False
448,344,RELU,1,relu_stride_optimized,,,"[[1,128,49]]","[[1,128,49]]",[],300,4.355047,0.014516823333333333,0.014218,0.0152626,0.004495819224400827,97.93757675102839,0.004544390173252183,98.99565333141709,False
449,464,RELU,1,relu_stride_optimized,,,"[[1,128,49]]","[[1,128,49]]",[],300,4.350415,0.014501383333333333,0.014375,0.015781,0.004491037499967675,97.94206778852836,0.004539556789069991,99.00019288820616,False
450,404,RELU,1,relu_stride_optimized,,,"[[1,128,49]]","[[1,128,49]]",[],300,4.345886,0.014486286666666667,0.014271,0.015313,0.004486362104899077,97.94655415063326,0.004534830882990296,99.00472771908915,False
451,692,RELU,1,relu_stride_optimized,,,"[[1,128,49]]","[[1,128,49]]",[],300,4.344835,0.014482783333333332,0.014219,0.015885,0.004485277132451054,97.9510394277657,0.004533734188954137,99.0092614532781,False
452,632,RELU,1,relu_stride_optimized,,,"[[1,128,49]]","[[1,128,49]]",[],300,4.286974,0.014289913333333333,0.014167,0.0155782,0.004425545837669837,97.95546497360338,0.004473357582268941,99.01373481086037,False
453,254,RELU,1,relu_stride_optimized,,,"[[1,128,49]]","[[1,128,49]]",[],300,4.268557,0.014228523333333335,0.0141925,0.0150026,0.0044065335278932055,97.95987150713128,0.004454139871456454,99.01818895073183,False
454,269,RELU,1,relu_stride_optimized,,,"[[1,128,49]]","[[1,128,49]]",[],300,4.254326,0.014181086666666665,0.014115,0.015208049999999999,0.004391842526077967,97.96426334965736,0.004439290154207582,99.02262824088604,False
455,299,RELU,1,relu_stride_optimized,,,"[[1,128,49]]","[[1,128,49]]",[],300,4.2510390000000005,0.014170130000000001,0.013959,0.015106600000000001,0.0043884492773275845,97.96865179893469,0.004435860246218189,99.02706410113225,False
456,329,RELU,1,relu_stride_optimized,,,"[[1,128,49]]","[[1,128,49]]",[],300,4.244846,0.014149486666666666,0.014062,0.015057200000000001,0.004382056095243277,97.97303385502993,0.004429397994870971,99.03149349912712,False
457,48,ADD,1,add_stride_optimized,,,"[[1,128,1],[1,128,49]]","[[1,128,49]]",[],300,4.225164,0.014083880000000002,0.014011,0.0153676,0.004361737895698093,97.97739559292562,0.004408860286003546,99.03590235941313,False
458,206,RELU,1,relu_stride_optimized,,,"[[1,128,49]]","[[1,128,49]]",[],300,4.217131,0.014057103333333335,0.013854,0.0152106,0.004353445237586801,97.9817490381632,0.004400478037485509,99.04030283745061,False
459,161,RELU,1,relu_stride_optimized,,,"[[1,128,49]]","[[1,128,49]]",[],300,4.215238,0.014050793333333334,0.013646,0.0150052,0.004351491048391646,97.9861005292116,0.004398502736048356,99.04470134018666,False
460,86,RELU,1,relu_stride_optimized,,,"[[1,128,49]]","[[1,128,49]]",[],300,4.185003,0.01395001,0.0136195,0.015,0.004320278734437339,97.99042080794604,0.00436695321732025,99.04906829340398,False
461,146,RELU,1,relu_stride_optimized,,,"[[1,128,49]]","[[1,128,49]]",[],300,4.169321,0.013897736666666667,0.0135935,0.014854400000000002,0.004304089830602995,97.99472489777663,0.004350589415345911,99.05341888281933,False
462,759,ADD,1,add_stride_optimized,,,"[[1,128,1],[1,128,49]]","[[1,128,49]]",[],300,4.167861,0.013892870000000002,0.012994499999999999,0.015020850000000004,0.004302582637668538,97.9990274804143,0.004349065939329935,99.05776794875867,False
463,116,RELU,1,relu_stride_optimized,,,"[[1,128,49]]","[[1,128,49]]",[],300,4.166144,0.013887146666666668,0.01349,0.014641150000000002,0.00430081013748466,98.00332829055178,0.0043472742897960786,99.06211522304847,False
464,191,RELU,1,relu_stride_optimized,,,"[[1,128,49]]","[[1,128,49]]",[],300,4.16589,0.0138863,0.013854,0.014948,0.004300547927207022,98.00762883847898,0.004347009246708368,99.06646223229518,False
465,594,ADD,1,add_stride_optimized,,,"[[1,128,1],[1,128,49]]","[[1,128,49]]",[],300,4.157502,0.01385834,0.0135155,0.014792,0.004291888794101392,98.01192072727308,0.004338256563953568,99.07080048885913,False
466,56,RELU,1,relu_stride_optimized,,,"[[1,128,49]]","[[1,128,49]]",[],300,4.142698,0.013808993333333333,0.013594,0.014635,0.004276606270675576,98.01619733354376,0.004322808934542261,99.07512329779368,False
467,131,RELU,1,relu_stride_optimized,,,"[[1,128,49]]","[[1,128,49]]",[],300,4.140575,0.013801916666666667,0.013542,0.0148466,0.004274414646977048,98.02047174819073,0.004320593633458757,99.07944389142715,False
468,176,RELU,1,relu_stride_optimized,,,"[[1,128,49]]","[[1,128,49]]",[],300,4.133069,0.013776896666666667,0.013646,0.014844,0.0042666660235756585,98.02473841421431,0.004312761297173883,99.08375665272432,False
469,561,ADD,1,add_stride_optimized,,,"[[1,128,1],[1,128,49]]","[[1,128,49]]",[],300,4.119843,0.013732810000000002,0.013229,0.01473905,0.004253012507307768,98.02899142672162,0.004298960274031898,99.08805561299835,False
470,101,RELU,1,relu_stride_optimized,,,"[[1,128,49]]","[[1,128,49]]",[],300,4.099377,0.013664589999999999,0.013542,0.014583,0.004231884965803259,98.03322331168742,0.004277604479413429,99.09233321747776,False
471,546,ADD,1,add_stride_optimized,,,"[[1,128,1],[1,128,49]]","[[1,128,49]]",[],300,4.080252,0.01360084,0.013073,0.01463765,0.004212141770685809,98.0374354534581,0.0042576479870808665,99.09659086546483,False
472,576,ADD,1,add_stride_optimized,,,"[[1,128,1],[1,128,49]]","[[1,128,49]]",[],300,4.070209,0.013567363333333334,0.013177,0.014690550000000002,0.004201774141479819,98.04163722759958,0.0042471683503490535,99.10083803381518,False
473,71,RELU,1,relu_stride_optimized,,,"[[1,128,49]]","[[1,128,49]]",[],300,4.059997,0.013533323333333333,0.013385,0.014323,0.004191232049530047,98.04582845964912,0.004236512366051008,99.10507454618123,False
474,516,ADD,1,add_stride_optimized,,,"[[1,128,1],[1,128,49]]","[[1,128,49]]",[],300,4.050067,0.013500223333333334,0.012917,0.0146386,0.004180981072927889,98.05000944072205,0.004226150642188925,99.10930069682341,False
475,41,RELU,1,relu_stride_optimized,,,"[[1,128,49]]","[[1,128,49]]",[],300,4.022404,0.013408013333333333,0.013177,0.014011,0.004152423896115653,98.05416186461817,0.0041972849455930725,99.113497981769,False
476,789,ADD,1,add_stride_optimized,,,"[[1,128,1],[1,128,49]]","[[1,128,49]]",[],300,4.003688,0.013345626666666667,0.013099,0.01463855,0.004133102921484636,98.05829496753965,0.004177755235240328,99.11767573700425,False
477,819,ADD,1,add_stride_optimized,,,"[[1,128,1],[1,128,49]]","[[1,128,49]]",[],300,4.000936,0.013336453333333335,0.013046499999999999,0.014693150000000002,0.0041302619660355784,98.06242522950569,0.0041748835872978856,99.12185062059154,False
478,471,ADD,1,add_stride_optimized,,,"[[1,128,1],[1,128,49]]","[[1,128,49]]",[],300,3.986345,0.013287816666666667,0.012656,0.014219,0.004115199327606364,98.06654042883329,0.0041596582184286355,99.12601027880997,False
479,684,ADD,1,add_stride_optimized,,,"[[1,128,1],[1,128,49]]","[[1,128,49]]",[],300,3.983488,0.013278293333333333,0.012813,0.01458305,0.004112249978144897,98.07065267881144,0.00415667700543025,99.1301669558154,False
480,456,ADD,1,add_stride_optimized,,,"[[1,128,1],[1,128,49]]","[[1,128,49]]",[],300,3.966049,0.013220163333333333,0.012605,0.014583,0.0040942472811695664,98.07474692609262,0.004138479814853122,99.13430543563025,False
481,774,ADD,1,add_stride_optimized,,,"[[1,128,1],[1,128,49]]","[[1,128,49]]",[],300,3.964745,0.013215816666666668,0.013125,0.014843,0.004092901130767833,98.07883982722338,0.004137119121205977,99.13844255475146,False
482,531,ADD,1,add_stride_optimized,,,"[[1,128,1],[1,128,49]]","[[1,128,49]]",[],300,3.961359,0.013204529999999999,0.012968,0.014584,0.004089405681948607,98.08292923290533,0.00413358590902098,99.14257614066048,False
483,804,ADD,1,add_stride_optimized,,,"[[1,128,1],[1,128,49]]","[[1,128,49]]",[],300,3.953848,0.013179493333333332,0.0130725,0.014690600000000002,0.004081651896927579,98.08701088480225,0.004125748355352491,99.14670188901583,False
484,50,DEQUANTIZE_LINEAR,4,fused_dequant_relu_quant_neon,FUSION_CONV_BIAS_ACT,DequantizeLinear-Relu-QuantizeLinear,"[[1,64,49],[],[],[],[]]","[[1,64,49]]","[[],[],[],[]]",300,3.941938,0.013139793333333333,0.012813,0.01338855,0.004069356918948555,98.0910802417212,0.00411332054757833,99.1508152095634,False
485,714,ADD,1,add_stride_optimized,,,"[[1,128,1],[1,128,49]]","[[1,128,49]]",[],300,3.924539,0.013081796666666668,0.012656500000000001,0.01427005,0.004051395514930331,98.09513163723614,0.004095165096070134,99.15491037465948,False
486,596,DEQUANTIZE_LINEAR,4,fused_dequant_relu_quant_neon,FUSION_CONV_BIAS_ACT,DequantizeLinear-Relu-QuantizeLinear,"[[1,64,49],[],[],[],[]]","[[1,64,49]]","[[],[],[],[]]",300,3.924014,0.013080046666666668,0.012968,0.013854,0.004050853544868284,98.099182490781,0.004094617270790417,99.15900499193027,False
487,744,ADD,1,add_stride_optimized,,,"[[1,128,1],[1,128,49]]","[[1,128,49]]",[],300,3.891931,0.012973103333333333,0.012708,0.0143256,0.00401773349629557,98.1032002242773,0.004061139407077706,99.16306613133735,False
488,501,ADD,1,add_stride_optimized,,,"[[1,128,1],[1,128,49]]","[[1,128,49]]",[],300,3.887645,0.012958816666666666,0.012656,0.014221550000000001,0.004013308955941406,98.10721353323325,0.004056667065841765,99.16712279840318,False
489,246,ADD,1,add_stride_optimized,,,"[[1,128,1],[1,128,49]]","[[1,128,49]]",[],300,3.884063,0.012946876666666666,0.012448,0.01406205,0.0040096111716323496,98.11122314440489,0.004052929332219008,99.1711757277354,False
490,441,ADD,1,add_stride_optimized,,,"[[1,128,1],[1,128,49]]","[[1,128,49]]",[],300,3.870988,0.012903293333333333,0.0125,0.0144296,0.003996113536277544,98.11521925794116,0.004039285874062237,99.17521501360946,False
491,226,REDUCE_MEAN,1,reduce_mean_stride_optimized,,,"[[1,128,49]]","[[1,128,1]]",[],300,3.869736,0.01289912,0.009271,0.018151050000000005,0.0039948210667200505,98.11921407900789,0.004037979441204701,99.17925299305067,False
492,699,ADD,1,add_stride_optimized,,,"[[1,128,1],[1,128,49]]","[[1,128,49]]",[],300,3.862346,0.012874486666666667,0.012552,0.014065550000000001,0.003987192192894275,98.12320127120078,0.0040302681482197265,99.18328326119888,False
493,486,ADD,1,add_stride_optimized,,,"[[1,128,1],[1,128,49]]","[[1,128,49]]",[],300,3.838689,0.01279563,0.012656,0.014273600000000003,0.003962770505736445,98.12716404170652,0.004005582619377299,99.18728884381825,False
494,729,ADD,1,add_stride_optimized,,,"[[1,128,1],[1,128,49]]","[[1,128,49]]",[],300,3.833488,0.012778293333333333,0.012708500000000001,0.01421805,0.003957401388988426,98.13112144309551,0.004000155496939566,99.19128899931519,False
495,426,ADD,1,add_stride_optimized,,,"[[1,128,1],[1,128,49]]","[[1,128,49]]",[],300,3.831983,0.012773276666666666,0.012344,0.014116600000000002,0.003955847741477222,98.13507729083699,0.003998585064471042,99.19528758437966,False
496,396,ADD,1,add_stride_optimized,,,"[[1,128,1],[1,128,49]]","[[1,128,49]]",[],300,3.777814,0.012592713333333333,0.01224,0.014328200000000001,0.0038999277866371097,98.13897721862362,0.003942060973848163,99.1992296453535,False
497,233,DEQUANTIZE_LINEAR,4,fused_dequant_relu_quant_neon,FUSION_CONV_BIAS_ACT,DequantizeLinear-Relu-QuantizeLinear,"[[1,64,49],[],[],[],[]]","[[1,64,49]]","[[],[],[],[]]",300,3.774307,0.012581023333333333,0.01224,0.013281,0.003896307426622631,98.14287352605025,0.003938401500979651,99.20316804685447,False
498,669,ADD,1,add_stride_optimized,,,"[[1,128,1],[1,128,49]]","[[1,128,49]]",[],300,3.772237,0.012574123333333333,0.01224,0.014434850000000003,0.003894170516092272,98.14676769656634,0.00393624150416248,99.20710428835864,False
499,609,ADD,1,add_stride_optimized,,,"[[1,128,1],[1,128,49]]","[[1,128,49]]",[],300,3.763958,0.012546526666666667,0.012187,0.013906050000000001,0.0038856239062947627,98.15065332047264,0.003927602560370517,99.211031890919,False
500,639,ADD,1,add_stride_optimized,,,"[[1,128,1],[1,128,49]]","[[1,128,49]]",[],300,3.760581,0.012535270000000001,0.012135,0.01401005,0.0038821377483908865,98.15453545822103,0.003924078739476031,99.21495596965848,False
501,624,ADD,1,add_stride_optimized,,,"[[1,128,1],[1,128,49]]","[[1,128,49]]",[],300,3.758696,0.012528986666666667,0.012083,0.0140646,0.0038801918177871534,98.15841565003882,0.003922111785852664,99.21887808144433,False
502,411,ADD,1,add_stride_optimized,,,"[[1,128,1],[1,128,49]]","[[1,128,49]]",[],300,3.741249,0.012470829999999999,0.012188,0.014115,0.0038621808622204003,98.16227783090103,0.003903906247461751,99.22278198769179,False
503,654,ADD,1,add_stride_optimized,,,"[[1,128,1],[1,128,49]]","[[1,128,49]]",[],300,3.736873,0.012456243333333334,0.0121875,0.0137006,0.0038576634127127428,98.16613549431375,0.003899339993320716,99.22668132768511,False
504,351,ADD,1,add_stride_optimized,,,"[[1,128,1],[1,128,49]]","[[1,128,49]]",[],300,3.631722,0.01210574,0.011823,0.013439650000000001,0.003749113519390128,98.16988460783314,0.003789617372392024,99.2304709450575,False
505,381,ADD,1,add_stride_optimized,,,"[[1,128,1],[1,128,49]]","[[1,128,49]]",[],300,3.626515,0.012088383333333333,0.011927,0.0138046,0.003743738208698543,98.17362834604184,0.0037841839890939504,99.2342551290466,False
506,336,ADD,1,add_stride_optimized,,,"[[1,128,1],[1,128,49]]","[[1,128,49]]",[],300,3.61093,0.012036433333333334,0.011719,0.01338855,0.0037276494402851855,98.17735599548212,0.003767921404361768,99.23802305045096,False
507,366,ADD,1,add_stride_optimized,,,"[[1,128,1],[1,128,49]]","[[1,128,49]]",[],300,3.604268,0.012014226666666666,0.011875,0.013856650000000002,0.0037207720982787825,98.1810767675804,0.003760969762431335,99.24178402021339,False
508,291,ADD,1,add_stride_optimized,,,"[[1,128,1],[1,128,49]]","[[1,128,49]]",[],300,3.603544,0.012011813333333333,0.01151,0.013908600000000002,0.003720024695755121,98.18479679227615,0.003760214285283687,99.24554423449867,False
509,821,DEQUANTIZE_LINEAR,4,fused_dequant_relu_quant_neon,FUSION_CONV_BIAS_ACT,DequantizeLinear-Relu-QuantizeLinear,"[[1,64,49],[],[],[],[]]","[[1,64,49]]","[[],[],[],[]]",300,3.58269,0.0119423,0.012083,0.013333,0.0036984966125666605,98.18849528888872,0.003738453621696589,99.24928268812036,False
510,716,DEQUANTIZE_LINEAR,4,fused_dequant_relu_quant_neon,FUSION_CONV_BIAS_ACT,DequantizeLinear-Relu-QuantizeLinear,"[[1,64,49],[],[],[],[]]","[[1,64,49]]","[[],[],[],[]]",300,3.575989,0.011919963333333334,0.011458,0.0133382,0.0036915790099270773,98.19218686789864,0.0037314612841739484,99.25301414940454,False
511,63,ADD,1,add_stride_optimized,,,"[[1,128,1],[1,128,49]]","[[1,128,49]]",[],300,3.53541,0.0117847,0.011406,0.013073,0.003649688337264541,98.1958365562359,0.003689118042220325,99.25670326744675,False
512,261,ADD,1,add_stride_optimized,,,"[[1,128,1],[1,128,49]]","[[1,128,49]]",[],300,3.532081,0.011773603333333332,0.011615,0.013333,0.003646251730909195,98.19948280796682,0.003685644308208555,99.26038891175496,False
513,731,DEQUANTIZE_LINEAR,4,fused_dequant_relu_quant_neon,FUSION_CONV_BIAS_ACT,DequantizeLinear-Relu-QuantizeLinear,"[[1,64,49],[],[],[],[]]","[[1,64,49]]","[[],[],[],[]]",300,3.530837,0.011769456666666667,0.010938,0.01296805,0.003644967519943124,98.20312777548676,0.003684346223164806,99.26407325797813,False
514,306,ADD,1,add_stride_optimized,,,"[[1,128,1],[1,128,49]]","[[1,128,49]]",[],300,3.518429,0.011728096666666667,0.0115885,0.0131302,0.0036321584446481004,98.20675993393141,0.0036713987639824565,99.26774465674211,False
515,321,ADD,1,add_stride_optimized,,,"[[1,128,1],[1,128,49]]","[[1,128,49]]",[],300,3.512176,0.011707253333333334,0.011614,0.0130236,0.0036257033231281307,98.21038563725453,0.0036648739040318415,99.27140953064614,False
516,140,DEQUANTIZE_LINEAR,4,fused_dequant_relu_quant_neon,FUSION_CONV_BIAS_ACT,DequantizeLinear-Relu-QuantizeLinear,"[[1,64,49],[],[],[],[]]","[[1,64,49]]","[[],[],[],[]]",300,3.5105720000000002,0.011701906666666668,0.010938,0.012916,0.0036240474755480845,98.21400968473009,0.0036632001673677144,99.2750727308135,False
517,776,DEQUANTIZE_LINEAR,4,fused_dequant_relu_quant_neon,FUSION_CONV_BIAS_ACT,DequantizeLinear-Relu-QuantizeLinear,"[[1,64,49],[],[],[],[]]","[[1,64,49]]","[[],[],[],[]]",300,3.486304,0.011621013333333334,0.010885,0.0131302,0.003598995038470423,98.21760867976856,0.0036378770742473685,99.27871060788776,False
518,578,DEQUANTIZE_LINEAR,4,fused_dequant_relu_quant_neon,FUSION_CONV_BIAS_ACT,DequantizeLinear-Relu-QuantizeLinear,"[[1,64,49],[],[],[],[]]","[[1,64,49]]","[[],[],[],[]]",300,3.480981,0.011603269999999999,0.0114585,0.012969,0.0035934999782032233,98.22120217974677,0.0036323226476493954,99.2823429305354,False
519,276,ADD,1,add_stride_optimized,,,"[[1,128,1],[1,128,49]]","[[1,128,49]]",[],300,3.475433,0.011584776666666668,0.011459,0.0131822,0.0035877726450522893,98.22478995239182,0.0036265334387886867,99.2859694639742,False
520,746,DEQUANTIZE_LINEAR,4,fused_dequant_relu_quant_neon,FUSION_CONV_BIAS_ACT,DequantizeLinear-Relu-QuantizeLinear,"[[1,64,49],[],[],[],[]]","[[1,64,49]]","[[],[],[],[]]",300,3.46672,0.011555733333333333,0.0113805,0.0131276,0.0035787780066701544,98.22836873039849,0.0036174416260988246,99.2895869056003,False
521,548,DEQUANTIZE_LINEAR,4,fused_dequant_relu_quant_neon,FUSION_CONV_BIAS_ACT,DequantizeLinear-Relu-QuantizeLinear,"[[1,64,49],[],[],[],[]]","[[1,64,49]]","[[],[],[],[]]",300,3.465008,0.011550026666666668,0.011302,0.013177,0.0035770106681059146,98.2319457410666,0.003615655193948585,99.29320256079426,False
522,198,ADD,1,add_stride_optimized,,,"[[1,128,1],[1,128,49]]","[[1,128,49]]",[],300,3.459375,0.01153125,0.010885,0.013439650000000001,0.0035711955874211257,98.23551693665402,0.0036097772895663975,99.29681233808383,False
523,428,DEQUANTIZE_LINEAR,4,fused_dequant_relu_quant_neon,FUSION_CONV_BIAS_ACT,DequantizeLinear-Relu-QuantizeLinear,"[[1,64,49],[],[],[],[]]","[[1,64,49]]","[[],[],[],[]]",300,3.45458,0.011515266666666666,0.011354,0.013125,0.0035662455941877567,98.23908318224821,0.003604773818678312,99.3004171119025,False
524,563,DEQUANTIZE_LINEAR,4,fused_dequant_relu_quant_neon,FUSION_CONV_BIAS_ACT,DequantizeLinear-Relu-QuantizeLinear,"[[1,64,49],[],[],[],[]]","[[1,64,49]]","[[],[],[],[]]",300,3.441094,0.011470313333333334,0.01125,0.0129222,0.003552323673698662,98.24263550592191,0.0035907014915882757,99.3040078133941,False
525,93,ADD,1,add_stride_optimized,,,"[[1,128,1],[1,128,49]]","[[1,128,49]]",[],300,3.413231,0.011377436666666668,0.010677,0.012812,0.003523560032100884,98.24615906595402,0.00356162709964777,99.30756944049374,False
526,443,DEQUANTIZE_LINEAR,4,fused_dequant_relu_quant_neon,FUSION_CONV_BIAS_ACT,DequantizeLinear-Relu-QuantizeLinear,"[[1,64,49],[],[],[],[]]","[[1,64,49]]","[[],[],[],[]]",300,3.406619,0.011355396666666667,0.010677,0.013021,0.0035167343062908665,98.2496758002603,0.0035547276315535006,99.31112416812529,False
527,533,DEQUANTIZE_LINEAR,4,fused_dequant_relu_quant_neon,FUSION_CONV_BIAS_ACT,DequantizeLinear-Relu-QuantizeLinear,"[[1,64,49],[],[],[],[]]","[[1,64,49]]","[[],[],[],[]]",300,3.396715,0.011322383333333333,0.010782,0.0127116,0.0035065101701108286,98.25318231043042,0.0035443930380862224,99.31466856116337,False
528,123,ADD,1,add_stride_optimized,,,"[[1,128,1],[1,128,49]]","[[1,128,49]]",[],300,3.391148,0.011303826666666666,0.010625,0.01271675,0.0035007632228052678,98.25668307365322,0.0035385840031677716,99.31820714516654,False
529,806,DEQUANTIZE_LINEAR,4,fused_dequant_relu_quant_neon,FUSION_CONV_BIAS_ACT,DequantizeLinear-Relu-QuantizeLinear,"[[1,64,49],[],[],[],[]]","[[1,64,49]]","[[],[],[],[]]",300,3.389528,0.011298426666666667,0.011198,0.0130236,0.0034990908580423783,98.26018216451126,0.0035368935708760723,99.32174403873742,False
530,398,DEQUANTIZE_LINEAR,4,fused_dequant_relu_quant_neon,FUSION_CONV_BIAS_ACT,DequantizeLinear-Relu-QuantizeLinear,"[[1,64,49],[],[],[],[]]","[[1,64,49]]","[[],[],[],[]]",300,3.380684,0.011268946666666666,0.010625,0.0131276,0.0034899609852257125,98.26367212549648,0.003527665062735462,99.32527170380015,False
531,611,DEQUANTIZE_LINEAR,4,fused_dequant_relu_quant_neon,FUSION_CONV_BIAS_ACT,DequantizeLinear-Relu-QuantizeLinear,"[[1,64,49],[],[],[],[]]","[[1,64,49]]","[[],[],[],[]]",300,3.376304,0.011254346666666666,0.010521,0.01271325,0.0034854394064223436,98.2671575649029,0.0035230946346875335,99.32879479843484,False
532,473,DEQUANTIZE_LINEAR,4,fused_dequant_relu_quant_neon,FUSION_CONV_BIAS_ACT,DequantizeLinear-Relu-QuantizeLinear,"[[1,64,49],[],[],[],[]]","[[1,64,49]]","[[],[],[],[]]",300,3.374537,0.011248456666666667,0.010833,0.012917,0.0034836152900420804,98.27064118019294,0.0035212508113175132,99.33231604924616,False
533,761,DEQUANTIZE_LINEAR,4,fused_dequant_relu_quant_neon,FUSION_CONV_BIAS_ACT,DequantizeLinear-Relu-QuantizeLinear,"[[1,64,49],[],[],[],[]]","[[1,64,49]]","[[],[],[],[]]",300,3.370419,0.01123473,0.010885,0.012917,0.0034793641801077716,98.27412054437305,0.003516953774171082,99.33583300302033,False
534,183,ADD,1,add_stride_optimized,,,"[[1,128,1],[1,128,49]]","[[1,128,49]]",[],300,3.369288,0.01123096,0.0109375,0.013026200000000002,0.003478196621745532,98.27759874099479,0.0035157736019970627,99.33934877662233,False
535,108,ADD,1,add_stride_optimized,,,"[[1,128,1],[1,128,49]]","[[1,128,49]]",[],300,3.366049,0.011220163333333333,0.011042,0.0125026,0.0034748529245436795,98.28107359391933,0.0035123937808903874,99.34286117040322,False
536,503,DEQUANTIZE_LINEAR,4,fused_dequant_relu_quant_neon,FUSION_CONV_BIAS_ACT,DequantizeLinear-Relu-QuantizeLinear,"[[1,64,49],[],[],[],[]]","[[1,64,49]]","[[],[],[],[]]",300,3.361664,0.011205546666666667,0.011041,0.01286405,0.003470326184120672,98.28454392010345,0.003507818135458843,99.34636898853869,False
537,213,ADD,1,add_stride_optimized,,,"[[1,128,1],[1,128,49]]","[[1,128,49]]",[],300,3.356709,0.011189029999999999,0.0109375,0.01317705,0.00346521101905887,98.28800913112251,0.003502647708295034,99.34987163624697,False
538,671,DEQUANTIZE_LINEAR,4,fused_dequant_relu_quant_neon,FUSION_CONV_BIAS_ACT,DequantizeLinear-Relu-QuantizeLinear,"[[1,64,49],[],[],[],[]]","[[1,64,49]]","[[],[],[],[]]",300,3.351105,0.01117035,0.0109895,0.012917,0.003459425875767984,98.29146855699828,0.0034968000647378214,99.35336843631171,False
539,153,ADD,1,add_stride_optimized,,,"[[1,128,1],[1,128,49]]","[[1,128,49]]",[],300,3.349791,0.01116597,0.010729,0.012871850000000002,0.003458069402126973,98.29492662640041,0.0034954289363234433,99.35686386524803,False
540,215,DEQUANTIZE_LINEAR,4,fused_dequant_relu_quant_neon,FUSION_CONV_BIAS_ACT,DequantizeLinear-Relu-QuantizeLinear,"[[1,64,49],[],[],[],[]]","[[1,64,49]]","[[],[],[],[]]",300,3.334682,0.011115606666666666,0.010937,0.012401200000000003,0.003442472019903206,98.29836909842031,0.0034796630465115386,99.36034352829454,False
541,791,DEQUANTIZE_LINEAR,4,fused_dequant_relu_quant_neon,FUSION_CONV_BIAS_ACT,DequantizeLinear-Relu-QuantizeLinear,"[[1,64,49],[],[],[],[]]","[[1,64,49]]","[[],[],[],[]]",300,3.333241,0.011110803333333334,0.010937,0.012865,0.0034409844411233763,98.30181008286144,0.0034781593965533047,99.36382168769109,False
542,686,DEQUANTIZE_LINEAR,4,fused_dequant_relu_quant_neon,FUSION_CONV_BIAS_ACT,DequantizeLinear-Relu-QuantizeLinear,"[[1,64,49],[],[],[],[]]","[[1,64,49]]","[[],[],[],[]]",300,3.331982,0.011106606666666666,0.010781,0.01302005,0.0034396847452983896,98.30524976760674,0.0034768456593587058,99.36729853335045,False
543,458,DEQUANTIZE_LINEAR,4,fused_dequant_relu_quant_neon,FUSION_CONV_BIAS_ACT,DequantizeLinear-Relu-QuantizeLinear,"[[1,64,49],[],[],[],[]]","[[1,64,49]]","[[],[],[],[]]",300,3.32187,0.0110729,0.010625,0.01271155,0.0034292458857413883,98.30867901349248,0.0034662940227329873,99.37076482737318,False
544,248,DEQUANTIZE_LINEAR,4,fused_dequant_relu_quant_neon,FUSION_CONV_BIAS_ACT,DequantizeLinear-Relu-QuantizeLinear,"[[1,64,49],[],[],[],[]]","[[1,64,49]]","[[],[],[],[]]",300,3.314115,0.011047050000000001,0.010937,0.012505200000000001,0.003421240213681998,98.31210025370616,0.0034582018607440188,99.37422302923392,False
545,138,ADD,1,add_stride_optimized,,,"[[1,128,1],[1,128,49]]","[[1,128,49]]",[],300,3.311976,0.01103992,0.010677,0.01286405,0.003419032072800627,98.31551928577896,0.0034559698640329417,99.37767899909795,False
546,626,DEQUANTIZE_LINEAR,4,fused_dequant_relu_quant_neon,FUSION_CONV_BIAS_ACT,DequantizeLinear-Relu-QuantizeLinear,"[[1,64,49],[],[],[],[]]","[[1,64,49]]","[[],[],[],[]]",300,3.308236,0.011027453333333333,0.010365,0.013125,0.0034151711813109925,98.31893445696028,0.003452067261087908,99.38113106635905,False
547,518,DEQUANTIZE_LINEAR,4,fused_dequant_relu_quant_neon,FUSION_CONV_BIAS_ACT,DequantizeLinear-Relu-QuantizeLinear,"[[1,64,49],[],[],[],[]]","[[1,64,49]]","[[],[],[],[]]",300,3.306831,0.01102277,0.010781,0.01302005,0.00341372076619256,98.32234817772647,0.0034506011762917115,99.38458166753534,False
548,488,DEQUANTIZE_LINEAR,4,fused_dequant_relu_quant_neon,FUSION_CONV_BIAS_ACT,DequantizeLinear-Relu-QuantizeLinear,"[[1,64,49],[],[],[],[]]","[[1,64,49]]","[[],[],[],[]]",300,3.301933,0.011006443333333333,0.010651,0.01276005,0.003408664443594637,98.32575684217007,0.0034454902273011287,99.38802715776265,False
549,168,ADD,1,add_stride_optimized,,,"[[1,128,1],[1,128,49]]","[[1,128,49]]",[],300,3.292022,0.010973406666666666,0.010625,0.01333655,0.0033984330811471057,98.32915527525121,0.0034351483294967878,99.39146230609215,False
550,701,DEQUANTIZE_LINEAR,4,fused_dequant_relu_quant_neon,FUSION_CONV_BIAS_ACT,DequantizeLinear-Relu-QuantizeLinear,"[[1,64,49],[],[],[],[]]","[[1,64,49]]","[[],[],[],[]]",300,3.291152,0.010970506666666666,0.0107295,0.01276355,0.003397534959329998,98.33255281021054,0.0034342405047475422,99.3948965465969,False
551,78,ADD,1,add_stride_optimized,,,"[[1,128,1],[1,128,49]]","[[1,128,49]]",[],300,3.286037,0.010953456666666667,0.010729,0.012557200000000001,0.003392254622439762,98.33594506483298,0.0034289031213080097,99.3983254497182,False
552,308,DEQUANTIZE_LINEAR,4,fused_dequant_relu_quant_neon,FUSION_CONV_BIAS_ACT,DequantizeLinear-Relu-QuantizeLinear,"[[1,64,49],[],[],[],[]]","[[1,64,49]]","[[],[],[],[]]",300,3.27812,0.010927066666666667,0.010547,0.0121412,0.0033840817139040836,98.33932914654689,0.003420641916089872,99.4017460916343,False
553,110,DEQUANTIZE_LINEAR,4,fused_dequant_relu_quant_neon,FUSION_CONV_BIAS_ACT,DequantizeLinear-Relu-QuantizeLinear,"[[1,64,49],[],[],[],[]]","[[1,64,49]]","[[],[],[],[]]",300,3.269587,0.010898623333333333,0.010729,0.012083,0.003375272893828936,98.34270441944072,0.0034117379292101977,99.4051578295635,False
554,323,DEQUANTIZE_LINEAR,4,fused_dequant_relu_quant_neon,FUSION_CONV_BIAS_ACT,DequantizeLinear-Relu-QuantizeLinear,"[[1,64,49],[],[],[],[]]","[[1,64,49]]","[[],[],[],[]]",300,3.266248,0.010887493333333333,0.010573,0.012403800000000003,0.0033718259642343124,98.34607624540496,0.0034082537604311954,99.40856608332393,False
555,353,DEQUANTIZE_LINEAR,4,fused_dequant_relu_quant_neon,FUSION_CONV_BIAS_ACT,DequantizeLinear-Relu-QuantizeLinear,"[[1,64,49],[],[],[],[]]","[[1,64,49]]","[[],[],[],[]]",300,3.262861,0.010876203333333334,0.010417,0.012450600000000003,0.00336832948309116,98.34944457488805,0.003404719504769476,99.4119708028287,False
556,641,DEQUANTIZE_LINEAR,4,fused_dequant_relu_quant_neon,FUSION_CONV_BIAS_ACT,DequantizeLinear-Relu-QuantizeLinear,"[[1,64,49],[],[],[],[]]","[[1,64,49]]","[[],[],[],[]]",300,3.26048,0.010868266666666666,0.010417,0.0128156,0.0033658715198192826,98.35281044640787,0.003402234986691367,99.4153730378154,False
557,200,DEQUANTIZE_LINEAR,4,fused_dequant_relu_quant_neon,FUSION_CONV_BIAS_ACT,DequantizeLinear-Relu-QuantizeLinear,"[[1,64,49],[],[],[],[]]","[[1,64,49]]","[[],[],[],[]]",300,3.252653,0.010842176666666667,0.0103385,0.012293600000000002,0.003357791520437098,98.35616823792832,0.0033940676943783232,99.41876710550977,False
558,368,DEQUANTIZE_LINEAR,4,fused_dequant_relu_quant_neon,FUSION_CONV_BIAS_ACT,DequantizeLinear-Relu-QuantizeLinear,"[[1,64,49],[],[],[],[]]","[[1,64,49]]","[[],[],[],[]]",300,3.247813,0.010826043333333334,0.010416,0.012557250000000002,0.0033527950726269825,98.35952103300095,0.00338901726703769,99.42215612277681,False
559,656,DEQUANTIZE_LINEAR,4,fused_dequant_relu_quant_neon,FUSION_CONV_BIAS_ACT,DequantizeLinear-Relu-QuantizeLinear,"[[1,64,49],[],[],[],[]]","[[1,64,49]]","[[],[],[],[]]",300,3.246158,0.010820526666666667,0.010365,0.01260405,0.003351086576526623,98.36287211957747,0.003387290313060676,99.42554341308987,False
560,170,DEQUANTIZE_LINEAR,4,fused_dequant_relu_quant_neon,FUSION_CONV_BIAS_ACT,DequantizeLinear-Relu-QuantizeLinear,"[[1,64,49],[],[],[],[]]","[[1,64,49]]","[[],[],[],[]]",300,3.2351,0.010783666666666667,0.01026,0.0121428,0.003339671138534008,98.36621179071601,0.0033757515474547436,99.42891916463732,False
561,293,DEQUANTIZE_LINEAR,4,fused_dequant_relu_quant_neon,FUSION_CONV_BIAS_ACT,DequantizeLinear-Relu-QuantizeLinear,"[[1,64,49],[],[],[],[]]","[[1,64,49]]","[[],[],[],[]]",300,3.217401,0.01072467,0.01026,0.012195800000000001,0.0033214000373374716,98.36953319075334,0.0033572830529295656,99.43227644769026,False
562,263,DEQUANTIZE_LINEAR,4,fused_dequant_relu_quant_neon,FUSION_CONV_BIAS_ACT,DequantizeLinear-Relu-QuantizeLinear,"[[1,64,49],[],[],[],[]]","[[1,64,49]]","[[],[],[],[]]",300,3.210526,0.010701753333333335,0.010573,0.012505200000000001,0.003314302810334467,98.37284749356368,0.0033501091504570765,99.43562655684072,False
563,383,DEQUANTIZE_LINEAR,4,fused_dequant_relu_quant_neon,FUSION_CONV_BIAS_ACT,DequantizeLinear-Relu-QuantizeLinear,"[[1,64,49],[],[],[],[]]","[[1,64,49]]","[[],[],[],[]]",300,3.206723,0.010689076666666667,0.010417,0.012294550000000001,0.0033103768824373865,98.37615787044612,0.003346140808478476,99.43897269764919,False
564,338,DEQUANTIZE_LINEAR,4,fused_dequant_relu_quant_neon,FUSION_CONV_BIAS_ACT,DequantizeLinear-Relu-QuantizeLinear,"[[1,64,49],[],[],[],[]]","[[1,64,49]]","[[],[],[],[]]",300,3.200531,0.010668436666666666,0.010364,0.01219055,0.0033039847326770074,98.3794618551788,0.00333967960060798,99.4423123772498,False
565,278,DEQUANTIZE_LINEAR,4,fused_dequant_relu_quant_neon,FUSION_CONV_BIAS_ACT,DequantizeLinear-Relu-QuantizeLinear,"[[1,64,49],[],[],[],[]]","[[1,64,49]]","[[],[],[],[]]",300,3.1971410000000002,0.010657136666666667,0.0103905,0.012346600000000001,0.003300485154562071,98.38276234033337,0.003336142214516091,99.44564851946433,False
566,413,DEQUANTIZE_LINEAR,4,fused_dequant_relu_quant_neon,FUSION_CONV_BIAS_ACT,DequantizeLinear-Relu-QuantizeLinear,"[[1,64,49],[],[],[],[]]","[[1,64,49]]","[[],[],[],[]]",300,3.196309,0.010654363333333333,0.010468,0.012448,0.0032996262610542164,98.38606196659443,0.0033352740418823293,99.44898379350622,False
567,65,DEQUANTIZE_LINEAR,4,fused_dequant_relu_quant_neon,FUSION_CONV_BIAS_ACT,DequantizeLinear-Relu-QuantizeLinear,"[[1,64,49],[],[],[],[]]","[[1,64,49]]","[[],[],[],[]]",300,3.194424,0.01064808,0.010364,0.012293600000000002,0.0032976803304504837,98.38935964692487,0.003333307088258963,99.45231710059447,False
568,125,DEQUANTIZE_LINEAR,4,fused_dequant_relu_quant_neon,FUSION_CONV_BIAS_ACT,DequantizeLinear-Relu-QuantizeLinear,"[[1,64,49],[],[],[],[]]","[[1,64,49]]","[[],[],[],[]]",300,3.1861,0.010620333333333334,0.010156,0.0117216,0.0032890872660762266,98.39264873419096,0.0033246211880144532,99.45564172178248,False
569,185,DEQUANTIZE_LINEAR,4,fused_dequant_relu_quant_neon,FUSION_CONV_BIAS_ACT,DequantizeLinear-Relu-QuantizeLinear,"[[1,64,49],[],[],[],[]]","[[1,64,49]]","[[],[],[],[]]",300,3.174266,0.010580886666666666,0.010312,0.012241650000000001,0.003276870744715709,98.39592560493567,0.0033122726844712616,99.45895399446695,False
570,43,REDUCE_MEAN,1,reduce_mean_stride_optimized,,,"[[1,128,49]]","[[1,128,1]]",[],300,3.165156,0.01055052,0.010052499999999999,0.012818200000000002,0.0032674662737342728,98.39919307120941,0.0033027666115222607,99.46225676107848,False
571,80,DEQUANTIZE_LINEAR,4,fused_dequant_relu_quant_neon,FUSION_CONV_BIAS_ACT,DequantizeLinear-Relu-QuantizeLinear,"[[1,64,49],[],[],[],[]]","[[1,64,49]]","[[],[],[],[]]",300,3.162601,0.010542003333333333,0.010208,0.011734600000000003,0.0032648286860989736,98.40245789989551,0.003300100528494303,99.46555686160697,False
572,155,DEQUANTIZE_LINEAR,4,fused_dequant_relu_quant_neon,FUSION_CONV_BIAS_ACT,DequantizeLinear-Relu-QuantizeLinear,"[[1,64,49],[],[],[],[]]","[[1,64,49]]","[[],[],[],[]]",300,3.137918,0.010459726666666667,0.01026,0.012242600000000001,0.0032393478345913132,98.4056972477301,0.003274344392533799,99.4688312059995,False
573,95,DEQUANTIZE_LINEAR,4,fused_dequant_relu_quant_neon,FUSION_CONV_BIAS_ACT,DequantizeLinear-Relu-QuantizeLinear,"[[1,64,49],[],[],[],[]]","[[1,64,49]]","[[],[],[],[]]",300,3.103586,0.010345286666666667,0.0101305,0.011411200000000002,0.0032039060895051796,98.40890115381961,0.003238519749670451,99.47206972574918,False
574,589,REDUCE_MEAN,1,reduce_mean_stride_optimized,,,"[[1,128,49]]","[[1,128,1]]",[],300,2.953738,0.009845793333333333,0.009584,0.010625,0.00304921441358572,98.41195036823319,0.0030821568496417046,99.47515188259882,False
575,46,EXPAND,1,expand_stride_optimized,,,"[[1,128,1,1],[4]]","[[1,128,1,100]]",[[4]],300,2.833489,0.009444963333333334,0.009063,0.009792,0.002925078493602543,98.4148754467268,0.002956679817145063,99.47810856241597,False
576,592,EXPAND,1,expand_stride_optimized,,,"[[1,128,1,1],[4]]","[[1,128,1,100]]",[[4]],300,2.826354,0.00942118,0.00948,0.010260000000000002,0.0029177128623783335,98.41779315958918,0.002949234610724523,99.4810577970267,False
577,229,EXPAND,1,expand_stride_optimized,,,"[[1,128,1,1],[4]]","[[1,128,1,100]]",[[4]],300,2.742233,0.009140776666666668,0.008959,0.0100546,0.0028308727412554567,98.42062403233044,0.002861456305286224,99.48391925333198,False
578,604,REDUCE_MEAN,1,reduce_mean_stride_optimized,,,"[[1,128,49]]","[[1,128,1]]",[],300,2.709374,0.009031246666666666,0.008073,0.01295770000000001,0.0027969516093148397,98.42342098393975,0.0028271687036362544,99.48674642203561,False
579,814,REDUCE_MEAN,1,reduce_mean_stride_optimized,,,"[[1,128,49]]","[[1,128,1]]",[],300,2.654793,0.00884931,0.008282,0.010210650000000002,0.0027406063370165107,98.42616159027676,0.002770214700603388,99.48951663673621,False
580,556,REDUCE_MEAN,1,reduce_mean_stride_optimized,,,"[[1,128,49]]","[[1,128,1]]",[],300,2.611195,0.008703983333333333,0.008437,0.009794600000000002,0.0026955990784162183,98.42885718935518,0.002724721202422209,99.49224135793864,False
581,526,REDUCE_MEAN,1,reduce_mean_stride_optimized,,,"[[1,128,49]]","[[1,128,1]]",[],300,2.588384,0.008627946666666667,0.0078645,0.0096896,0.00267205073730123,98.43152924009249,0.0027009184548876693,99.49494227639353,False
582,241,REDUCE_MEAN,1,reduce_mean_stride_optimized,,,"[[1,128,49]]","[[1,128,1]]",[],300,2.582611,0.008608703333333334,0.007552,0.011424250000000004,0.002666091131266561,98.43419533122375,0.0026948944637642243,99.49763717085729,False
583,784,REDUCE_MEAN,1,reduce_mean_stride_optimized,,,"[[1,128,49]]","[[1,128,1]]",[],300,2.552752,0.008509173333333333,0.008073,0.009479,0.002635266971109074,98.43683059819486,0.0026637372922840687,99.50030090814957,False
584,571,REDUCE_MEAN,1,reduce_mean_stride_optimized,,,"[[1,128,49]]","[[1,128,1]]",[],300,2.54515,0.008483833333333333,0.0082815,0.00979455,0.002627419244610624,98.43945801743946,0.0026558047822337607,99.5029567129318,False
585,799,REDUCE_MEAN,1,reduce_mean_stride_optimized,,,"[[1,128,49]]","[[1,128,1]]",[],300,2.541193,0.008470643333333333,0.008125,0.0098466,0.0026233343388286762,98.4420813517783,0.0026516757448397767,99.50560838867665,False
586,574,EXPAND,1,expand_stride_optimized,,,"[[1,128,1,1],[4]]","[[1,128,1,100]]",[[4]],300,2.531145,0.00843715,0.008438,0.009635050000000001,0.002612961548003048,98.4446943133263,0.0026411908907243474,99.50824957956738,False
587,754,REDUCE_MEAN,1,reduce_mean_stride_optimized,,,"[[1,128,49]]","[[1,128,1]]",[],300,2.512559,0.008375196666666666,0.007813,0.010112800000000002,0.0025937747754826335,98.44728808810177,0.002621796832345628,99.51087137639972,False
588,230,SLICE,1,slice_stride_optimized,,,"[[1,128,100],[1],[1],[1],[1]]","[[1,128,49]]","[[1],[1],[1],[1]]",300,2.501311,0.008337703333333333,0.0077085,0.00974,0.0025821631959437536,98.44987025129771,0.0026100598061622733,99.51348143620588,False
589,709,REDUCE_MEAN,1,reduce_mean_stride_optimized,,,"[[1,128,49]]","[[1,128,1]]",[],300,2.4943779999999998,0.008314593333333332,0.007604,0.010588650000000005,0.0025750060941529414,98.45244525739186,0.0026028253820398342,99.51608426158792,False
590,193,REDUCE_MEAN,1,reduce_mean_stride_optimized,,,"[[1,128,49]]","[[1,128,1]]",[],300,2.484681,0.008282270000000001,0.007812,0.01015605,0.0025649956490259394,98.45501025304088,0.0025927067882542732,99.51867696837617,False
591,148,REDUCE_MEAN,1,reduce_mean_stride_optimized,,,"[[1,128,49]]","[[1,128,1]]",[],300,2.482504,0.008275013333333333,0.007709,0.01088505,0.002562748279835315,98.45757300132071,0.002590435139427712,99.5212674035156,False
592,364,EXPAND,1,expand_stride_optimized,,,"[[1,128,1,1],[4]]","[[1,128,1,100]]",[[4]],300,2.4788959999999998,0.008262986666666666,0.00776,0.009375,0.002559023655104138,98.46013202497582,0.002586670275410149,99.523854073791,False
593,769,REDUCE_MEAN,1,reduce_mean_stride_optimized,,,"[[1,128,49]]","[[1,128,1]]",[],300,2.478073,0.008260243333333334,0.007916,0.010005250000000002,0.002558174052511633,98.46269019902833,0.0025858114940668967,99.52643988528507,False
594,559,EXPAND,1,expand_stride_optimized,,,"[[1,128,1,1],[4]]","[[1,128,1,100]]",[[4]],300,2.477551,0.008258503333333334,0.0080205,0.00953105,0.0025576351794213683,98.46524783420774,0.0025852667992173495,99.52902515208429,False
595,208,REDUCE_MEAN,1,reduce_mean_stride_optimized,,,"[[1,128,49]]","[[1,128,1]]",[],300,2.474429,0.008248096666666668,0.007969,0.010276600000000002,0.0025544122641190585,98.46780224647186,0.002582009064887296,99.53160716114917,False
596,541,REDUCE_MEAN,1,reduce_mean_stride_optimized,,,"[[1,128,49]]","[[1,128,1]]",[],300,2.466613,0.008222043333333333,0.007917,0.0098466,0.0025463436203000786,98.47034859009216,0.0025738532508182087,99.53418101439999,False
597,163,REDUCE_MEAN,1,reduce_mean_stride_optimized,,,"[[1,128,49]]","[[1,128,1]]",[],300,2.457904,0.008193013333333334,0.0077345,0.010864250000000008,0.0025373531112136537,98.47288594320337,0.0025647656120352394,99.53674578001203,False
598,739,REDUCE_MEAN,1,reduce_mean_stride_optimized,,,"[[1,128,49]]","[[1,128,1]]",[],300,2.451511,0.008171703333333334,0.00776,0.010262650000000002,0.002530753464343805,98.47541669666771,0.0025580946653433662,99.53930387467737,False
599,724,REDUCE_MEAN,1,reduce_mean_stride_optimized,,,"[[1,128,49]]","[[1,128,1]]",[],300,2.449218,0.00816406,0.007604,0.010211600000000001,0.0025283863455775667,98.47794508301328,0.0025557019732169056,99.5418595766506,False
600,118,REDUCE_MEAN,1,reduce_mean_stride_optimized,,,"[[1,128,49]]","[[1,128,1]]",[],300,2.4431249999999998,0.00814375,0.007604,0.009450450000000006,0.0025220963958860307,98.48046717940917,0.002549344069542014,99.54440892072013,False
601,361,REDUCE_MEAN,1,reduce_mean_stride_optimized,,,"[[1,128,49]]","[[1,128,1]]",[],300,2.438062,0.008126873333333333,0.007396,0.010127450000000005,0.0025168697398400357,98.48298404914901,0.002544060946892092,99.54695298166702,False
602,817,EXPAND,1,expand_stride_optimized,,,"[[1,128,1,1],[4]]","[[1,128,1,100]]",[[4]],300,2.436148,0.008120493333333334,0.008125,0.009531,0.002514893871842399,98.48549894302086,0.002542063732443751,99.54949504539947,False
603,664,REDUCE_MEAN,1,reduce_mean_stride_optimized,,,"[[1,128,49]]","[[1,128,1]]",[],300,2.4337969999999998,0.008112656666666666,0.007395,0.01020805,0.002512466878288353,98.48801140989914,0.00253961051866734,99.55203465591813,False
604,178,REDUCE_MEAN,1,reduce_mean_stride_optimized,,,"[[1,128,49]]","[[1,128,1]]",[],300,2.426044,0.008086813333333333,0.007812,0.011315050000000002,0.0025044632708768194,98.49051587317003,0.002531520443631818,99.55456617636176,False
605,802,EXPAND,1,expand_stride_optimized,,,"[[1,128,1,1],[4]]","[[1,128,1,100]]",[[4]],300,2.4248979999999998,0.008082993333333333,0.008021,0.009479,0.002503280227655664,98.49301915339768,0.002530324619306949,99.55709650098106,False
606,634,REDUCE_MEAN,1,reduce_mean_stride_optimized,,,"[[1,128,49]]","[[1,128,1]]",[],300,2.424628,0.008082093333333333,0.007396,0.010796650000000005,0.002503001500195182,98.49552215489788,0.002530042880591666,99.55962654386165,False
607,466,REDUCE_MEAN,1,reduce_mean_stride_optimized,,,"[[1,128,49]]","[[1,128,1]]",[],300,2.421185,0.008070616666666667,0.007552,0.0095856,0.0024994472089120774,98.4980216021068,0.002526450190233443,99.56215299405189,False
608,496,REDUCE_MEAN,1,reduce_mean_stride_optimized,,,"[[1,128,49]]","[[1,128,1]]",[],300,2.42073,0.0080691,0.007552,0.010262600000000002,0.0024989775015249694,98.50052057960833,0.002525975408324355,99.5646789694602,False
609,133,REDUCE_MEAN,1,reduce_mean_stride_optimized,,,"[[1,128,49]]","[[1,128,1]]",[],300,2.416404,0.00805468,0.007708,0.009857000000000003,0.0024945116682136967,98.50301509127655,0.0025214613280194836,99.56720043078822,False
610,61,EXPAND,1,expand_stride_optimized,,,"[[1,128,1,1],[4]]","[[1,128,1,100]]",[[4]],300,2.414325,0.00804775,0.007083,0.008755200000000003,0.0024923654667679883,98.50550745674332,0.002519291939911803,99.56971972272814,False
611,58,REDUCE_MEAN,1,reduce_mean_stride_optimized,,,"[[1,128,49]]","[[1,128,1]]",[],300,2.411986,0.008039953333333334,0.007604,0.0092762,0.0024899508611010744,98.50799740760442,0.0025168512478560712,99.572236573976,False
612,619,REDUCE_MEAN,1,reduce_mean_stride_optimized,,,"[[1,128,49]]","[[1,128,1]]",[],300,2.40892,0.008029733333333334,0.007396,0.012198400000000002,0.002486785755938716,98.51048419336036,0.0025136519482225218,99.57475022592422,False
613,511,REDUCE_MEAN,1,reduce_mean_stride_optimized,,,"[[1,128,49]]","[[1,128,1]]",[],300,2.4033889999999998,0.008011296666666666,0.007657,0.00953365,0.0024810759722945536,98.51296526933265,0.0025078804784661084,99.57725810640268,False
614,694,REDUCE_MEAN,1,reduce_mean_stride_optimized,,,"[[1,128,49]]","[[1,128,1]]",[],300,2.387815,0.007959383333333332,0.007448,0.009791049999999999,0.002464998559444401,98.5154302678921,0.0024916293719778825,99.57974973577466,False
615,316,REDUCE_MEAN,1,reduce_mean_stride_optimized,,,"[[1,128,49]]","[[1,128,1]]",[],300,2.387234,0.007957446666666666,0.007605,0.009273650000000013,0.0024643987792424015,98.51789466667134,0.002491023112001662,99.58224075888666,False
616,652,EXPAND,1,expand_stride_optimized,,,"[[1,128,1,1],[4]]","[[1,128,1,100]]",[[4]],300,2.386665,0.007955549999999999,0.007708,0.009531,0.002463811386927535,98.52035847805827,0.0024904293737461206,99.5847311882604,False
617,76,EXPAND,1,expand_stride_optimized,,,"[[1,128,1,1],[4]]","[[1,128,1,100]]",[[4]],300,2.382753,0.00794251,0.00776,0.008646,0.0024597729357223336,98.52281825099399,0.0024863472928046836,99.58721753555321,False
618,544,EXPAND,1,expand_stride_optimized,,,"[[1,128,1,1],[4]]","[[1,128,1,100]]",[[4]],300,2.381571,0.00793857,0.007708,0.0093256,0.0024585527288397808,98.52527680372283,0.002485113903317777,99.58970264945653,False
619,481,REDUCE_MEAN,1,reduce_mean_stride_optimized,,,"[[1,128,49]]","[[1,128,1]]",[],300,2.380585,0.007935283333333333,0.007552,0.00927005,0.002457534857447059,98.52773433858027,0.002484085035268632,99.59218673449179,False
620,73,REDUCE_MEAN,1,reduce_mean_stride_optimized,,,"[[1,128,49]]","[[1,128,1]]",[],300,2.379899,0.007932996666666666,0.007812,0.008966750000000002,0.00245682668323265,98.5301911652635,0.0024833692102364676,99.59467010370203,False
621,286,REDUCE_MEAN,1,reduce_mean_stride_optimized,,,"[[1,128,49]]","[[1,128,1]]",[],300,2.3766059999999998,0.00792202,0.007239,0.010078050000000005,0.0024534272405387016,98.53264459250404,0.0024799330413867353,99.59715003674341,False
622,742,EXPAND,1,expand_stride_optimized,,,"[[1,128,1,1],[4]]","[[1,128,1,100]]",[[4]],300,2.372867,0.007909556666666666,0.007604,0.00927355,0.0024495673813729945,98.53509415988542,0.002476031481918424,99.59962606822533,False
623,787,EXPAND,1,expand_stride_optimized,,,"[[1,128,1,1],[4]]","[[1,128,1,100]]",[[4]],300,2.372546,0.007908486666666666,0.0077865,0.0092788,0.0024492360053921997,98.53754339589081,0.002475696525890254,99.60210176475123,False
624,649,REDUCE_MEAN,1,reduce_mean_stride_optimized,,,"[[1,128,49]]","[[1,128,1]]",[],300,2.372235,0.00790745,0.007344,0.010326000000000002,0.002448914952650682,98.53999231084346,0.002475372004629317,99.60457713675585,False
625,529,EXPAND,1,expand_stride_optimized,,,"[[1,128,1,1],[4]]","[[1,128,1,100]]",[[4]],300,2.371714,0.007905713333333333,0.007552,0.0091176,0.0024483771118843454,98.54244068795535,0.0024748283532564927,99.60705196510911,False
626,376,REDUCE_MEAN,1,reduce_mean_stride_optimized,,,"[[1,128,49]]","[[1,128,1]]",[],300,2.366059,0.007886863333333332,0.007395499999999999,0.009492000000000002,0.0024425393200731465,98.54488322727542,0.002468927492386394,99.6095208926015,False
627,406,REDUCE_MEAN,1,reduce_mean_stride_optimized,,,"[[1,128,49]]","[[1,128,1]]",[],300,2.36306,0.007876866666666666,0.007396,0.009792,0.0024394433806139443,98.54732267065603,0.0024657981056933034,99.61198669070718,False
628,88,REDUCE_MEAN,1,reduce_mean_stride_optimized,,,"[[1,128,49]]","[[1,128,1]]",[],300,2.360888,0.007869626666666667,0.0077085,0.0092736,0.002437201173042959,98.54975987182907,0.002463531674250358,99.61445022238144,False
629,379,EXPAND,1,expand_stride_optimized,,,"[[1,128,1,1],[4]]","[[1,128,1,100]]",[[4]],300,2.360164,0.007867213333333335,0.007031,0.009323,0.0024364537705192967,98.55219632559958,0.00246277619710271,99.61691299857854,False
630,436,REDUCE_MEAN,1,reduce_mean_stride_optimized,,,"[[1,128,49]]","[[1,128,1]]",[],300,2.350733,0.007835776666666667,0.007448,0.0100026,0.0024267179235570656,98.55462304352314,0.002452935168125539,99.61936593374666,False
631,44,AVERAGE_POOL,1,average_pool_stride_optimized,,,"[[1,128,49]]","[[1,128,1]]",[],300,2.349532,0.007831773333333333,0.007369499999999999,0.009221600000000002,0.0024254781025198863,98.55704852162566,0.0024516819525808903,99.62181761569924,False
632,346,REDUCE_MEAN,1,reduce_mean_stride_optimized,,,"[[1,128,49]]","[[1,128,1]]",[],300,2.340208,0.007800693333333333,0.007292,0.009650650000000004,0.00241585271421792,98.55946437433988,0.002441952575613109,99.62425956827485,False
633,391,REDUCE_MEAN,1,reduce_mean_stride_optimized,,,"[[1,128,49]]","[[1,128,1]]",[],300,2.340037,0.007800123333333334,0.007396,0.009385400000000002,0.0024156761868262817,98.56188005052671,0.0024417741410934298,99.62670134241594,False
634,421,REDUCE_MEAN,1,reduce_mean_stride_optimized,,,"[[1,128,49]]","[[1,128,1]]",[],300,2.338376,0.007794586666666666,0.0075,0.009690550000000001,0.0024139614967823558,98.5642940120235,0.0024400409262560763,99.6291413833422,False
635,244,EXPAND,1,expand_stride_optimized,,,"[[1,128,1,1],[4]]","[[1,128,1,100]]",[[4]],300,2.338321,0.007794403333333333,0.007396,0.009010999999999998,0.0024139047189663315,98.56670791674246,0.0024399835350362963,99.63158136687724,False
636,319,EXPAND,1,expand_stride_optimized,,,"[[1,128,1,1],[4]]","[[1,128,1,100]]",[[4]],300,2.336922,0.00778974,0.006822,0.008958,0.0024124604977914656,98.56912037724025,0.00243852371110044,99.63401989058835,False
637,514,EXPAND,1,expand_stride_optimized,,,"[[1,128,1,1],[4]]","[[1,128,1,100]]",[[4]],300,2.336886,0.00778962,0.007317499999999999,0.0092736,0.002412423334130068,98.57153280057439,0.0024384861459384025,99.63645837673428,False
638,772,EXPAND,1,expand_stride_optimized,,,"[[1,128,1,1],[4]]","[[1,128,1,100]]",[[4]],300,2.332026,0.00777342,0.007344,0.0093256,0.0024074062398413984,98.57394020681423,0.002433414849063304,99.63889179158335,False
639,256,REDUCE_MEAN,1,reduce_mean_stride_optimized,,,"[[1,128,49]]","[[1,128,1]]",[],300,2.329957,0.007766523333333333,0.007292,0.0115126,0.0024052703616349665,98.57634547717586,0.002431255895722856,99.64132304747908,False
640,679,REDUCE_MEAN,1,reduce_mean_stride_optimized,,,"[[1,128,49]]","[[1,128,1]]",[],300,2.329547,0.007765156666666666,0.007344,0.010169000000000003,0.0024048471088246055,98.57875032428468,0.002430828070266315,99.64375387554934,False
641,727,EXPAND,1,expand_stride_optimized,,,"[[1,128,1,1],[4]]","[[1,128,1,100]]",[[4]],300,2.329168,0.007763893333333334,0.0075,0.009534550000000001,0.0024044558580560036,98.58115478014274,0.002430432592588195,99.64618430814193,False
642,331,REDUCE_MEAN,1,reduce_mean_stride_optimized,,,"[[1,128,49]]","[[1,128,1]]",[],300,2.327454,0.00775818,0.007343,0.010326000000000002,0.0024026864548439093,98.58355746659758,0.002428644073484508,99.64861295221542,False
643,349,EXPAND,1,expand_stride_optimized,,,"[[1,128,1,1],[4]]","[[1,128,1,100]]",[[4]],300,2.327021,0.007756736666666666,0.007552,0.0091166,0.0024022394585832105,98.58595970605617,0.0024281922480633316,99.65104114446348,False
644,103,REDUCE_MEAN,1,reduce_mean_stride_optimized,,,"[[1,128,49]]","[[1,128,1]]",[],300,2.324228,0.007747426666666667,0.007604,0.008752600000000001,0.0023993561778531173,98.58835906223402,0.002425277817575235,99.65346642228106,False
645,451,REDUCE_MEAN,1,reduce_mean_stride_optimized,,,"[[1,128,49]]","[[1,128,1]]",[],300,2.320421,0.007734736666666667,0.007448,0.0093282,0.002395426120660326,98.59075448835468,0.0024213053016897417,99.65588772758275,False
646,271,REDUCE_MEAN,1,reduce_mean_stride_optimized,,,"[[1,128,49]]","[[1,128,1]]",[],300,2.314999,0.007716663333333333,0.007292,0.009429600000000002,0.0023898288603242833,98.593144317215,0.002415647570896165,99.65830337515365,False
647,424,EXPAND,1,expand_stride_optimized,,,"[[1,128,1,1],[4]]","[[1,128,1,100]]",[[4]],300,2.313906,0.007713019999999999,0.007188,0.009167,0.0023887005302712966,98.59553301774528,0.0024145070508376294,99.6607178822045,False
648,454,EXPAND,1,expand_stride_optimized,,,"[[1,128,1,1],[4]]","[[1,128,1,100]]",[[4]],300,2.307287,0.007690956666666667,0.007083,0.0089096,0.002381867578193785,98.59791488532348,0.0024076002784062973,99.6631254824829,False
649,757,EXPAND,1,expand_stride_optimized,,,"[[1,128,1,1],[4]]","[[1,128,1,100]]",[[4]],300,2.301153,0.007670509999999999,0.007396,0.00916955,0.002375535303221213,98.60029042062669,0.0024011995921857515,99.66552668207508,False
650,196,EXPAND,1,expand_stride_optimized,,,"[[1,128,1,1],[4]]","[[1,128,1,100]]",[[4]],300,2.297405,0.0076580166666666664,0.007187,0.0092736,0.002371666153140157,98.60266208677983,0.002397288641426931,99.66792397071652,False
651,301,REDUCE_MEAN,1,reduce_mean_stride_optimized,,,"[[1,128,49]]","[[1,128,1]]",[],300,2.2749,0.007583,0.00724,0.009179050000000003,0.002348433703147048,98.60501052048298,0.002373805197769712,99.67029777591428,False
652,439,EXPAND,1,expand_stride_optimized,,,"[[1,128,1,1],[4]]","[[1,128,1,100]]",[[4]],300,2.2712,0.0075706666666666665,0.007083,0.009219,0.0023446141046145215,98.60735513458759,0.0023699443338936086,99.67266772024817,False
653,697,EXPAND,1,expand_stride_optimized,,,"[[1,128,1,1],[4]]","[[1,128,1,100]]",[[4]],300,2.269378,0.007564593333333334,0.007291499999999999,0.009221600000000002,0.002342733210418234,98.609697867798,0.0023680431193038084,99.67503576336748,False
654,667,EXPAND,1,expand_stride_optimized,,,"[[1,128,1,1],[4]]","[[1,128,1,100]]",[[4]],300,2.264739,0.00754913,0.007005,0.00906465,0.0023379442597175884,98.61203581205773,0.002363202430784553,99.67739896579826,False
655,712,EXPAND,1,expand_stride_optimized,,,"[[1,128,1,1],[4]]","[[1,128,1,100]]",[[4]],300,2.263227,0.007544090000000001,0.007265499999999999,0.009323,0.002336383385938891,98.61437219544366,0.002361624693978967,99.67976059049224,False
656,469,EXPAND,1,expand_stride_optimized,,,"[[1,128,1,1],[4]]","[[1,128,1,100]]",[[4]],300,2.24933,0.007497766666666667,0.0071354999999999995,0.009375,0.0023220371803155076,98.61669423262398,0.0023471234979556667,99.68210771399019,False
657,607,EXPAND,1,expand_stride_optimized,,,"[[1,128,1,1],[4]]","[[1,128,1,100]]",[[4]],300,2.243233,0.0074774433333333334,0.007187,0.009224200000000002,0.002315743101328261,98.61900997572532,0.002340761420373882,99.68444847541056,False
658,484,EXPAND,1,expand_stride_optimized,,,"[[1,128,1,1],[4]]","[[1,128,1,100]]",[[4]],300,2.226887,0.007422956666666667,0.007084,0.00906815,0.0022988687344059166,98.62130884445972,0.0023237047498552905,99.68677218016042,False
659,499,EXPAND,1,expand_stride_optimized,,,"[[1,128,1,1],[4]]","[[1,128,1,100]]",[[4]],300,2.224011,0.00741337,0.007135,0.009062,0.002295899770789823,98.6236047442305,0.0023207037107991625,99.68909288387121,False
660,682,EXPAND,1,expand_stride_optimized,,,"[[1,128,1,1],[4]]","[[1,128,1,100]]",[[4]],300,2.219166,0.0073972199999999995,0.007135,0.009063,0.002290898161360069,98.62589564239187,0.0023156480660749133,99.69140853193728,False
661,334,EXPAND,1,expand_stride_optimized,,,"[[1,128,1,1],[4]]","[[1,128,1,100]]",[[4]],300,2.209841,0.007366136666666667,0.006927,0.008802,0.002281271740734175,98.6281769141326,0.0023059176456304096,99.69371444958291,False
662,637,EXPAND,1,expand_stride_optimized,,,"[[1,128,1,1],[4]]","[[1,128,1,100]]",[[4]],300,2.20136,0.007337866666666667,0.006979,0.008966800000000002,0.0022725166015032682,98.6304494307341,0.002297067919540346,99.69601151750246,False
663,409,EXPAND,1,expand_stride_optimized,,,"[[1,128,1,1],[4]]","[[1,128,1,100]]",[[4]],300,2.199902,0.007333006666666666,0.007083,0.008958,0.0022710114732166675,98.63272044220732,0.0022955465304778165,99.69830706403293,False
664,622,EXPAND,1,expand_stride_optimized,,,"[[1,128,1,1],[4]]","[[1,128,1,100]]",[[4]],300,2.199474,0.00733158,0.007083,0.009015200000000003,0.0022705696385756074,98.63499101184588,0.0022950999224402567,99.70060216395537,False
665,47,SLICE,1,slice_stride_optimized,,,"[[1,128,100],[1],[1],[1],[1]]","[[1,128,49]]","[[1],[1],[1],[1]]",300,2.191132,0.0073037733333333335,0.007135,0.0090646,0.0022619579923706524,98.63725296983826,0.002286395239614728,99.70288855919497,False
666,394,EXPAND,1,expand_stride_optimized,,,"[[1,128,1,1],[4]]","[[1,128,1,100]]",[[4]],300,2.190939,0.0073031300000000006,0.007083,0.008906,0.0022617587538526045,98.6395147285921,0.0022861938486071366,99.70517475304358,False
667,259,EXPAND,1,expand_stride_optimized,,,"[[1,128,1,1],[4]]","[[1,128,1,100]]",[[4]],300,2.182746,0.00727582,0.007135,0.008855,0.002253300923912878,98.64176802951602,0.0022776446438133756,99.70745239768739,False
668,211,EXPAND,1,expand_stride_optimized,,,"[[1,128,1,1],[4]]","[[1,128,1,100]]",[[4]],300,2.175731,0.0072524366666666664,0.007031,0.008705800000000001,0.0022460591715599935,98.64401408868757,0.0022703246545996278,99.709722722342,False
669,274,EXPAND,1,expand_stride_optimized,,,"[[1,128,1,1],[4]]","[[1,128,1,100]]",[[4]],300,2.162805,0.007209350000000001,0.0070055,0.008854,0.0022327153524704163,98.64624680404005,0.002256836674474624,99.71197955901647,False
670,289,EXPAND,1,expand_stride_optimized,,,"[[1,128,1,1],[4]]","[[1,128,1,100]]",[[4]],300,2.158488,0.00719496,0.006875,0.008859200000000001,0.0022282588100744935,98.64847506285012,0.002252331985460262,99.71423189100193,False
671,166,EXPAND,1,expand_stride_optimized,,,"[[1,128,1,1],[4]]","[[1,128,1,100]]",[[4]],300,2.153497,0.007178323333333334,0.006823,0.009012600000000003,0.0022231064813512938,98.65069816933148,0.002247123993134415,99.71647901499506,False
672,181,EXPAND,1,expand_stride_optimized,,,"[[1,128,1,1],[4]]","[[1,128,1,100]]",[[4]],300,2.139635,0.007132116666666667,0.006875,0.008594,0.00220879640706538,98.65290696573854,0.0022326593187964295,99.71871167431385,False
673,304,EXPAND,1,expand_stride_optimized,,,"[[1,128,1,1],[4]]","[[1,128,1,100]]",[[4]],300,2.125892,0.007086306666666666,0.006823,0.008596600000000001,0.0021946091793268643,98.65510157491786,0.002218318818188513,99.72092999313205,False
674,136,EXPAND,1,expand_stride_optimized,,,"[[1,128,1,1],[4]]","[[1,128,1,100]]",[[4]],300,2.125579,0.007085263333333334,0.006875,0.008500350000000002,0.002194286061937491,98.6572958609798,0.002217992209974129,99.72314798534202,False
675,91,EXPAND,1,expand_stride_optimized,,,"[[1,128,1,1],[4]]","[[1,128,1,100]]",[[4]],300,2.119747,0.007065823333333333,0.006719,0.007982000000000003,0.0021882655487910877,98.6594841265286,0.0022119066537240116,99.72535989199575,False
676,106,EXPAND,1,expand_stride_optimized,,,"[[1,128,1,1],[4]]","[[1,128,1,100]]",[[4]],300,2.112793,0.0070426433333333335,0.006875,0.008385,0.002181086768197793,98.6616652132968,0.0022046503165903835,99.72756454231234,False
677,151,EXPAND,1,expand_stride_optimized,,,"[[1,128,1,1],[4]]","[[1,128,1,100]]",[[4]],300,2.09967,0.006998900000000001,0.006719,0.00875,0.0021675395812944575,98.6638327528781,0.002190956771550895,99.7297554990839,False
678,227,AVERAGE_POOL,1,average_pool_stride_optimized,,,"[[1,128,49]]","[[1,128,1]]",[],300,2.077705,0.006925683333333333,0.006302,0.0070310500000000005,0.002144864586222312,98.66597761746432,0.0021680368053242425,99.73192353588922,False
679,121,EXPAND,1,expand_stride_optimized,,,"[[1,128,1,1],[4]]","[[1,128,1,100]]",[[4]],300,2.0713690000000002,0.006904563333333334,0.006719,0.008027850000000001,0.0021383237818163423,98.66811594124614,0.0021614253368055962,99.73408496122603,False
680,593,SLICE,1,slice_stride_optimized,,,"[[1,128,100],[1],[1],[1],[1]]","[[1,128,49]]","[[1],[1],[1],[1]]",300,2.046004,0.006820013333333333,0.006458500000000001,0.007708049999999999,0.0021121388853899826,98.67022808013154,0.0021349575497198216,99.73621991877575,False
681,572,AVERAGE_POOL,1,average_pool_stride_optimized,,,"[[1,128,49]]","[[1,128,1]]",[],300,2.039066,0.0067968866666666666,0.006614,0.007396,0.0021049766219795323,98.67233305675352,0.002127717908213766,99.73834763668395,False
682,332,AVERAGE_POOL,1,average_pool_stride_optimized,,,"[[1,128,49]]","[[1,128,1]]",[],300,1.974584,0.006581946666666666,0.00625,0.007031,0.002038410310472948,98.67437146706399,0.002060432442143791,99.7404080691261,False
683,668,SLICE,1,slice_stride_optimized,,,"[[1,128,100],[1],[1],[1],[1]]","[[1,128,49]]","[[1],[1],[1],[1]]",300,1.948192,0.006493973333333333,0.00599,0.0090682,0.0020111652173728308,98.67638263228136,0.0020328930044632163,99.74244096213057,False
684,104,AVERAGE_POOL,1,average_pool_stride_optimized,,,"[[1,128,49]]","[[1,128,1]]",[],300,1.942299,0.00647433,0.006094,0.0076092500000000006,0.002005081732466837,98.67838771401382,0.002026743796132979,99.74446770592671,False
685,800,AVERAGE_POOL,1,average_pool_stride_optimized,,,"[[1,128,49]]","[[1,128,1]]",[],300,1.924315,0.006414383333333333,0.006041,0.006721550000000001,0.0019865164189509037,98.68037423043278,0.0020079779107416693,99.74647568383745,False
686,89,AVERAGE_POOL,1,average_pool_stride_optimized,,,"[[1,128,49]]","[[1,128,1]]",[],300,1.916873,0.006389576666666666,0.0060155,0.007916049999999999,0.0019788338642808875,98.68235306429706,0.0020002123569670847,99.7484758961944,False
687,59,AVERAGE_POOL,1,average_pool_stride_optimized,,,"[[1,128,49]]","[[1,128,1]]",[],300,1.914376,0.006381253333333334,0.006094,0.008021,0.001976256151433396,98.6843293204485,0.0019976067955890767,99.75047350298999,False
688,209,AVERAGE_POOL,1,average_pool_stride_optimized,,,"[[1,128,49]]","[[1,128,1]]",[],300,1.912237,0.006374123333333333,0.006276,0.007346550000000001,0.001974048010552025,98.68630336845905,0.0019953747988779996,99.75246887778887,False
689,194,AVERAGE_POOL,1,average_pool_stride_optimized,,,"[[1,128,49]]","[[1,128,1]]",[],300,1.909635,0.00636545,0.0061975,0.0075,0.0019713619036921238,98.68827473036275,0.0019926596724440474,99.75446153746131,False
690,818,SLICE,1,slice_stride_optimized,,,"[[1,128,100],[1],[1],[1],[1]]","[[1,128,49]]","[[1],[1],[1],[1]]",300,1.902658,0.0063421933333333335,0.005937,0.008549800000000001,0.0019641593796484924,98.6902388897424,0.0019853793353457844,99.75644691679666,False
691,179,AVERAGE_POOL,1,average_pool_stride_optimized,,,"[[1,128,49]]","[[1,128,1]]",[],300,1.900365,0.00633455,0.0060935,0.007344,0.001961792260882254,98.69220068200329,0.0019829866432193232,99.75842990343988,False
692,590,AVERAGE_POOL,1,average_pool_stride_optimized,,,"[[1,128,49]]","[[1,128,1]]",[],300,1.891821,0.0063060699999999996,0.00625,0.006669550000000001,0.0019529720852439012,98.69415365408854,0.001974071178095694,99.76040397461797,False
693,149,AVERAGE_POOL,1,average_pool_stride_optimized,,,"[[1,128,49]]","[[1,128,1]]",[],300,1.890364,0.006301213333333333,0.005937,0.007969,0.001951467989281228,98.69610512207782,0.001972550832509888,99.76237652545048,False
694,164,AVERAGE_POOL,1,average_pool_stride_optimized,,,"[[1,128,49]]","[[1,128,1]]",[],300,1.883168,0.006277226666666667,0.00599,0.007864,0.0019440393862974281,98.69804916146413,0.001965041974009228,99.76434156742448,False
695,134,AVERAGE_POOL,1,average_pool_stride_optimized,,,"[[1,128,49]]","[[1,128,1]]",[],300,1.881661,0.006272203333333334,0.00599,0.007812,0.0019424836741383695,98.69999164513827,0.0019634694545872587,99.76630503687907,False
696,620,AVERAGE_POOL,1,average_pool_stride_optimized,,,"[[1,128,49]]","[[1,128,1]]",[],300,1.869118,0.006230393333333334,0.00625,0.006927,0.0019295352351131054,98.70192118037338,0.0019503811260472674,99.76825541800513,False
697,119,AVERAGE_POOL,1,average_pool_stride_optimized,,,"[[1,128,49]]","[[1,128,1]]",[],300,1.86365,0.006212166666666667,0.005989,0.007448,0.0019238904878763883,98.70384507086125,0.0019446753953244204,99.77020009340045,False
698,74,AVERAGE_POOL,1,average_pool_stride_optimized,,,"[[1,128,49]]","[[1,128,1]]",[],300,1.857965,0.006193216666666667,0.0060155,0.00729455,0.001918021726347358,98.7057630925876,0.0019387432301526235,99.7721388366306,False
699,815,AVERAGE_POOL,1,average_pool_stride_optimized,,,"[[1,128,49]]","[[1,128,1]]",[],300,1.85036,0.0061678666666666665,0.006146,0.006823,0.0019101709028771247,98.70767326349048,0.0019308075896721458,99.77406964422028,False
700,560,SLICE,1,slice_stride_optimized,,,"[[1,128,100],[1],[1],[1],[1]]","[[1,128,49]]","[[1],[1],[1],[1]]",300,1.832024,0.006106746666666667,0.005677,0.0082368,0.0018912422113386378,98.70956450570182,0.0019116744004742446,99.77598131862075,False
701,557,AVERAGE_POOL,1,average_pool_stride_optimized,,,"[[1,128,49]]","[[1,128,1]]",[],300,1.831977,0.00610659,0.006094,0.0068776,0.0018911936921140354,98.71145569939394,0.001911625357068251,99.77789294397782,False
702,575,SLICE,1,slice_stride_optimized,,,"[[1,128,100],[1],[1],[1],[1]]","[[1,128,49]]","[[1],[1],[1],[1]]",300,1.828484,0.006094946666666667,0.0057815,0.00833655,0.0018875877846345449,98.71334328717857,0.0019079804928738644,99.77980092447069,False
703,542,AVERAGE_POOL,1,average_pool_stride_optimized,,,"[[1,128,49]]","[[1,128,1]]",[],300,1.825102,0.0060836733333333335,0.006042,0.006823,0.0018840964651110302,98.71522738364368,0.0019044514545957611,99.78170537592528,False
704,770,AVERAGE_POOL,1,average_pool_stride_optimized,,,"[[1,128,49]]","[[1,128,1]]",[],300,1.818907,0.006063023333333334,0.006041,0.00682205,0.001877701218378868,98.71710508486206,0.001897987116295096,99.78360336304158,False
705,348,DEQUANTIZE_LINEAR,1,dequantize_linear_neon_combined,,,"[[1,32,49],[],[]]","[[1,32,49]]","[[],[]]",300,1.818392,0.006061306666666667,0.005938,0.006672200000000001,0.0018771695715560977,98.71898225443361,0.0018974497257826114,99.78550081276737,False
706,773,SLICE,1,slice_stride_optimized,,,"[[1,128,100],[1],[1],[1],[1]]","[[1,128,49]]","[[1],[1],[1],[1]]",300,1.815161,0.006050536666666667,0.005547,0.008713600000000002,0.0018738341329456673,98.72085608856656,0.0018940782524897218,99.78739489101986,False
707,440,SLICE,1,slice_stride_optimized,,,"[[1,128,100],[1],[1],[1],[1]]","[[1,128,49]]","[[1],[1],[1],[1]]",300,1.813803,0.00604601,0.00474,0.00854365,0.0018724322370518374,98.72272852080361,0.0018926612110995197,99.78928755223096,False
708,635,AVERAGE_POOL,1,average_pool_stride_optimized,,,"[[1,128,49]]","[[1,128,1]]",[],300,1.809319,0.006031063333333333,0.005833,0.0066175500000000016,0.0018678032965599863,98.72459632410018,0.0018879822614723714,99.79117553449244,False
709,710,AVERAGE_POOL,1,average_pool_stride_optimized,,,"[[1,128,49]]","[[1,128,1]]",[],300,1.8038589999999999,0.0060128633333333325,0.005781,0.00656465,0.0018621668079146908,98.72645849090809,0.0018822848785633103,99.793057819371,False
710,785,AVERAGE_POOL,1,average_pool_stride_optimized,,,"[[1,128,49]]","[[1,128,1]]",[],300,1.802914,0.006009713333333333,0.005938,0.006776200000000001,0.0018611912618030052,98.7283196821699,0.0018812987930598192,99.79493911816407,False
711,740,AVERAGE_POOL,1,average_pool_stride_optimized,,,"[[1,128,49]]","[[1,128,1]]",[],300,1.800934,0.006003113333333333,0.00599,0.006719,0.0018591472604261399,98.73017882943033,0.001879232709147742,99.79681835087321,False
712,636,DEQUANTIZE_LINEAR,1,dequantize_linear_neon_combined,,,"[[1,32,49],[],[]]","[[1,32,49]]","[[],[]]",300,1.7979129999999999,0.005993043333333333,0.005938,0.0069825500000000006,0.0018560286098405284,98.73203485804017,0.00187608036596674,99.79869443123917,False
713,788,SLICE,1,slice_stride_optimized,,,"[[1,128,100],[1],[1],[1],[1]]","[[1,128,49]]","[[1],[1],[1],[1]]",300,1.794582,0.00598194,0.005729,0.00849515,0.0018525899388373269,98.733887447979,0.0018726045450015232,99.80056703578417,False
714,527,AVERAGE_POOL,1,average_pool_stride_optimized,,,"[[1,128,49]]","[[1,128,1]]",[],300,1.793116,0.005977053333333333,0.005937,0.006666050000000001,0.0018510765519593043,98.73573852453096,0.0018710748081252077,99.80243811059229,False
715,803,SLICE,1,slice_stride_optimized,,,"[[1,128,100],[1],[1],[1],[1]]","[[1,128,49]]","[[1],[1],[1],[1]]",300,1.788073,0.005960243333333334,0.005677,0.0082368,0.001845870542391864,98.73758439507336,0.001865812555009751,99.8043039231473,False
716,755,AVERAGE_POOL,1,average_pool_stride_optimized,,,"[[1,128,49]]","[[1,128,1]]",[],300,1.785244,0.005950813333333333,0.005937,0.006718,0.0018429500980003727,98.73942734517135,0.0018628605593596166,99.80616678370666,False
717,543,DEQUANTIZE_LINEAR,1,dequantize_linear_neon_combined,,,"[[1,32,49],[],[]]","[[1,32,49]]","[[],[]]",300,1.784782,0.005949273333333334,0.005312,0.006570750000000002,0.0018424731643457708,98.7412698183357,0.0018623784731134655,99.80802916217978,False
718,725,AVERAGE_POOL,1,average_pool_stride_optimized,,,"[[1,128,49]]","[[1,128,1]]",[],300,1.778702,0.005929006666666667,0.005885,0.006615,0.0018361966348652953,98.74310601497056,0.0018560341346359763,99.80988519631441,False
719,545,SLICE,1,slice_stride_optimized,,,"[[1,128,100],[1],[1],[1],[1]]","[[1,128,49]]","[[1],[1],[1],[1]]",300,1.777322,0.005924406666666667,0.005469,0.0081276,0.0018347720278450556,98.74494078699841,0.0018545941367578618,99.81173979045117,False
720,242,AVERAGE_POOL,1,average_pool_stride_optimized,,,"[[1,128,49]]","[[1,128,1]]",[],300,1.776921,0.00592307,0.005833,0.006771,0.001834358065950044,98.74677514506436,0.0018541757025918302,99.81359396615376,False
721,467,AVERAGE_POOL,1,average_pool_stride_optimized,,,"[[1,128,49]]","[[1,128,1]]",[],300,1.776469,0.0059215633333333335,0.0059115,0.006563,0.0018338914555347191,98.7486090365199,0.0018537040511129115,99.81544767020488,False
722,512,AVERAGE_POOL,1,average_pool_stride_optimized,,,"[[1,128,49]]","[[1,128,1]]",[],300,1.775431,0.005918103333333333,0.005834,0.006615,0.0018328199032977563,98.7504418564232,0.001852620922274156,99.81730029112715,False
723,786,DEQUANTIZE_LINEAR,1,dequantize_linear_neon_combined,,,"[[1,32,49],[],[]]","[[1,32,49]]","[[],[]]",300,1.774416,0.00591472,0.005364,0.00698,0.0018317720945111309,98.7522736285177,0.0018515617934000356,99.81915185292056,False
724,666,DEQUANTIZE_LINEAR,1,dequantize_linear_neon_combined,,,"[[1,32,49],[],[]]","[[1,32,49]]","[[],[]]",300,1.77141,0.0059047,0.005209,0.006302,0.0018286689287844353,98.75410229744648,0.0018484251023698824,99.82100027802292,False
725,605,AVERAGE_POOL,1,average_pool_stride_optimized,,,"[[1,128,49]]","[[1,128,1]]",[],300,1.766407,0.005888023333333333,0.005833,0.006615,0.0018235042121741033,98.75592580165865,0.0018432045883233566,99.82284348261125,False
726,437,AVERAGE_POOL,1,average_pool_stride_optimized,,,"[[1,128,49]]","[[1,128,1]]",[],300,1.764011,0.005880036666666666,0.005677,0.006458,0.0018210307640433103,98.7577468324227,0.0018407044180943986,99.82468418702935,False
727,482,AVERAGE_POOL,1,average_pool_stride_optimized,,,"[[1,128,49]]","[[1,128,1]]",[],300,1.761817,0.005872723333333333,0.005833,0.006409550000000002,0.001818765845345915,98.75956559826804,0.0018384150301635415,99.82652260205951,False
728,573,DEQUANTIZE_LINEAR,1,dequantize_linear_neon_combined,,,"[[1,32,49],[],[]]","[[1,32,49]]","[[],[]]",300,1.760688,0.00586896,0.005312,0.0067788000000000015,0.0018176003516315307,98.76138319861967,0.0018372369449429684,99.82835983900445,False
729,665,AVERAGE_POOL,1,average_pool_stride_optimized,,,"[[1,128,49]]","[[1,128,1]]",[],300,1.757477,0.005858256666666666,0.005834,0.0065646,0.0018142855594996544,98.76319748417917,0.0018338863411845444,99.83019372534564,False
730,392,AVERAGE_POOL,1,average_pool_stride_optimized,,,"[[1,128,49]]","[[1,128,1]]",[],300,1.755736,0.005852453333333333,0.005651,0.006355,0.0018124882835415116,98.76500997246272,0.0018320696482093293,99.83202579499385,False
731,801,DEQUANTIZE_LINEAR,1,dequantize_linear_neon_combined,,,"[[1,32,49],[],[]]","[[1,32,49]]","[[],[]]",300,1.753561,0.005845203333333333,0.005468,0.0068776,0.0018102429789987426,98.76682021544173,0.0018298000863362144,99.8338555950802,False
732,228,DEQUANTIZE_LINEAR,1,dequantize_linear_neon_combined,,,"[[1,32,49],[],[]]","[[1,32,49]]","[[],[]]",300,1.750996,0.005836653333333333,0.005573,0.0068776,0.001807595068124167,98.76862781050986,0.0018271235685410237,99.83568271864874,False
733,407,AVERAGE_POOL,1,average_pool_stride_optimized,,,"[[1,128,49]]","[[1,128,1]]",[],300,1.7425629999999999,0.0058085433333333325,0.005625,0.006354,0.0017988894804417902,98.7704266999903,0.0018183239293336774,99.83750104257807,False
734,500,SLICE,1,slice_stride_optimized,,,"[[1,128,100],[1],[1],[1],[1]]","[[1,128,49]]","[[1],[1],[1],[1]]",300,1.73896,0.005796533333333334,0.005468,0.00891215,0.001795170017330252,98.77222187000763,0.001814564282699731,99.83931560686077,False
735,363,DEQUANTIZE_LINEAR,1,dequantize_linear_neon_combined,,,"[[1,32,49],[],[]]","[[1,32,49]]","[[],[]]",300,1.733183,0.005777276666666667,0.005209,0.0064606,0.0017892062819998722,98.77401107628963,0.0018085361176693935,99.84112414297843,False
736,497,AVERAGE_POOL,1,average_pool_stride_optimized,,,"[[1,128,49]]","[[1,128,1]]",[],300,1.727234,0.005757446666666667,0.005678,0.00651,0.0017830649869539266,98.77579414127658,0.0018023284746426528,99.84292647145307,False
737,756,DEQUANTIZE_LINEAR,1,dequantize_linear_neon_combined,,,"[[1,32,49],[],[]]","[[1,32,49]]","[[],[]]",300,1.723187,0.005743956666666667,0.005261,0.006771,0.001778887172018485,98.7775730284486,0.0017981055243435741,99.84472457697741,False
738,650,AVERAGE_POOL,1,average_pool_stride_optimized,,,"[[1,128,49]]","[[1,128,1]]",[],300,1.72276,0.005742533333333333,0.005677,0.006459,0.001778446369701353,98.7793514748183,0.0017976599597827375,99.84652223693719,False
739,452,AVERAGE_POOL,1,average_pool_stride_optimized,,,"[[1,128,49]]","[[1,128,1]]",[],300,1.721766,0.00573922,0.005677,0.0064112000000000014,0.0017774202397172094,98.78112889505802,0.0017966227439198056,99.84831885968111,False
740,695,AVERAGE_POOL,1,average_pool_stride_optimized,,,"[[1,128,49]]","[[1,128,1]]",[],300,1.7200469999999999,0.00573349,0.005677,0.0064606,0.0017756456748854762,98.7829045407329,0.0017948290074325025,99.85011368868855,False
741,362,AVERAGE_POOL,1,average_pool_stride_optimized,,,"[[1,128,49]]","[[1,128,1]]",[],300,1.718538,0.0057284599999999995,0.005469,0.0063566000000000004,0.0017740878980785622,98.78467862863099,0.0017932544010570862,99.8519069430896,False
742,530,SLICE,1,slice_stride_optimized,,,"[[1,128,100],[1],[1],[1],[1]]","[[1,128,49]]","[[1],[1],[1],[1]]",300,1.718386,0.005727953333333333,0.00552,0.0080236,0.0017739309848415505,98.78645255961582,0.0017930957925951488,99.8537000388822,False
743,272,AVERAGE_POOL,1,average_pool_stride_optimized,,,"[[1,128,49]]","[[1,128,1]]",[],300,1.718117,0.005727056666666667,0.005416,0.00625,0.0017736532897049964,98.78822621290553,0.0017928150973565888,99.85549285397956,False
744,347,AVERAGE_POOL,1,average_pool_stride_optimized,,,"[[1,128,49]]","[[1,128,1]]",[],300,1.716048,0.00572016,0.005729,0.006409550000000002,0.0017715174114985646,98.78999773031703,0.0017906561440161409,99.85728351012357,False
745,422,AVERAGE_POOL,1,average_pool_stride_optimized,,,"[[1,128,49]]","[[1,128,1]]",[],300,1.7117149999999999,0.005705716666666666,0.005677,0.006357550000000001,0.001767044351919798,98.79176477466895,0.0017861347593742065,99.85906964488294,False
746,60,DEQUANTIZE_LINEAR,1,dequantize_linear_neon_combined,,,"[[1,32,49],[],[]]","[[1,32,49]]","[[],[]]",300,1.711511,0.0057050366666666665,0.005521,0.006302,0.0017668337578385454,98.79353160842679,0.0017859218901226592,99.86085556677305,False
747,45,DEQUANTIZE_LINEAR,1,dequantize_linear_neon_combined,,,"[[1,32,49],[],[]]","[[1,32,49]]","[[],[]]",300,1.710988,0.005703293333333333,0.005365,0.006148600000000001,0.0017662938524243533,98.79529790227922,0.0017853761517963884,99.86264094292486,False
748,317,AVERAGE_POOL,1,average_pool_stride_optimized,,,"[[1,128,49]]","[[1,128,1]]",[],300,1.709414,0.005698046666666666,0.005625,0.006458,0.0017646689745621376,98.79706257125378,0.0017837337194339595,99.86442467664429,False
749,621,DEQUANTIZE_LINEAR,1,dequantize_linear_neon_combined,,,"[[1,32,49],[],[]]","[[1,32,49]]","[[],[]]",300,1.706405,0.005688016666666667,0.005209,0.00651005,0.001761562711863659,98.79882413396564,0.0017805938979736364,99.86620527054227,False
750,257,AVERAGE_POOL,1,average_pool_stride_optimized,,,"[[1,128,49]]","[[1,128,1]]",[],300,1.701613,0.005672043333333334,0.005573,0.00640605,0.0017566158156020737,98.80058074978125,0.0017755935575157207,99.86798086409978,False
751,558,DEQUANTIZE_LINEAR,1,dequantize_linear_neon_combined,,,"[[1,32,49],[],[]]","[[1,32,49]]","[[],[]]",300,1.701454,0.005671513333333334,0.005312,0.00656465,0.001756451676097568,98.80233720145735,0.0017754276447167208,99.8697562917445,False
752,498,DEQUANTIZE_LINEAR,1,dequantize_linear_neon_combined,,,"[[1,32,49],[],[]]","[[1,32,49]]","[[],[]]",300,1.695164,0.0056505466666666665,0.00526,0.006409550000000002,0.001749958358592273,98.80408715981594,0.0017688641761273445,99.87152515592062,False
753,528,DEQUANTIZE_LINEAR,1,dequantize_linear_neon_combined,,,"[[1,32,49],[],[]]","[[1,32,49]]","[[],[]]",300,1.693594,0.005645313333333333,0.00526,0.006562,0.0017483376100257686,98.80583549742596,0.0017672259176718089,99.8732923818383,False
754,302,AVERAGE_POOL,1,average_pool_stride_optimized,,,"[[1,128,49]]","[[1,128,1]]",[],300,1.693274,0.005644246666666667,0.005521,0.00645805,0.0017480072663689015,98.80758350469233,0.001766892005120362,99.87505927384342,False
755,515,SLICE,1,slice_stride_optimized,,,"[[1,128,100],[1],[1],[1],[1]]","[[1,128,49]]","[[1],[1],[1],[1]]",300,1.687392,0.00562464,0.0052085,0.008026200000000002,0.0017419351370261125,98.80932543982935,0.0017607542750340804,99.87682002811846,False
756,377,AVERAGE_POOL,1,average_pool_stride_optimized,,,"[[1,128,49]]","[[1,128,1]]",[],300,1.68334,0.005611133333333334,0.005521,0.006458,0.001737752160471032,98.81106319198982,0.0017565261073513856,99.87857655422582,False
757,680,AVERAGE_POOL,1,average_pool_stride_optimized,,,"[[1,128,49]]","[[1,128,1]]",[],300,1.678539,0.00559513,0.005469,0.006354,0.0017327959732940975,98.81279598796311,0.0017515163756029605,99.88032807060142,False
758,816,DEQUANTIZE_LINEAR,1,dequantize_linear_neon_combined,,,"[[1,32,49],[],[]]","[[1,32,49]]","[[],[]]",300,1.678538,0.005595126666666667,0.005364,0.006823,0.0017327949409701696,98.81452878290408,0.001751515332126237,99.88207958593355,False
759,438,DEQUANTIZE_LINEAR,1,dequantize_linear_neon_combined,,,"[[1,32,49],[],[]]","[[1,32,49]]","[[],[]]",300,1.675945,0.005586483333333334,0.0052345,0.006354,0.0017301181250256184,98.8162589010291,0.001748809596982795,99.88382839553054,False
760,743,SLICE,1,slice_stride_optimized,,,"[[1,128,100],[1],[1],[1],[1]]","[[1,128,49]]","[[1],[1],[1],[1]]",300,1.675778,0.005585926666666667,0.005312,0.007976800000000003,0.0017299457269296906,98.81798884675604,0.0017486353363700086,99.88557703086691,False
761,606,DEQUANTIZE_LINEAR,1,dequantize_linear_neon_combined,,,"[[1,32,49],[],[]]","[[1,32,49]]","[[],[]]",300,1.675477,0.0055849233333333335,0.005261,0.0067736,0.00172963499742745,98.81971848175347,0.001748321249876304,99.88732535211679,False
762,378,DEQUANTIZE_LINEAR,1,dequantize_linear_neon_combined,,,"[[1,32,49],[],[]]","[[1,32,49]]","[[],[]]",300,1.673523,0.005578410000000001,0.005209,0.0063072000000000015,0.001727617836472705,98.82144609958995,0.001746282296359032,99.88907163441314,False
763,483,DEQUANTIZE_LINEAR,1,dequantize_linear_neon_combined,,,"[[1,32,49],[],[]]","[[1,32,49]]","[[],[]]",300,1.669151,0.005563836666666667,0.005209,0.006408600000000001,0.0017231045162607575,98.82316920410621,0.00174172021612489,99.89081335462927,False
764,758,SLICE,1,slice_stride_optimized,,,"[[1,128,100],[1],[1],[1],[1]]","[[1,128,49]]","[[1],[1],[1],[1]]",300,1.663498,0.005544993333333333,0.0051565,0.007970650000000001,0.001717268789097414,98.8248864728953,0.001735821442208238,99.89254917607148,False
765,741,DEQUANTIZE_LINEAR,1,dequantize_linear_neon_combined,,,"[[1,32,49],[],[]]","[[1,32,49]]","[[],[]]",300,1.657661,0.0055255366666666665,0.00526,0.006771,0.001711243114331372,98.82659771600963,0.0017297306685745038,99.89427890674006,False
766,711,DEQUANTIZE_LINEAR,1,dequantize_linear_neon_combined,,,"[[1,32,49],[],[]]","[[1,32,49]]","[[],[]]",300,1.656618,0.00552206,0.00526,0.006617600000000001,0.001710166400474771,98.8283078824101,0.001728642322352132,99.8960075490624,False
767,210,DEQUANTIZE_LINEAR,1,dequantize_linear_neon_combined,,,"[[1,32,49],[],[]]","[[1,32,49]]","[[],[]]",300,1.653956,0.005513186666666667,0.005209,0.0062552000000000016,0.0017074183541792073,98.83001530076427,0.0017258645873147837,99.89773341364972,False
768,513,DEQUANTIZE_LINEAR,1,dequantize_linear_neon_combined,,,"[[1,32,49],[],[]]","[[1,32,49]]","[[],[]]",300,1.650874,0.005502913333333333,0.00526,0.006718,0.0017042367318340055,98.83171953749611,0.001722648592053662,99.89945606224177,False
769,728,SLICE,1,slice_stride_optimized,,,"[[1,128,100],[1],[1],[1],[1]]","[[1,128,49]]","[[1],[1],[1],[1]]",300,1.650099,0.00550033,0.0051825,0.008132800000000003,0.0017034366807900305,98.8334229741769,0.001721839897593127,99.90117790213937,False
770,591,DEQUANTIZE_LINEAR,1,dequantize_linear_neon_combined,,,"[[1,32,49],[],[]]","[[1,32,49]]","[[],[]]",300,1.649902,0.005499673333333333,0.005312,0.00646065,0.0017032333129762716,98.83512620748988,0.0017216343326786423,99.90289953647205,False
771,771,DEQUANTIZE_LINEAR,1,dequantize_linear_neon_combined,,,"[[1,32,49],[],[]]","[[1,32,49]]","[[],[]]",300,1.648442,0.005494806666666667,0.00526,0.006719,0.0017017261200418154,98.83682793360992,0.0017201108566626663,99.90461964732872,False
772,287,AVERAGE_POOL,1,average_pool_stride_optimized,,,"[[1,128,49]]","[[1,128,1]]",[],300,1.647356,0.005491186666666667,0.005416,0.006302,0.0017006050162563222,98.83852853862618,0.0017189776409411938,99.90633862496966,False
773,468,DEQUANTIZE_LINEAR,1,dequantize_linear_neon_combined,,,"[[1,32,49],[],[]]","[[1,32,49]]","[[],[]]",300,1.647355,0.005491183333333333,0.00526,0.006511,0.0017006039839323947,98.84022914261011,0.0017189765974644706,99.90805760156712,False
774,150,DEQUANTIZE_LINEAR,1,dequantize_linear_neon_combined,,,"[[1,32,49],[],[]]","[[1,32,49]]","[[],[]]",300,1.642912,0.005476373333333333,0.005209,0.006203200000000002,0.0016960173687215801,98.84192515997883,0.0017143404303829766,99.9097719419975,False
775,726,DEQUANTIZE_LINEAR,1,dequantize_linear_neon_combined,,,"[[1,32,49],[],[]]","[[1,32,49]]","[[],[]]",300,1.640201,0.005467336666666667,0.005209,0.006461550000000001,0.0016932187385535588,98.84361837871738,0.001711511564986188,99.9114834535625,False
776,423,DEQUANTIZE_LINEAR,1,dequantize_linear_neon_combined,,,"[[1,32,49],[],[]]","[[1,32,49]]","[[],[]]",300,1.639315,0.005464383333333334,0.005209,0.0064606,0.0016923040995536077,98.84531068281693,0.00171058704460937,99.91319404060711,False
777,195,DEQUANTIZE_LINEAR,1,dequantize_linear_neon_combined,,,"[[1,32,49],[],[]]","[[1,32,49]]","[[],[]]",300,1.63864,0.005462133333333333,0.00526,0.0065656,0.0016916072809024037,98.84700229009783,0.001709882697821162,99.91490392330493,False
778,288,DEQUANTIZE_LINEAR,1,dequantize_linear_neon_combined,,,"[[1,32,49],[],[]]","[[1,32,49]]","[[],[]]",300,1.637492,0.005458306666666667,0.00526,0.0063566000000000004,0.001690422173033393,98.84869271227086,0.0017086847865428465,99.91661260809147,False
779,696,DEQUANTIZE_LINEAR,1,dequantize_linear_neon_combined,,,"[[1,32,49],[],[]]","[[1,32,49]]","[[],[]]",300,1.631204,0.005437346666666667,0.005209,0.00640605,0.0016839309201759536,98.85037664319104,0.0017021234049069169,99.91831473149638,False
780,333,DEQUANTIZE_LINEAR,1,dequantize_linear_neon_combined,,,"[[1,32,49],[],[]]","[[1,32,49]]","[[],[]]",300,1.631098,0.005436993333333333,0.00526,0.00645805,0.0016838214938396164,98.85206046468488,0.00170201279637425,99.92001674429275,False
781,393,DEQUANTIZE_LINEAR,1,dequantize_linear_neon_combined,,,"[[1,32,49],[],[]]","[[1,32,49]]","[[],[]]",300,1.630682,0.005435606666666666,0.00526,0.006304600000000001,0.001683392047085689,98.85374385673197,0.0017015787100573693,99.9217183230028,False
782,273,DEQUANTIZE_LINEAR,1,dequantize_linear_neon_combined,,,"[[1,32,49],[],[]]","[[1,32,49]]","[[],[]]",300,1.630676,0.005435586666666666,0.00526,0.006359250000000001,0.0016833858531421228,98.85542724258511,0.0017015724491970298,99.923419895452,False
783,425,SLICE,1,slice_stride_optimized,,,"[[1,128,100],[1],[1],[1],[1]]","[[1,128,49]]","[[1],[1],[1],[1]]",300,1.62973,0.005432433333333333,0.004635,0.0075286500000000065,0.0016824092747065094,98.85710965185982,0.001700585320216815,99.92512048077222,False
784,75,DEQUANTIZE_LINEAR,1,dequantize_linear_neon_combined,,,"[[1,32,49],[],[]]","[[1,32,49]]","[[],[]]",300,1.629585,0.0054319500000000005,0.005209,0.006198,0.0016822595877369914,98.85879191144755,0.001700434016091941,99.92682091478831,False
785,303,DEQUANTIZE_LINEAR,1,dequantize_linear_neon_combined,,,"[[1,32,49],[],[]]","[[1,32,49]]","[[],[]]",300,1.628851,0.005429503333333334,0.00526,0.006302,0.0016815018619740522,98.86047341330953,0.0016996681041770597,99.92852058289249,False
786,165,DEQUANTIZE_LINEAR,1,dequantize_linear_neon_combined,,,"[[1,32,49],[],[]]","[[1,32,49]]","[[],[]]",300,1.628066,0.005426886666666667,0.005209,0.006408600000000001,0.0016806914876908,98.86215410479723,0.0016988489749492916,99.93021943186744,False
787,453,DEQUANTIZE_LINEAR,1,dequantize_linear_neon_combined,,,"[[1,32,49],[],[]]","[[1,32,49]]","[[],[]]",300,1.627449,0.005424829999999999,0.00526,0.00630205,0.0016800545438274033,98.86383415934105,0.0016982051498110335,99.93191763701725,False
788,681,DEQUANTIZE_LINEAR,1,dequantize_linear_neon_combined,,,"[[1,32,49],[],[]]","[[1,32,49]]","[[],[]]",300,1.623901,0.005413003333333334,0.00526,0.00635405,0.001676391858531889,98.86551055119959,0.0016945028943968672,99.93361213991165,False
789,318,DEQUANTIZE_LINEAR,1,dequantize_linear_neon_combined,,,"[[1,32,49],[],[]]","[[1,32,49]]","[[],[]]",300,1.622543,0.005408476666666667,0.00526,0.0065646,0.0016749899626380587,98.86718554116223,0.0016930858530066649,99.93530522576465,False
790,408,DEQUANTIZE_LINEAR,1,dequantize_linear_neon_combined,,,"[[1,32,49],[],[]]","[[1,32,49]]","[[],[]]",300,1.621306,0.005404353333333333,0.005209,0.006304600000000001,0.0016737129779394817,98.86885925414016,0.0016917950722999783,99.93699702083696,False
791,258,DEQUANTIZE_LINEAR,1,dequantize_linear_neon_combined,,,"[[1,32,49],[],[]]","[[1,32,49]]","[[],[]]",300,1.620364,0.005401213333333333,0.00526,0.006145050000000001,0.0016727405287995792,98.87053199466897,0.0016908121172266569,99.93868783295419,False
792,243,DEQUANTIZE_LINEAR,1,dequantize_linear_neon_combined,,,"[[1,32,49],[],[]]","[[1,32,49]]","[[],[]]",300,1.619016,0.00539672,0.00526,0.006099150000000001,0.0016713489561450265,98.87220334362512,0.001689405510603687,99.94037723846479,False
793,135,DEQUANTIZE_LINEAR,1,dequantize_linear_neon_combined,,,"[[1,32,49],[],[]]","[[1,32,49]]","[[],[]]",300,1.619015,0.005396716666666667,0.00526,0.006200600000000001,0.0016713479238210985,98.87387469154893,0.001689404467126964,99.94206664293192,False
794,651,DEQUANTIZE_LINEAR,1,dequantize_linear_neon_combined,,,"[[1,32,49],[],[]]","[[1,32,49]]","[[],[]]",300,1.617606,0.00539202,0.005209,0.006200600000000001,0.0016698933794069557,98.87554458492833,0.0016879342084238748,99.94375457714034,False
795,713,SLICE,1,slice_stride_optimized,,,"[[1,128,100],[1],[1],[1],[1]]","[[1,128,49]]","[[1],[1],[1],[1]]",300,1.616971,0.005389903333333333,0.005,0.008561850000000005,0.00166923785371286,98.87721382278205,0.0016872716007045976,99.94544184874104,False
796,180,DEQUANTIZE_LINEAR,1,dequantize_linear_neon_combined,,,"[[1,32,49],[],[]]","[[1,32,49]]","[[],[]]",300,1.611678,0.00537226,0.005209,0.00625,0.0016637737631634917,98.87887759654522,0.001681748478408323,99.94712359721944,False
797,105,DEQUANTIZE_LINEAR,1,dequantize_linear_neon_combined,,,"[[1,32,49],[],[]]","[[1,32,49]]","[[],[]]",300,1.608435,0.00536145,0.005209,0.006148600000000001,0.001660425936665929,98.88053802248189,0.0016783644833947545,99.94880196170284,False
798,120,DEQUANTIZE_LINEAR,1,dequantize_linear_neon_combined,,,"[[1,32,49],[],[]]","[[1,32,49]]","[[],[]]",300,1.607239,0.005357463333333334,0.005209,0.006148600000000001,0.0016591912772483878,98.88219721375914,0.001677116485233722,99.95047907818808,False
799,90,DEQUANTIZE_LINEAR,1,dequantize_linear_neon_combined,,,"[[1,32,49],[],[]]","[[1,32,49]]","[[],[]]",300,1.599112,0.005330373333333333,0.005209,0.005937,0.0016508015806878903,98.88384801533984,0.001668636149903697,99.95214771433798,False
800,485,SLICE,1,slice_stride_optimized,,,"[[1,128,100],[1],[1],[1],[1]]","[[1,128,49]]","[[1],[1],[1],[1]]",300,1.585109,0.005283696666666667,0.004688,0.007664800000000001,0.0016363459487281698,98.88548436128856,0.0016540243453477298,99.95380173868332,False
801,380,SLICE,1,slice_stride_optimized,,,"[[1,128,100],[1],[1],[1],[1]]","[[1,128,49]]","[[1],[1],[1],[1]]",300,1.551464,0.005171546666666666,0.004843,0.00776355,0.0016016134101803732,98.88708597469873,0.0016189165709932694,99.95542065525431,False
802,470,SLICE,1,slice_stride_optimized,,,"[[1,128,100],[1],[1],[1],[1]]","[[1,128,49]]","[[1],[1],[1],[1]]",300,1.550521,0.005168403333333333,0.004895,0.007814600000000001,0.001600639928716543,98.88868661462745,0.0016179325724432249,99.95703858782676,False
803,698,SLICE,1,slice_stride_optimized,,,"[[1,128,100],[1],[1],[1],[1]]","[[1,128,49]]","[[1],[1],[1],[1]]",300,1.549537,0.005165123333333333,0.004792,0.007760050000000001,0.0015996241219716765,98.89028623874941,0.0016169057913475258,99.95865549361811,False
804,455,SLICE,1,slice_stride_optimized,,,"[[1,128,100],[1],[1],[1],[1]]","[[1,128,49]]","[[1],[1],[1],[1]]",300,1.546519,0.005155063333333334,0.00474,0.007567650000000004,0.0015965085683578482,98.89188274731777,0.0016137565785966932,99.9602692501967,False
805,182,SLICE,1,slice_stride_optimized,,,"[[1,128,100],[1],[1],[1],[1]]","[[1,128,49]]","[[1],[1],[1],[1]]",300,1.509633,0.00503211,0.004583,0.00713505,0.0015584302679603442,98.89344117758573,0.0015752668961821106,99.96184451709289,False
806,653,SLICE,1,slice_stride_optimized,,,"[[1,128,100],[1],[1],[1],[1]]","[[1,128,49]]","[[1],[1],[1],[1]]",300,1.500318,0.00500106,0.004583500000000001,0.007245200000000001,0.0015488141705737274,98.8949899917563,0.0015655469105048394,99.96341006400338,False
807,410,SLICE,1,slice_stride_optimized,,,"[[1,128,100],[1],[1],[1],[1]]","[[1,128,49]]","[[1],[1],[1],[1]]",300,1.498804,0.004996013333333334,0.004583500000000001,0.007453200000000001,0.0015472512321471745,98.89653724298846,0.0015639670867458066,99.96497403109014,False
808,683,SLICE,1,slice_stride_optimized,,,"[[1,128,100],[1],[1],[1],[1]]","[[1,128,49]]","[[1],[1],[1],[1]]",300,1.489273,0.004964243333333333,0.004583,0.00765865,0.0015374121527921723,98.89807465514124,0.0015540217100963086,99.96652805280023,False
809,608,SLICE,1,slice_stride_optimized,,,"[[1,128,100],[1],[1],[1],[1]]","[[1,128,49]]","[[1],[1],[1],[1]]",300,1.46494,0.004883133333333333,0.004532,0.007395049999999999,0.0015122926146592095,98.8995869477559,0.00152863079098895,99.96805668359121,False
810,638,SLICE,1,slice_stride_optimized,,,"[[1,128,100],[1],[1],[1],[1]]","[[1,128,49]]","[[1],[1],[1],[1]]",300,1.455625,0.004852083333333333,0.004427,0.007884850000000004,0.0015026765172725927,98.90108962427318,0.0015189108053116785,99.96957559439653,False
811,395,SLICE,1,slice_stride_optimized,,,"[[1,128,100],[1],[1],[1],[1]]","[[1,128,49]]","[[1],[1],[1],[1]]",300,1.4495879999999999,0.00483196,0.004531,0.007088250000000001,0.0014964443777210085,98.9025860686509,0.00151261133633329,99.97108820573287,False
812,623,SLICE,1,slice_stride_optimized,,,"[[1,128,100],[1],[1],[1],[1]]","[[1,128,49]]","[[1],[1],[1],[1]]",300,1.444058,0.004813526666666667,0.004323,0.007719400000000002,0.0014907356264007735,98.90407680427731,0.0015068409100536001,99.97259504664292,False
813,212,SLICE,1,slice_stride_optimized,,,"[[1,128,100],[1],[1],[1],[1]]","[[1,128,49]]","[[1],[1],[1],[1]]",300,1.412501,0.004708336666666667,0.004375,0.006362750000000002,0.0014581585802140348,98.90553496285753,0.00147391191509733,99.97406895855802,False
814,245,SLICE,1,slice_stride_optimized,,,"[[1,128,100],[1],[1],[1],[1]]","[[1,128,49]]","[[1],[1],[1],[1]]",300,1.406927,0.004689756666666667,0.004167,0.007090850000000001,0.0014524044066409805,98.90698736726416,0.0014680955758418163,99.97553705413387,False
815,62,SLICE,1,slice_stride_optimized,,,"[[1,128,100],[1],[1],[1],[1]]","[[1,128,49]]","[[1],[1],[1],[1]]",300,1.404946,0.004683153333333334,0.004219,0.006724200000000001,0.0014503593729401872,98.9084377266371,0.001466028448453016,99.97700308258231,False
816,197,SLICE,1,slice_stride_optimized,,,"[[1,128,100],[1],[1],[1],[1]]","[[1,128,49]]","[[1],[1],[1],[1]]",300,1.399901,0.004666336666666667,0.0041925,0.006830800000000002,0.0014451512987248912,98.90988287793583,0.0014607641083841127,99.9784638466907,False
817,365,SLICE,1,slice_stride_optimized,,,"[[1,128,100],[1],[1],[1],[1]]","[[1,128,49]]","[[1],[1],[1],[1]]",300,1.394074,0.004646913333333333,0.004271,0.006569850000000001,0.0014391359471981264,98.91132201388302,0.001454683769517611,99.97991853046022,False
818,350,SLICE,1,slice_stride_optimized,,,"[[1,128,100],[1],[1],[1],[1]]","[[1,128,49]]","[[1],[1],[1],[1]]",300,1.388642,0.004628806666666666,0.0043490000000000004,0.006203200000000002,0.0014335283636228064,98.91275554224664,0.0014490156039568018,99.98136754606418,False
819,92,SLICE,1,slice_stride_optimized,,,"[[1,128,100],[1],[1],[1],[1]]","[[1,128,49]]","[[1],[1],[1],[1]]",300,1.375667,0.0045855566666666665,0.004479,0.0062526000000000005,0.0014201339606607717,98.91417567620731,0.0014354764934723576,99.98280302255765,False
820,305,SLICE,1,slice_stride_optimized,,,"[[1,128,100],[1],[1],[1],[1]]","[[1,128,49]]","[[1],[1],[1],[1]]",300,1.350255,0.00450085,0.0041405,0.006361800000000002,0.00139390054500981,98.91556957675232,0.0014089596629805893,99.98421198222063,False
821,320,SLICE,1,slice_stride_optimized,,,"[[1,128,100],[1],[1],[1],[1]]","[[1,128,49]]","[[1],[1],[1],[1]]",300,1.345728,0.00448576,0.004271,0.006330650000000007,0.0013892272145890677,98.9169588039669,0.0014042358438543403,99.98561621806448,False
822,335,SLICE,1,slice_stride_optimized,,,"[[1,128,100],[1],[1],[1],[1]]","[[1,128,49]]","[[1],[1],[1],[1]]",300,1.338182,0.004460606666666667,0.004062,0.0066852500000000046,0.0013814372982305695,98.91834024126514,0.0013963617685005358,99.98701257983298,False
823,167,SLICE,1,slice_stride_optimized,,,"[[1,128,100],[1],[1],[1],[1]]","[[1,128,49]]","[[1],[1],[1],[1]]",300,1.308636,0.00436212,0.00401,0.007242550000000001,0.0013509362554624553,98.9196911775206,0.0013655312052347642,99.98837811103822,False
824,122,SLICE,1,slice_stride_optimized,,,"[[1,128,100],[1],[1],[1],[1]]","[[1,128,49]]","[[1],[1],[1],[1]]",300,1.3085499999999999,0.004361833333333333,0.003906,0.00625,0.0013508474756046725,98.92104202499621,0.0013654414662365628,99.98974355250445,False
825,260,SLICE,1,slice_stride_optimized,,,"[[1,128,100],[1],[1],[1],[1]]","[[1,128,49]]","[[1],[1],[1],[1]]",300,1.30163,0.004338766666666667,0.003959,0.0070424000000000025,0.0013437037940249206,98.92238572879023,0.001358220607311526,99.99110177311177,False
826,290,SLICE,1,slice_stride_optimized,,,"[[1,128,100],[1],[1],[1],[1]]","[[1,128,49]]","[[1],[1],[1],[1]]",300,1.293435,0.00431145,0.003958,0.0063072000000000015,0.0013352438994373387,98.92372097268967,0.0013496693155643181,99.99245144242732,False
827,152,SLICE,1,slice_stride_optimized,,,"[[1,128,100],[1],[1],[1],[1]]","[[1,128,49]]","[[1],[1],[1],[1]]",300,1.291715,0.0043057166666666665,0.0038805000000000003,0.0065126,0.0013334683022816777,98.92505444099194,0.0013478745356002915,99.99379931696292,False
828,275,SLICE,1,slice_stride_optimized,,,"[[1,128,100],[1],[1],[1],[1]]","[[1,128,49]]","[[1],[1],[1],[1]]",300,1.290088,0.004300293333333333,0.003907,0.0065256500000000035,0.001331788711251294,98.9263862297032,0.0013461767989715293,99.9951454937619,False
829,107,SLICE,1,slice_stride_optimized,,,"[[1,128,100],[1],[1],[1],[1]]","[[1,128,49]]","[[1],[1],[1],[1]]",300,1.286567,0.004288556666666667,0.0039065,0.005423850000000002,0.0013281538987018277,98.9277143836019,0.0013425027174288914,99.99648799647933,False
830,137,SLICE,1,slice_stride_optimized,,,"[[1,128,100],[1],[1],[1],[1]]","[[1,128,49]]","[[1],[1],[1],[1]]",300,1.279419,0.00426473,0.003906,0.005791450000000002,0.001320774847266558,98.92903515844917,0.0013350439458109488,99.99782304042515,False
831,77,SLICE,1,slice_stride_optimized,,,"[[1,128,100],[1],[1],[1],[1]]","[[1,128,49]]","[[1],[1],[1],[1]]",300,1.267602,0.004225339999999999,0.003907,0.005630200000000001,0.0013085758754128112,98.93034373432458,0.0013227131813720527,99.99914575360651,False
832,830,DEQUANTIZE_LINEAR,1,dequantize_linear_neon_combined,,,"[[1,192,1],[],[]]","[[1,192,1]]","[[],[]]",300,0.818654,0.002728846666666667,0.002188,0.0045336000000000005,0.0008451161127153472,98.9311888504373,0.0008542463934128823,99.99999999999993,False
