rank,operator_id,operator_type,kernel_id,kernel_name,fusion_family,fusion_pattern,input_shapes,output_shapes,weight_shapes,call_count,total_exclusive_ms,mean_ms,p50_ms,p95_ms,end_to_end_share_pct,cumulative_end_to_end_share_pct,operator_exclusive_share_pct,cumulative_operator_exclusive_share_pct,in_top_bottleneck_set
1,0,QLINEAR_CONV,3,fused_quant_qlinear_conv_o4i4_combined_fixed,FUSION_CONV_BIAS_ACT,QuantizeLinear-QLinearConvInputPack,"[[1,1,80,98],[],[],[32,1,3,3],[32],[32],[],[],[32]]","[[1,32,80,98]]","[[],[],[32,1,3,3],[32],[32],[],[],[32]]",60,4370.995468,72.84992446666666,72.7528905,73.42063294999998,13.947314964838029,13.947314964838029,14.042898815779733,14.042898815779733,True
2,1,DEQUANTIZE_LINEAR,4,fused_dequant_relu_quant,FUSION_CONV_BIAS_ACT,DequantizeLinear-Relu-QuantizeLinear,"[[1,32,80,98],[],[],[],[]]","[[1,32,80,98]]","[[],[],[],[]]",60,2111.07343,35.184557166666664,35.0996095,35.898444899999994,6.736178579380522,20.68349354421855,6.7823430125256445,20.825241828305376,True
3,10,QLINEAR_CONV,3,fused_quant_qlinear_conv_o4i4_combined_fixed,FUSION_CONV_BIAS_ACT,QuantizeLinear-QLinearConvInputPack,"[[1,32,40,98],[],[],[32,32,3,3],[32],[32],[],[],[32]]","[[1,32,40,98]]","[[],[],[32,32,3,3],[32],[32],[],[],[32]]",60,1371.008855,22.850147583333335,22.8586455,23.139076,4.374722522651435,25.058216066869985,4.404703406181392,25.22994523448677,True
4,2,QLINEAR_CONV,1,qlinear_conv_o4i4_mac_fixed,,,"[[1,32,80,98],[],[],[32,32,3,3],[32],[32],[],[],[32]]","[[1,32,40,98]]","[[],[],[32,32,3,3],[32],[32],[],[],[32]]",60,1312.476926,21.874615433333336,21.7795575,22.49713525,4.187954255505169,29.246170322375153,4.2166551772466,29.44660041173337,True
5,6,QLINEAR_CONV,1,qlinear_conv_o4i4_mac_fixed,,,"[[1,32,40,98],[],[],[32,32,3,3],[32],[32],[],[],[32]]","[[1,32,40,98]]","[[],[],[32,32,3,3],[32],[32],[],[],[32]]",60,1306.782392,21.779706533333336,21.702916000000002,22.279957700000004,4.169783690045326,33.41595401242048,4.1983600851216,33.64496049685497,True
6,12,QLINEAR_CONV,1,qlinear_conv_o4i4_mac_fixed,,,"[[1,32,40,98],[],[],[32,32,3,3],[32],[32],[],[],[32]]","[[1,32,40,98]]","[[],[],[32,32,3,3],[32],[32],[],[],[32]]",60,1305.9614080000001,21.76602346666667,21.7109115,22.13788275,4.1671640299443435,37.58311804236482,4.195722471944972,37.84068296879994,True
7,4,DEQUANTIZE_LINEAR,4,fused_dequant_relu_quant,FUSION_CONV_BIAS_ACT,DequantizeLinear-Relu-QuantizeLinear,"[[1,32,40,98],[],[],[],[]]","[[1,32,40,98]]","[[],[],[],[]]",60,1037.829633,17.29716055,17.2595055,17.490067850000003,3.3115881444545248,40.89470618681935,3.3342831469247396,41.17496611572468,True
8,11,DEQUANTIZE_LINEAR,4,fused_dequant_relu_quant,FUSION_CONV_BIAS_ACT,DequantizeLinear-Relu-QuantizeLinear,"[[1,32,40,98],[],[],[],[]]","[[1,32,40,98]]","[[],[],[],[]]",60,1037.504013,17.29173355,17.201667,17.74466445,3.310549130634424,44.205255317453776,3.333237012526782,44.50820312825146,True
9,25,QLINEAR_CONV,3,fused_quant_qlinear_conv_o4i4_combined_fixed,FUSION_CONV_BIAS_ACT,QuantizeLinear-QLinearConvInputPack,"[[1,32,20,98],[],[],[32,32,3,3],[32],[32],[],[],[32]]","[[1,32,20,98]]","[[],[],[32,32,3,3],[32],[32],[],[],[32]]",60,699.921514,11.665358566666667,11.635235,11.92615625,2.2333644310299454,46.438619748483724,2.248670142087038,46.756873270338495,True
10,27,QLINEAR_CONV,1,qlinear_conv_o4i4_mac_fixed,,,"[[1,32,20,98],[],[],[32,32,3,3],[32],[32],[],[],[32]]","[[1,32,20,98]]","[[],[],[32,32,3,3],[32],[32],[],[],[32]]",60,674.250776,11.237512933333333,11.279505,11.35764795,2.151452227989007,48.59007197647273,2.1661965776783014,48.923069848016794,True
11,21,QLINEAR_CONV,1,qlinear_conv_o4i4_mac_fixed,,,"[[1,32,20,98],[],[],[32,32,3,3],[32],[32],[],[],[32]]","[[1,32,20,98]]","[[],[],[32,32,3,3],[32],[32],[],[],[32]]",60,670.038438,11.167307300000001,11.124271,11.341690849999999,2.1380111697096127,50.72808314618234,2.152663405030349,51.07573325304714,True
12,17,QLINEAR_CONV,1,qlinear_conv_o4i4_mac_fixed,,,"[[1,32,40,98],[],[],[32,32,3,3],[32],[32],[],[],[32]]","[[1,32,20,98]]","[[],[],[32,32,3,3],[32],[32],[],[],[32]]",60,664.901879,11.081697983333333,11.027787,11.30518785,2.121621034617285,52.84970418079963,2.1361609449325605,53.2118941979797,True
13,825,QLINEAR_CONV,1,qlinear_conv_o4i4_mac_fixed,,,"[[1,1024,49],[],[],[512,1024,1],[512],[512],[],[],[512]]","[[1,512,49]]","[[],[],[512,1024,1],[512],[512],[],[],[512]]",60,545.280307,9.088005116666666,9.0460415,9.3154476,1.7399231460041802,54.58962732680381,1.7518472012834192,54.96374139926312,True
14,582,QLINEAR_CONV,1,qlinear_conv_o4i4_mac_fixed,,,"[[1,1024,49],[],[],[512,1024,1],[512],[512],[],[]]","[[1,512,49]]","[[],[],[512,1024,1],[512],[512],[],[]]",60,540.95188,9.015864666666666,8.997708,9.11994275,1.726111661843815,56.315738988647624,1.7379410641488728,56.70168246341199,True
15,19,DEQUANTIZE_LINEAR,4,fused_dequant_relu_quant,FUSION_CONV_BIAS_ACT,DequantizeLinear-Relu-QuantizeLinear,"[[1,32,20,98],[],[],[],[]]","[[1,32,20,98]]","[[],[],[],[]]",60,515.187817,8.586463616666666,8.5702605,8.68187445,1.643901670077489,57.959640658725114,1.6551676702066638,58.35685013361866,True
16,26,DEQUANTIZE_LINEAR,4,fused_dequant_relu_quant,FUSION_CONV_BIAS_ACT,DequantizeLinear-Relu-QuantizeLinear,"[[1,32,20,98],[],[],[],[]]","[[1,32,20,98]]","[[],[],[],[]]",60,514.845318,8.5807553,8.5660415,8.671018899999998,1.642808797421108,59.602449456146225,1.6540673078666162,60.010917441485276,True
17,31,QLINEAR_CONV,3,fused_quant_qlinear_conv_o4i4_combined_fixed,FUSION_CONV_BIAS_ACT,QuantizeLinear-QLinearConvInputPack,"[[1,32,20,98],[],[],[32,32,3,3],[32],[32],[],[],[32]]","[[1,32,10,98]]","[[],[],[32,32,3,3],[32],[32],[],[],[32]]",60,367.285207,6.121420116666667,6.0880209999999995,6.4520232,1.1719624285720565,60.77441188471828,1.1799941309007356,61.190911572386014,True
18,3,QLINEAR_CONV,1,qlinear_conv_o4i4_mac_fixed,,,"[[1,32,80,98],[],[],[32,32,1,1],[32],[32],[],[],[32]]","[[1,32,40,98]]","[[],[],[32,32,1,1],[32],[32],[],[],[32]]",60,341.963852,5.699397533333333,5.6581775,5.87496035,1.0911650641943096,61.86557694891259,1.0986430453764717,62.289554617762484,True
19,35,QLINEAR_CONV,3,fused_quant_qlinear_conv_o4i4_combined_fixed,FUSION_CONV_BIAS_ACT,QuantizeLinear-QLinearConvInputPack,"[[1,320,98],[],[],[128,320,5],[128],[128],[],[],[128]]","[[1,128,49]]","[[],[],[128,320,5],[128],[128],[],[],[128]]",60,275.560775,4.592679583333333,4.5830210000000005,4.63121315,0.87928092102059,62.74485786993318,0.8853068160909028,63.17486143385339,True
20,18,QLINEAR_CONV,1,qlinear_conv_o4i4_mac_fixed,,,"[[1,32,40,98],[],[],[32,32,1,1],[32],[32],[],[],[32]]","[[1,32,20,98]]","[[],[],[32,32,1,1],[32],[32],[],[],[32]]",60,169.448277,2.82413795,2.8182035,2.8598746,0.5406888446511011,63.28554671458428,0.5443942977840709,63.71925573163746,True
21,219,QLINEAR_CONV,1,qlinear_conv_o4i4_mac_fixed,,,"[[1,512,49],[],[],[256,512,1],[256],[256],[],[]]","[[1,256,49]]","[[],[],[256,512,1],[256],[256],[],[]]",60,149.048232,2.4841372,2.4741150000000003,2.5632447,0.4755947819839401,63.76114149656822,0.4788541319638044,64.19810986360126,True
22,810,QLINEAR_CONV,1,qlinear_conv_o4i4_mac_fixed,,,"[[1,992,49],[],[],[128,992,1],[128],[128],[],[],[128]]","[[1,128,49]]","[[],[],[128,992,1],[128],[128],[],[],[128]]",60,132.450472,2.2075078666666665,2.2112499999999997,2.2407242999999997,0.4226333483412937,64.18377484490952,0.4255297425987326,64.62363960619999,True
23,567,QLINEAR_CONV,1,qlinear_conv_o4i4_mac_fixed,,,"[[1,992,49],[],[],[128,992,1],[128],[128],[],[],[128]]","[[1,128,49]]","[[],[],[128,992,1],[128],[128],[],[],[128]]",60,132.359069,2.2059844833333333,2.211875,2.2350365,0.4223416924841637,64.60611653739369,0.42523608796333984,65.04887569416333,True
24,795,QLINEAR_CONV,1,qlinear_conv_o4i4_mac_fixed,,,"[[1,960,49],[],[],[128,960,1],[128],[128],[],[],[128]]","[[1,128,49]]","[[],[],[128,960,1],[128],[128],[],[],[128]]",60,128.689115,2.144818583333333,2.143854,2.1794168999999997,0.4106313155873677,65.01674785298106,0.41344545741753713,65.46232115158087,True
25,552,QLINEAR_CONV,1,qlinear_conv_o4i4_mac_fixed,,,"[[1,960,49],[],[],[128,960,1],[128],[128],[],[],[128]]","[[1,128,49]]","[[],[],[128,960,1],[128],[128],[],[],[128]]",60,128.449531,2.1408255166666668,2.1460935,2.1697319,0.40986683218009834,65.42661468516116,0.41267573484644077,65.87499688642731,True
26,780,QLINEAR_CONV,1,qlinear_conv_o4i4_mac_fixed,,,"[[1,928,49],[],[],[128,928,1],[128],[128],[],[],[128]]","[[1,128,49]]","[[],[],[128,928,1],[128],[128],[],[],[128]]",60,125.49807,2.0916345,2.0933075,2.11828045,0.40044907906760846,65.82706376422877,0.40319343991267714,66.27819032634,True
27,537,QLINEAR_CONV,1,qlinear_conv_o4i4_mac_fixed,,,"[[1,928,49],[],[],[128,928,1],[128],[128],[],[],[128]]","[[1,128,49]]","[[],[],[128,928,1],[128],[128],[],[],[128]]",60,125.410206,2.0901701,2.0863544999999997,2.12745035,0.4001687157290871,66.22723247995785,0.4029111551858723,66.68110148152587,True
28,522,QLINEAR_CONV,1,qlinear_conv_o4i4_mac_fixed,,,"[[1,896,49],[],[],[128,896,1],[128],[128],[],[],[128]]","[[1,128,49]]","[[],[],[128,896,1],[128],[128],[],[],[128]]",60,121.542029,2.0257004833333334,2.0167710000000003,2.2276253999999995,0.38782583334595155,66.6150583133038,0.3904836844620508,67.07158516598793,True
29,765,QLINEAR_CONV,1,qlinear_conv_o4i4_mac_fixed,,,"[[1,896,49],[],[],[128,896,1],[128],[128],[],[],[128]]","[[1,128,49]]","[[],[],[128,896,1],[128],[128],[],[],[128]]",60,120.740102,2.012335033333333,2.0148435,2.03964645,0.38526698181437463,67.00032529511817,0.38790729658860496,67.45949246257653,True
30,507,QLINEAR_CONV,1,qlinear_conv_o4i4_mac_fixed,,,"[[1,864,49],[],[],[128,864,1],[128],[128],[],[],[128]]","[[1,128,49]]","[[],[],[128,864,1],[128],[128],[],[],[128]]",60,118.337135,1.9722855833333335,1.9610675,2.1197781499999997,0.3775994063514225,67.3779247014696,0.3801871736359042,67.83967963621244,True
31,750,QLINEAR_CONV,1,qlinear_conv_o4i4_mac_fixed,,,"[[1,864,49],[],[],[128,864,1],[128],[128],[],[],[128]]","[[1,128,49]]","[[],[],[128,864,1],[128],[128],[],[],[128]]",60,117.68297,1.9613828333333332,1.960443,1.9939192,0.37551204539194105,67.75343674686154,0.3780855075575297,68.21776514376997,True
32,735,QLINEAR_CONV,1,qlinear_conv_o4i4_mac_fixed,,,"[[1,832,49],[],[],[128,832,1],[128],[128],[],[],[128]]","[[1,128,49]]","[[],[],[128,832,1],[128],[128],[],[],[128]]",60,113.645941,1.8940990166666665,1.8932285,1.9307421500000002,0.3626303768115459,68.11606712367309,0.3651155582225539,68.58288070199252,True
33,492,QLINEAR_CONV,1,qlinear_conv_o4i4_mac_fixed,,,"[[1,832,49],[],[],[128,832,1],[128],[128],[],[],[128]]","[[1,128,49]]","[[],[],[128,832,1],[128],[128],[],[],[128]]",60,113.024322,1.8837386999999999,1.870417,1.90321435,0.36064686618002045,68.47671398985311,0.36311845418003696,68.94599915617256,True
34,720,QLINEAR_CONV,1,qlinear_conv_o4i4_mac_fixed,,,"[[1,800,49],[],[],[128,800,1],[128],[128],[],[],[128]]","[[1,128,49]]","[[],[],[128,800,1],[128],[128],[],[],[128]]",60,110.390418,1.8398402999999999,1.836667,1.87666625,0.35224239883520403,68.82895638868831,0.3546563892721084,69.30065554544467,True
35,477,QLINEAR_CONV,1,qlinear_conv_o4i4_mac_fixed,,,"[[1,800,49],[],[],[128,800,1],[128],[128],[],[],[128]]","[[1,128,49]]","[[],[],[128,800,1],[128],[128],[],[],[128]]",60,109.597448,1.8266241333333333,1.815469,1.8628120000000001,0.3497121280013319,69.17866851668964,0.3521087779658345,69.65276432341051,True
36,462,QLINEAR_CONV,1,qlinear_conv_o4i4_mac_fixed,,,"[[1,768,49],[],[],[128,768,1],[128],[128],[],[],[128]]","[[1,128,49]]","[[],[],[128,768,1],[128],[128],[],[],[128]]",60,105.390784,1.7565130666666666,1.743776,1.78071305,0.33628917476590076,69.51495769145554,0.33859383443947727,69.99135815784999,True
37,705,QLINEAR_CONV,1,qlinear_conv_o4i4_mac_fixed,,,"[[1,768,49],[],[],[128,768,1],[128],[128],[],[],[128]]","[[1,128,49]]","[[],[],[128,768,1],[128],[128],[],[],[128]]",60,105.221141,1.7536856833333334,1.7438799999999999,1.7827449000000002,0.3357478645838377,69.85070555603937,0.33804881454612673,70.32940697239611,True
38,690,QLINEAR_CONV,1,qlinear_conv_o4i4_mac_fixed,,,"[[1,736,49],[],[],[128,736,1],[128],[128],[],[],[128]]","[[1,128,49]]","[[],[],[128,736,1],[128],[128],[],[],[128]]",60,102.101565,1.7016927499999999,1.6976045,1.7293334,0.32579367695145883,70.17649923299084,0.3280264087951137,70.65743338119123,True
39,447,QLINEAR_CONV,1,qlinear_conv_o4i4_mac_fixed,,,"[[1,736,49],[],[],[128,736,1],[128],[128],[],[],[128]]","[[1,128,49]]","[[],[],[128,736,1],[128],[128],[],[],[128]]",60,102.088174,1.7014695666666666,1.6863540000000001,1.7407109500000002,0.3257509478989898,70.50225018088983,0.3279833869115591,70.98541676810278,True
40,675,QLINEAR_CONV,1,qlinear_conv_o4i4_mac_fixed,,,"[[1,704,49],[],[],[128,704,1],[128],[128],[],[],[128]]","[[1,128,49]]","[[],[],[128,704,1],[128],[128],[],[],[128]]",60,98.270003,1.6378333833333334,1.6316410000000001,1.6852966999999999,0.3135676285804325,70.81581780947026,0.31571657277119164,71.30113334087397,True
41,432,QLINEAR_CONV,1,qlinear_conv_o4i4_mac_fixed,,,"[[1,704,49],[],[],[128,704,1],[128],[128],[],[],[128]]","[[1,128,49]]","[[],[],[128,704,1],[128],[128],[],[],[128]]",60,98.101668,1.6350278,1.6214330000000001,1.6769741,0.31303049206729855,71.12884830153756,0.3151757551497915,71.61630909602377,True
42,417,QLINEAR_CONV,1,qlinear_conv_o4i4_mac_fixed,,,"[[1,672,49],[],[],[128,672,1],[128],[128],[],[],[128]]","[[1,128,49]]","[[],[],[128,672,1],[128],[128],[],[],[128]]",60,94.329376,1.5721562666666666,1.5594275,1.594239,0.3009935670582199,71.42984186859577,0.3030563385895602,71.91936543461333,True
43,660,QLINEAR_CONV,1,qlinear_conv_o4i4_mac_fixed,,,"[[1,672,49],[],[],[128,672,1],[128],[128],[],[],[128]]","[[1,128,49]]","[[],[],[128,672,1],[128],[128],[],[],[128]]",60,93.979535,1.5663255833333334,1.5568235000000001,1.58703675,0.29987726697272776,71.7297191355685,0.3019323882673561,72.22129782288069,True
44,16,QUANTIZE_LINEAR,1,quantize_linear_stride_optimized,,,"[[1,32,40,98],[],[]]","[[1,32,40,98]]","[[],[]]",60,92.489482,1.5414913666666665,1.5263285,1.74769785,0.2951226890607971,72.0248418246293,0.29714522624389067,72.51844304912457,True
45,402,QLINEAR_CONV,1,qlinear_conv_o4i4_mac_fixed,,,"[[1,640,49],[],[],[128,640,1],[128],[128],[],[],[128]]","[[1,128,49]]","[[],[],[128,640,1],[128],[128],[],[],[128]]",60,90.312657,1.50521095,1.4932815000000002,1.5355494,0.2881767052178476,72.31301852984716,0.2901516401286786,72.80859468925325,True
46,645,QLINEAR_CONV,1,qlinear_conv_o4i4_mac_fixed,,,"[[1,640,49],[],[],[128,640,1],[128],[128],[],[],[128]]","[[1,128,49]]","[[],[],[128,640,1],[128],[128],[],[],[128]]",60,89.868232,1.4978038666666669,1.4896095,1.5256173499999999,0.2867585990910791,72.59977712893823,0.28872381542561193,73.09731850467887,True
47,387,QLINEAR_CONV,1,qlinear_conv_o4i4_mac_fixed,,,"[[1,608,49],[],[],[128,608,1],[128],[128],[],[],[128]]","[[1,128,49]]","[[],[],[128,608,1],[128],[128],[],[],[128]]",60,87.067395,1.45112325,1.4316925,1.5241331999999999,0.27782146884462605,72.87759859778285,0.279725437166371,73.37704394184524,True
48,630,QLINEAR_CONV,1,qlinear_conv_o4i4_mac_fixed,,,"[[1,608,49],[],[],[128,608,1],[128],[128],[],[],[128]]","[[1,128,49]]","[[],[],[128,608,1],[128],[128],[],[],[128]]",60,86.22823,1.4371371666666666,1.4294535000000002,1.4670781499999999,0.27514379538370537,73.15274239316655,0.2770294130521808,73.65407335489742,True
49,615,QLINEAR_CONV,1,qlinear_conv_o4i4_mac_fixed,,,"[[1,576,49],[],[],[128,576,1],[128],[128],[],[],[128]]","[[1,128,49]]","[[],[],[128,576,1],[128],[128],[],[],[128]]",60,82.503439,1.3750573166666666,1.36375,1.4091021000000001,0.2632584402888476,73.4160008334554,0.26506260514632396,73.91913596004375,True
50,372,QLINEAR_CONV,1,qlinear_conv_o4i4_mac_fixed,,,"[[1,576,49],[],[],[128,576,1],[128],[128],[],[],[128]]","[[1,128,49]]","[[],[],[128,576,1],[128],[128],[],[],[128]]",60,82.499684,1.3749947333333334,1.366172,1.4073151000000002,0.26324645854050754,73.6792472919959,0.26505054128456995,74.18418650132831,True
51,600,QLINEAR_CONV,1,qlinear_conv_o4i4_mac_fixed,,,"[[1,544,49],[],[],[128,544,1],[128],[128],[],[],[128]]","[[1,128,49]]","[[],[],[128,544,1],[128],[128],[],[],[128]]",60,79.058854,1.3176475666666667,1.3037239999999999,1.35131725,0.25226718846306173,73.93151448045897,0.253996027985244,74.43818252931355,True
52,357,QLINEAR_CONV,1,qlinear_conv_o4i4_mac_fixed,,,"[[1,544,49],[],[],[128,544,1],[128],[128],[],[],[128]]","[[1,128,49]]","[[],[],[128,544,1],[128],[128],[],[],[128]]",60,78.712242,1.3118707,1.303646,1.3441241,0.2511611917238786,74.18267567218285,0.2528824516203245,74.69106498093387,True
53,585,QLINEAR_CONV,1,qlinear_conv_o4i4_mac_fixed,,,"[[1,512,49],[],[],[128,512,1],[128],[128],[],[],[128]]","[[1,128,49]]","[[],[],[128,512,1],[128],[128],[],[],[128]]",60,75.613696,1.2602282666666667,1.2447655,1.28745255,0.24127410826396065,74.42394978044682,0.24292760992062615,74.9339925908545,True
54,342,QLINEAR_CONV,1,qlinear_conv_o4i4_mac_fixed,,,"[[1,512,49],[],[],[128,512,1],[128],[128],[],[],[128]]","[[1,128,49]]","[[],[],[128,512,1],[128],[128],[],[],[128]]",60,74.918176,1.2486362666666666,1.2325780000000002,1.2892207,0.23905478852881967,74.66300456897564,0.24069308072565077,75.17468567158015,True
55,581,BATCH_NORMALIZATION,2,fused_bn_relu_quant_combined,FUSION_BN_RELU_QUANT,BatchNormalization-Relu-QuantizeLinear,"[[1,1024,49],[1024],[1024],[1024],[1024],[],[]]","[[1,1024,49]]","[[1024],[1024],[1024],[1024],[],[]]",60,74.056309,1.2342718166666666,1.2277865000000001,1.26573225,0.2363046757467764,74.89930924472242,0.2379241208486007,75.41260979242875,True
56,809,BATCH_NORMALIZATION,2,fused_bn_relu_quant_combined,FUSION_BN_RELU_QUANT,BatchNormalization-Relu-QuantizeLinear,"[[1,992,49],[992],[992],[992],[992],[],[]]","[[1,992,49]]","[[992],[992],[992],[992],[],[]]",60,73.974631,1.2329105166666667,1.2308335,1.2772635,0.23604405118195174,75.13535329590437,0.23766171016941506,75.65027150259817,True
57,824,BATCH_NORMALIZATION,2,fused_bn_relu_quant_combined,FUSION_BN_RELU_QUANT,BatchNormalization-Relu-QuantizeLinear,"[[1,1024,49],[1024],[1024],[1024],[1024],[],[]]","[[1,1024,49]]","[[1024],[1024],[1024],[1024],[],[]]",60,73.968904,1.2328150666666666,1.230234,1.2715416499999999,0.2360257770214342,75.3713790729258,0.2376433107722739,75.88791481337044,True
58,566,BATCH_NORMALIZATION,2,fused_bn_relu_quant_combined,FUSION_BN_RELU_QUANT,BatchNormalization-Relu-QuantizeLinear,"[[1,992,49],[992],[992],[992],[992],[],[]]","[[1,992,49]]","[[992],[992],[992],[992],[],[]]",60,73.811251,1.2301875166666667,1.2256765,1.26677095,0.23552272547122116,75.60690179839703,0.23713681170513642,76.12505162507559,True
59,327,QLINEAR_CONV,1,qlinear_conv_o4i4_mac_fixed,,,"[[1,480,49],[],[],[128,480,1],[128],[128],[],[],[128]]","[[1,128,49]]","[[],[],[128,480,1],[128],[128],[],[],[128]]",60,71.059634,1.1843272333333335,1.1723439999999998,1.2078750500000002,0.2267426502589348,75.83364444865597,0.22829656481088376,76.35334818988647,True
60,794,BATCH_NORMALIZATION,2,fused_bn_relu_quant_combined,FUSION_BN_RELU_QUANT,BatchNormalization-Relu-QuantizeLinear,"[[1,960,49],[960],[960],[960],[960],[],[]]","[[1,960,49]]","[[960],[960],[960],[960],[],[]]",60,70.940417,1.1823402833333332,1.1822135,1.2244709500000002,0.22636224331037216,76.06000669196635,0.2279135508543658,76.58126174074084,True
61,551,BATCH_NORMALIZATION,2,fused_bn_relu_quant_combined,FUSION_BN_RELU_QUANT,BatchNormalization-Relu-QuantizeLinear,"[[1,960,49],[960],[960],[960],[960],[],[]]","[[1,960,49]]","[[960],[960],[960],[960],[],[]]",60,70.931978,1.1821996333333333,1.175599,1.22341115,0.22633531548767136,76.28634200745402,0.22788643848969417,76.80914817923053,True
62,204,QLINEAR_CONV,1,qlinear_conv_o4i4_mac_fixed,,,"[[1,480,49],[],[],[128,480,1],[128],[128],[],[],[128]]","[[1,128,49]]","[[],[],[128,480,1],[128],[128],[],[],[128]]",60,70.736144,1.1789357333333332,1.1738279999999999,1.2045971500000001,0.2257104330097964,76.51205244046382,0.22725727356220282,77.03640545279274,True
63,536,BATCH_NORMALIZATION,2,fused_bn_relu_quant_combined,FUSION_BN_RELU_QUANT,BatchNormalization-Relu-QuantizeLinear,"[[1,928,49],[928],[928],[928],[928],[],[]]","[[1,928,49]]","[[928],[928],[928],[928],[],[]]",60,68.391979,1.1398663166666667,1.134401,1.1800943499999998,0.2182304875777071,76.73028292804153,0.2197260665079995,77.25613151930074,True
64,779,BATCH_NORMALIZATION,2,fused_bn_relu_quant_combined,FUSION_BN_RELU_QUANT,BatchNormalization-Relu-QuantizeLinear,"[[1,928,49],[928],[928],[928],[928],[],[]]","[[1,928,49]]","[[928],[928],[928],[928],[],[]]",60,68.277236,1.1379539333333333,1.1370055,1.1783159499999998,0.21786435661904413,76.94814728466058,0.21935742637770986,77.47548894567845,True
65,312,QLINEAR_CONV,1,qlinear_conv_o4i4_mac_fixed,,,"[[1,448,49],[],[],[128,448,1],[128],[128],[],[],[128]]","[[1,128,49]]","[[],[],[128,448,1],[128],[128],[],[],[128]]",60,67.337344,1.1222890666666667,1.110703,1.1594896500000003,0.21486527555092083,77.1630125602115,0.21633779198312186,77.69182673766157,True
66,189,QLINEAR_CONV,1,qlinear_conv_o4i4_mac_fixed,,,"[[1,448,49],[],[],[128,448,1],[128],[128],[],[],[128]]","[[1,128,49]]","[[],[],[128,448,1],[128],[128],[],[],[128]]",60,67.017816,1.1169635999999998,1.108229,1.1490736499999998,0.2138457005619484,77.37685826077345,0.21531122963464577,77.90713796729622,True
67,764,BATCH_NORMALIZATION,2,fused_bn_relu_quant_combined,FUSION_BN_RELU_QUANT,BatchNormalization-Relu-QuantizeLinear,"[[1,896,49],[896],[896],[896],[896],[],[]]","[[1,896,49]]","[[896],[896],[896],[896],[],[]]",60,65.800156,1.0966692666666666,1.0924215,1.1516973499999998,0.20996029558625862,77.5868185563597,0.2113991971703691,78.11853716446659,True
68,521,BATCH_NORMALIZATION,2,fused_bn_relu_quant_combined,FUSION_BN_RELU_QUANT,BatchNormalization-Relu-QuantizeLinear,"[[1,896,49],[896],[896],[896],[896],[],[]]","[[1,896,49]]","[[896],[896],[896],[896],[],[]]",60,65.779952,1.0963325333333331,1.0902859999999999,1.14951855,0.20989582707934465,77.79671438343905,0.21133428684736574,78.32987145131395,True
69,297,QLINEAR_CONV,1,qlinear_conv_o4i4_mac_fixed,,,"[[1,416,49],[],[],[128,416,1],[128],[128],[],[],[128]]","[[1,128,49]]","[[],[],[128,416,1],[128],[128],[],[],[128]]",60,63.463495,1.0577249166666667,1.047161,1.0830368,0.20250429450557905,77.99921867794463,0.2038920985631969,78.53376354987715,True
70,174,QLINEAR_CONV,1,qlinear_conv_o4i4_mac_fixed,,,"[[1,416,49],[],[],[128,416,1],[128],[128],[],[],[128]]","[[1,128,49]]","[[],[],[128,416,1],[128],[128],[],[],[128]]",60,63.291771,1.05486285,1.050026,1.07707015,0.20195634410559438,78.20117502205022,0.20334039294512993,78.73710394282229,True
71,749,BATCH_NORMALIZATION,2,fused_bn_relu_quant_combined,FUSION_BN_RELU_QUANT,BatchNormalization-Relu-QuantizeLinear,"[[1,864,49],[864],[864],[864],[864],[],[]]","[[1,864,49]]","[[864],[864],[864],[864],[],[]]",60,63.017136,1.0502856,1.0503905,1.0803417,0.2010800172200117,78.40225503927023,0.20245806040909636,78.93956200323139,True
72,506,BATCH_NORMALIZATION,2,fused_bn_relu_quant_combined,FUSION_BN_RELU_QUANT,BatchNormalization-Relu-QuantizeLinear,"[[1,864,49],[864],[864],[864],[864],[],[]]","[[1,864,49]]","[[864],[864],[864],[864],[],[]]",60,62.768802,1.0461467,1.040651,1.07813025,0.20028761362686343,78.6025426528971,0.2016602263092789,79.14122222954066,True
73,734,BATCH_NORMALIZATION,2,fused_bn_relu_quant_combined,FUSION_BN_RELU_QUANT,BatchNormalization-Relu-QuantizeLinear,"[[1,832,49],[832],[832],[832],[832],[],[]]","[[1,832,49]]","[[832],[832],[832],[832],[],[]]",60,60.729167,1.0121527833333333,1.0028645,1.0551043499999997,0.193779386389711,78.7963220392868,0.19510739683695083,79.3363296263776,True
74,491,BATCH_NORMALIZATION,2,fused_bn_relu_quant_combined,FUSION_BN_RELU_QUANT,BatchNormalization-Relu-QuantizeLinear,"[[1,832,49],[832],[832],[832],[832],[],[]]","[[1,832,49]]","[[832],[832],[832],[832],[],[]]",60,59.958811,0.9993135166666666,0.9976045,1.02783605,0.19132127407966348,78.98764331336648,0.19263243857187656,79.52896206494948,True
75,159,QLINEAR_CONV,1,qlinear_conv_o4i4_mac_fixed,,,"[[1,384,49],[],[],[128,384,1],[128],[128],[],[],[128]]","[[1,128,49]]","[[],[],[128,384,1],[128],[128],[],[],[128]]",60,59.442658,0.9907109666666667,0.981198,1.0222674,0.1896742926280126,79.17731760599449,0.1909741700137127,79.7199362349632,True
76,282,QLINEAR_CONV,1,qlinear_conv_o4i4_mac_fixed,,,"[[1,384,49],[],[],[128,384,1],[128],[128],[],[],[128]]","[[1,128,49]]","[[],[],[128,384,1],[128],[128],[],[],[128]]",60,59.268542,0.9878090333333333,0.981823,1.0133233,0.18911870964692823,79.36643631564142,0.1904147795068799,79.91035101447008,True
77,476,BATCH_NORMALIZATION,2,fused_bn_relu_quant_combined,FUSION_BN_RELU_QUANT,BatchNormalization-Relu-QuantizeLinear,"[[1,800,49],[800],[800],[800],[800],[],[]]","[[1,800,49]]","[[800],[800],[800],[800],[],[]]",60,57.85469,0.9642448333333333,0.9560420000000001,0.98292905,0.18460727985890124,79.55104359550032,0.18587243195199388,80.09622344642207,True
78,719,BATCH_NORMALIZATION,2,fused_bn_relu_quant_combined,FUSION_BN_RELU_QUANT,BatchNormalization-Relu-QuantizeLinear,"[[1,800,49],[800],[800],[800],[800],[],[]]","[[1,800,49]]","[[800],[800],[800],[800],[],[]]",60,57.653129,0.9608854833333333,0.9587505000000001,0.99609925,0.18396412322050873,79.73500771872082,0.1852248676273613,80.28144831404943,True
79,267,QLINEAR_CONV,1,qlinear_conv_o4i4_mac_fixed,,,"[[1,352,49],[],[],[128,352,1],[128],[128],[],[],[128]]","[[1,128,49]]","[[],[],[128,352,1],[128],[128],[],[],[128]]",60,55.706046,0.9284341,0.922005,0.9553493999999999,0.17775121815975206,79.91275893688058,0.17896938423574024,80.46041769828517,True
80,144,QLINEAR_CONV,1,qlinear_conv_o4i4_mac_fixed,,,"[[1,352,49],[],[],[128,352,1],[128],[128],[],[],[128]]","[[1,128,49]]","[[],[],[128,352,1],[128],[128],[],[],[128]]",60,55.440202,0.9240033666666666,0.919791,0.94817985,0.17690294228606213,80.08966187916664,0.17811529495101944,80.63853299323618,True
81,704,BATCH_NORMALIZATION,2,fused_bn_relu_quant_combined,FUSION_BN_RELU_QUANT,BatchNormalization-Relu-QuantizeLinear,"[[1,768,49],[768],[768],[768],[768],[],[]]","[[1,768,49]]","[[768],[768],[768],[768],[],[]]",60,55.078645,0.9179774166666667,0.9119790000000001,0.9546279,0.17574925786939782,80.26541113703604,0.17695370409504446,80.81548669733122,False
82,461,BATCH_NORMALIZATION,2,fused_bn_relu_quant_combined,FUSION_BN_RELU_QUANT,BatchNormalization-Relu-QuantizeLinear,"[[1,768,49],[768],[768],[768],[768],[],[]]","[[1,768,49]]","[[768],[768],[768],[768],[],[]]",60,54.858283,0.9143047166666667,0.9133855,0.9427497,0.17504610952646715,80.4404572465625,0.17624573693024234,80.99173243426146,False
83,446,BATCH_NORMALIZATION,2,fused_bn_relu_quant_combined,FUSION_BN_RELU_QUANT,BatchNormalization-Relu-QuantizeLinear,"[[1,736,49],[736],[736],[736],[736],[],[]]","[[1,736,49]]","[[736],[736],[736],[736],[],[]]",60,52.550158,0.8758359666666667,0.874062,0.9100786999999999,0.16768116335141503,80.60813840991392,0.16883031724690817,81.16056275150838,False
84,689,BATCH_NORMALIZATION,2,fused_bn_relu_quant_combined,FUSION_BN_RELU_QUANT,BatchNormalization-Relu-QuantizeLinear,"[[1,736,49],[736],[736],[736],[736],[],[]]","[[1,736,49]]","[[736],[736],[736],[736],[],[]]",60,52.528182,0.8754697,0.8702865,0.9068855000000001,0.1676110406080008,80.77574945052191,0.16875971393774555,81.32932246544613,False
85,129,QLINEAR_CONV,1,qlinear_conv_o4i4_mac_fixed,,,"[[1,320,49],[],[],[128,320,1],[128],[128],[],[],[128]]","[[1,128,49]]","[[],[],[128,320,1],[128],[128],[],[],[128]]",60,52.216873,0.8702812166666667,0.857318,0.8998854499999999,0.16661769144848418,80.9423671419704,0.16775955714979038,81.49708202259592,False
86,252,QLINEAR_CONV,1,qlinear_conv_o4i4_mac_fixed,,,"[[1,320,49],[],[],[128,320,1],[128],[128],[],[],[128]]","[[1,128,49]]","[[],[],[128,320,1],[128],[128],[],[],[128]]",60,52.040675,0.8673445833333333,0.8596355,0.8931636999999999,0.16605546505859983,81.108422607029,0.16719347770549506,81.66427550030141,False
87,674,BATCH_NORMALIZATION,2,fused_bn_relu_quant_combined,FUSION_BN_RELU_QUANT,BatchNormalization-Relu-QuantizeLinear,"[[1,704,49],[704],[704],[704],[704],[],[]]","[[1,704,49]]","[[704],[704],[704],[704],[],[]]",60,50.457967,0.8409661166666667,0.833542,0.8625598499999999,0.16100523630979965,81.2694278433388,0.16210863868847022,81.82638413898988,False
88,431,BATCH_NORMALIZATION,2,fused_bn_relu_quant_combined,FUSION_BN_RELU_QUANT,BatchNormalization-Relu-QuantizeLinear,"[[1,704,49],[704],[704],[704],[704],[],[]]","[[1,704,49]]","[[704],[704],[704],[704],[],[]]",60,50.010983,0.8335163833333333,0.8258595,0.86475015,0.159578964725241,81.42900680806405,0.16067259256803246,81.98705673155791,False
89,237,QLINEAR_CONV,1,qlinear_conv_o4i4_mac_fixed,,,"[[1,288,49],[],[],[128,288,1],[128],[128],[],[],[128]]","[[1,128,49]]","[[],[],[128,288,1],[128],[128],[],[],[128]]",60,48.283486,0.8047247666666667,0.7964065,0.82532505,0.1540667318857873,81.58307353994984,0.15512258325020925,82.14217931480812,False
90,114,QLINEAR_CONV,1,qlinear_conv_o4i4_mac_fixed,,,"[[1,288,49],[],[],[128,288,1],[128],[128],[],[],[128]]","[[1,128,49]]","[[],[],[128,288,1],[128],[128],[],[],[128]]",60,48.138959,0.8023159833333333,0.795443,0.8174765500000001,0.153605563805271,81.73667910375511,0.15465825468889943,82.29683756949701,False
91,659,BATCH_NORMALIZATION,2,fused_bn_relu_quant_combined,FUSION_BN_RELU_QUANT,BatchNormalization-Relu-QuantizeLinear,"[[1,672,49],[672],[672],[672],[672],[],[]]","[[1,672,49]]","[[672],[672],[672],[672],[],[]]",60,48.037657,0.8006276166666667,0.8000780000000001,0.82225215,0.15328232144299633,81.88996142519811,0.15433279707947137,82.45117036657649,False
92,416,BATCH_NORMALIZATION,2,fused_bn_relu_quant_combined,FUSION_BN_RELU_QUANT,BatchNormalization-Relu-QuantizeLinear,"[[1,672,49],[672],[672],[672],[672],[],[]]","[[1,672,49]]","[[672],[672],[672],[672],[],[]]",60,47.677132,0.7946188666666667,0.7866409999999999,0.8258879499999999,0.15213193001282654,82.04209335521094,0.1531745217775124,82.604344888354,False
93,644,BATCH_NORMALIZATION,2,fused_bn_relu_quant_combined,FUSION_BN_RELU_QUANT,BatchNormalization-Relu-QuantizeLinear,"[[1,640,49],[640],[640],[640],[640],[],[]]","[[1,640,49]]","[[640],[640],[640],[640],[],[]]",60,46.196146,0.7699357666666666,0.7653905,0.7942551,0.1474062837952232,82.18949963900616,0.14841648972329424,82.7527613780773,False
94,401,BATCH_NORMALIZATION,2,fused_bn_relu_quant_combined,FUSION_BN_RELU_QUANT,BatchNormalization-Relu-QuantizeLinear,"[[1,640,49],[640],[640],[640],[640],[],[]]","[[1,640,49]]","[[640],[640],[640],[640],[],[]]",60,45.271977,0.75453295,0.747552,0.7771324,0.14445737290796545,82.33395701191412,0.14544736933625832,82.89820874741355,False
95,222,QLINEAR_CONV,1,qlinear_conv_o4i4_mac_fixed,,,"[[1,256,49],[],[],[128,256,1],[128],[128],[],[],[128]]","[[1,128,49]]","[[],[],[128,256,1],[128],[128],[],[],[128]]",60,44.860938,0.7476822999999999,0.73763,0.7705941499999999,0.14314579744699726,82.47710280936111,0.14412680537580644,83.04233555278935,False
96,99,QLINEAR_CONV,1,qlinear_conv_o4i4_mac_fixed,,,"[[1,256,49],[],[],[128,256,1],[128],[128],[],[],[128]]","[[1,128,49]]","[[],[],[128,256,1],[128],[128],[],[],[128]]",60,44.555518,0.7425919666666666,0.7374735,0.76542165,0.14217123937029671,82.61927404873141,0.14314556844986703,83.18548112123922,False
97,629,BATCH_NORMALIZATION,2,fused_bn_relu_quant_combined,FUSION_BN_RELU_QUANT,BatchNormalization-Relu-QuantizeLinear,"[[1,608,49],[608],[608],[608],[608],[],[]]","[[1,608,49]]","[[608],[608],[608],[608],[],[]]",60,43.815001,0.7302500166666667,0.7228384999999999,0.75402905,0.13980833968041376,82.75908238841183,0.1407664753168506,83.32624759655607,False
98,386,BATCH_NORMALIZATION,2,fused_bn_relu_quant_combined,FUSION_BN_RELU_QUANT,BatchNormalization-Relu-QuantizeLinear,"[[1,608,49],[608],[608],[608],[608],[],[]]","[[1,608,49]]","[[608],[608],[608],[608],[],[]]",60,43.2136,0.7202266666666667,0.7109375,0.7599268,0.13788934222809965,82.89697173063993,0.13883432657578293,83.46508192313186,False
99,8,ADD,1,add_stride_optimized,,,"[[1,32,40,98],[1,32,40,98]]","[[1,32,40,98]]",[],60,41.892342,0.6982057,0.6847915,0.7479920499999999,0.13367336863336063,83.0306450992733,0.13458946003694178,83.5996713831688,False
100,34,RESHAPE,1,reshape_stride_optimized,,,"[[1,32,10,98],[3]]","[[1,320,98]]",[[3]],60,41.75844,0.695974,0.692083,0.7232735499999999,0.13324610363569722,83.163891202909,0.1341592669033646,83.73383065007216,False
101,614,BATCH_NORMALIZATION,2,fused_bn_relu_quant_combined,FUSION_BN_RELU_QUANT,BatchNormalization-Relu-QuantizeLinear,"[[1,576,49],[576],[576],[576],[576],[],[]]","[[1,576,49]]","[[576],[576],[576],[576],[],[]]",60,41.556664,0.6926110666666666,0.6869795000000001,0.71228945,0.1326022609584517,83.29649346386745,0.13351101183831204,83.86734166191047,False
102,14,ADD,1,add_stride_optimized,,,"[[1,32,40,98],[1,32,40,98]]","[[1,32,40,98]]",[],60,41.392974,0.6898829000000001,0.6855475,0.73811745,0.13207994607542142,83.42857340994287,0.13298511742273014,84.00032677933321,False
103,828,CONCAT,5,fused_statistics_pooling_optimized,FUSION_STATS_POOLING,StatisticsPoolingMeanStd,"[[1,512,49],[],[]]","[[1,1024]]","[[],[]]",60,41.221141,0.6870190166666668,0.6719010000000001,0.7414112999999999,0.13153164786969265,83.56010505781256,0.13243306161533394,84.13275984094854,False
104,371,BATCH_NORMALIZATION,2,fused_bn_relu_quant_combined,FUSION_BN_RELU_QUANT,BatchNormalization-Relu-QuantizeLinear,"[[1,576,49],[576],[576],[576],[576],[],[]]","[[1,576,49]]","[[576],[576],[576],[576],[],[]]",60,40.959374,0.6826562333333333,0.672396,0.7283278,0.13069638120718308,83.69080143901975,0.13159207069662401,84.26435191164516,False
105,84,QLINEAR_CONV,1,qlinear_conv_o4i4_mac_fixed,,,"[[1,224,49],[],[],[128,224,1],[128],[128],[],[],[128]]","[[1,128,49]]","[[],[],[128,224,1],[128],[128],[],[],[128]]",60,40.792809,0.67988015,0.6750785,0.6999510499999999,0.1301648925487926,83.82096633156854,0.13105693963589093,84.39540885128106,False
106,599,BATCH_NORMALIZATION,2,fused_bn_relu_quant_combined,FUSION_BN_RELU_QUANT,BatchNormalization-Relu-QuantizeLinear,"[[1,544,49],[544],[544],[544],[544],[],[]]","[[1,544,49]]","[[544],[544],[544],[544],[],[]]",60,39.572347,0.6595391166666666,0.653932,0.6863728,0.1262705467318648,83.9472368783004,0.12713590505693123,84.522544756338,False
107,356,BATCH_NORMALIZATION,2,fused_bn_relu_quant_combined,FUSION_BN_RELU_QUANT,BatchNormalization-Relu-QuantizeLinear,"[[1,544,49],[544],[544],[544],[544],[],[]]","[[1,544,49]]","[[544],[544],[544],[544],[],[]]",60,38.337657,0.63896095,0.6366404999999999,0.67120075,0.12233080109725875,84.06956767939766,0.12316915952589808,84.6457139158639,False
108,584,BATCH_NORMALIZATION,2,fused_bn_relu_quant_combined,FUSION_BN_RELU_QUANT,BatchNormalization-Relu-QuantizeLinear,"[[1,512,49],[512],[512],[512],[512],[],[]]","[[1,512,49]]","[[512],[512],[512],[512],[],[]]",60,38.023533,0.63372555,0.6293485000000001,0.65959085,0.12132846961508507,84.19089614901274,0.12215995885756009,84.76787387472146,False
109,69,QLINEAR_CONV,1,qlinear_conv_o4i4_mac_fixed,,,"[[1,192,49],[],[],[128,192,1],[128],[128],[],[],[128]]","[[1,128,49]]","[[],[],[128,192,1],[128],[128],[],[],[128]]",60,37.000209,0.6166701499999999,0.6128125,0.6429872,0.11806316718144781,84.30895931619419,0.11887227862705774,84.88674615334851,False
110,341,BATCH_NORMALIZATION,2,fused_bn_relu_quant_combined,FUSION_BN_RELU_QUANT,BatchNormalization-Relu-QuantizeLinear,"[[1,512,49],[512],[512],[512],[512],[],[]]","[[1,512,49]]","[[512],[512],[512],[512],[],[]]",60,36.632034,0.6105339,0.602266,0.6806586999999998,0.11688836553162389,84.42584768172581,0.11768942581713127,85.00443557916564,False
111,218,BATCH_NORMALIZATION,2,fused_bn_relu_quant_combined,FUSION_BN_RELU_QUANT,BatchNormalization-Relu-QuantizeLinear,"[[1,512,49],[512],[512],[512],[512],[],[]]","[[1,512,49]]","[[512],[512],[512],[512],[],[]]",60,35.571557,0.5928592833333333,0.5850525,0.6206193,0.11350451239330567,84.53935219411912,0.11428238242930644,85.11871796159495,False
112,326,BATCH_NORMALIZATION,2,fused_bn_relu_quant_combined,FUSION_BN_RELU_QUANT,BatchNormalization-Relu-QuantizeLinear,"[[1,480,49],[480],[480],[480],[480],[],[]]","[[1,480,49]]","[[480],[480],[480],[480],[],[]]",60,33.711353,0.5618558833333334,0.555339,0.58812245,0.10756882765586004,84.64692102177497,0.10830601920954282,85.22702398080449,False
113,203,BATCH_NORMALIZATION,2,fused_bn_relu_quant_combined,FUSION_BN_RELU_QUANT,BatchNormalization-Relu-QuantizeLinear,"[[1,480,49],[480],[480],[480],[480],[],[]]","[[1,480,49]]","[[480],[480],[480],[480],[],[]]",60,33.644742,0.5607457,0.5497655,0.6047135499999999,0.10735628005567963,84.75427730183065,0.10809201497644165,85.33511599578092,False
114,54,QLINEAR_CONV,1,qlinear_conv_o4i4_mac_fixed,,,"[[1,160,49],[],[],[128,160,1],[128],[128],[],[],[128]]","[[1,128,49]]","[[],[],[128,160,1],[128],[128],[],[],[128]]",60,33.302813,0.5550468833333333,0.5497395,0.592006,0.10626522619997884,84.86054252803063,0.10699348390169365,85.44210947968261,False
115,311,BATCH_NORMALIZATION,2,fused_bn_relu_quant_combined,FUSION_BN_RELU_QUANT,BatchNormalization-Relu-QuantizeLinear,"[[1,448,49],[448],[448],[448],[448],[],[]]","[[1,448,49]]","[[448],[448],[448],[448],[],[]]",60,31.863435,0.53105725,0.5171615,0.5681477,0.10167234605026676,84.9622148740809,0.1023691277888496,85.54447860747146,False
116,188,BATCH_NORMALIZATION,2,fused_bn_relu_quant_combined,FUSION_BN_RELU_QUANT,BatchNormalization-Relu-QuantizeLinear,"[[1,448,49],[448],[448],[448],[448],[],[]]","[[1,448,49]]","[[448],[448],[448],[448],[],[]]",60,31.447921,0.5241320166666666,0.5143230000000001,0.5670305,0.1003464914085205,85.06256136548942,0.10103418678942327,85.64551279426088,False
117,296,BATCH_NORMALIZATION,2,fused_bn_relu_quant_combined,FUSION_BN_RELU_QUANT,BatchNormalization-Relu-QuantizeLinear,"[[1,416,49],[416],[416],[416],[416],[],[]]","[[1,416,49]]","[[416],[416],[416],[416],[],[]]",60,29.384793,0.48974654999999995,0.484115,0.50961465,0.09376330086544206,85.15632466635486,0.09440588027203889,85.73991867453292,False
118,829,QLINEAR_CONV,3,fused_quant_qlinear_conv_o4i4_combined_fixed,FUSION_CONV_BIAS_ACT,QuantizeLinear-QLinearConvInputPack,"[[1,1024,1],[],[],[192,1024,1],[192],[192],[],[]]","[[1,192,1]]","[[],[],[192,1024,1],[192],[192],[],[]]",60,29.300058,0.4883343,0.4804425,0.5332368,0.09349292178539093,85.24981758814026,0.09413364822790465,85.83405232276083,False
119,39,QLINEAR_CONV,1,qlinear_conv_o4i4_mac_fixed,,,"[[1,128,49],[],[],[128,128,1],[128],[128],[],[],[128]]","[[1,128,49]]","[[],[],[128,128,1],[128],[128],[],[],[128]]",60,29.288282,0.48813803333333333,0.486485,0.4926460499999999,0.09345534600151552,85.34327293414178,0.09409581492936539,85.92814813769019,False
120,173,BATCH_NORMALIZATION,2,fused_bn_relu_quant_combined,FUSION_BN_RELU_QUANT,BatchNormalization-Relu-QuantizeLinear,"[[1,416,49],[416],[416],[416],[416],[],[]]","[[1,416,49]]","[[416],[416],[416],[416],[],[]]",60,29.065263,0.48442105,0.47627600000000003,0.53352585,0.09274371949471283,85.43601665363649,0.09337931149807051,86.02152744918826,False
121,15,RELU,1,relu_stride_optimized,,,"[[1,32,40,98]]","[[1,32,40,98]]",[],60,28.352649,0.47254415,0.433541,0.7201114999999999,0.09046985488443887,85.52648650852092,0.09108986362058576,86.11261731280884,False
122,9,RELU,1,relu_stride_optimized,,,"[[1,32,40,98]]","[[1,32,40,98]]",[],60,28.035731,0.4672621833333333,0.43221350000000003,0.6829767,0.08945860808805428,85.61594511660897,0.09007168653953387,86.20268899934837,False
123,281,BATCH_NORMALIZATION,2,fused_bn_relu_quant_combined,FUSION_BN_RELU_QUANT,BatchNormalization-Relu-QuantizeLinear,"[[1,384,49],[384],[384],[384],[384],[],[]]","[[1,384,49]]","[[384],[384],[384],[384],[],[]]",60,26.918334,0.4486389,0.444531,0.47113995,0.08589313015199591,85.70183824676097,0.08648177364144623,86.28917077298982,False
124,158,BATCH_NORMALIZATION,2,fused_bn_relu_quant_combined,FUSION_BN_RELU_QUANT,BatchNormalization-Relu-QuantizeLinear,"[[1,384,49],[384],[384],[384],[384],[],[]]","[[1,384,49]]","[[384],[384],[384],[384],[],[]]",60,26.864685,0.44774475,0.440052,0.47673419999999994,0.0857219427174569,85.78756018947843,0.08630941302380585,86.37548018601363,False
125,588,QLINEAR_CONV,3,fused_quant_qlinear_conv_o4i4_combined_fixed,FUSION_CONV_BIAS_ACT,QuantizeLinear-QLinearConvInputPack,"[[1,128,49],[],[],[32,128,3],[32],[32],[],[]]","[[1,32,49]]","[[],[],[32,128,3],[32],[32],[],[]]",60,25.027395,0.41712325,0.412656,0.45367999999999997,0.07985937376735171,85.86741956324578,0.08040666666908372,86.45588685268271,False
126,390,QLINEAR_CONV,3,fused_quant_qlinear_conv_o4i4_combined_fixed,FUSION_CONV_BIAS_ACT,QuantizeLinear-QLinearConvInputPack,"[[1,128,49],[],[],[32,128,3],[32],[32],[],[]]","[[1,32,49]]","[[],[],[32,128,3],[32],[32],[],[]]",60,25.013854,0.41689756666666666,0.4052605,0.4694664499999998,0.07981616608312474,85.9472357293289,0.08036316287360816,86.53625001555632,False
127,225,QLINEAR_CONV,3,fused_quant_qlinear_conv_o4i4_combined_fixed,FUSION_CONV_BIAS_ACT,QuantizeLinear-QLinearConvInputPack,"[[1,128,49],[],[],[32,128,3],[32],[32],[],[]]","[[1,32,49]]","[[],[],[32,128,3],[32],[32],[],[]]",60,24.949532,0.41582553333333333,0.41033850000000005,0.4351093,0.07961092240357026,86.02684665173247,0.08015651261642044,86.61640652817275,False
128,510,QLINEAR_CONV,3,fused_quant_qlinear_conv_o4i4_combined_fixed,FUSION_CONV_BIAS_ACT,QuantizeLinear-QLinearConvInputPack,"[[1,128,49],[],[],[32,128,3],[32],[32],[],[]]","[[1,32,49]]","[[],[],[32,128,3],[32],[32],[],[]]",60,24.898125,0.41496875,0.408307,0.4555444,0.079446888918373,86.10629354065084,0.07999135497562491,86.69639788314836,False
129,693,QLINEAR_CONV,3,fused_quant_qlinear_conv_o4i4_combined_fixed,FUSION_CONV_BIAS_ACT,QuantizeLinear-QLinearConvInputPack,"[[1,128,49],[],[],[32,128,3],[32],[32],[],[]]","[[1,32,49]]","[[],[],[32,128,3],[32],[32],[],[]]",60,24.848387,0.4141397833333333,0.406511,0.4338905,0.07928818100920225,86.18558172166004,0.0798315594081363,86.7762294425565,False
130,266,BATCH_NORMALIZATION,2,fused_bn_relu_quant_combined,FUSION_BN_RELU_QUANT,BatchNormalization-Relu-QuantizeLinear,"[[1,352,49],[352],[352],[352],[352],[],[]]","[[1,352,49]]","[[352],[352],[352],[352],[],[]]",60,24.848071,0.4141345166666667,0.41106750000000003,0.4350026,0.07928717269163223,86.26486889435168,0.07983054418035619,86.85605998673685,False
131,143,BATCH_NORMALIZATION,2,fused_bn_relu_quant_combined,FUSION_BN_RELU_QUANT,BatchNormalization-Relu-QuantizeLinear,"[[1,352,49],[352],[352],[352],[352],[],[]]","[[1,352,49]]","[[352],[352],[352],[352],[],[]]",60,24.846562,0.41410936666666665,0.40408849999999996,0.45254615,0.07928235765614751,86.34415125200783,0.07982569614643163,86.93588568288328,False
132,783,QLINEAR_CONV,3,fused_quant_qlinear_conv_o4i4_combined_fixed,FUSION_CONV_BIAS_ACT,QuantizeLinear-QLinearConvInputPack,"[[1,128,49],[],[],[32,128,3],[32],[32],[],[]]","[[1,32,49]]","[[],[],[32,128,3],[32],[32],[],[]]",60,24.809055,0.41348425,0.40742199999999995,0.4475572,0.07916267738051785,86.42331392938836,0.07970519567697576,87.01559087856026,False
133,633,QLINEAR_CONV,3,fused_quant_qlinear_conv_o4i4_combined_fixed,FUSION_CONV_BIAS_ACT,QuantizeLinear-QLinearConvInputPack,"[[1,128,49],[],[],[32,128,3],[32],[32],[],[]]","[[1,32,49]]","[[],[],[32,128,3],[32],[32],[],[]]",60,24.806038,0.4134339666666667,0.40700499999999995,0.43977295,0.07915305050042683,86.50246697988878,0.07969550282187277,87.09528638138214,False
134,813,QLINEAR_CONV,3,fused_quant_qlinear_conv_o4i4_combined_fixed,FUSION_CONV_BIAS_ACT,QuantizeLinear-QLinearConvInputPack,"[[1,128,49],[],[],[32,128,3],[32],[32],[],[]]","[[1,32,49]]","[[],[],[32,128,3],[32],[32],[],[]]",60,24.778904,0.4129817333333333,0.406458,0.44221615,0.0790664692062968,86.58153344909508,0.07960832816812238,87.17489470955026,False
135,450,QLINEAR_CONV,3,fused_quant_qlinear_conv_o4i4_combined_fixed,FUSION_CONV_BIAS_ACT,QuantizeLinear-QLinearConvInputPack,"[[1,128,49],[],[],[32,128,3],[32],[32],[],[]]","[[1,32,49]]","[[],[],[32,128,3],[32],[32],[],[]]",60,24.773906,0.4128984333333333,0.407109,0.4501561,0.07905052119612278,86.6605839702912,0.07959227086291695,87.25448698041318,False
136,465,QLINEAR_CONV,3,fused_quant_qlinear_conv_o4i4_combined_fixed,FUSION_CONV_BIAS_ACT,QuantizeLinear-QLinearConvInputPack,"[[1,128,49],[],[],[32,128,3],[32],[32],[],[]]","[[1,32,49]]","[[],[],[32,128,3],[32],[32],[],[]]",60,24.75359,0.4125598333333333,0.407552,0.43749235,0.07898569531082958,86.73956966560203,0.07952700071234597,87.33401398112552,False
137,540,QLINEAR_CONV,3,fused_quant_qlinear_conv_o4i4_combined_fixed,FUSION_CONV_BIAS_ACT,QuantizeLinear-QLinearConvInputPack,"[[1,128,49],[],[],[32,128,3],[32],[32],[],[]]","[[1,32,49]]","[[],[],[32,128,3],[32],[32],[],[]]",60,24.751406,0.4125234333333333,0.4082295,0.44014565,0.0789787264324342,86.81854839203447,0.07951998407477721,87.4135339652003,False
138,570,QLINEAR_CONV,3,fused_quant_qlinear_conv_o4i4_combined_fixed,FUSION_CONV_BIAS_ACT,QuantizeLinear-QLinearConvInputPack,"[[1,128,49],[],[],[32,128,3],[32],[32],[],[]]","[[1,32,49]]","[[],[],[32,128,3],[32],[32],[],[]]",60,24.750888,0.4125148,0.4077345,0.43545264999999994,0.07897707355743018,86.8975254655919,0.07951831987227694,87.49305228507258,False
139,753,QLINEAR_CONV,3,fused_quant_qlinear_conv_o4i4_combined_fixed,FUSION_CONV_BIAS_ACT,QuantizeLinear-QLinearConvInputPack,"[[1,128,49],[],[],[32,128,3],[32],[32],[],[]]","[[1,32,49]]","[[],[],[32,128,3],[32],[32],[],[]]",60,24.74297,0.4123828333333333,0.40559900000000004,0.44082299999999996,0.07895180818236858,86.97647727377426,0.07949288134834402,87.57254516642092,False
140,300,QLINEAR_CONV,3,fused_quant_qlinear_conv_o4i4_combined_fixed,FUSION_CONV_BIAS_ACT,QuantizeLinear-QLinearConvInputPack,"[[1,128,49],[],[],[32,128,3],[32],[32],[],[]]","[[1,32,49]]","[[],[],[32,128,3],[32],[32],[],[]]",60,24.739425999999998,0.41232376666666665,0.405104,0.43328395,0.07894049970936803,87.05541777348363,0.07948149537602549,87.65202666179695,False
141,768,QLINEAR_CONV,3,fused_quant_qlinear_conv_o4i4_combined_fixed,FUSION_CONV_BIAS_ACT,QuantizeLinear-QLinearConvInputPack,"[[1,128,49],[],[],[32,128,3],[32],[32],[],[]]","[[1,32,49]]","[[],[],[32,128,3],[32],[32],[],[]]",60,24.738751,0.4123125166666667,0.4075265,0.4403823,0.07893834586645737,87.13435611935009,0.07947932677238129,87.73150598856934,False
142,405,QLINEAR_CONV,3,fused_quant_qlinear_conv_o4i4_combined_fixed,FUSION_CONV_BIAS_ACT,QuantizeLinear-QLinearConvInputPack,"[[1,128,49],[],[],[32,128,3],[32],[32],[],[]]","[[1,32,49]]","[[],[],[32,128,3],[32],[32],[],[]]",60,24.708123,0.41180205000000003,0.4065105,0.44461449999999997,0.07884061564324611,87.21319673499333,0.07938092678361934,87.81088691535295,False
143,798,QLINEAR_CONV,3,fused_quant_qlinear_conv_o4i4_combined_fixed,FUSION_CONV_BIAS_ACT,QuantizeLinear-QLinearConvInputPack,"[[1,128,49],[],[],[32,128,3],[32],[32],[],[]]","[[1,32,49]]","[[],[],[32,128,3],[32],[32],[],[]]",60,24.698754,0.4116459,0.4064585,0.44161945,0.07881072030364619,87.29200745529698,0.07935082656503796,87.89023774191799,False
144,618,QLINEAR_CONV,3,fused_quant_qlinear_conv_o4i4_combined_fixed,FUSION_CONV_BIAS_ACT,QuantizeLinear-QLinearConvInputPack,"[[1,128,49],[],[],[32,128,3],[32],[32],[],[]]","[[1,32,49]]","[[],[],[32,128,3],[32],[32],[],[]]",60,24.68859,0.4114765,0.405677,0.43625715000000004,0.07877828821572927,87.37078574351271,0.07931817221327564,87.96955591413126,False
145,525,QLINEAR_CONV,3,fused_quant_qlinear_conv_o4i4_combined_fixed,FUSION_CONV_BIAS_ACT,QuantizeLinear-QLinearConvInputPack,"[[1,128,49],[],[],[32,128,3],[32],[32],[],[]]","[[1,32,49]]","[[],[],[32,128,3],[32],[32],[],[]]",60,24.682028,0.4113671333333333,0.408463,0.43654385,0.0787573496717593,87.44954309318447,0.07929709017310795,88.04885300430438,False
146,555,QLINEAR_CONV,3,fused_quant_qlinear_conv_o4i4_combined_fixed,FUSION_CONV_BIAS_ACT,QuantizeLinear-QLinearConvInputPack,"[[1,128,49],[],[],[32,128,3],[32],[32],[],[]]","[[1,32,49]]","[[],[],[32,128,3],[32],[32],[],[]]",60,24.665205,0.41108675,0.40763000000000005,0.43542654999999997,0.07870366952466896,87.52824676270914,0.07924304214480242,88.12809604644917,False
147,480,QLINEAR_CONV,3,fused_quant_qlinear_conv_o4i4_combined_fixed,FUSION_CONV_BIAS_ACT,QuantizeLinear-QLinearConvInputPack,"[[1,128,49],[],[],[32,128,3],[32],[32],[],[]]","[[1,32,49]]","[[],[],[32,128,3],[32],[32],[],[]]",60,24.659219,0.41098698333333333,0.407005,0.43730939999999996,0.0786845689266494,87.60693133163579,0.07922381064641111,88.20731985709558,False
148,435,QLINEAR_CONV,3,fused_quant_qlinear_conv_o4i4_combined_fixed,FUSION_CONV_BIAS_ACT,QuantizeLinear-QLinearConvInputPack,"[[1,128,49],[],[],[32,128,3],[32],[32],[],[]]","[[1,32,49]]","[[],[],[32,128,3],[32],[32],[],[]]",60,24.649217,0.4108202833333333,0.4065105,0.4327575,0.07865265376103106,87.68558398539682,0.07919167675952339,88.2865115338551,False
149,495,QLINEAR_CONV,3,fused_quant_qlinear_conv_o4i4_combined_fixed,FUSION_CONV_BIAS_ACT,QuantizeLinear-QLinearConvInputPack,"[[1,128,49],[],[],[32,128,3],[32],[32],[],[]]","[[1,32,49]]","[[],[],[32,128,3],[32],[32],[],[]]",60,24.648695,0.41081158333333334,0.407187,0.4342893,0.07865098812251349,87.76423497351934,0.07918999970603856,88.36570153356115,False
150,315,QLINEAR_CONV,3,fused_quant_qlinear_conv_o4i4_combined_fixed,FUSION_CONV_BIAS_ACT,QuantizeLinear-QLinearConvInputPack,"[[1,128,49],[],[],[32,128,3],[32],[32],[],[]]","[[1,32,49]]","[[],[],[32,128,3],[32],[32],[],[]]",60,24.647708,0.41079513333333334,0.405625,0.43297094999999997,0.07864783872554634,87.84288281224488,0.07918682872559882,88.44488836228675,False
151,648,QLINEAR_CONV,3,fused_quant_qlinear_conv_o4i4_combined_fixed,FUSION_CONV_BIAS_ACT,QuantizeLinear-QLinearConvInputPack,"[[1,128,49],[],[],[32,128,3],[32],[32],[],[]]","[[1,32,49]]","[[],[],[32,128,3],[32],[32],[],[]]",60,24.641882,0.4106980333333333,0.406068,0.44751840000000004,0.07862924866806859,87.92151206091295,0.07916811126658983,88.52405647355333,False
152,255,QLINEAR_CONV,3,fused_quant_qlinear_conv_o4i4_combined_fixed,FUSION_CONV_BIAS_ACT,QuantizeLinear-QLinearConvInputPack,"[[1,128,49],[],[],[32,128,3],[32],[32],[],[]]","[[1,32,49]]","[[],[],[32,128,3],[32],[32],[],[]]",60,24.622808,0.41038013333333334,0.4055205,0.4255045,0.078568385853731,88.00008044676667,0.07910683134672418,88.60316330490005,False
153,420,QLINEAR_CONV,3,fused_quant_qlinear_conv_o4i4_combined_fixed,FUSION_CONV_BIAS_ACT,QuantizeLinear-QLinearConvInputPack,"[[1,128,49],[],[],[32,128,3],[32],[32],[],[]]","[[1,32,49]]","[[],[],[32,128,3],[32],[32],[],[]]",60,24.622034,0.4103672333333333,0.405781,0.429917,0.07856591611386012,88.07864636288053,0.07910434468121218,88.68226764958126,False
154,360,QLINEAR_CONV,3,fused_quant_qlinear_conv_o4i4_combined_fixed,FUSION_CONV_BIAS_ACT,QuantizeLinear-QLinearConvInputPack,"[[1,128,49],[],[],[32,128,3],[32],[32],[],[]]","[[1,32,49]]","[[],[],[32,128,3],[32],[32],[],[]]",60,24.603435,0.41005725000000004,0.406458,0.43862549999999995,0.07850656896675595,88.15715293184729,0.0790445908157628,88.76131224039703,False
155,678,QLINEAR_CONV,3,fused_quant_qlinear_conv_o4i4_combined_fixed,FUSION_CONV_BIAS_ACT,QuantizeLinear-QLinearConvInputPack,"[[1,128,49],[],[],[32,128,3],[32],[32],[],[]]","[[1,32,49]]","[[],[],[32,128,3],[32],[32],[],[]]",60,24.589061,0.40981768333333335,0.4065105,0.43392974999999995,0.07846070328083331,88.23561363512813,0.07899841080275301,88.84031065119979,False
156,708,QLINEAR_CONV,3,fused_quant_qlinear_conv_o4i4_combined_fixed,FUSION_CONV_BIAS_ACT,QuantizeLinear-QLinearConvInputPack,"[[1,128,49],[],[],[32,128,3],[32],[32],[],[]]","[[1,32,49]]","[[],[],[32,128,3],[32],[32],[],[]]",60,24.587606,0.40979343333333335,0.406823,0.4324349,0.07845606055278144,88.31406969568091,0.07899373625711996,88.9193043874569,False
157,738,QLINEAR_CONV,3,fused_quant_qlinear_conv_o4i4_combined_fixed,FUSION_CONV_BIAS_ACT,QuantizeLinear-QLinearConvInputPack,"[[1,128,49],[],[],[32,128,3],[32],[32],[],[]]","[[1,32,49]]","[[],[],[32,128,3],[32],[32],[],[]]",60,24.572184,0.4095364,0.406458,0.43091669999999993,0.0784068508263101,88.39247654650723,0.07894418928615592,88.99824857674307,False
158,285,QLINEAR_CONV,3,fused_quant_qlinear_conv_o4i4_combined_fixed,FUSION_CONV_BIAS_ACT,QuantizeLinear-QLinearConvInputPack,"[[1,128,49],[],[],[32,128,3],[32],[32],[],[]]","[[1,32,49]]","[[],[],[32,128,3],[32],[32],[],[]]",60,24.570831,0.40951384999999996,0.40507800000000005,0.43608905,0.07840253356785364,88.47087908007508,0.07893984244062913,89.0771884191837,False
159,603,QLINEAR_CONV,3,fused_quant_qlinear_conv_o4i4_combined_fixed,FUSION_CONV_BIAS_ACT,QuantizeLinear-QLinearConvInputPack,"[[1,128,49],[],[],[32,128,3],[32],[32],[],[]]","[[1,32,49]]","[[],[],[32,128,3],[32],[32],[],[]]",60,24.553646,0.40922743333333333,0.4058855,0.43514834999999996,0.07834769832278751,88.54922677839787,0.07888463139822106,89.15607305058192,False
160,330,QLINEAR_CONV,3,fused_quant_qlinear_conv_o4i4_combined_fixed,FUSION_CONV_BIAS_ACT,QuantizeLinear-QLinearConvInputPack,"[[1,128,49],[],[],[32,128,3],[32],[32],[],[]]","[[1,32,49]]","[[],[],[32,128,3],[32],[32],[],[]]",60,24.537709,0.40896181666666664,0.40531249999999996,0.42798130000000006,0.07829684529394729,88.62752362369181,0.07883342986299516,89.23490648044492,False
161,345,QLINEAR_CONV,3,fused_quant_qlinear_conv_o4i4_combined_fixed,FUSION_CONV_BIAS_ACT,QuantizeLinear-QLinearConvInputPack,"[[1,128,49],[],[],[32,128,3],[32],[32],[],[]]","[[1,32,49]]","[[],[],[32,128,3],[32],[32],[],[]]",60,24.484529000000002,0.4080754833333334,0.40570300000000004,0.42890605000000004,0.07812715438137138,88.70565077807319,0.07866257602329423,89.31356905646821,False
162,270,QLINEAR_CONV,3,fused_quant_qlinear_conv_o4i4_combined_fixed,FUSION_CONV_BIAS_ACT,QuantizeLinear-QLinearConvInputPack,"[[1,128,49],[],[],[32,128,3],[32],[32],[],[]]","[[1,32,49]]","[[],[],[32,128,3],[32],[32],[],[]]",60,24.477345,0.40795575,0.40479149999999997,0.42747665,0.07810423111104522,88.78375500918423,0.07863949565502774,89.39220855212324,False
163,663,QLINEAR_CONV,3,fused_quant_qlinear_conv_o4i4_combined_fixed,FUSION_CONV_BIAS_ACT,QuantizeLinear-QLinearConvInputPack,"[[1,128,49],[],[],[32,128,3],[32],[32],[],[]]","[[1,32,49]]","[[],[],[32,128,3],[32],[32],[],[]]",60,24.461254,0.40768756666666667,0.40549500000000005,0.43194785,0.07805288668693355,88.86180789587117,0.07858779935689635,89.47079635148013,False
164,723,QLINEAR_CONV,3,fused_quant_qlinear_conv_o4i4_combined_fixed,FUSION_CONV_BIAS_ACT,QuantizeLinear-QLinearConvInputPack,"[[1,128,49],[],[],[32,128,3],[32],[32],[],[]]","[[1,32,49]]","[[],[],[32,128,3],[32],[32],[],[]]",60,24.452346,0.4075391,0.4060155,0.41300285,0.07802446234226965,88.93983235821344,0.0785591802142853,89.54935553169442,False
165,240,QLINEAR_CONV,3,fused_quant_qlinear_conv_o4i4_combined_fixed,FUSION_CONV_BIAS_ACT,QuantizeLinear-QLinearConvInputPack,"[[1,128,49],[],[],[32,128,3],[32],[32],[],[]]","[[1,32,49]]","[[],[],[32,128,3],[32],[32],[],[]]",60,24.430363,0.40717271666666666,0.40388,0.43247325,0.07795431726270673,89.01778667547615,0.0784885544158997,89.62784408611031,False
166,375,QLINEAR_CONV,3,fused_quant_qlinear_conv_o4i4_combined_fixed,FUSION_CONV_BIAS_ACT,QuantizeLinear-QLinearConvInputPack,"[[1,128,49],[],[],[32,128,3],[32],[32],[],[]]","[[1,32,49]]","[[],[],[32,128,3],[32],[32],[],[]]",60,24.424425,0.40707375,0.405625,0.4122317,0.07793536982684972,89.09572204530299,0.07846947712932309,89.70631356323963,False
167,251,BATCH_NORMALIZATION,2,fused_bn_relu_quant_combined,FUSION_BN_RELU_QUANT,BatchNormalization-Relu-QuantizeLinear,"[[1,320,49],[320],[320],[320],[320],[],[]]","[[1,320,49]]","[[320],[320],[320],[320],[],[]]",60,22.781612,0.37969353333333333,0.373828,0.40218970000000004,0.07269335333264948,89.16841539863564,0.073191536005581,89.77950509924521,False
168,128,BATCH_NORMALIZATION,2,fused_bn_relu_quant_combined,FUSION_BN_RELU_QUANT,BatchNormalization-Relu-QuantizeLinear,"[[1,320,49],[320],[320],[320],[320],[],[]]","[[1,320,49]]","[[320],[320],[320],[320],[],[]]",60,22.413227,0.37355378333333333,0.366875,0.40671379999999996,0.07151788159836449,89.23993328023401,0.07200800851896522,89.85151310776418,False
169,248,DEQUANTIZE_LINEAR,4,fused_dequant_relu_quant,FUSION_CONV_BIAS_ACT,DequantizeLinear-Relu-QuantizeLinear,"[[1,64,49],[],[],[],[]]","[[1,64,49]]","[[],[],[],[]]",60,21.708493,0.3618082166666667,0.353855,0.3823254999999999,0.06926916110977344,89.30920244134379,0.06974387708106007,89.92125698484524,False
170,42,QLINEAR_CONV,3,fused_quant_qlinear_conv_o4i4_combined_fixed,FUSION_CONV_BIAS_ACT,QuantizeLinear-QLinearConvInputPack,"[[1,128,49],[],[],[32,128,3],[32],[32],[],[]]","[[1,32,49]]","[[],[],[32,128,3],[32],[32],[],[]]",60,21.678077,0.3613012833333333,0.35466200000000003,0.39499454999999994,0.06917210735278005,89.37837454869657,0.06964615819447971,89.99090314303972,False
171,746,DEQUANTIZE_LINEAR,4,fused_dequant_relu_quant,FUSION_CONV_BIAS_ACT,DequantizeLinear-Relu-QuantizeLinear,"[[1,64,49],[],[],[],[]]","[[1,64,49]]","[[],[],[],[]]",60,21.66391,0.3610651666666667,0.353594,0.3855835,0.06912690217868334,89.44750145087525,0.0696006432199208,90.06050378625963,False
172,192,QLINEAR_CONV,3,fused_quant_qlinear_conv_o4i4_combined_fixed,FUSION_CONV_BIAS_ACT,QuantizeLinear-QLinearConvInputPack,"[[1,128,49],[],[],[32,128,3],[32],[32],[],[]]","[[1,32,49]]","[[],[],[32,128,3],[32],[32],[],[]]",60,21.630835,0.3605139166666667,0.351927,0.3789038,0.06902136387606114,89.51652281475131,0.0694943816413554,90.12999816790098,False
173,110,DEQUANTIZE_LINEAR,4,fused_dequant_relu_quant,FUSION_CONV_BIAS_ACT,DequantizeLinear-Relu-QuantizeLinear,"[[1,64,49],[],[],[],[]]","[[1,64,49]]","[[],[],[],[]]",60,21.630573000000002,0.36050955,0.353854,0.3926540999999999,0.06902052786592397,89.58554334261724,0.06949353990186682,90.19949170780285,False
174,626,DEQUANTIZE_LINEAR,4,fused_dequant_relu_quant,FUSION_CONV_BIAS_ACT,DequantizeLinear-Relu-QuantizeLinear,"[[1,64,49],[],[],[],[]]","[[1,64,49]]","[[],[],[],[]]",60,21.621667000000002,0.3603611166666667,0.3535155,0.3797313,0.06899210990301684,89.65453545252026,0.06946492718474805,90.2689566349876,False
175,177,QLINEAR_CONV,3,fused_quant_qlinear_conv_o4i4_combined_fixed,FUSION_CONV_BIAS_ACT,QuantizeLinear-QLinearConvInputPack,"[[1,128,49],[],[],[32,128,3],[32],[32],[],[]]","[[1,32,49]]","[[],[],[32,128,3],[32],[32],[],[]]",60,21.619791,0.36032985,0.352317,0.37405799999999995,0.0689861238151644,89.72352157633543,0.06945890007299027,90.33841553506059,False
176,125,DEQUANTIZE_LINEAR,4,fused_dequant_relu_quant,FUSION_CONV_BIAS_ACT,DequantizeLinear-Relu-QuantizeLinear,"[[1,64,49],[],[],[],[]]","[[1,64,49]]","[[],[],[],[]]",60,21.551458,0.35919096666666667,0.353021,0.3805154,0.06876808152240305,89.79228965785784,0.06923936349103683,90.40765489855163,False
177,686,DEQUANTIZE_LINEAR,4,fused_dequant_relu_quant,FUSION_CONV_BIAS_ACT,DequantizeLinear-Relu-QuantizeLinear,"[[1,64,49],[],[],[],[]]","[[1,64,49]]","[[],[],[],[]]",60,21.536252,0.35893753333333334,0.3535935,0.38181809999999994,0.06871956102566312,89.8610092188835,0.06919051047323893,90.47684540902486,False
178,50,DEQUANTIZE_LINEAR,4,fused_dequant_relu_quant,FUSION_CONV_BIAS_ACT,DequantizeLinear-Relu-QuantizeLinear,"[[1,64,49],[],[],[],[]]","[[1,64,49]]","[[],[],[],[]]",60,21.530055,0.35883425,0.3544535,0.39070039999999995,0.06869978715230408,89.9297090060358,0.06917060108541218,90.54601601011028,False
179,671,DEQUANTIZE_LINEAR,4,fused_dequant_relu_quant,FUSION_CONV_BIAS_ACT,DequantizeLinear-Relu-QuantizeLinear,"[[1,64,49],[],[],[],[]]","[[1,64,49]]","[[],[],[],[]]",60,21.528752,0.35881253333333335,0.354011,0.38438595,0.06869562943776693,89.99840463547356,0.06916641487719236,90.61518242498747,False
180,548,DEQUANTIZE_LINEAR,4,fused_dequant_relu_quant,FUSION_CONV_BIAS_ACT,DequantizeLinear-Relu-QuantizeLinear,"[[1,64,49],[],[],[],[]]","[[1,64,49]]","[[],[],[],[]]",60,21.527503,0.35879171666666665,0.35401,0.39100794999999994,0.06869164403066261,90.06709627950423,0.06916240215726406,90.68434482714473,False
181,791,DEQUANTIZE_LINEAR,4,fused_dequant_relu_quant,FUSION_CONV_BIAS_ACT,DequantizeLinear-Relu-QuantizeLinear,"[[1,64,49],[],[],[],[]]","[[1,64,49]]","[[],[],[],[]]",60,21.511714,0.3585285666666667,0.35343749999999996,0.39739035,0.06864126325182356,90.13573754275605,0.06911167610846682,90.75345650325319,False
182,398,DEQUANTIZE_LINEAR,4,fused_dequant_relu_quant,FUSION_CONV_BIAS_ACT,DequantizeLinear-Relu-QuantizeLinear,"[[1,64,49],[],[],[],[]]","[[1,64,49]]","[[],[],[],[]]",60,21.503801,0.3583966833333333,0.3540625,0.37884644999999995,0.06861601383115389,90.20435355658721,0.06908625364826461,90.82254275690146,False
183,95,DEQUANTIZE_LINEAR,4,fused_dequant_relu_quant,FUSION_CONV_BIAS_ACT,DequantizeLinear-Relu-QuantizeLinear,"[[1,64,49],[],[],[],[]]","[[1,64,49]]","[[],[],[],[]]",60,21.49833,0.3583055,0.35302,0.37744545,0.0685985565355032,90.27295211312271,0.06906867671413516,90.8916114336156,False
184,821,DEQUANTIZE_LINEAR,4,fused_dequant_relu_quant,FUSION_CONV_BIAS_ACT,DequantizeLinear-Relu-QuantizeLinear,"[[1,64,49],[],[],[],[]]","[[1,64,49]]","[[],[],[],[]]",60,21.498077,0.35830128333333333,0.353802,0.38135414999999995,0.06859774924327151,90.34154986236598,0.06906786388936186,90.96067929750495,False
185,323,DEQUANTIZE_LINEAR,4,fused_dequant_relu_quant,FUSION_CONV_BIAS_ACT,DequantizeLinear-Relu-QuantizeLinear,"[[1,64,49],[],[],[],[]]","[[1,64,49]]","[[],[],[],[]]",60,21.467026,0.35778376666666667,0.353177,0.37156519999999993,0.0684986692785029,90.41004853164448,0.06896810490898288,91.02964740241394,False
186,473,DEQUANTIZE_LINEAR,4,fused_dequant_relu_quant,FUSION_CONV_BIAS_ACT,DequantizeLinear-Relu-QuantizeLinear,"[[1,64,49],[],[],[],[]]","[[1,64,49]]","[[],[],[],[]]",60,21.464844,0.3577474,0.353281,0.38237265000000004,0.0684917067818643,90.47854023842635,0.06896109469690641,91.09860849711085,False
187,185,DEQUANTIZE_LINEAR,4,fused_dequant_relu_quant,FUSION_CONV_BIAS_ACT,DequantizeLinear-Relu-QuantizeLinear,"[[1,64,49],[],[],[],[]]","[[1,64,49]]","[[],[],[],[]]",60,21.450679,0.3575113166666667,0.353125,0.37164645,0.06844650798952437,90.54698674641587,0.06891558614783977,91.16752408325868,False
188,716,DEQUANTIZE_LINEAR,4,fused_dequant_relu_quant,FUSION_CONV_BIAS_ACT,DequantizeLinear-Relu-QuantizeLinear,"[[1,64,49],[],[],[],[]]","[[1,64,49]]","[[],[],[],[]]",60,21.448491,0.35747485,0.3541145,0.38151299999999994,0.06843952634761546,90.61542627276349,0.06890855665928644,91.23643263991796,False
189,488,DEQUANTIZE_LINEAR,4,fused_dequant_relu_quant,FUSION_CONV_BIAS_ACT,DequantizeLinear-Relu-QuantizeLinear,"[[1,64,49],[],[],[],[]]","[[1,64,49]]","[[],[],[],[]]",60,21.43385,0.35723083333333333,0.3533855,0.38153610000000004,0.06839280869716372,90.68381908146065,0.06886151884305738,91.30529415876101,False
190,458,DEQUANTIZE_LINEAR,4,fused_dequant_relu_quant,FUSION_CONV_BIAS_ACT,DequantizeLinear-Relu-QuantizeLinear,"[[1,64,49],[],[],[],[]]","[[1,64,49]]","[[],[],[],[]]",60,21.431767,0.3571961166666667,0.353229,0.38249485,0.06838616209748534,90.75220524355814,0.06885482669284872,91.37414898545386,False
191,656,DEQUANTIZE_LINEAR,4,fused_dequant_relu_quant,FUSION_CONV_BIAS_ACT,DequantizeLinear-Relu-QuantizeLinear,"[[1,64,49],[],[],[],[]]","[[1,64,49]]","[[],[],[],[]]",60,21.419473,0.35699121666666667,0.3534115,0.3854241,0.06834693343860591,90.82055217699674,0.06881532919180916,91.44296431464566,False
192,596,DEQUANTIZE_LINEAR,4,fused_dequant_relu_quant,FUSION_CONV_BIAS_ACT,DequantizeLinear-Relu-QuantizeLinear,"[[1,64,49],[],[],[],[]]","[[1,64,49]]","[[],[],[],[]]",60,21.417292,0.35695486666666665,0.35398450000000004,0.38978949999999996,0.06833997413284569,90.88889215112958,0.06880832219247882,91.51177263683815,False
193,806,DEQUANTIZE_LINEAR,4,fused_dequant_relu_quant,FUSION_CONV_BIAS_ACT,DequantizeLinear-Relu-QuantizeLinear,"[[1,64,49],[],[],[],[]]","[[1,64,49]]","[[],[],[],[]]",60,21.415679,0.35692798333333337,0.35343749999999996,0.3818543,0.06833482724600883,90.95722697837559,0.06880314003295573,91.5805757768711,False
194,611,DEQUANTIZE_LINEAR,4,fused_dequant_relu_quant,FUSION_CONV_BIAS_ACT,DequantizeLinear-Relu-QuantizeLinear,"[[1,64,49],[],[],[],[]]","[[1,64,49]]","[[],[],[],[]]",60,21.41474,0.35691233333333333,0.3534115,0.38402315,0.06833183101120421,91.0255588093868,0.0688001232643307,91.64937590013542,False
195,428,DEQUANTIZE_LINEAR,4,fused_dequant_relu_quant,FUSION_CONV_BIAS_ACT,DequantizeLinear-Relu-QuantizeLinear,"[[1,64,49],[],[],[],[]]","[[1,64,49]]","[[],[],[],[]]",60,21.414376,0.3569062666666667,0.353958,0.3786539,0.06833066953147166,91.09388947891827,0.06879895382473591,91.71817485396016,False
196,233,DEQUANTIZE_LINEAR,4,fused_dequant_relu_quant,FUSION_CONV_BIAS_ACT,DequantizeLinear-Relu-QuantizeLinear,"[[1,64,49],[],[],[],[]]","[[1,64,49]]","[[],[],[],[]]",60,21.412607,0.35687678333333334,0.353698,0.38366985,0.06832502486760654,91.16221450378588,0.06879327047681505,91.78696812443698,False
197,761,DEQUANTIZE_LINEAR,4,fused_dequant_relu_quant,FUSION_CONV_BIAS_ACT,DequantizeLinear-Relu-QuantizeLinear,"[[1,64,49],[],[],[],[]]","[[1,64,49]]","[[],[],[],[]]",60,21.411669,0.35686115,0.353646,0.3817762,0.06832203182368032,91.23053653560956,0.06879025692093615,91.85575838135792,False
198,776,DEQUANTIZE_LINEAR,4,fused_dequant_relu_quant,FUSION_CONV_BIAS_ACT,DequantizeLinear-Relu-QuantizeLinear,"[[1,64,49],[],[],[],[]]","[[1,64,49]]","[[],[],[],[]]",60,21.406619,0.3567769833333333,0.353594,0.3802133,0.06830591788783022,91.29884245349739,0.06877403255293148,91.92453241391085,False
199,503,DEQUANTIZE_LINEAR,4,fused_dequant_relu_quant,FUSION_CONV_BIAS_ACT,DequantizeLinear-Relu-QuantizeLinear,"[[1,64,49],[],[],[],[]]","[[1,64,49]]","[[],[],[],[]]",60,21.402863,0.35671438333333333,0.354114,0.38100475000000006,0.06829393294861182,91.36713638644599,0.06876196547843134,91.99329437938928,False
200,443,DEQUANTIZE_LINEAR,4,fused_dequant_relu_quant,FUSION_CONV_BIAS_ACT,DequantizeLinear-Relu-QuantizeLinear,"[[1,64,49],[],[],[],[]]","[[1,64,49]]","[[],[],[],[]]",60,21.395678,0.35659463333333336,0.3535155,0.37697395,0.06827100648740728,91.4354073929334,0.06873888189741872,92.0620332612867,False
201,80,DEQUANTIZE_LINEAR,4,fused_dequant_relu_quant,FUSION_CONV_BIAS_ACT,DequantizeLinear-Relu-QuantizeLinear,"[[1,64,49],[],[],[],[]]","[[1,64,49]]","[[],[],[],[]]",60,21.384167,0.35640278333333336,0.353125,0.3777378,0.0682342762863042,91.5036416692197,0.06870189997660645,92.1307351612633,False
202,200,DEQUANTIZE_LINEAR,4,fused_dequant_relu_quant,FUSION_CONV_BIAS_ACT,DequantizeLinear-Relu-QuantizeLinear,"[[1,64,49],[],[],[],[]]","[[1,64,49]]","[[],[],[],[]]",60,21.382336,0.35637226666666666,0.353177,0.3794168,0.06822843378797915,91.57187010300768,0.06869601743842493,92.19943117870173,False
203,293,DEQUANTIZE_LINEAR,4,fused_dequant_relu_quant,FUSION_CONV_BIAS_ACT,DequantizeLinear-Relu-QuantizeLinear,"[[1,64,49],[],[],[],[]]","[[1,64,49]]","[[],[],[],[]]",60,21.378698,0.3563116333333333,0.353021,0.37665060000000006,0.06821682537241029,91.6400869283801,0.06868432946796928,92.2681155081697,False
204,701,DEQUANTIZE_LINEAR,4,fused_dequant_relu_quant,FUSION_CONV_BIAS_ACT,DequantizeLinear-Relu-QuantizeLinear,"[[1,64,49],[],[],[],[]]","[[1,64,49]]","[[],[],[],[]]",60,21.371876,0.3561979333333333,0.353282,0.38270285000000004,0.06819505720005992,91.70828198558016,0.0686624121138053,92.33677792028351,False
205,731,DEQUANTIZE_LINEAR,4,fused_dequant_relu_quant,FUSION_CONV_BIAS_ACT,DequantizeLinear-Relu-QuantizeLinear,"[[1,64,49],[],[],[],[]]","[[1,64,49]]","[[],[],[],[]]",60,21.370363,0.35617271666666667,0.3532295,0.38428919999999994,0.06819022940106166,91.77647221498123,0.06865755122889618,92.4054354715124,False
206,278,DEQUANTIZE_LINEAR,4,fused_dequant_relu_quant,FUSION_CONV_BIAS_ACT,DequantizeLinear-Relu-QuantizeLinear,"[[1,64,49],[],[],[],[]]","[[1,64,49]]","[[],[],[],[]]",60,21.369741,0.35616235,0.353125,0.37522364999999996,0.06818824467470547,91.84466045965593,0.06865555290079738,92.4740910244132,False
207,518,DEQUANTIZE_LINEAR,4,fused_dequant_relu_quant,FUSION_CONV_BIAS_ACT,DequantizeLinear-Relu-QuantizeLinear,"[[1,64,49],[],[],[],[]]","[[1,64,49]]","[[],[],[],[]]",60,21.364996,0.3560832666666667,0.353437,0.37616219999999995,0.06817310395676315,91.9128335636127,0.06864030842036524,92.54273133283357,False
208,641,DEQUANTIZE_LINEAR,4,fused_dequant_relu_quant,FUSION_CONV_BIAS_ACT,DequantizeLinear-Relu-QuantizeLinear,"[[1,64,49],[],[],[],[]]","[[1,64,49]]","[[],[],[],[]]",60,21.361251,0.35602085,0.353542,0.37603600000000004,0.06816115411720698,91.9809947177299,0.06862827668607266,92.61135960951964,False
209,353,DEQUANTIZE_LINEAR,4,fused_dequant_relu_quant,FUSION_CONV_BIAS_ACT,DequantizeLinear-Relu-QuantizeLinear,"[[1,64,49],[],[],[],[]]","[[1,64,49]]","[[],[],[],[]]",60,21.358234,0.35597056666666665,0.353151,0.3797009499999999,0.06815152723711594,92.04914624496702,0.06861858383096965,92.6799781933506,False
210,162,QLINEAR_CONV,3,fused_quant_qlinear_conv_o4i4_combined_fixed,FUSION_CONV_BIAS_ACT,QuantizeLinear-QLinearConvInputPack,"[[1,128,49],[],[],[32,128,3],[32],[32],[],[]]","[[1,32,49]]","[[],[],[32,128,3],[32],[32],[],[]]",60,21.352185,0.35586975,0.35382800000000003,0.37273765000000003,0.06813222561375808,92.11727847058077,0.06859914992957156,92.74857734328018,False
211,140,DEQUANTIZE_LINEAR,4,fused_dequant_relu_quant,FUSION_CONV_BIAS_ACT,DequantizeLinear-Relu-QuantizeLinear,"[[1,64,49],[],[],[],[]]","[[1,64,49]]","[[],[],[],[]]",60,21.351197,0.3558532833333333,0.35375,0.37280444999999995,0.06812907302591255,92.18540754360669,0.06859597573638568,92.81717331901656,False
212,533,DEQUANTIZE_LINEAR,4,fused_dequant_relu_quant,FUSION_CONV_BIAS_ACT,DequantizeLinear-Relu-QuantizeLinear,"[[1,64,49],[],[],[],[]]","[[1,64,49]]","[[],[],[],[]]",60,21.340936,0.35568226666666664,0.35330700000000004,0.3771925,0.06809633142279219,92.25350387502948,0.06856300974824783,92.8857363287648,False
213,87,QLINEAR_CONV,3,fused_quant_qlinear_conv_o4i4_combined_fixed,FUSION_CONV_BIAS_ACT,QuantizeLinear-QLinearConvInputPack,"[[1,128,49],[],[],[32,128,3],[32],[32],[],[]]","[[1,32,49]]","[[],[],[32,128,3],[32],[32],[],[]]",60,21.339062,0.3556510333333333,0.351406,0.37393735,0.06809035171669651,92.32159422674617,0.06855698906198232,92.9542933178268,False
214,57,QLINEAR_CONV,3,fused_quant_qlinear_conv_o4i4_combined_fixed,FUSION_CONV_BIAS_ACT,QuantizeLinear-QLinearConvInputPack,"[[1,128,49],[],[],[32,128,3],[32],[32],[],[]]","[[1,32,49]]","[[],[],[32,128,3],[32],[32],[],[]]",60,21.329745,0.35549575,0.351458,0.38532765,0.06806062230277268,92.38965484904894,0.0685270559062002,93.022820373733,False
215,65,DEQUANTIZE_LINEAR,4,fused_dequant_relu_quant,FUSION_CONV_BIAS_ACT,DequantizeLinear-Relu-QuantizeLinear,"[[1,64,49],[],[],[],[]]","[[1,64,49]]","[[],[],[],[]]",60,21.31776,0.355296,0.353229,0.3844842,0.06802237962531457,92.45767722867426,0.06848855114371777,93.09130892487671,False
216,413,DEQUANTIZE_LINEAR,4,fused_dequant_relu_quant,FUSION_CONV_BIAS_ACT,DequantizeLinear-Relu-QuantizeLinear,"[[1,64,49],[],[],[],[]]","[[1,64,49]]","[[],[],[],[]]",60,21.316877,0.35528128333333336,0.35320300000000004,0.37816665,0.06801956207969959,92.52569679075395,0.06848571428887655,93.1597946391656,False
217,308,DEQUANTIZE_LINEAR,4,fused_dequant_relu_quant,FUSION_CONV_BIAS_ACT,DequantizeLinear-Relu-QuantizeLinear,"[[1,64,49],[],[],[],[]]","[[1,64,49]]","[[],[],[],[]]",60,21.316874,0.35528123333333334,0.353672,0.3730782,0.06801955250706443,92.59371634326102,0.06848570465063814,93.22828034381624,False
218,338,DEQUANTIZE_LINEAR,4,fused_dequant_relu_quant,FUSION_CONV_BIAS_ACT,DequantizeLinear-Relu-QuantizeLinear,"[[1,64,49],[],[],[],[]]","[[1,64,49]]","[[],[],[],[]]",60,21.312184,0.3552030666666666,0.353125,0.37362789999999996,0.06800458728743335,92.66172093054846,0.06847063687124366,93.29675098068748,False
219,215,DEQUANTIZE_LINEAR,4,fused_dequant_relu_quant,FUSION_CONV_BIAS_ACT,DequantizeLinear-Relu-QuantizeLinear,"[[1,64,49],[],[],[],[]]","[[1,64,49]]","[[],[],[],[]]",60,21.308021,0.35513368333333334,0.353854,0.36760685,0.06799130366071177,92.72971223420916,0.06845726220906474,93.36520824289654,False
220,383,DEQUANTIZE_LINEAR,4,fused_dequant_relu_quant,FUSION_CONV_BIAS_ACT,DequantizeLinear-Relu-QuantizeLinear,"[[1,64,49],[],[],[],[]]","[[1,64,49]]","[[],[],[],[]]",60,21.307759,0.3551293166666667,0.3532295,0.3748443,0.06799046765057461,92.79770270185973,0.06845642046957619,93.43366466336612,False
221,155,DEQUANTIZE_LINEAR,4,fused_dequant_relu_quant,FUSION_CONV_BIAS_ACT,DequantizeLinear-Relu-QuantizeLinear,"[[1,64,49],[],[],[],[]]","[[1,64,49]]","[[],[],[],[]]",60,21.302083,0.35503471666666664,0.353021,0.36915595,0.06797235622485476,92.86567505808459,0.06843818492248814,93.5021028482886,False
222,368,DEQUANTIZE_LINEAR,4,fused_dequant_relu_quant,FUSION_CONV_BIAS_ACT,DequantizeLinear-Relu-QuantizeLinear,"[[1,64,49],[],[],[],[]]","[[1,64,49]]","[[],[],[],[]]",60,21.301611,0.35502685,0.353229,0.37443485000000004,0.06797085013025649,92.93364590821484,0.06843666850631028,93.57053951679491,False
223,563,DEQUANTIZE_LINEAR,4,fused_dequant_relu_quant,FUSION_CONV_BIAS_ACT,DequantizeLinear-Relu-QuantizeLinear,"[[1,64,49],[],[],[],[]]","[[1,64,49]]","[[],[],[],[]]",60,21.298331,0.35497218333333336,0.35349,0.3716119,0.06796038404914989,93.00160629226399,0.06842613069897256,93.63896564749388,False
224,578,DEQUANTIZE_LINEAR,4,fused_dequant_relu_quant,FUSION_CONV_BIAS_ACT,DequantizeLinear-Relu-QuantizeLinear,"[[1,64,49],[],[],[],[]]","[[1,64,49]]","[[],[],[],[]]",60,21.285727,0.3547621166666667,0.353385,0.375008,0.06792016621797074,93.06952645848196,0.06838563724662977,93.70735128474051,False
225,72,QLINEAR_CONV,3,fused_quant_qlinear_conv_o4i4_combined_fixed,FUSION_CONV_BIAS_ACT,QuantizeLinear-QLinearConvInputPack,"[[1,128,49],[],[],[32,128,3],[32],[32],[],[]]","[[1,32,49]]","[[],[],[32,128,3],[32],[32],[],[]]",60,21.284115,0.35473525,0.3519275,0.37580705,0.06791502252201226,93.13744148100398,0.06838045829985281,93.77573174304037,False
226,263,DEQUANTIZE_LINEAR,4,fused_dequant_relu_quant,FUSION_CONV_BIAS_ACT,DequantizeLinear-Relu-QuantizeLinear,"[[1,64,49],[],[],[],[]]","[[1,64,49]]","[[],[],[],[]]",60,21.280725,0.35467875,0.3532035,0.37122664999999994,0.06790420544428319,93.20534568644825,0.06836956709043977,93.84410131013081,False
227,207,QLINEAR_CONV,3,fused_quant_qlinear_conv_o4i4_combined_fixed,FUSION_CONV_BIAS_ACT,QuantizeLinear-QLinearConvInputPack,"[[1,128,49],[],[],[32,128,3],[32],[32],[],[]]","[[1,32,49]]","[[],[],[32,128,3],[32],[32],[],[]]",60,21.279584,0.35465973333333334,0.35289099999999995,0.37224685,0.06790056465204458,93.2732462511003,0.06836590134709455,93.9124672114779,False
228,132,QLINEAR_CONV,3,fused_quant_qlinear_conv_o4i4_combined_fixed,FUSION_CONV_BIAS_ACT,QuantizeLinear-QLinearConvInputPack,"[[1,128,49],[],[],[32,128,3],[32],[32],[],[]]","[[1,32,49]]","[[],[],[32,128,3],[32],[32],[],[]]",60,21.231409,0.35385681666666663,0.35075599999999996,0.37415669999999995,0.06774684408579139,93.34099309518609,0.06821112730182204,93.98067833877973,False
229,170,DEQUANTIZE_LINEAR,4,fused_dequant_relu_quant,FUSION_CONV_BIAS_ACT,DequantizeLinear-Relu-QuantizeLinear,"[[1,64,49],[],[],[],[]]","[[1,64,49]]","[[],[],[],[]]",60,21.229474,0.3538245666666667,0.3529945,0.35471634999999996,0.06774066973611417,93.4087337649222,0.06820491063804202,94.04888324941777,False
230,102,QLINEAR_CONV,3,fused_quant_qlinear_conv_o4i4_combined_fixed,FUSION_CONV_BIAS_ACT,QuantizeLinear-QLinearConvInputPack,"[[1,128,49],[],[],[32,128,3],[32],[32],[],[]]","[[1,32,49]]","[[],[],[32,128,3],[32],[32],[],[]]",60,21.22073,0.35367883333333333,0.350417,0.3725052,0.0677127686955056,93.4764465336177,0.06817681838579784,94.11706006780356,False
231,147,QLINEAR_CONV,3,fused_quant_qlinear_conv_o4i4_combined_fixed,FUSION_CONV_BIAS_ACT,QuantizeLinear-QLinearConvInputPack,"[[1,128,49],[],[],[32,128,3],[32],[32],[],[]]","[[1,32,49]]","[[],[],[32,128,3],[32],[32],[],[]]",60,21.220364,0.3536727333333333,0.351797,0.36946085,0.06771160083401627,93.54415813445172,0.06817564252071077,94.18523571032428,False
232,117,QLINEAR_CONV,3,fused_quant_qlinear_conv_o4i4_combined_fixed,FUSION_CONV_BIAS_ACT,QuantizeLinear-QLinearConvInputPack,"[[1,128,49],[],[],[32,128,3],[32],[32],[],[]]","[[1,32,49]]","[[],[],[32,128,3],[32],[32],[],[]]",60,21.17589,0.3529315,0.3508075,0.36151864999999994,0.06756968970867026,93.6117278241604,0.06803275884890071,94.25326846917318,False
233,236,BATCH_NORMALIZATION,2,fused_bn_relu_quant_combined,FUSION_BN_RELU_QUANT,BatchNormalization-Relu-QuantizeLinear,"[[1,288,49],[288],[288],[288],[288],[],[]]","[[1,288,49]]","[[288],[288],[288],[288],[],[]]",60,20.58531,0.3430885,0.3396615,0.3596508,0.06568522075137276,93.67741304491177,0.06613537523380904,94.31940384440699,False
234,113,BATCH_NORMALIZATION,2,fused_bn_relu_quant_combined,FUSION_BN_RELU_QUANT,BatchNormalization-Relu-QuantizeLinear,"[[1,288,49],[288],[288],[288],[288],[],[]]","[[1,288,49]]","[[288],[288],[288],[288],[],[]]",60,20.17594,0.3362656666666667,0.330417,0.37236135,0.06437897086643105,93.7417920157782,0.06482017334666404,94.38422401775365,False
235,29,ADD,1,add_stride_optimized,,,"[[1,32,20,98],[1,32,20,98]]","[[1,32,20,98]]",[],60,19.427445,0.32379074999999996,0.3176825,0.37091664999999996,0.06199061434878333,93.80378263012699,0.06241544892494633,94.4466394666786,False
236,221,BATCH_NORMALIZATION,2,fused_bn_relu_quant_combined,FUSION_BN_RELU_QUANT,BatchNormalization-Relu-QuantizeLinear,"[[1,256,49],[256],[256],[256],[256],[],[]]","[[1,256,49]]","[[256],[256],[256],[256],[],[]]",60,18.341668,0.30569446666666666,0.30330749999999995,0.3215415999999999,0.0585260319872953,93.86230866211429,0.05892712305979106,94.5055665897384,False
237,23,ADD,1,add_stride_optimized,,,"[[1,32,20,98],[1,32,20,98]]","[[1,32,20,98]]",[],60,18.197186,0.3032864333333333,0.293906,0.3488924,0.058065007496306345,93.9203736696106,0.05846293907205752,94.56402952881045,False
238,98,BATCH_NORMALIZATION,2,fused_bn_relu_quant_combined,FUSION_BN_RELU_QUANT,BatchNormalization-Relu-QuantizeLinear,"[[1,256,49],[256],[256],[256],[256],[],[]]","[[1,256,49]]","[[256],[256],[256],[256],[],[]]",60,17.856826,0.29761376666666667,0.29362,0.32420355,0.05697896012879343,93.97735262973939,0.05736944879600244,94.62139897760645,False
239,109,QLINEAR_CONV,3,fused_quant_qlinear_conv_o4i4_combined_fixed,FUSION_CONV_BIAS_ACT,QuantizeLinear-QLinearConvInputPack,"[[1,128,49],[],[],[64,128,1],[64],[64],[],[],[64]]","[[1,64,49]]","[[],[],[64,128,1],[64],[64],[],[],[64]]",60,17.603072,0.29338453333333336,0.284479,0.3600083999999999,0.05616926197479216,94.03352189171417,0.056554201612108695,94.67795317921856,False
240,640,QLINEAR_CONV,3,fused_quant_qlinear_conv_o4i4_combined_fixed,FUSION_CONV_BIAS_ACT,QuantizeLinear-QLinearConvInputPack,"[[1,128,49],[],[],[64,128,1],[64],[64],[],[],[64]]","[[1,64,49]]","[[],[],[64,128,1],[64],[64],[],[],[64]]",60,17.533284,0.29222139999999996,0.28539099999999995,0.33385419999999993,0.05594657695397893,94.08946846866816,0.05632999048452222,94.73428316970309,False
241,730,QLINEAR_CONV,3,fused_quant_qlinear_conv_o4i4_combined_fixed,FUSION_CONV_BIAS_ACT,QuantizeLinear-QLinearConvInputPack,"[[1,128,49],[],[],[64,128,1],[64],[64],[],[],[64]]","[[1,64,49]]","[[],[],[64,128,1],[64],[64],[],[],[64]]",60,17.507034,0.29178390000000004,0.28638050000000004,0.32395025,0.055862816396342274,94.1453312850645,0.0562456558983592,94.79052882560146,False
242,820,QLINEAR_CONV,3,fused_quant_qlinear_conv_o4i4_combined_fixed,FUSION_CONV_BIAS_ACT,QuantizeLinear-QLinearConvInputPack,"[[1,128,49],[],[],[64,128,1],[64],[64],[],[],[64]]","[[1,64,49]]","[[],[],[64,128,1],[64],[64],[],[],[64]]",60,17.498856,0.2916476,0.2855725,0.32065324999999995,0.055836721392900274,94.2011680064574,0.05621938206043001,94.84674820766189,False
243,610,QLINEAR_CONV,3,fused_quant_qlinear_conv_o4i4_combined_fixed,FUSION_CONV_BIAS_ACT,QuantizeLinear-QLinearConvInputPack,"[[1,128,49],[],[],[64,128,1],[64],[64],[],[],[64]]","[[1,64,49]]","[[],[],[64,128,1],[64],[64],[],[],[64]]",60,17.492342,0.29153903333333336,0.285416,0.31790874999999996,0.05581593601109283,94.25698394246848,0.05619845423207702,94.90294666189396,False
244,595,QLINEAR_CONV,3,fused_quant_qlinear_conv_o4i4_combined_fixed,FUSION_CONV_BIAS_ACT,QuantizeLinear-QLinearConvInputPack,"[[1,128,49],[],[],[64,128,1],[64],[64],[],[],[64]]","[[1,64,49]]","[[],[],[64,128,1],[64],[64],[],[],[64]]",60,17.485987,0.2914331166666667,0.2866665,0.32625805,0.05579565797894879,94.31277960044743,0.056178037230360224,94.95912469912433,False
245,655,QLINEAR_CONV,3,fused_quant_qlinear_conv_o4i4_combined_fixed,FUSION_CONV_BIAS_ACT,QuantizeLinear-QLinearConvInputPack,"[[1,128,49],[],[],[64,128,1],[64],[64],[],[],[64]]","[[1,64,49]]","[[],[],[64,128,1],[64],[64],[],[],[64]]",60,17.460103,0.2910017166666667,0.286745,0.31545875,0.05571306528280146,94.36849266573023,0.056094878509284275,95.01521957763362,False
246,322,QLINEAR_CONV,3,fused_quant_qlinear_conv_o4i4_combined_fixed,FUSION_CONV_BIAS_ACT,QuantizeLinear-QLinearConvInputPack,"[[1,128,49],[],[],[64,128,1],[64],[64],[],[],[64]]","[[1,64,49]]","[[],[],[64,128,1],[64],[64],[],[],[64]]",60,17.456877,0.29094794999999996,0.2857035,0.3079732,0.05570277150912772,94.42419543723936,0.056084514190238105,95.07130409182385,False
247,232,QLINEAR_CONV,3,fused_quant_qlinear_conv_o4i4_combined_fixed,FUSION_CONV_BIAS_ACT,QuantizeLinear-QLinearConvInputPack,"[[1,128,49],[],[],[64,128,1],[64],[64],[],[],[64]]","[[1,64,49]]","[[],[],[64,128,1],[64],[64],[],[],[64]]",60,17.448959,0.2908159833333333,0.2867965,0.3184589,0.05567750613406611,94.47987294337342,0.0560590756663052,95.12736316749016,False
248,397,QLINEAR_CONV,3,fused_quant_qlinear_conv_o4i4_combined_fixed,FUSION_CONV_BIAS_ACT,QuantizeLinear-QLinearConvInputPack,"[[1,128,49],[],[],[64,128,1],[64],[64],[],[],[64]]","[[1,64,49]]","[[],[],[64,128,1],[64],[64],[],[],[64]]",60,17.438388,0.2906398,0.285547,0.31640865,0.05564377535864603,94.53551671873207,0.05602511372686409,95.18338828121702,False
249,685,QLINEAR_CONV,3,fused_quant_qlinear_conv_o4i4_combined_fixed,FUSION_CONV_BIAS_ACT,QuantizeLinear-QLinearConvInputPack,"[[1,128,49],[],[],[64,128,1],[64],[64],[],[],[64]]","[[1,64,49]]","[[],[],[64,128,1],[64],[64],[],[],[64]]",60,17.433957,0.29056595,0.2857555,0.31349520000000003,0.05562963657651696,94.59114635530858,0.05601087804871977,95.23939915926574,False
250,199,QLINEAR_CONV,3,fused_quant_qlinear_conv_o4i4_combined_fixed,FUSION_CONV_BIAS_ACT,QuantizeLinear-QLinearConvInputPack,"[[1,128,49],[],[],[64,128,1],[64],[64],[],[],[64]]","[[1,64,49]]","[[],[],[64,128,1],[64],[64],[],[],[64]]",60,17.430779,0.29051298333333336,0.28497399999999995,0.31103855,0.055619495965005754,94.64676585127359,0.0560006679414883,95.29539982720723,False
251,775,QLINEAR_CONV,3,fused_quant_qlinear_conv_o4i4_combined_fixed,FUSION_CONV_BIAS_ACT,QuantizeLinear-QLinearConvInputPack,"[[1,128,49],[],[],[64,128,1],[64],[64],[],[],[64]]","[[1,64,49]]","[[],[],[64,128,1],[64],[64],[],[],[64]]",60,17.398744,0.2899790666666667,0.28513,0.31901555,0.05551727617590516,94.70228312744949,0.05589774761890801,95.35129757482615,False
252,502,QLINEAR_CONV,3,fused_quant_qlinear_conv_o4i4_combined_fixed,FUSION_CONV_BIAS_ACT,QuantizeLinear-QLinearConvInputPack,"[[1,128,49],[],[],[64,128,1],[64],[64],[],[],[64]]","[[1,64,49]]","[[],[],[64,128,1],[64],[64],[],[],[64]]",60,17.385577,0.28975961666666666,0.285833,0.31640624999999994,0.055475261880194617,94.75775838932968,0.05585544539048865,95.40715302021664,False
253,427,QLINEAR_CONV,3,fused_quant_qlinear_conv_o4i4_combined_fixed,FUSION_CONV_BIAS_ACT,QuantizeLinear-QLinearConvInputPack,"[[1,128,49],[],[],[64,128,1],[64],[64],[],[],[64]]","[[1,64,49]]","[[],[],[64,128,1],[64],[64],[],[],[64]]",60,17.378593,0.28964321666666665,0.28515599999999997,0.3155938,0.055452976785545685,94.81321136611523,0.05583300757145007,95.46298602778809,False
254,670,QLINEAR_CONV,3,fused_quant_qlinear_conv_o4i4_combined_fixed,FUSION_CONV_BIAS_ACT,QuantizeLinear-QLinearConvInputPack,"[[1,128,49],[],[],[64,128,1],[64],[64],[],[],[64]]","[[1,64,49]]","[[],[],[64,128,1],[64],[64],[],[],[64]]",60,17.377237,0.28962061666666666,0.285677,0.31622144999999996,0.055448649954454046,94.86866001606968,0.05582865108768485,95.51881467887577,False
255,457,QLINEAR_CONV,3,fused_quant_qlinear_conv_o4i4_combined_fixed,FUSION_CONV_BIAS_ACT,QuantizeLinear-QLinearConvInputPack,"[[1,128,49],[],[],[64,128,1],[64],[64],[],[],[64]]","[[1,64,49]]","[[],[],[64,128,1],[64],[64],[],[],[64]]",60,17.363388,0.28938980000000003,0.286614,0.31357784999999994,0.05540445947968414,94.92406447554937,0.055784157766398314,95.57459883664217,False
256,577,QLINEAR_CONV,3,fused_quant_qlinear_conv_o4i4_combined_fixed,FUSION_CONV_BIAS_ACT,QuantizeLinear-QLinearConvInputPack,"[[1,128,49],[],[],[64,128,1],[64],[64],[],[],[64]]","[[1,64,49]]","[[],[],[64,128,1],[64],[64],[],[],[64]]",60,17.352709,0.2892118166666667,0.28531249999999997,0.31265065,0.05537038408939836,94.97943485963877,0.05574984885037413,95.63034868549254,False
257,517,QLINEAR_CONV,3,fused_quant_qlinear_conv_o4i4_combined_fixed,FUSION_CONV_BIAS_ACT,QuantizeLinear-QLinearConvInputPack,"[[1,128,49],[],[],[64,128,1],[64],[64],[],[],[64]]","[[1,64,49]]","[[],[],[64,128,1],[64],[64],[],[],[64]]",60,17.350786,0.28917976666666667,0.28648450000000003,0.31438285,0.05536424803026177,95.03479910766903,0.05574367073954778,95.68609235623208,False
258,124,QLINEAR_CONV,3,fused_quant_qlinear_conv_o4i4_combined_fixed,FUSION_CONV_BIAS_ACT,QuantizeLinear-QLinearConvInputPack,"[[1,128,49],[],[],[64,128,1],[64],[64],[],[],[64]]","[[1,64,49]]","[[],[],[64,128,1],[64],[64],[],[],[64]]",60,17.32849,0.28880816666666664,0.28513,0.3014227,0.05529310420576398,95.09009221187479,0.055672039351620524,95.7417643955837,False
259,184,QLINEAR_CONV,3,fused_quant_qlinear_conv_o4i4_combined_fixed,FUSION_CONV_BIAS_ACT,QuantizeLinear-QLinearConvInputPack,"[[1,128,49],[],[],[64,128,1],[64],[64],[],[],[64]]","[[1,64,49]]","[[],[],[64,128,1],[64],[64],[],[],[64]]",60,17.323021,0.28871701666666666,0.2846615,0.3150159999999999,0.055275653291870085,95.14536786516666,0.05565446884298335,95.79741886442669,False
260,472,QLINEAR_CONV,3,fused_quant_qlinear_conv_o4i4_combined_fixed,FUSION_CONV_BIAS_ACT,QuantizeLinear-QLinearConvInputPack,"[[1,128,49],[],[],[64,128,1],[64],[64],[],[],[64]]","[[1,64,49]]","[[],[],[64,128,1],[64],[64],[],[],[64]]",60,17.320988,0.28868313333333334,0.28669199999999995,0.2917831999999999,0.05526916623611102,95.20063703140278,0.05564793733008166,95.85306680175677,False
261,412,QLINEAR_CONV,3,fused_quant_qlinear_conv_o4i4_combined_fixed,FUSION_CONV_BIAS_ACT,QuantizeLinear-QLinearConvInputPack,"[[1,128,49],[],[],[64,128,1],[64],[64],[],[],[64]]","[[1,64,49]]","[[],[],[64,128,1],[64],[64],[],[],[64]]",60,17.309169999999998,0.28848616666666665,0.28638050000000004,0.31279645,0.055231456435343405,95.25586848783811,0.05560996909620454,95.90867677085298,False
262,49,QLINEAR_CONV,3,fused_quant_qlinear_conv_o4i4_combined_fixed,FUSION_CONV_BIAS_ACT,QuantizeLinear-QLinearConvInputPack,"[[1,128,49],[],[],[64,128,1],[64],[64],[],[],[64]]","[[1,64,49]]","[[],[],[64,128,1],[64],[64],[],[],[64]]",60,17.301776,0.28836293333333335,0.284792,0.32602395,0.05520786308055614,95.31107635091867,0.05558621405124874,95.96426298490422,False
263,760,QLINEAR_CONV,3,fused_quant_qlinear_conv_o4i4_combined_fixed,FUSION_CONV_BIAS_ACT,QuantizeLinear-QLinearConvInputPack,"[[1,128,49],[],[],[64,128,1],[64],[64],[],[],[64]]","[[1,64,49]]","[[],[],[64,128,1],[64],[64],[],[],[64]]",60,17.291878,0.2881979666666667,0.2845835,0.31414790000000004,0.05517627976628995,95.36625263068495,0.05555441428995954,96.01981739919418,False
264,745,QLINEAR_CONV,3,fused_quant_qlinear_conv_o4i4_combined_fixed,FUSION_CONV_BIAS_ACT,QuantizeLinear-QLinearConvInputPack,"[[1,128,49],[],[],[64,128,1],[64],[64],[],[],[64]]","[[1,64,49]]","[[],[],[64,128,1],[64],[64],[],[],[64]]",60,17.287814,0.2881302333333334,0.28526050000000003,0.3177246,0.055163312036528606,95.42141594272148,0.05554135768964844,96.07535875688383,False
265,214,QLINEAR_CONV,3,fused_quant_qlinear_conv_o4i4_combined_fixed,FUSION_CONV_BIAS_ACT,QuantizeLinear-QLinearConvInputPack,"[[1,128,49],[],[],[64,128,1],[64],[64],[],[],[64]]","[[1,64,49]]","[[],[],[64,128,1],[64],[64],[],[],[64]]",60,17.285365,0.28808941666666665,0.28473950000000003,0.30470805,0.055155497575360896,95.47657144029684,0.0555334896743527,96.13089224655818,False
266,292,QLINEAR_CONV,3,fused_quant_qlinear_conv_o4i4_combined_fixed,FUSION_CONV_BIAS_ACT,QuantizeLinear-QLinearConvInputPack,"[[1,128,49],[],[],[64,128,1],[64],[64],[],[],[64]]","[[1,64,49]]","[[],[],[64,128,1],[64],[64],[],[],[64]]",60,17.284584,0.28807639999999995,0.28528600000000004,0.30904665,0.05515300549934131,95.53172444579617,0.05553098051961771,96.1864232270778,False
267,337,QLINEAR_CONV,3,fused_quant_qlinear_conv_o4i4_combined_fixed,FUSION_CONV_BIAS_ACT,QuantizeLinear-QLinearConvInputPack,"[[1,128,49],[],[],[64,128,1],[64],[64],[],[],[64]]","[[1,64,49]]","[[],[],[64,128,1],[64],[64],[],[],[64]]",60,17.284274,0.28807123333333334,0.2848175,0.3116532,0.05515201632704159,95.58687646212321,0.055529984568314456,96.2419532116461,False
268,247,QLINEAR_CONV,3,fused_quant_qlinear_conv_o4i4_combined_fixed,FUSION_CONV_BIAS_ACT,QuantizeLinear-QLinearConvInputPack,"[[1,128,49],[],[],[64,128,1],[64],[64],[],[],[64]]","[[1,64,49]]","[[],[],[64,128,1],[64],[64],[],[],[64]]",60,17.282238,0.2880373,0.285729,0.31012245,0.05514551969864737,95.64202198182186,0.05552344341717434,96.29747665506328,False
269,562,QLINEAR_CONV,3,fused_quant_qlinear_conv_o4i4_combined_fixed,FUSION_CONV_BIAS_ACT,QuantizeLinear-QLinearConvInputPack,"[[1,128,49],[],[],[64,128,1],[64],[64],[],[],[64]]","[[1,64,49]]","[[],[],[64,128,1],[64],[64],[],[],[64]]",60,17.280471,0.28800784999999995,0.286119,0.3069613,0.05513988141653904,95.69716186323839,0.05551776649474577,96.35299442155802,False
270,442,QLINEAR_CONV,3,fused_quant_qlinear_conv_o4i4_combined_fixed,FUSION_CONV_BIAS_ACT,QuantizeLinear-QLinearConvInputPack,"[[1,128,49],[],[],[64,128,1],[64],[64],[],[],[64]]","[[1,64,49]]","[[],[],[64,128,1],[64],[64],[],[],[64]]",60,17.2786,0.28797666666666666,0.2854945,0.31105505,0.05513391128307854,95.75229577452147,0.055511755446718686,96.40850617700474,False
271,169,QLINEAR_CONV,3,fused_quant_qlinear_conv_o4i4_combined_fixed,FUSION_CONV_BIAS_ACT,QuantizeLinear-QLinearConvInputPack,"[[1,128,49],[],[],[64,128,1],[64],[64],[],[],[64]]","[[1,64,49]]","[[],[],[64,128,1],[64],[64],[],[],[64]]",60,17.2727,0.28787833333333335,0.285443,0.3037491,0.0551150851006002,95.80741085962207,0.05549280024449538,96.46399897724923,False
272,277,QLINEAR_CONV,3,fused_quant_qlinear_conv_o4i4_combined_fixed,FUSION_CONV_BIAS_ACT,QuantizeLinear-QLinearConvInputPack,"[[1,128,49],[],[],[64,128,1],[64],[64],[],[],[64]]","[[1,64,49]]","[[],[],[64,128,1],[64],[64],[],[],[64]]",60,17.272603,0.28787671666666664,0.28473950000000003,0.30948950000000003,0.05511477558539674,95.86252563520746,0.055492488608119846,96.51949146585736,False
273,307,QLINEAR_CONV,3,fused_quant_qlinear_conv_o4i4_combined_fixed,FUSION_CONV_BIAS_ACT,QuantizeLinear-QLinearConvInputPack,"[[1,128,49],[],[],[64,128,1],[64],[64],[],[],[64]]","[[1,64,49]]","[[],[],[64,128,1],[64],[64],[],[],[64]]",60,17.27234,0.28787233333333334,0.2858855,0.30716364999999995,0.05511393638438118,95.91763957159185,0.05549164365588514,96.57498310951324,False
274,487,QLINEAR_CONV,3,fused_quant_qlinear_conv_o4i4_combined_fixed,FUSION_CONV_BIAS_ACT,QuantizeLinear-QLinearConvInputPack,"[[1,128,49],[],[],[64,128,1],[64],[64],[],[],[64]]","[[1,64,49]]","[[],[],[64,128,1],[64],[64],[],[],[64]]",60,17.258698,0.28764496666666667,0.285755,0.31168435,0.05507040642143721,95.97270997801328,0.055447815373049485,96.63043092488628,False
275,715,QLINEAR_CONV,3,fused_quant_qlinear_conv_o4i4_combined_fixed,FUSION_CONV_BIAS_ACT,QuantizeLinear-QLinearConvInputPack,"[[1,128,49],[],[],[64,128,1],[64],[64],[],[],[64]]","[[1,64,49]]","[[],[],[64,128,1],[64],[64],[],[],[64]]",60,17.252709,0.28754514999999997,0.284713,0.31223769999999995,0.055051296250782505,96.02776127426407,0.05542857423641976,96.6858594991227,False
276,700,QLINEAR_CONV,3,fused_quant_qlinear_conv_o4i4_combined_fixed,FUSION_CONV_BIAS_ACT,QuantizeLinear-QLinearConvInputPack,"[[1,128,49],[],[],[64,128,1],[64],[64],[],[],[64]]","[[1,64,49]]","[[],[],[64,128,1],[64],[64],[],[],[64]]",60,17.246358999999998,0.2874393166666666,0.28528600000000004,0.313451,0.0550310341730304,96.08279230843709,0.055408173298433665,96.74126767242113,False
277,805,QLINEAR_CONV,3,fused_quant_qlinear_conv_o4i4_combined_fixed,FUSION_CONV_BIAS_ACT,QuantizeLinear-QLinearConvInputPack,"[[1,128,49],[],[],[64,128,1],[64],[64],[],[],[64]]","[[1,64,49]]","[[],[],[64,128,1],[64],[64],[],[],[64]]",60,17.24583,0.28743050000000003,0.2848175,0.31886194999999995,0.055029346198364124,96.13782165463546,0.05540647375572584,96.79667414617685,False
278,154,QLINEAR_CONV,3,fused_quant_qlinear_conv_o4i4_combined_fixed,FUSION_CONV_BIAS_ACT,QuantizeLinear-QLinearConvInputPack,"[[1,128,49],[],[],[64,128,1],[64],[64],[],[],[64]]","[[1,64,49]]","[[],[],[64,128,1],[64],[64],[],[],[64]]",60,17.242137,0.28736895,0.2836455,0.3047245,0.05501756228448403,96.19283921691995,0.0553946090842325,96.85206875526109,False
279,64,QLINEAR_CONV,3,fused_quant_qlinear_conv_o4i4_combined_fixed,FUSION_CONV_BIAS_ACT,QuantizeLinear-QLinearConvInputPack,"[[1,128,49],[],[],[64,128,1],[64],[64],[],[],[64]]","[[1,64,49]]","[[],[],[64,128,1],[64],[64],[],[],[64]]",60,17.238798,0.2873133,0.284792,0.3196905500000001,0.05500690794155265,96.2478461248615,0.05538388172487257,96.90745263698597,False
280,262,QLINEAR_CONV,3,fused_quant_qlinear_conv_o4i4_combined_fixed,FUSION_CONV_BIAS_ACT,QuantizeLinear-QLinearConvInputPack,"[[1,128,49],[],[],[64,128,1],[64],[64],[],[],[64]]","[[1,64,49]]","[[],[],[64,128,1],[64],[64],[],[],[64]]",60,17.22771,0.28712849999999995,0.285729,0.2918781499999999,0.05497152748200693,96.3028176523435,0.05534825879567731,96.96280089578164,False
281,367,QLINEAR_CONV,3,fused_quant_qlinear_conv_o4i4_combined_fixed,FUSION_CONV_BIAS_ACT,QuantizeLinear-QLinearConvInputPack,"[[1,128,49],[],[],[64,128,1],[64],[64],[],[],[64]]","[[1,64,49]]","[[],[],[64,128,1],[64],[64],[],[],[64]]",60,17.224685,0.28707808333333334,0.285443,0.29218219999999995,0.0549618750748888,96.3577795274184,0.05533854023860519,97.01813943602025,False
282,547,QLINEAR_CONV,3,fused_quant_qlinear_conv_o4i4_combined_fixed,FUSION_CONV_BIAS_ACT,QuantizeLinear-QLinearConvInputPack,"[[1,128,49],[],[],[64,128,1],[64],[64],[],[],[64]]","[[1,64,49]]","[[],[],[64,128,1],[64],[64],[],[],[64]]",60,17.220521,0.28700868333333335,0.28612000000000004,0.28944224999999996,0.05494858825728883,96.41272811567569,0.05532516236368013,97.07346459838394,False
283,382,QLINEAR_CONV,3,fused_quant_qlinear_conv_o4i4_combined_fixed,FUSION_CONV_BIAS_ACT,QuantizeLinear-QLinearConvInputPack,"[[1,128,49],[],[],[64,128,1],[64],[64],[],[],[64]]","[[1,64,49]]","[[],[],[64,128,1],[64],[64],[],[],[64]]",60,17.210942,0.28684903333333334,0.28445299999999996,0.29780009999999996,0.054918022833227824,96.46764613850893,0.055294387468409444,97.12875898585234,False
284,352,QLINEAR_CONV,3,fused_quant_qlinear_conv_o4i4_combined_fixed,FUSION_CONV_BIAS_ACT,QuantizeLinear-QLinearConvInputPack,"[[1,128,49],[],[],[64,128,1],[64],[64],[],[],[64]]","[[1,64,49]]","[[],[],[64,128,1],[64],[64],[],[],[64]]",60,17.207864999999998,0.28679774999999996,0.2851045,0.30501494999999995,0.054908204500433606,96.52255434300936,0.05528450184853807,97.18404348770088,False
285,532,QLINEAR_CONV,3,fused_quant_qlinear_conv_o4i4_combined_fixed,FUSION_CONV_BIAS_ACT,QuantizeLinear-QLinearConvInputPack,"[[1,128,49],[],[],[64,128,1],[64],[64],[],[],[64]]","[[1,64,49]]","[[],[],[64,128,1],[64],[64],[],[],[64]]",60,17.181777,0.28636295,0.28434899999999996,0.29144224999999996,0.05482496086509551,96.57737930387445,0.055200687727249655,97.23924417542813,False
286,139,QLINEAR_CONV,3,fused_quant_qlinear_conv_o4i4_combined_fixed,FUSION_CONV_BIAS_ACT,QuantizeLinear-QLinearConvInputPack,"[[1,128,49],[],[],[64,128,1],[64],[64],[],[],[64]]","[[1,64,49]]","[[],[],[64,128,1],[64],[64],[],[],[64]]",60,17.166516,0.28610860000000005,0.2846095,0.29102149999999993,0.05477626487004435,96.6321555687445,0.05515165800841408,97.29439583343654,False
287,79,QLINEAR_CONV,3,fused_quant_qlinear_conv_o4i4_combined_fixed,FUSION_CONV_BIAS_ACT,QuantizeLinear-QLinearConvInputPack,"[[1,128,49],[],[],[64,128,1],[64],[64],[],[],[64]]","[[1,64,49]]","[[],[],[64,128,1],[64],[64],[],[],[64]]",60,17.160779,0.28601298333333336,0.283958,0.31047595,0.054757958800742954,96.68691352754524,0.05513322648381152,97.34952905992036,False
288,790,QLINEAR_CONV,3,fused_quant_qlinear_conv_o4i4_combined_fixed,FUSION_CONV_BIAS_ACT,QuantizeLinear-QLinearConvInputPack,"[[1,128,49],[],[],[64,128,1],[64],[64],[],[],[64]]","[[1,64,49]]","[[],[],[64,128,1],[64],[64],[],[],[64]]",60,17.155101,0.28591835,0.285338,0.28841365,0.05473984099326635,96.74165336853851,0.05511498451123119,97.40464404443159,False
289,625,QLINEAR_CONV,3,fused_quant_qlinear_conv_o4i4_combined_fixed,FUSION_CONV_BIAS_ACT,QuantizeLinear-QLinearConvInputPack,"[[1,128,49],[],[],[64,128,1],[64],[64],[],[],[64]]","[[1,64,49]]","[[],[],[64,128,1],[64],[64],[],[],[64]]",60,17.151301,0.2858550166666667,0.284713,0.29045085,0.05472771565539894,96.79638108419391,0.055102776075900924,97.45974682050749,False
290,94,QLINEAR_CONV,3,fused_quant_qlinear_conv_o4i4_combined_fixed,FUSION_CONV_BIAS_ACT,QuantizeLinear-QLinearConvInputPack,"[[1,128,49],[],[],[64,128,1],[64],[64],[],[],[64]]","[[1,64,49]]","[[],[],[64,128,1],[64],[64],[],[],[64]]",60,17.110939000000002,0.2851823166666667,0.283594,0.30168540000000005,0.054598925421976814,96.85098000961588,0.054973103216216665,97.5147199237237,False
291,83,BATCH_NORMALIZATION,2,fused_bn_relu_quant_combined,FUSION_BN_RELU_QUANT,BatchNormalization-Relu-QuantizeLinear,"[[1,224,49],[224],[224],[224],[224],[],[]]","[[1,224,49]]","[[224],[224],[224],[224],[],[]]",60,15.79734,0.263289,0.258177,0.2900315,0.050407390764797375,96.90138740038068,0.05075284310005828,97.56547276682376,False
292,5,DEQUANTIZE_LINEAR,1,dequantize_linear_neon_combined,,,"[[1,32,40,98],[],[]]","[[1,32,40,98]]","[[],[]]",60,15.251353,0.25418921666666666,0.247578,0.27180705,0.04866521264737384,96.95005261302806,0.04899872547356727,97.61447149229733,False
293,7,DEQUANTIZE_LINEAR,1,dequantize_linear_neon_combined,,,"[[1,32,40,98],[],[]]","[[1,32,40,98]]","[[],[]]",60,15.084741,0.25141235,0.244532,0.2541349499999999,0.0481335740176992,96.99818618704576,0.04846344341376562,97.66293493571109,False
294,13,DEQUANTIZE_LINEAR,1,dequantize_linear_neon_combined,,,"[[1,32,40,98],[],[]]","[[1,32,40,98]]","[[],[]]",60,14.713122,0.2452187,0.244635,0.25200505,0.04694778298271336,97.04513397002847,0.047269525906134556,97.71020446161722,False
295,68,BATCH_NORMALIZATION,2,fused_bn_relu_quant_combined,FUSION_BN_RELU_QUANT,BatchNormalization-Relu-QuantizeLinear,"[[1,192,49],[192],[192],[192],[192],[],[]]","[[1,192,49]]","[[192],[192],[192],[192],[],[]]",60,13.63833,0.2273055,0.223307,0.25325765,0.043518252420297276,97.08865222244877,0.04381649205732217,97.75402095367454,False
296,24,RELU,1,relu_stride_optimized,,,"[[1,32,20,98]]","[[1,32,20,98]]",[],60,12.756769,0.21261281666666668,0.208542,0.22115144999999997,0.04070529847931698,97.1293575209281,0.040984260357799944,97.79500521403234,False
297,30,RELU,1,relu_stride_optimized,,,"[[1,32,20,98]]","[[1,32,20,98]]",[],60,12.560468,0.20934113333333335,0.208073,0.21406754999999997,0.04007892586123568,97.16943644678933,0.04035359507786139,97.8353588091102,False
298,53,BATCH_NORMALIZATION,2,fused_bn_relu_quant_combined,FUSION_BN_RELU_QUANT,BatchNormalization-Relu-QuantizeLinear,"[[1,160,49],[160],[160],[160],[160],[],[]]","[[1,160,49]]","[[160],[160],[160],[160],[],[]]",60,11.808436,0.19680726666666667,0.19088549999999999,0.21919764999999997,0.03767928320673612,97.20711572999608,0.037937507173048106,97.87329631628326,False
299,38,BATCH_NORMALIZATION,2,fused_bn_relu_quant_combined,FUSION_BN_RELU_QUANT,BatchNormalization-Relu-QuantizeLinear,"[[1,128,49],[128],[128],[128],[128],[],[]]","[[1,128,49]]","[[128],[128],[128],[128],[],[]]",60,10.004586,0.1667431,0.163984,0.1795241,0.03192341722986408,97.23903914722594,0.03214219504923232,97.90543851133249,False
300,28,DEQUANTIZE_LINEAR,1,dequantize_linear_neon_combined,,,"[[1,32,20,98],[],[]]","[[1,32,20,98]]","[[],[]]",60,7.549635,0.12582725,0.124375,0.1282213,0.02408996714488585,97.26312911437083,0.024255060701213527,97.9296935720337,False
301,20,DEQUANTIZE_LINEAR,1,dequantize_linear_neon_combined,,,"[[1,32,20,98],[],[]]","[[1,32,20,98]]","[[],[]]",60,7.493493,0.12489155,0.1242185,0.12937535,0.023910824850530137,97.28703993922136,0.024074690707447267,97.95376826274115,False
302,22,DEQUANTIZE_LINEAR,1,dequantize_linear_neon_combined,,,"[[1,32,20,98],[],[]]","[[1,32,20,98]]","[[],[]]",60,7.29188,0.12153133333333334,0.120599,0.12633065,0.02326750228646156,97.31030744150782,0.023426959320015456,97.97719522206117,False
303,33,RELU,1,relu_stride_optimized,,,"[[1,32,10,98]]","[[1,32,10,98]]",[],60,6.715986,0.1119331,0.1067965,0.15359134999999996,0.02142989456914319,97.33173733607696,0.02157675809472911,97.9987719801559,False
304,597,QLINEAR_CONV,1,qlinear_conv_o4i4_mac_fixed,,,"[[1,64,49],[],[],[32,64,1],[32],[32],[],[],[32]]","[[1,32,49]]","[[],[],[32,64,1],[32],[32],[],[],[32]]",60,5.853484,0.09755806666666667,0.092187,0.10773999999999993,0.018677755579324697,97.35041509165627,0.018805758123880446,98.01757773827977,False
305,216,QLINEAR_CONV,1,qlinear_conv_o4i4_mac_fixed,,,"[[1,64,49],[],[],[32,64,1],[32],[32],[],[],[32]]","[[1,32,49]]","[[],[],[32,64,1],[32],[32],[],[],[32]]",60,5.804589,0.09674315,0.091823,0.11376339999999997,0.018521737580633475,97.3689368292369,0.01864867090138746,98.03622640918115,False
306,339,QLINEAR_CONV,1,qlinear_conv_o4i4_mac_fixed,,,"[[1,64,49],[],[],[32,64,1],[32],[32],[],[],[32]]","[[1,32,49]]","[[],[],[32,64,1],[32],[32],[],[],[32]]",60,5.719221,0.09532035,0.09125,0.1144558,0.018249338674563895,97.38718616791147,0.0183744051889469,98.0546008143701,False
307,822,QLINEAR_CONV,1,qlinear_conv_o4i4_mac_fixed,,,"[[1,64,49],[],[],[32,64,1],[32],[32],[],[],[32]]","[[1,32,49]]","[[],[],[32,64,1],[32],[32],[],[],[32]]",60,5.672764,0.09454606666666666,0.09106700000000001,0.09388819999999998,0.01810110003737813,97.40528726794885,0.01822515064154212,98.07282596501165,False
308,51,QLINEAR_CONV,1,qlinear_conv_o4i4_mac_fixed,,,"[[1,64,49],[],[],[32,64,1],[32],[32],[],[],[32]]","[[1,32,49]]","[[],[],[32,64,1],[32],[32],[],[],[32]]",60,5.655625,0.09426041666666667,0.091432,0.09488784999999995,0.018046411572717757,97.42333367952156,0.018170087385456484,98.0909960523971,False
309,249,QLINEAR_CONV,1,qlinear_conv_o4i4_mac_fixed,,,"[[1,64,49],[],[],[32,64,1],[32],[32],[],[],[32]]","[[1,32,49]]","[[],[],[32,64,1],[32],[32],[],[],[32]]",60,5.654634,0.09424389999999999,0.091224,0.10839599999999998,0.018043249412237075,97.44137692893379,0.018166903554032193,98.10916295595113,False
310,324,QLINEAR_CONV,1,qlinear_conv_o4i4_mac_fixed,,,"[[1,64,49],[],[],[32,64,1],[32],[32],[],[],[32]]","[[1,32,49]]","[[],[],[32,64,1],[32],[32],[],[],[32]]",60,5.640159,0.09400265,0.0920055,0.10159574999999997,0.01799706144759743,97.4593739903814,0.0181203990536623,98.12728335500479,False
311,747,QLINEAR_CONV,1,qlinear_conv_o4i4_mac_fixed,,,"[[1,64,49],[],[],[32,64,1],[32],[32],[],[],[32]]","[[1,32,49]]","[[],[],[32,64,1],[32],[32],[],[],[32]]",60,5.608698,0.0934783,0.092084,0.0942008,0.017896673222690496,97.47727066360409,0.01801932284736612,98.14530267785216,False
312,612,QLINEAR_CONV,1,qlinear_conv_o4i4_mac_fixed,,,"[[1,64,49],[],[],[32,64,1],[32],[32],[],[],[32]]","[[1,32,49]]","[[],[],[32,64,1],[32],[32],[],[],[32]]",60,5.608127,0.09346878333333333,0.09099,0.11624484999999998,0.017894851231132,97.49516551483522,0.018017488369320437,98.16332016622148,False
313,354,QLINEAR_CONV,1,qlinear_conv_o4i4_mac_fixed,,,"[[1,64,49],[],[],[32,64,1],[32],[32],[],[],[32]]","[[1,32,49]]","[[],[],[32,64,1],[32],[32],[],[],[32]]",60,5.585422,0.09309036666666667,0.090729,0.10972704999999999,0.017822402337374272,97.5129879171726,0.0179445429682221,98.1812647091897,False
314,186,QLINEAR_CONV,1,qlinear_conv_o4i4_mac_fixed,,,"[[1,64,49],[],[],[32,64,1],[32],[32],[],[],[32]]","[[1,32,49]]","[[],[],[32,64,1],[32],[32],[],[],[32]]",60,5.584324,0.09307206666666666,0.0916665,0.10256469999999997,0.017818898752906268,97.5308068159255,0.017941015372960882,98.19920572456266,False
315,627,QLINEAR_CONV,1,qlinear_conv_o4i4_mac_fixed,,,"[[1,64,49],[],[],[32,64,1],[32],[32],[],[],[32]]","[[1,32,49]]","[[],[],[32,64,1],[32],[32],[],[],[32]]",60,5.581771,0.09302951666666666,0.0908075,0.11511445000000001,0.017810752440386404,97.54861756836588,0.017932813232066625,98.21713853779472,False
316,687,QLINEAR_CONV,1,qlinear_conv_o4i4_mac_fixed,,,"[[1,64,49],[],[],[32,64,1],[32],[32],[],[],[32]]","[[1,32,49]]","[[],[],[32,64,1],[32],[32],[],[],[32]]",60,5.578955,0.09298258333333333,0.09125,0.10298974999999998,0.017801766926850985,97.56641933529274,0.01792376613893767,98.23506230393366,False
317,369,QLINEAR_CONV,1,qlinear_conv_o4i4_mac_fixed,,,"[[1,64,49],[],[],[32,64,1],[32],[32],[],[],[32]]","[[1,32,49]]","[[],[],[32,64,1],[32],[32],[],[],[32]]",60,5.576979,0.09294965,0.0915625,0.094948,0.017795461751159935,97.5842147970439,0.017917417752565935,98.25297972168623,False
318,474,QLINEAR_CONV,1,qlinear_conv_o4i4_mac_fixed,,,"[[1,64,49],[],[],[32,64,1],[32],[32],[],[],[32]]","[[1,32,49]]","[[],[],[32,64,1],[32],[32],[],[],[32]]",60,5.573697,0.09289495,0.0921095,0.09519505,0.01778498928829656,97.6019997863322,0.017906873519735952,98.27088659520597,False
319,489,QLINEAR_CONV,1,qlinear_conv_o4i4_mac_fixed,,,"[[1,64,49],[],[],[32,64,1],[32],[32],[],[],[32]]","[[1,32,49]]","[[],[],[32,64,1],[32],[32],[],[],[32]]",60,5.569165,0.09281941666666667,0.091094,0.09698729999999994,0.01777052822745049,97.61977031455964,0.01789231335423154,98.2887789085602,False
320,732,QLINEAR_CONV,1,qlinear_conv_o4i4_mac_fixed,,,"[[1,64,49],[],[],[32,64,1],[32],[32],[],[],[32]]","[[1,32,49]]","[[],[],[32,64,1],[32],[32],[],[],[32]]",60,5.567449,0.09279081666666666,0.091406,0.09471399999999999,0.017765052680139844,97.63753536723978,0.01788680028185608,98.30666570884206,False
321,579,QLINEAR_CONV,1,qlinear_conv_o4i4_mac_fixed,,,"[[1,64,49],[],[],[32,64,1],[32],[32],[],[],[32]]","[[1,32,49]]","[[],[],[32,64,1],[32],[32],[],[],[32]]",60,5.565311,0.09275518333333334,0.0921875,0.09430390000000001,0.017758230582150238,97.65529359782192,0.01787993143060974,98.32454564027267,False
322,126,QLINEAR_CONV,1,qlinear_conv_o4i4_mac_fixed,,,"[[1,64,49],[],[],[32,64,1],[32],[32],[],[],[32]]","[[1,32,49]]","[[],[],[32,64,1],[32],[32],[],[],[32]]",60,5.564529,0.09274215000000001,0.0903905,0.10785679999999997,0.01775573531525226,97.67304933313717,0.017877419063128615,98.3424230593358,False
323,504,QLINEAR_CONV,1,qlinear_conv_o4i4_mac_fixed,,,"[[1,64,49],[],[],[32,64,1],[32],[32],[],[],[32]]","[[1,32,49]]","[[],[],[32,64,1],[32],[32],[],[],[32]]",60,5.558489,0.09264148333333333,0.0914325,0.09615545,0.017736462409799862,97.69078579554697,0.017858014076445772,98.36028107341225,False
324,156,QLINEAR_CONV,1,qlinear_conv_o4i4_mac_fixed,,,"[[1,64,49],[],[],[32,64,1],[32],[32],[],[],[32]]","[[1,32,49]]","[[],[],[32,64,1],[32],[32],[],[],[32]]",60,5.555622,0.09259369999999999,0.0913285,0.0956485,0.017727314161466747,97.70851310970843,0.017848803133263702,98.37812987654551,False
325,657,QLINEAR_CONV,1,qlinear_conv_o4i4_mac_fixed,,,"[[1,64,49],[],[],[32,64,1],[32],[32],[],[],[32]]","[[1,32,49]]","[[],[],[32,64,1],[32],[32],[],[],[32]]",60,5.544215,0.09240358333333334,0.091563,0.0955887,0.017690915811715835,97.72620402552015,0.017812155338049925,98.39594203188356,False
326,444,QLINEAR_CONV,1,qlinear_conv_o4i4_mac_fixed,,,"[[1,64,49],[],[],[32,64,1],[32],[32],[],[],[32]]","[[1,32,49]]","[[],[],[32,64,1],[32],[32],[],[],[32]]",60,5.543755,0.09239591666666666,0.0915625,0.09428145,0.017689448007658204,97.7438934735278,0.017810677474825735,98.41375270935839,False
327,459,QLINEAR_CONV,1,qlinear_conv_o4i4_mac_fixed,,,"[[1,64,49],[],[],[32,64,1],[32],[32],[],[],[32]]","[[1,32,49]]","[[],[],[32,64,1],[32],[32],[],[],[32]]",60,5.541089,0.09235148333333335,0.0907815,0.09805225,0.017680941125880707,97.76157441465368,0.017802112293617712,98.43155482165201,False
328,642,QLINEAR_CONV,1,qlinear_conv_o4i4_mac_fixed,,,"[[1,64,49],[],[],[32,64,1],[32],[32],[],[],[32]]","[[1,32,49]]","[[],[],[32,64,1],[32],[32],[],[],[32]]",60,5.535989,0.09226648333333333,0.091797,0.0942649,0.017664667646111295,97.7792390822998,0.01778572728830604,98.44934054894033,False
329,111,QLINEAR_CONV,1,qlinear_conv_o4i4_mac_fixed,,,"[[1,64,49],[],[],[32,64,1],[32],[32],[],[],[32]]","[[1,32,49]]","[[],[],[32,64,1],[32],[32],[],[],[32]]",60,5.534792,0.09224653333333334,0.091042,0.09351860000000001,0.017660848164683066,97.79689993046448,0.017781881631177006,98.46712243057151,False
330,384,QLINEAR_CONV,1,qlinear_conv_o4i4_mac_fixed,,,"[[1,64,49],[],[],[32,64,1],[32],[32],[],[],[32]]","[[1,32,49]]","[[],[],[32,64,1],[32],[32],[],[],[32]]",60,5.531721,0.09219535,0.0908075,0.0939798,0.017651048977159172,97.81455097944163,0.017772015287782467,98.48489444585928,False
331,549,QLINEAR_CONV,1,qlinear_conv_o4i4_mac_fixed,,,"[[1,64,49],[],[],[32,64,1],[32],[32],[],[],[32]]","[[1,32,49]]","[[],[],[32,64,1],[32],[32],[],[],[32]]",60,5.530104,0.0921684,0.091302,0.0946456,0.01764588932680875,97.83219686876845,0.017766820277274824,98.50266126613656,False
332,234,QLINEAR_CONV,1,qlinear_conv_o4i4_mac_fixed,,,"[[1,64,49],[],[],[32,64,1],[32],[32],[],[],[32]]","[[1,32,49]]","[[],[],[32,64,1],[32],[32],[],[],[32]]",60,5.529274,0.09215456666666667,0.0914845,0.09578369999999999,0.017643240897748245,97.8498401096662,0.017764153697979002,98.52042541983454,False
333,279,QLINEAR_CONV,1,qlinear_conv_o4i4_mac_fixed,,,"[[1,64,49],[],[],[32,64,1],[32],[32],[],[],[32]]","[[1,32,49]]","[[],[],[32,64,1],[32],[32],[],[],[32]]",60,5.524368,0.0920728,0.090729,0.09359579999999999,0.01762758644838575,97.86746769611459,0.017748391965418404,98.53817381179995,False
334,672,QLINEAR_CONV,1,qlinear_conv_o4i4_mac_fixed,,,"[[1,64,49],[],[],[32,64,1],[32],[32],[],[],[32]]","[[1,32,49]]","[[],[],[32,64,1],[32],[32],[],[],[32]]",60,5.5218739999999995,0.09203123333333332,0.091302,0.09505459999999999,0.01761962839769067,97.88508732451228,0.01774037937654638,98.5559141911765,False
335,399,QLINEAR_CONV,1,qlinear_conv_o4i4_mac_fixed,,,"[[1,64,49],[],[],[32,64,1],[32],[32],[],[],[32]]","[[1,32,49]]","[[],[],[32,64,1],[32],[32],[],[],[32]]",60,5.521718,0.09202863333333333,0.091354,0.09424505,0.017619130620662428,97.90270645513294,0.017739878188148612,98.57365406936465,False
336,141,QLINEAR_CONV,1,qlinear_conv_o4i4_mac_fixed,,,"[[1,64,49],[],[],[32,64,1],[32],[32],[],[],[32]]","[[1,32,49]]","[[],[],[32,64,1],[32],[32],[],[],[32]]",60,5.517555,0.09195924999999999,0.090677,0.09323685000000001,0.01760584699394085,97.92031230212689,0.017726503525969693,98.59138057289061,False
337,81,QLINEAR_CONV,1,qlinear_conv_o4i4_mac_fixed,,,"[[1,64,49],[],[],[32,64,1],[32],[32],[],[],[32]]","[[1,32,49]]","[[],[],[32,64,1],[32],[32],[],[],[32]]",60,5.512973,0.09188288333333333,0.09125,0.09459345,0.01759122638917547,97.93790352851606,0.017711782723158303,98.60909235561377,False
338,792,QLINEAR_CONV,1,qlinear_conv_o4i4_mac_fixed,,,"[[1,64,49],[],[],[32,64,1],[32],[32],[],[],[32]]","[[1,32,49]]","[[],[],[32,64,1],[32],[32],[],[],[32]]",60,5.51182,0.09186366666666666,0.091302,0.0948961,0.017587547306396233,97.95549107582245,0.017708078426859408,98.62680043404063,False
339,519,QLINEAR_CONV,1,qlinear_conv_o4i4_mac_fixed,,,"[[1,64,49],[],[],[32,64,1],[32],[32],[],[],[32]]","[[1,32,49]]","[[],[],[32,64,1],[32],[32],[],[],[32]]",60,5.508382,0.09180636666666667,0.091458,0.0939382,0.01757657706650462,97.97306765288896,0.01769703300563166,98.64449746704626,False
340,294,QLINEAR_CONV,1,qlinear_conv_o4i4_mac_fixed,,,"[[1,64,49],[],[],[32,64,1],[32],[32],[],[],[32]]","[[1,32,49]]","[[],[],[32,64,1],[32],[32],[],[],[32]]",60,5.506359,0.09177265,0.090573,0.09594495,0.01757012191952942,97.99063777480849,0.01769053362019136,98.66218800066646,False
341,702,QLINEAR_CONV,1,qlinear_conv_o4i4_mac_fixed,,,"[[1,64,49],[],[],[32,64,1],[32],[32],[],[],[32]]","[[1,32,49]]","[[],[],[32,64,1],[32],[32],[],[],[32]]",60,5.500211,0.09167018333333334,0.090677,0.09435684999999999,0.01755050439921132,98.0081882792077,0.017670781656925448,98.6798587823234,False
342,762,QLINEAR_CONV,1,qlinear_conv_o4i4_mac_fixed,,,"[[1,64,49],[],[],[32,64,1],[32],[32],[],[],[32]]","[[1,32,49]]","[[],[],[32,64,1],[32],[32],[],[],[32]]",60,5.495159,0.09158598333333333,0.0911715,0.0937969,0.017534384081604446,98.0257226632893,0.017654550863428473,98.69751333318682,False
343,66,QLINEAR_CONV,1,qlinear_conv_o4i4_mac_fixed,,,"[[1,64,49],[],[],[32,64,1],[32],[32],[],[],[32]]","[[1,32,49]]","[[],[],[32,64,1],[32],[32],[],[],[32]]",60,5.489373,0.09148954999999999,0.0907815,0.09459864999999999,0.01751592165926213,98.04323858494857,0.017635961914265072,98.71514929510109,False
344,564,QLINEAR_CONV,1,qlinear_conv_o4i4_mac_fixed,,,"[[1,64,49],[],[],[32,64,1],[32],[32],[],[],[32]]","[[1,32,49]]","[[],[],[32,64,1],[32],[32],[],[],[32]]",60,5.489224,0.09148706666666667,0.09067700000000001,0.09295345,0.017515446218382594,98.06075403116695,0.01763548321509028,98.73278477831617,False
345,429,QLINEAR_CONV,1,qlinear_conv_o4i4_mac_fixed,,,"[[1,64,49],[],[],[32,64,1],[32],[32],[],[],[32]]","[[1,32,49]]","[[],[],[32,64,1],[32],[32],[],[],[32]]",60,5.48906,0.09148433333333333,0.090938,0.09394079999999999,0.017514922914327265,98.07826895408128,0.017634956324723398,98.7504197346409,False
346,96,QLINEAR_CONV,1,qlinear_conv_o4i4_mac_fixed,,,"[[1,64,49],[],[],[32,64,1],[32],[32],[],[],[32]]","[[1,32,49]]","[[],[],[32,64,1],[32],[32],[],[],[32]]",60,5.487658,0.09146096666666666,0.0903125,0.09601309999999998,0.01751044930282987,98.09577940338411,0.017630452054635756,98.76805018669553,False
347,309,QLINEAR_CONV,1,qlinear_conv_o4i4_mac_fixed,,,"[[1,64,49],[],[],[32,64,1],[32],[32],[],[],[32]]","[[1,32,49]]","[[],[],[32,64,1],[32],[32],[],[],[32]]",60,5.484999,0.09141665,0.090964,0.09370320000000001,0.017501964757201074,98.11328136814132,0.01762190936265071,98.78567209605818,False
348,264,QLINEAR_CONV,1,qlinear_conv_o4i4_mac_fixed,,,"[[1,64,49],[],[],[32,64,1],[32],[32],[],[],[32]]","[[1,32,49]]","[[],[],[32,64,1],[32],[32],[],[],[32]]",60,5.480991,0.09134985000000001,0.090729,0.0929837,0.017489175716629352,98.13077054385795,0.017609032676123418,98.8032811287343,False
349,171,QLINEAR_CONV,1,qlinear_conv_o4i4_mac_fixed,,,"[[1,64,49],[],[],[32,64,1],[32],[32],[],[],[32]]","[[1,32,49]]","[[],[],[32,64,1],[32],[32],[],[],[32]]",60,5.476718,0.09127863333333333,0.090677,0.09281820000000002,0.017475541093285293,98.14824608495124,0.017595304611869148,98.82087643334617,False
350,534,QLINEAR_CONV,1,qlinear_conv_o4i4_mac_fixed,,,"[[1,64,49],[],[],[32,64,1],[32],[32],[],[],[32]]","[[1,32,49]]","[[],[],[32,64,1],[32],[32],[],[],[32]]",60,5.473024,0.09121706666666667,0.09091099999999999,0.09276354999999999,0.017463753988526825,98.16570983893976,0.017583436727629673,98.8384598700738,False
351,201,QLINEAR_CONV,1,qlinear_conv_o4i4_mac_fixed,,,"[[1,64,49],[],[],[32,64,1],[32],[32],[],[],[32]]","[[1,32,49]]","[[],[],[32,64,1],[32],[32],[],[],[32]]",60,5.469849,0.09116415,0.090885,0.0934562,0.017453622949650773,98.18316346188941,0.017573236258636625,98.85603310633245,False
352,414,QLINEAR_CONV,1,qlinear_conv_o4i4_mac_fixed,,,"[[1,64,49],[],[],[32,64,1],[32],[32],[],[],[32]]","[[1,32,49]]","[[],[],[32,64,1],[32],[32],[],[],[32]]",60,5.468643,0.09114405,0.090781,0.0930314,0.017449774750317067,98.20061323663973,0.017569361686792333,98.87360246801924,False
353,717,QLINEAR_CONV,1,qlinear_conv_o4i4_mac_fixed,,,"[[1,64,49],[],[],[32,64,1],[32],[32],[],[],[32]]","[[1,32,49]]","[[],[],[32,64,1],[32],[32],[],[],[32]]",60,5.466984,0.0911164,0.090469,0.09340854999999999,0.017444481083074427,98.2180577177228,0.01756403174094683,98.89116649976019,False
354,777,QLINEAR_CONV,1,qlinear_conv_o4i4_mac_fixed,,,"[[1,64,49],[],[],[32,64,1],[32],[32],[],[],[32]]","[[1,32,49]]","[[],[],[32,64,1],[32],[32],[],[],[32]]",60,5.464108,0.09106846666666667,0.0909115,0.09338505,0.017435304116835835,98.23549302183963,0.0175547918830495,98.90872129164323,False
355,807,QLINEAR_CONV,1,qlinear_conv_o4i4_mac_fixed,,,"[[1,64,49],[],[],[32,64,1],[32],[32],[],[],[32]]","[[1,32,49]]","[[],[],[32,64,1],[32],[32],[],[],[32]]",60,5.446247,0.09077078333333333,0.09052099999999999,0.09260929999999999,0.01737831183798066,98.25287133367762,0.017497409024251113,98.92621870066748,False
356,827,RELU,1,relu_stride_optimized,,,"[[1,512,49]]","[[1,512,49]]",[],60,4.665368,0.07775613333333334,0.07505200000000001,0.08885149999999996,0.014886621914675583,98.26775795559229,0.014988643031550418,98.94120734369902,False
357,32,DEQUANTIZE_LINEAR,1,dequantize_linear_neon_combined,,,"[[1,32,10,98],[],[]]","[[1,32,10,98]]","[[],[]]",60,3.85974,0.064329,0.063802,0.06599685,0.01231596094219147,98.28007391653448,0.012400364784642157,98.95360770848366,False
358,826,DEQUANTIZE_LINEAR,1,dequantize_linear_neon_combined,,,"[[1,512,49],[],[]]","[[1,512,49]]","[[],[]]",60,2.400941,0.040015683333333336,0.038854,0.04226245,0.007661110743341813,98.28773502727782,0.007713613929022039,98.96132132241269,False
359,583,DEQUANTIZE_LINEAR,1,dequantize_linear_neon_combined,,,"[[1,512,49],[],[]]","[[1,512,49]]","[[],[]]",60,2.39568,0.039928,0.038932,0.0429499,0.0076443235321522335,98.29537935080997,0.0076967116715819,98.96901803408427,False
360,52,MUL,4,fused_dequant_sigmoid_mul_optimized,FUSION_POOL_CAM,DequantizeLinear-Sigmoid-Mul,"[[1,32,49],[],[],[1,32,49]]","[[1,32,49]]","[[],[]]",60,1.3495759999999999,0.022492933333333333,0.021823,0.02291865,0.004306332888878266,98.29968568369884,0.004335845084020743,98.97335387916829,False
361,598,MUL,4,fused_dequant_sigmoid_mul_optimized,FUSION_POOL_CAM,DequantizeLinear-Sigmoid-Mul,"[[1,32,49],[],[],[1,32,49]]","[[1,32,49]]","[[],[]]",60,1.302031,0.021700516666666666,0.021666499999999998,0.0230782,0.004154622576008358,98.30384030627485,0.0041830950688161415,98.9775369742371,False
362,823,MUL,4,fused_dequant_sigmoid_mul_optimized,FUSION_POOL_CAM,DequantizeLinear-Sigmoid-Mul,"[[1,32,49],[],[],[1,32,49]]","[[1,32,49]]","[[],[]]",60,1.27182,0.021197,0.0211195,0.022614449999999998,0.004058222949084124,98.30789852922393,0.004086034795194388,98.98162300903229,False
363,224,RELU,1,relu_stride_optimized,,,"[[1,128,49]]","[[1,128,49]]",[],60,1.255626,0.020927099999999997,0.019401,0.02579405,0.004006549864498673,98.31190507908843,0.004034007584210618,98.9856570166165,False
364,778,MUL,4,fused_dequant_sigmoid_mul_optimized,FUSION_POOL_CAM,DequantizeLinear-Sigmoid-Mul,"[[1,32,49],[],[],[1,32,49]]","[[1,32,49]]","[[],[]]",60,1.2419310000000001,0.02069885,0.0200785,0.022835499999999998,0.003962850785000232,98.31586792987343,0.003990009025829569,98.98964702564233,False
365,460,MUL,4,fused_dequant_sigmoid_mul_optimized,FUSION_POOL_CAM,DequantizeLinear-Sigmoid-Mul,"[[1,32,49],[],[],[1,32,49]]","[[1,32,49]]","[[],[]]",60,1.228335,0.02047225,0.0196355,0.021634900000000002,0.003919467602462021,98.31978739747589,0.003946328529316333,98.99359335417164,False
366,763,MUL,4,fused_dequant_sigmoid_mul_optimized,FUSION_POOL_CAM,DequantizeLinear-Sigmoid-Mul,"[[1,32,49],[],[],[1,32,49]]","[[1,32,49]]","[[],[]]",60,1.226093,0.020434883333333334,0.0198955,0.021783999999999998,0.003912313653120253,98.32369971112901,0.0039391255524714765,98.99753247972411,False
367,748,MUL,4,fused_dequant_sigmoid_mul_optimized,FUSION_POOL_CAM,DequantizeLinear-Sigmoid-Mul,"[[1,32,49],[],[],[1,32,49]]","[[1,32,49]]","[[],[]]",60,1.218433,0.02030721666666667,0.0196615,0.022314449999999996,0.003887871524682279,98.32758758265369,0.003914515917042572,99.00144699564116,False
368,37,RELU,1,relu_stride_optimized,,,"[[1,128,49]]","[[1,128,49]]",[],60,1.216773,0.02027955,0.020104,0.022036249999999997,0.003882574666561256,98.33147015732025,0.00390918275845093,99.00535617839961,False
369,831,BATCH_NORMALIZATION,1,batch_normalization_stride,,,"[[1,192],[192],[192],[192],[192]]","[[1,192]]","[[192],[192],[192],[192]]",60,1.216299,0.02027165,0.020286,0.021406,0.0038810621902062173,98.33535121951046,0.003907659916780786,99.00926383831639,False
370,565,MUL,4,fused_dequant_sigmoid_mul_optimized,FUSION_POOL_CAM,DequantizeLinear-Sigmoid-Mul,"[[1,32,49],[],[],[1,32,49]]","[[1,32,49]]","[[],[]]",60,1.209422,0.020157033333333334,0.019583,0.022345699999999996,0.0038591185195446047,98.33921033803,0.003885565861579145,99.01314940417797,False
371,445,MUL,4,fused_dequant_sigmoid_mul_optimized,FUSION_POOL_CAM,DequantizeLinear-Sigmoid-Mul,"[[1,32,49],[],[],[1,32,49]]","[[1,32,49]]","[[],[]]",60,1.205989,0.020099816666666666,0.019323,0.021255200000000002,0.003848164234044923,98.34305850226404,0.003874536504082091,99.01702394068205,False
372,415,MUL,4,fused_dequant_sigmoid_mul_optimized,FUSION_POOL_CAM,DequantizeLinear-Sigmoid-Mul,"[[1,32,49],[],[],[1,32,49]]","[[1,32,49]]","[[],[]]",60,1.203281,0.020054683333333333,0.019427,0.021773599999999997,0.003839523335375205,98.34689802559942,0.003865836387536207,99.02088977706958,False
373,587,RELU,1,relu_stride_optimized,,,"[[1,128,49]]","[[1,128,49]]",[],60,1.200835,0.02001391666666667,0.019896,0.020677,0.003831718446842662,98.35072974404626,0.0038579780104788836,99.02474775508006,False
374,550,MUL,4,fused_dequant_sigmoid_mul_optimized,FUSION_POOL_CAM,DequantizeLinear-Sigmoid-Mul,"[[1,32,49],[],[],[1,32,49]]","[[1,32,49]]","[[],[]]",60,1.199582,0.019993033333333333,0.019896,0.02203105,0.0038277202762248053,98.35455746432248,0.003853952439566035,99.02860170751963,False
375,718,MUL,4,fused_dequant_sigmoid_mul_optimized,FUSION_POOL_CAM,DequantizeLinear-Sigmoid-Mul,"[[1,32,49],[],[],[1,32,49]]","[[1,32,49]]","[[],[]]",60,1.197599,0.019959983333333334,0.019974,0.021724199999999996,0.0038213927643850525,98.35837885708686,0.00384758156397132,99.0324492890836,False
376,580,MUL,4,fused_dequant_sigmoid_mul_optimized,FUSION_POOL_CAM,DequantizeLinear-Sigmoid-Mul,"[[1,32,49],[],[],[1,32,49]]","[[1,32,49]]","[[],[]]",60,1.195207,0.019920116666666664,0.019896,0.0213618,0.003813760183285362,98.36219261727015,0.0038398966752055314,99.0362891857588,False
377,808,MUL,4,fused_dequant_sigmoid_mul_optimized,FUSION_POOL_CAM,DequantizeLinear-Sigmoid-Mul,"[[1,32,49],[],[],[1,32,49]]","[[1,32,49]]","[[],[]]",60,1.194014,0.019900233333333333,0.019948,0.02137485,0.0038099534653706748,98.36600257073552,0.0038360638690610564,99.04012524962786,False
378,235,MUL,4,fused_dequant_sigmoid_mul_optimized,FUSION_POOL_CAM,DequantizeLinear-Sigmoid-Mul,"[[1,32,49],[],[],[1,32,49]]","[[1,32,49]]","[[],[]]",60,1.193337,0.019888950000000002,0.019348999999999998,0.021890699999999996,0.003807793240703245,98.36981036397621,0.003833888839924585,99.04395913846778,False
379,673,MUL,4,fused_dequant_sigmoid_mul_optimized,FUSION_POOL_CAM,DequantizeLinear-Sigmoid-Mul,"[[1,32,49],[],[],[1,32,49]]","[[1,32,49]]","[[],[]]",60,1.192758,0.0198793,0.019375,0.021747599999999995,0.0038059457221176593,98.37361630969833,0.0038320286599097895,99.0477911671277,False
380,703,MUL,4,fused_dequant_sigmoid_mul_optimized,FUSION_POOL_CAM,DequantizeLinear-Sigmoid-Mul,"[[1,32,49],[],[],[1,32,49]]","[[1,32,49]]","[[],[]]",60,1.191867,0.01986445,0.0199475,0.0214503,0.0038031026494755923,98.3774194123478,0.003829166103099456,99.0516203332308,False
381,535,MUL,4,fused_dequant_sigmoid_mul_optimized,FUSION_POOL_CAM,DequantizeLinear-Sigmoid-Mul,"[[1,32,49],[],[],[1,32,49]]","[[1,32,49]]","[[],[]]",60,1.191253,0.019854216666666664,0.019348999999999998,0.021763299999999996,0.0038011434501464903,98.38122055579795,0.003827193476969776,99.05544752670777,False
382,475,MUL,4,fused_dequant_sigmoid_mul_optimized,FUSION_POOL_CAM,DequantizeLinear-Sigmoid-Mul,"[[1,32,49],[],[],[1,32,49]]","[[1,32,49]]","[[],[]]",60,1.191038,0.019850633333333333,0.019401,0.0215413,0.0038004574112934664,98.38502101320924,0.003826502736549774,99.05927402944431,False
383,520,MUL,4,fused_dequant_sigmoid_mul_optimized,FUSION_POOL_CAM,DequantizeLinear-Sigmoid-Mul,"[[1,32,49],[],[],[1,32,49]]","[[1,32,49]]","[[],[]]",60,1.188176,0.01980293333333333,0.019427,0.02142165,0.003791325117352281,98.38881233832659,0.0038173078570984003,99.06309133730142,False
384,430,MUL,4,fused_dequant_sigmoid_mul_optimized,FUSION_POOL_CAM,DequantizeLinear-Sigmoid-Mul,"[[1,32,49],[],[],[1,32,49]]","[[1,32,49]]","[[],[]]",60,1.186615,0.019776916666666665,0.019219,0.0211252,0.0037863441561914873,98.39259868248278,0.0038122927603745724,99.06690363006179,False
385,793,MUL,4,fused_dequant_sigmoid_mul_optimized,FUSION_POOL_CAM,DequantizeLinear-Sigmoid-Mul,"[[1,32,49],[],[],[1,32,49]]","[[1,32,49]]","[[],[]]",60,1.185577,0.019759616666666667,0.019636,0.022162,0.003783032024426655,98.39638171450721,0.0038089579298817263,99.07071258799166,False
386,812,RELU,1,relu_stride_optimized,,,"[[1,128,49]]","[[1,128,49]]",[],60,1.175936,0.019598933333333336,0.0190885,0.0204768,0.003752268765905701,98.40013398327312,0.003777983844350386,99.07449057183601,False
387,389,RELU,1,relu_stride_optimized,,,"[[1,128,49]]","[[1,128,49]]",[],60,1.175258,0.019587633333333333,0.017916500000000002,0.030565099999999967,0.0037501053503598853,98.40388408862349,0.0037758056024677755,99.07826637743848,False
388,628,MUL,4,fused_dequant_sigmoid_mul_optimized,FUSION_POOL_CAM,DequantizeLinear-Sigmoid-Mul,"[[1,32,49],[],[],[1,32,49]]","[[1,32,49]]","[[],[]]",60,1.173595,0.019559916666666666,0.019505500000000002,0.021361899999999996,0.0037447989196037037,98.40762888754308,0.0037704628056377146,99.08203684024411,False
389,613,MUL,4,fused_dequant_sigmoid_mul_optimized,FUSION_POOL_CAM,DequantizeLinear-Sigmoid-Mul,"[[1,32,49],[],[],[1,32,49]]","[[1,32,49]]","[[],[]]",60,1.172703,0.01954505,0.018802,0.021502449999999992,0.0037419526560832504,98.41137084019917,0.0037675970360812414,99.0858044372802,False
390,643,MUL,4,fused_dequant_sigmoid_mul_optimized,FUSION_POOL_CAM,DequantizeLinear-Sigmoid-Mul,"[[1,32,49],[],[],[1,32,49]]","[[1,32,49]]","[[],[]]",60,1.167188,0.01945313333333333,0.0192705,0.021510050000000003,0.003724354961783586,98.41509519516096,0.0037498787411216583,99.08955431602132,False
391,524,RELU,1,relu_stride_optimized,,,"[[1,128,49]]","[[1,128,49]]",[],60,1.164011,0.01940018333333333,0.01849,0.0200546,0.00371421754115076,98.4188094127021,0.0037396718466363287,99.09329398786795,False
392,490,MUL,4,fused_dequant_sigmoid_mul_optimized,FUSION_POOL_CAM,DequantizeLinear-Sigmoid-Mul,"[[1,32,49],[],[],[1,32,49]]","[[1,32,49]]","[[],[]]",60,1.160057,0.01933428333333333,0.019219,0.02073255,0.00370160080801189,98.42251101351012,0.0037269686484005726,99.09702095651635,False
393,658,MUL,4,fused_dequant_sigmoid_mul_optimized,FUSION_POOL_CAM,DequantizeLinear-Sigmoid-Mul,"[[1,32,49],[],[],[1,32,49]]","[[1,32,49]]","[[],[]]",60,1.158281,0.019304683333333333,0.0189065,0.020912,0.0036959338079980723,98.42620694731812,0.003721262811256743,99.1007422193276,False
394,505,MUL,4,fused_dequant_sigmoid_mul_optimized,FUSION_POOL_CAM,DequantizeLinear-Sigmoid-Mul,"[[1,32,49],[],[],[1,32,49]]","[[1,32,49]]","[[],[]]",60,1.156665,0.01927775,0.0191925,0.02090845,0.0036907773485260397,98.42989772466665,0.003716071013495241,99.1044582903411,False
395,733,MUL,4,fused_dequant_sigmoid_mul_optimized,FUSION_POOL_CAM,DequantizeLinear-Sigmoid-Mul,"[[1,32,49],[],[],[1,32,49]]","[[1,32,49]]","[[],[]]",60,1.154789,0.019246483333333335,0.019088,0.02115645,0.0036847912606736066,98.43358251592731,0.003710043901737457,99.10816833424283,False
396,220,DEQUANTIZE_LINEAR,1,dequantize_linear_neon_combined,,,"[[1,256,49],[],[]]","[[1,256,49]]","[[],[]]",60,1.150774,0.019179566666666665,0.018568,0.023294,0.0036719798839531803,98.43725449581126,0.0036971447259871895,99.11186547896882,False
397,688,MUL,4,fused_dequant_sigmoid_mul_optimized,FUSION_POOL_CAM,DequantizeLinear-Sigmoid-Mul,"[[1,32,49],[],[],[1,32,49]]","[[1,32,49]]","[[],[]]",60,1.15021,0.019170166666666665,0.0189585,0.021268250000000002,0.003670180228543387,98.4409246760398,0.0036953327371644865,99.11556081170599,False
398,400,MUL,4,fused_dequant_sigmoid_mul_optimized,FUSION_POOL_CAM,DequantizeLinear-Sigmoid-Mul,"[[1,32,49],[],[],[1,32,49]]","[[1,32,49]]","[[],[]]",60,1.149841,0.019164016666666665,0.01901,0.02156205,0.0036690027944188946,98.44459367883422,0.003694147233838995,99.11925495893983,False
399,669,ADD,1,add_stride_optimized,,,"[[1,128,1],[1,128,49]]","[[1,128,49]]",[],60,1.145001,0.01908335,0.0167705,0.0190786,0.003653558943029887,98.44824723777725,0.003678597542523604,99.12293355648235,False
400,206,RELU,1,relu_stride_optimized,,,"[[1,128,49]]","[[1,128,49]]",[],60,1.136512,0.018941866666666664,0.0175785,0.02073945,0.003626471576409787,98.45187370935366,0.003651324540545018,99.1265848810229,False
401,509,RELU,1,relu_stride_optimized,,,"[[1,128,49]]","[[1,128,49]]",[],60,1.134269,0.018904483333333333,0.0178645,0.020010450000000003,0.0036193144361896337,98.45549302378986,0.003644118350954022,99.13022899937384,False
402,782,RELU,1,relu_stride_optimized,,,"[[1,128,49]]","[[1,128,49]]",[],60,1.133697,0.01889495,0.018177,0.019896,0.0036174892537527512,98.45911051304361,0.0036422806601622026,99.133871280034,False
403,370,MUL,4,fused_dequant_sigmoid_mul_optimized,FUSION_POOL_CAM,DequantizeLinear-Sigmoid-Mul,"[[1,32,49],[],[],[1,32,49]]","[[1,32,49]]","[[],[]]",60,1.1284939999999999,0.01880823333333333,0.018723999999999998,0.020505549999999997,0.0036008871135095686,98.46271140015712,0.003625564741998157,99.137496844776,False
404,385,MUL,4,fused_dequant_sigmoid_mul_optimized,FUSION_POOL_CAM,DequantizeLinear-Sigmoid-Mul,"[[1,32,49],[],[],[1,32,49]]","[[1,32,49]]","[[],[]]",60,1.12526,0.01875433333333333,0.018646,0.0205314,0.0035905678128087316,98.46630196796993,0.0036151747209828724,99.14111201949697,False
405,539,RELU,1,relu_stride_optimized,,,"[[1,128,49]]","[[1,128,49]]",[],60,1.123853,0.018730883333333333,0.018229,0.01963765,0.0035860782469194063,98.46988804621685,0.003610654387164535,99.14472267388413,False
406,722,RELU,1,relu_stride_optimized,,,"[[1,128,49]]","[[1,128,49]]",[],60,1.12255,0.018709166666666666,0.017916,0.0197998,0.003581920532382242,98.47346996674924,0.0036064681789447096,99.14832914206308,False
407,767,RELU,1,relu_stride_optimized,,,"[[1,128,49]]","[[1,128,49]]",[],60,1.120518,0.0186753,0.017864,0.019638549999999998,0.003575436667501568,98.47704540341674,0.003599939878789157,99.15192908194186,False
408,355,MUL,4,fused_dequant_sigmoid_mul_optimized,FUSION_POOL_CAM,DequantizeLinear-Sigmoid-Mul,"[[1,32,49],[],[],[1,32,49]]","[[1,32,49]]","[[],[]]",60,1.118696,0.018644933333333332,0.0184895,0.0210628,0.003569622887081987,98.48061502630382,0.0035940862553229085,99.15552316819718,False
409,157,MUL,4,fused_dequant_sigmoid_mul_optimized,FUSION_POOL_CAM,DequantizeLinear-Sigmoid-Mul,"[[1,32,49],[],[],[1,32,49]]","[[1,32,49]]","[[],[]]",60,1.118495,0.018641583333333333,0.017552,0.0204352,0.0035689815205263696,98.48418400782435,0.0035934404933488603,99.15911660869052,False
410,325,MUL,4,fused_dequant_sigmoid_mul_optimized,FUSION_POOL_CAM,DequantizeLinear-Sigmoid-Mul,"[[1,32,49],[],[],[1,32,49]]","[[1,32,49]]","[[],[]]",60,1.118177,0.018636283333333333,0.018307999999999998,0.0208747,0.0035679668211995707,98.48775197464555,0.0035924188400764854,99.1627090275306,False
411,41,RELU,1,relu_stride_optimized,,,"[[1,128,49]]","[[1,128,49]]",[],60,1.116613,0.01861021666666667,0.0170575,0.020051699999999974,0.0035629762874036194,98.49131495093295,0.003587394105114239,99.1662964216357,False
412,752,RELU,1,relu_stride_optimized,,,"[[1,128,49]]","[[1,128,49]]",[],60,1.114528,0.018575466666666665,0.017864,0.019484249999999998,0.003556323305968478,98.49487127423892,0.00358069552941329,99.16987711716511,False
413,250,MUL,4,fused_dequant_sigmoid_mul_optimized,FUSION_POOL_CAM,DequantizeLinear-Sigmoid-Mul,"[[1,32,49],[],[],[1,32,49]]","[[1,32,49]]","[[],[]]",60,1.112345,0.01853908333333333,0.0183855,0.022457450000000004,0.0035493576184514944,98.49842063185737,0.0035736821045906668,99.1734507992697,False
414,569,RELU,1,relu_stride_optimized,,,"[[1,128,49]]","[[1,128,49]]",[],60,1.1089579999999999,0.01848263333333333,0.018333,0.019492049999999997,0.003538550113357576,98.50195918197073,0.0035628005334160323,99.17701359980312,False
415,340,MUL,4,fused_dequant_sigmoid_mul_optimized,FUSION_POOL_CAM,DequantizeLinear-Sigmoid-Mul,"[[1,32,49],[],[],[1,32,49]]","[[1,32,49]]","[[],[]]",60,1.108022,0.018467033333333334,0.018151,0.02056005,0.0035355634511881314,98.50549474542193,0.003559793403029419,99.18057339320615,False
416,295,MUL,4,fused_dequant_sigmoid_mul_optimized,FUSION_POOL_CAM,DequantizeLinear-Sigmoid-Mul,"[[1,32,49],[],[],[1,32,49]]","[[1,32,49]]","[[],[]]",60,1.107191,0.018453183333333335,0.018021,0.020867799999999995,0.0035329118312492336,98.50902765725317,0.0035571236109874587,99.18413051681713,False
417,310,MUL,4,fused_dequant_sigmoid_mul_optimized,FUSION_POOL_CAM,DequantizeLinear-Sigmoid-Mul,"[[1,32,49],[],[],[1,32,49]]","[[1,32,49]]","[[],[]]",60,1.104426,0.0184071,0.0182295,0.020455099999999997,0.003524089052511505,98.51255174630568,0.0035482403679116207,99.18767875718504,False
418,797,RELU,1,relu_stride_optimized,,,"[[1,128,49]]","[[1,128,49]]",[],60,1.102344,0.0183724,0.0181775,0.0199532,0.0035174456437115234,98.51606919194938,0.003541551430449091,99.19122030861548,False
419,576,ADD,1,add_stride_optimized,,,"[[1,128,1],[1,128,49]]","[[1,128,49]]",[],60,1.101247,0.018354116666666666,0.017734,0.01969485,0.0035139452501219076,98.5195831371995,0.0035380270479340114,99.19475833566342,False
420,449,RELU,1,relu_stride_optimized,,,"[[1,128,49]]","[[1,128,49]]",[],60,1.100361,0.018339349999999997,0.017812,0.019489399999999997,0.0035111181318717706,98.52309425533137,0.0035351805548543757,99.19829351621827,False
421,265,MUL,4,fused_dequant_sigmoid_mul_optimized,FUSION_POOL_CAM,DequantizeLinear-Sigmoid-Mul,"[[1,32,49],[],[],[1,32,49]]","[[1,32,49]]","[[],[]]",60,1.10036,0.018339333333333332,0.018177,0.020625,0.003511114940993385,98.52660537027236,0.0035351773421082367,99.20182869356037,False
422,374,RELU,1,relu_stride_optimized,,,"[[1,128,49]]","[[1,128,49]]",[],60,1.099788,0.0183298,0.017708,0.0193282,0.003509289758556502,98.53011466003092,0.0035333396513164174,99.20536203321169,False
423,67,MUL,4,fused_dequant_sigmoid_mul_optimized,FUSION_POOL_CAM,DequantizeLinear-Sigmoid-Mul,"[[1,32,49],[],[],[1,32,49]]","[[1,32,49]]","[[],[]]",60,1.099116,0.0183186,0.018202999999999997,0.019672449999999998,0.003507145488281003,98.5336218055192,0.003531180685910644,99.2088932138976,False
424,48,ADD,1,add_stride_optimized,,,"[[1,128,1],[1,128,49]]","[[1,128,49]]",[],60,1.09693,0.018282166666666665,0.018229,0.019580449999999996,0.003500170228128861,98.53712197574733,0.003524157622849602,99.21241737152044,False
425,280,MUL,4,fused_dequant_sigmoid_mul_optimized,FUSION_POOL_CAM,DequantizeLinear-Sigmoid-Mul,"[[1,32,49],[],[],[1,32,49]]","[[1,32,49]]","[[],[]]",60,1.096457,0.018274283333333332,0.018073,0.02000175,0.003498660942652208,98.54062063668998,0.003522637993925598,99.21594000951437,False
426,127,MUL,4,fused_dequant_sigmoid_mul_optimized,FUSION_POOL_CAM,DequantizeLinear-Sigmoid-Mul,"[[1,32,49],[],[],[1,32,49]]","[[1,32,49]]","[[],[]]",60,1.09599,0.0182665,0.017292,0.020976149999999995,0.003497170802445872,98.54411780749243,0.003521137641478431,99.21946114715585,False
427,554,RELU,1,relu_stride_optimized,,,"[[1,128,49]]","[[1,128,49]]",[],60,1.094891,0.018248183333333334,0.018073,0.019434800000000002,0.0034936640270994837,98.54761147151953,0.0035176068334710725,99.22297875398932,False
428,82,MUL,4,fused_dequant_sigmoid_mul_optimized,FUSION_POOL_CAM,DequantizeLinear-Sigmoid-Mul,"[[1,32,49],[],[],[1,32,49]]","[[1,32,49]]","[[],[]]",60,1.093337,0.018222283333333332,0.017578000000000003,0.02076285,0.0034887054020873937,98.55110017692162,0.0035126142259702215,99.22649136821529,False
429,737,RELU,1,relu_stride_optimized,,,"[[1,128,49]]","[[1,128,49]]",[],60,1.093174,0.01821956666666667,0.018020500000000002,0.01969225,0.0034881852889104494,98.55458836221054,0.003512090548349476,99.23000345876365,False
430,239,RELU,1,relu_stride_optimized,,,"[[1,128,49]]","[[1,128,49]]",[],60,1.09276,0.018212666666666665,0.017526,0.018874799999999997,0.0034868642652585804,98.5580752264758,0.0035107604714477046,99.23351421923509,False
431,677,RELU,1,relu_stride_optimized,,,"[[1,128,49]]","[[1,128,49]]",[],60,1.090523,0.018175383333333333,0.017657,0.019239799999999998,0.003479726270308743,98.5615549527461,0.003503573558333546,99.23701779279342,False
432,434,RELU,1,relu_stride_optimized,,,"[[1,128,49]]","[[1,128,49]]",[],60,1.086202,0.018103366666666666,0.017969,0.019641199999999998,0.003465938484802152,98.56502089123092,0.0034896912822645777,99.24050748407569,False
433,632,RELU,1,relu_stride_optimized,,,"[[1,128,49]]","[[1,128,49]]",[],60,1.085102,0.018085033333333334,0.018021,0.0192814,0.0034624285185773777,98.56848331974949,0.0034861572615110794,99.2439936413372,False
434,419,RELU,1,relu_stride_optimized,,,"[[1,128,49]]","[[1,128,49]]",[],60,1.0838,0.018063333333333334,0.017865,0.019271,0.0034582739949185998,98.57194159374441,0.003481974266037394,99.24747561560324,False
435,86,RELU,1,relu_stride_optimized,,,"[[1,128,49]]","[[1,128,49]]",[],60,1.082447,0.01804078333333333,0.0172135,0.020580049999999996,0.003453956736462127,98.57539555048088,0.0034776274205105913,99.25095324302374,False
436,269,RELU,1,relu_stride_optimized,,,"[[1,128,49]]","[[1,128,49]]",[],60,1.0813,0.018021666666666665,0.0174475,0.020174299999999996,0.0034502967989532033,98.57884584727984,0.0034739424006885347,99.25442718542443,False
437,112,MUL,4,fused_dequant_sigmoid_mul_optimized,FUSION_POOL_CAM,DequantizeLinear-Sigmoid-Mul,"[[1,32,49],[],[],[1,32,49]]","[[1,32,49]]","[[],[]]",60,1.080103,0.018001716666666667,0.01763,0.0207888,0.0034464773175249715,98.58229232459736,0.003470096743559501,99.25789728216799,False
438,789,ADD,1,add_stride_optimized,,,"[[1,128,1],[1,128,49]]","[[1,128,49]]",[],60,1.08005,0.018000833333333334,0.0173175,0.019531099999999996,0.0034463082009705054,98.58573863279832,0.0034699264680141052,99.261367208636,False
439,707,RELU,1,relu_stride_optimized,,,"[[1,128,49]]","[[1,128,49]]",[],60,1.078283,0.017971383333333334,0.0177605,0.0191192,0.0034406699188621634,98.58917930271718,0.0034642495455855316,99.26483145818159,False
440,172,MUL,4,fused_dequant_sigmoid_mul_optimized,FUSION_POOL_CAM,DequantizeLinear-Sigmoid-Mul,"[[1,32,49],[],[],[1,32,49]]","[[1,32,49]]","[[],[]]",60,1.078123,0.017968716666666665,0.0175525,0.020075449999999998,0.0034401593783203776,98.5926194620955,0.0034637355062032043,99.26829519368779,False
441,594,ADD,1,add_stride_optimized,,,"[[1,128,1],[1,128,49]]","[[1,128,49]]",[],60,1.07808,0.017967999999999998,0.0170575,0.018659099999999998,0.0034400221705497727,98.59605948426605,0.003463597358119204,99.27175879104591,False
442,602,RELU,1,relu_stride_optimized,,,"[[1,128,49]]","[[1,128,49]]",[],60,1.077868,0.017964466666666668,0.017839,0.0188592,0.0034393457043319074,98.59949882997039,0.003462916255937621,99.27522170730185,False
443,359,RELU,1,relu_stride_optimized,,,"[[1,128,49]]","[[1,128,49]]",[],60,1.076513,0.017941883333333335,0.0176825,0.01910725,0.0034350220641186625,98.60293385203451,0.0034585629849185396,99.27868027028677,False
444,187,MUL,4,fused_dequant_sigmoid_mul_optimized,FUSION_POOL_CAM,DequantizeLinear-Sigmoid-Mul,"[[1,32,49],[],[],[1,32,49]]","[[1,32,49]]","[[],[]]",60,1.076251,0.017937516666666667,0.017474000000000003,0.0202132,0.003434186053981489,98.60636803808849,0.003457721245429979,99.2821379915322,False
445,217,MUL,4,fused_dequant_sigmoid_mul_optimized,FUSION_POOL_CAM,DequantizeLinear-Sigmoid-Mul,"[[1,32,49],[],[],[1,32,49]]","[[1,32,49]]","[[],[]]",60,1.0757780000000001,0.017929633333333337,0.017474000000000003,0.02084085,0.003432676768504836,98.609800714857,0.0034562016165059746,99.2855941931487,False
446,647,RELU,1,relu_stride_optimized,,,"[[1,128,49]]","[[1,128,49]]",[],60,1.075471,0.017924516666666668,0.0177865,0.018861799999999998,0.0034316971688402855,98.61323241202584,0.0034552153034411344,99.28904940845214,False
447,819,ADD,1,add_stride_optimized,,,"[[1,128,1],[1,128,49]]","[[1,128,49]]",[],60,1.075366,0.017922766666666666,0.017708,0.019393249999999997,0.0034313621266097386,98.61666377415244,0.003454877965096483,99.29250428641724,False
448,692,RELU,1,relu_stride_optimized,,,"[[1,128,49]]","[[1,128,49]]",[],60,1.075314,0.0179219,0.0177605,0.019077649999999998,0.0034311962009336582,98.62009497035338,0.0034547109022972262,99.29595899731954,False
449,284,RELU,1,relu_stride_optimized,,,"[[1,128,49]]","[[1,128,49]]",[],60,1.075203,0.01792005,0.017812500000000002,0.018968449999999998,0.0034308420134327947,98.62352581236681,0.0034543542874757374,99.29941335160701,False
450,344,RELU,1,relu_stride_optimized,,,"[[1,128,49]]","[[1,128,49]]",[],60,1.074219,0.01790365,0.017708500000000002,0.0192268,0.003427702189100815,98.62695351455591,0.0034511929452744265,99.30286454455229,False
451,202,MUL,4,fused_dequant_sigmoid_mul_optimized,FUSION_POOL_CAM,DequantizeLinear-Sigmoid-Mul,"[[1,32,49],[],[],[1,32,49]]","[[1,32,49]]","[[],[]]",60,1.074215,0.01790358333333333,0.0175,0.020226249999999998,0.00342768942558727,98.6303812039815,0.0034511800942898683,99.30631572464658,False
452,464,RELU,1,relu_stride_optimized,,,"[[1,128,49]]","[[1,128,49]]",[],60,1.072916,0.017881933333333332,0.0177605,0.018919049999999996,0.0034235444745636502,98.63380474845606,0.0034470067370546012,99.30976273138363,False
453,329,RELU,1,relu_stride_optimized,,,"[[1,128,49]]","[[1,128,49]]",[],60,1.072754,0.017879233333333334,0.01776,0.018911199999999996,0.003423027552265093,98.63722777600832,0.0034464862721799946,99.31320921765581,False
454,479,RELU,1,relu_stride_optimized,,,"[[1,128,49]]","[[1,128,49]]",[],60,1.071879,0.01786465,0.01763,0.0190214,0.0034202355336772038,98.640648011542,0.003443675119307894,99.31665289277512,False
455,617,RELU,1,relu_stride_optimized,,,"[[1,128,49]]","[[1,128,49]]",[],60,1.071457,0.01785761666666667,0.017604,0.019072399999999996,0.003418888982998245,98.64406690052499,0.003442319340437007,99.32009521211556,False
456,142,MUL,4,fused_dequant_sigmoid_mul_optimized,FUSION_POOL_CAM,DequantizeLinear-Sigmoid-Mul,"[[1,32,49],[],[],[1,32,49]]","[[1,32,49]]","[[],[]]",60,1.071306,0.017855100000000002,0.017369999999999997,0.020104050000000002,0.003418407160361935,98.64748530768536,0.0034418342157699357,99.32353704633132,False
457,561,ADD,1,add_stride_optimized,,,"[[1,128,1],[1,128,49]]","[[1,128,49]]",[],60,1.07046,0.017841,0.017812500000000002,0.019218,0.0034157076772472453,98.6509010153626,0.003439116232535882,99.32697616256387,False
458,299,RELU,1,relu_stride_optimized,,,"[[1,128,49]]","[[1,128,49]]",[],60,1.070108,0.017835133333333333,0.0175785,0.0191228,0.003414584488055317,98.65431559985066,0.0034379853458947622,99.33041414790976,False
459,404,RELU,1,relu_stride_optimized,,,"[[1,128,49]]","[[1,128,49]]",[],60,1.069842,0.017830699999999998,0.017552,0.01927785,0.0034137357144045995,98.65772933556507,0.0034371307554216437,99.33385127866518,False
460,314,RELU,1,relu_stride_optimized,,,"[[1,128,49]]","[[1,128,49]]",[],60,1.0693759999999999,0.017822933333333332,0.017604,0.01880465,0.0034122487650766493,98.66114158433014,0.0034356336157206164,99.3372869122809,False
461,494,RELU,1,relu_stride_optimized,,,"[[1,128,49]]","[[1,128,49]]",[],60,1.068699,0.017811650000000002,0.017604,0.019325600000000002,0.0034100885404092203,98.66455167287054,0.003433458586584145,99.34072037086749,False
462,662,RELU,1,relu_stride_optimized,,,"[[1,128,49]]","[[1,128,49]]",[],60,1.068174,0.0178029,0.017682999999999997,0.018651199999999996,0.0034084133292564866,98.6679600861998,0.0034317718948608847,99.34415214276235,False
463,191,RELU,1,relu_stride_optimized,,,"[[1,128,49]]","[[1,128,49]]",[],60,1.067027,0.017783783333333334,0.017448,0.019533599999999998,0.0034047533917475627,98.67136483959155,0.003428086875038828,99.34758022963739,False
464,744,ADD,1,add_stride_optimized,,,"[[1,128,1],[1,128,49]]","[[1,128,49]]",[],60,1.065884,0.017764733333333334,0.0173175,0.01911665,0.0034011062177521836,98.6747659458093,0.0034244147062013302,99.35100464434359,False
465,231,ADD,1,add_stride_optimized,,,"[[1,128,1],[1,128,49]]","[[1,128,49]]",[],60,1.065366,0.0177561,0.017604,0.019641199999999998,0.0033994533427481534,98.67816539915205,0.0034227505037010466,99.35442739484729,False
466,161,RELU,1,relu_stride_optimized,,,"[[1,128,49]]","[[1,128,49]]",[],60,1.063909,0.017731816666666667,0.0175,0.020046849999999998,0.0033948042329395205,98.68156020338499,0.0034180695325757315,99.35784546437986,False
467,176,RELU,1,relu_stride_optimized,,,"[[1,128,49]]","[[1,128,49]]",[],60,1.0612489999999999,0.01768748333333333,0.017396,0.01877605,0.0033863164964323387,98.68494651988142,0.003409523627844545,99.3612549880077,False
468,97,MUL,4,fused_dequant_sigmoid_mul_optimized,FUSION_POOL_CAM,DequantizeLinear-Sigmoid-Mul,"[[1,32,49],[],[],[1,32,49]]","[[1,32,49]]","[[],[]]",60,1.060309,0.017671816666666666,0.0171875,0.019703599999999998,0.0033833170707493502,98.68832983695216,0.003406503646473374,99.36466149165418,False
469,804,ADD,1,add_stride_optimized,,,"[[1,128,1],[1,128,49]]","[[1,128,49]]",[],60,1.060205,0.017670083333333333,0.017682000000000003,0.0190126,0.0033829852193971895,98.69171282217157,0.003406169520874862,99.36806766117505,False
470,101,RELU,1,relu_stride_optimized,,,"[[1,128,49]]","[[1,128,49]]",[],60,1.05818,0.01763633333333333,0.01724,0.0187526,0.003376523690665219,98.69508934586223,0.0033996637099422858,99.37146732488499,False
471,254,RELU,1,relu_stride_optimized,,,"[[1,128,49]]","[[1,128,49]]",[],60,1.058022,0.0176337,0.017448,0.0194296,0.0033760195318802053,98.69846536539411,0.0033991560960522377,99.37486648098104,False
472,131,RELU,1,relu_stride_optimized,,,"[[1,128,49]]","[[1,128,49]]",[],60,1.055416,0.017590266666666667,0.017344,0.018677249999999996,0.0033677041028058762,98.70183306949691,0.003390783679612587,99.37825726466065,False
473,146,RELU,1,relu_stride_optimized,,,"[[1,128,49]]","[[1,128,49]]",[],60,1.055208,0.0175868,0.017396,0.018916449999999998,0.003367040400101555,98.70520010989702,0.003390115428415562,99.38164738008906,False
474,624,ADD,1,add_stride_optimized,,,"[[1,128,1],[1,128,49]]","[[1,128,49]]",[],60,1.050158,0.017502633333333333,0.0160935,0.0184422,0.0033509264642514547,98.70855103636127,0.0033738910604108664,99.38502127114947,False
475,116,RELU,1,relu_stride_optimized,,,"[[1,128,49]]","[[1,128,49]]",[],60,1.047396,0.0174566,0.01724,0.01886185,0.003342113258148885,98.71189314961941,0.0033650174555734476,99.38838628860505,False
476,56,RELU,1,relu_stride_optimized,,,"[[1,128,49]]","[[1,128,49]]",[],60,1.047193,0.017453216666666667,0.017265999999999997,0.0184484,0.0033414655098364947,98.71523461512925,0.00336436526810712,99.39175065387316,False
477,531,ADD,1,add_stride_optimized,,,"[[1,128,1],[1,128,49]]","[[1,128,49]]",[],60,1.041458,0.017357633333333334,0.017214,0.0192866,0.0033231658222918755,98.71855778095154,0.003345940168996837,99.39509659404216,False
478,774,ADD,1,add_stride_optimized,,,"[[1,128,1],[1,128,49]]","[[1,128,49]]",[],60,1.041301,0.017355016666666667,0.017292,0.018809799999999998,0.0033226648543852487,98.72188044580592,0.0033454357678529287,99.39844202981001,False
479,546,ADD,1,add_stride_optimized,,,"[[1,128,1],[1,128,49]]","[[1,128,49]]",[],60,1.039114,0.017318566666666667,0.017239499999999998,0.018700599999999998,0.0033156864033547203,98.72519613220928,0.003338409492045747,99.40178043930206,False
480,729,ADD,1,add_stride_optimized,,,"[[1,128,1],[1,128,49]]","[[1,128,49]]",[],60,1.036205,0.017270083333333335,0.0172655,0.01875,0.0033064041381293853,98.7285025363474,0.0033290636135258145,99.40510950291558,False
481,516,ADD,1,add_stride_optimized,,,"[[1,128,1],[1,128,49]]","[[1,128,49]]",[],60,1.035991,0.01726651666666667,0.017031,0.01882285,0.003305721290154747,98.73180825763757,0.003328376085851952,99.40843787900143,False
482,71,RELU,1,relu_stride_optimized,,,"[[1,128,49]]","[[1,128,49]]",[],60,1.03318,0.017219666666666668,0.017135,0.017661200000000002,0.0032967517310112555,98.73510500936858,0.0033193450564536946,99.41175722405788,False
483,759,ADD,1,add_stride_optimized,,,"[[1,128,1],[1,128,49]]","[[1,128,49]]",[],60,1.030991,0.017183183333333334,0.017187,0.0187526,0.0032897668982239544,98.7383947762668,0.0033123123551542337,99.41506953641303,False
484,501,ADD,1,add_stride_optimized,,,"[[1,128,1],[1,128,49]]","[[1,128,49]]",[],60,1.028747,0.017145783333333334,0.016797,0.01872405,0.0032826065671254148,98.74167738283393,0.0033051029528170977,99.41837463936585,False
485,63,ADD,1,add_stride_optimized,,,"[[1,128,1],[1,128,49]]","[[1,128,49]]",[],60,1.028642,0.017144033333333333,0.015781,0.018140699999999996,0.0032822715248948683,98.74495965435882,0.0033047656144724463,99.42167940498032,False
486,486,ADD,1,add_stride_optimized,,,"[[1,128,1],[1,128,49]]","[[1,128,49]]",[],60,1.023383,0.01705638333333333,0.016901,0.018489049999999996,0.0032654906954620606,98.74822514505429,0.0032878697825245856,99.42496727476285,False
487,714,ADD,1,add_stride_optimized,,,"[[1,128,1],[1,128,49]]","[[1,128,49]]",[],60,1.021931,0.017032183333333333,0.016823,0.018391199999999996,0.0032608575400453585,98.75148600259433,0.003283204875129968,99.42825047963798,False
488,471,ADD,1,add_stride_optimized,,,"[[1,128,1],[1,128,49]]","[[1,128,49]]",[],60,1.019269,0.016987816666666666,0.016771,0.018958,0.0032523634217814044,98.75473836601611,0.003274652544906503,99.43152513218288,False
489,699,ADD,1,add_stride_optimized,,,"[[1,128,1],[1,128,49]]","[[1,128,49]]",[],60,1.013177,0.01688628333333333,0.016667,0.018430199999999994,0.0032329245906529266,98.75797129060676,0.0032550804954244034,99.4347802126783,False
490,684,ADD,1,add_stride_optimized,,,"[[1,128,1],[1,128,49]]","[[1,128,49]]",[],60,1.009422,0.0168237,0.0165885,0.018413649999999997,0.0032209428423129014,98.76119223344908,0.003243016633670417,99.43802322931198,False
491,396,ADD,1,add_stride_optimized,,,"[[1,128,1],[1,128,49]]","[[1,128,49]]",[],60,1.009067,0.016817783333333333,0.0163545,0.0190812,0.003219810080485815,98.76441204352956,0.0032418761087908794,99.44126510542077,False
492,456,ADD,1,add_stride_optimized,,,"[[1,128,1],[1,128,49]]","[[1,128,49]]",[],60,1.007346,0.0167891,0.016640500000000003,0.018404199999999996,0.0032143185787832365,98.76762636210835,0.003236346972684724,99.44450145239345,False
493,426,ADD,1,add_stride_optimized,,,"[[1,128,1],[1,128,49]]","[[1,128,49]]",[],60,1.003595,0.016726583333333333,0.016614,0.018497800000000002,0.003202349593956756,98.77082871170231,0.003224295961915297,99.44772574835537,False
494,639,ADD,1,add_stride_optimized,,,"[[1,128,1],[1,128,49]]","[[1,128,49]]",[],60,0.995834,0.016597233333333333,0.0163025,0.0186044,0.0031775851868017795,98.77400629688911,0.0031993618391262984,99.45092511019449,False
495,441,ADD,1,add_stride_optimized,,,"[[1,128,1],[1,128,49]]","[[1,128,49]]",[],60,0.9939600000000001,0.016566,0.016458,0.017971599999999997,0.0031716054807061187,98.77717790236981,0.003193341152860793,99.45411845134736,False
496,366,ADD,1,add_stride_optimized,,,"[[1,128,1],[1,128,49]]","[[1,128,49]]",[],60,0.993645,0.01656075,0.015989,0.01849165,0.0031706003540144783,98.78034850272383,0.003192329137826837,99.45731078048519,False
497,246,ADD,1,add_stride_optimized,,,"[[1,128,1],[1,128,49]]","[[1,128,49]]",[],60,0.989532,0.0164922,0.016224000000000002,0.0182862,0.0031574762712122083,98.78350597899504,0.003179115112954894,99.46048989559814,False
498,654,ADD,1,add_stride_optimized,,,"[[1,128,1],[1,128,49]]","[[1,128,49]]",[],60,0.989378,0.016489633333333333,0.0163805,0.017924799999999998,0.0031569848759407403,98.78666296387098,0.003178620350049405,99.4636685159482,False
499,411,ADD,1,add_stride_optimized,,,"[[1,128,1],[1,128,49]]","[[1,128,49]]",[],60,0.9882270000000001,0.01647045,0.016198,0.018296649999999998,0.0031533121749182723,98.7898162760459,0.00317492247924279,99.46684343842745,False
500,609,ADD,1,add_stride_optimized,,,"[[1,128,1],[1,128,49]]","[[1,128,49]]",[],60,0.981453,0.016357550000000002,0.016146,0.0180236,0.003131697164730434,98.79294797321063,0.003153159336893521,99.46999659776434,False
501,381,ADD,1,add_stride_optimized,,,"[[1,128,1],[1,128,49]]","[[1,128,49]]",[],60,0.979692,0.0163282,0.016198,0.01789105,0.003126078027892409,98.79607405123852,0.0031475016909417847,99.47314409945528,False
502,213,ADD,1,add_stride_optimized,,,"[[1,128,1],[1,128,49]]","[[1,128,49]]",[],60,0.975419,0.016256983333333332,0.015573,0.018691899999999997,0.003112443404548354,98.79918649464307,0.0031337736266875147,99.47627787308197,False
503,336,ADD,1,add_stride_optimized,,,"[[1,128,1],[1,128,49]]","[[1,128,49]]",[],60,0.966245,0.016104083333333335,0.015885,0.01783285,0.003083170286233735,98.8022696649293,0.003104299893603342,99.47938217297558,False
504,351,ADD,1,add_stride_optimized,,,"[[1,128,1],[1,128,49]]","[[1,128,49]]",[],60,0.966201,0.01610335,0.016015500000000002,0.01760755,0.0030830298875847446,98.80535269481689,0.003104158532773201,99.48248633150835,False
505,306,ADD,1,add_stride_optimized,,,"[[1,128,1],[1,128,49]]","[[1,128,49]]",[],60,0.960673,0.016011216666666668,0.015729,0.0181978,0.0030653907118660603,98.80841808552876,0.0030863984721138044,99.48557272998048,False
506,321,ADD,1,add_stride_optimized,,,"[[1,128,1],[1,128,49]]","[[1,128,49]]",[],60,0.955835,0.015930583333333335,0.015754999999999998,0.01777825,0.0030499532422338252,98.811468038771,0.0030708552062906924,99.48864358518676,False
507,261,ADD,1,add_stride_optimized,,,"[[1,128,1],[1,128,49]]","[[1,128,49]]",[],60,0.949944,0.0158324,0.0155725,0.017611800000000004,0.0030311557776609654,98.81449919454866,0.0030519289187826404,99.49169551410554,False
508,183,ADD,1,add_stride_optimized,,,"[[1,128,1],[1,128,49]]","[[1,128,49]]",[],60,0.94938,0.015823,0.0151565,0.017609250000000003,0.0030293561222511723,98.81752855067091,0.0030501169299599383,99.4947456310355,False
509,291,ADD,1,add_stride_optimized,,,"[[1,128,1],[1,128,49]]","[[1,128,49]]",[],60,0.94495,0.015749166666666665,0.015625,0.017258199999999998,0.0030152205310004896,98.82054377120191,0.0030358844645617597,99.49778151550007,False
510,78,ADD,1,add_stride_optimized,,,"[[1,128,1],[1,128,49]]","[[1,128,49]]",[],60,0.944062,0.015734366666666666,0.015286,0.01732225,0.003012387030993581,98.8235561582329,0.003033031545989845,99.50081454704606,False
511,198,ADD,1,add_stride_optimized,,,"[[1,128,1],[1,128,49]]","[[1,128,49]]",[],60,0.943646,0.015727433333333332,0.015494500000000001,0.017463600000000003,0.003011059625584939,98.82656721785848,0.003031695043595795,99.50384624208965,False
512,108,ADD,1,add_stride_optimized,,,"[[1,128,1],[1,128,49]]","[[1,128,49]]",[],60,0.939114,0.0156519,0.015442500000000001,0.017970600000000003,0.0029965985647388686,98.82956381642322,0.0030171348780913833,99.50686337696774,False
513,276,ADD,1,add_stride_optimized,,,"[[1,128,1],[1,128,49]]","[[1,128,49]]",[],60,0.938026,0.015633766666666667,0.0153645,0.0180236,0.0029931268890547283,98.83255694331227,0.0030136394102915597,99.50987701637804,False
514,93,ADD,1,add_stride_optimized,,,"[[1,128,1],[1,128,49]]","[[1,128,49]]",[],60,0.93536,0.015589333333333334,0.0147655,0.01724,0.0029846200072772295,98.83554156331955,0.0030050742290835364,99.51288209060712,False
515,168,ADD,1,add_stride_optimized,,,"[[1,128,1],[1,128,49]]","[[1,128,49]]",[],60,0.932446,0.015540766666666667,0.0152865,0.01818745,0.0029753217876599637,98.83851688510721,0.002995712286832906,99.51587780289395,False
516,153,ADD,1,add_stride_optimized,,,"[[1,128,1],[1,128,49]]","[[1,128,49]]",[],60,0.926299,0.015438316666666667,0.015052,0.017714199999999996,0.0029557074582202475,98.84147259256544,0.0029759635363131314,99.51885376643027,False
517,138,ADD,1,add_stride_optimized,,,"[[1,128,1],[1,128,49]]","[[1,128,49]]",[],60,0.917499,0.015291649999999999,0.014922,0.017890999999999997,0.002927627728422052,98.84440022029386,0.0029476913702851473,99.52180145780055,False
518,123,ADD,1,add_stride_optimized,,,"[[1,128,1],[1,128,49]]","[[1,128,49]]",[],60,0.908498,0.015141633333333333,0.014791499999999999,0.017461,0.0028989066320682395,98.84729912692593,0.002918773442283115,99.52472023124284,False
519,36,DEQUANTIZE_LINEAR,1,dequantize_linear_neon_combined,,,"[[1,128,49],[],[]]","[[1,128,49]]","[[],[]]",60,0.850265,0.014171083333333334,0.013568,0.016104399999999998,0.0027130922110070706,98.85001221913694,0.0027316855963390708,99.52745191683918,False
520,766,DEQUANTIZE_LINEAR,1,dequantize_linear_neon_combined,,,"[[1,128,49],[],[]]","[[1,128,49]]","[[],[]]",60,0.8112010000000001,0.013520016666666667,0.010704,0.013929449999999998,0.0025884437377301744,98.85260066287468,0.0026061828811439376,99.53005809972032,False
521,226,REDUCE_MEAN,1,reduce_mean_stride_optimized,,,"[[1,128,49]]","[[1,128,1]]",[],60,0.790883,0.013181383333333333,0.0117965,0.0162734,0.0025236114706802056,98.85512427434536,0.00254090630508069,99.53259900602541,False
522,508,DEQUANTIZE_LINEAR,1,dequantize_linear_neon_combined,,,"[[1,128,49],[],[]]","[[1,128,49]]","[[],[]]",60,0.708955,0.011815916666666667,0.011432,0.0139606,0.0022621891862590108,98.85738646353161,0.0022776924393601594,99.53487669846477,False
523,811,DEQUANTIZE_LINEAR,1,dequantize_linear_neon_combined,,,"[[1,128,49],[],[]]","[[1,128,49]]","[[],[]]",60,0.7013,0.011688333333333334,0.010781,0.0142242,0.002237763012212967,98.85962422654383,0.0022530988676619525,99.53712979733243,False
524,796,DEQUANTIZE_LINEAR,1,dequantize_linear_neon_combined,,,"[[1,128,49],[],[]]","[[1,128,49]]","[[],[]]",60,0.700572,0.0116762,0.011224,0.01438285,0.002235440052747844,98.86185966659657,0.002250759988472365,99.5393805573209,False
525,43,REDUCE_MEAN,1,reduce_mean_stride_optimized,,,"[[1,128,49]]","[[1,128,1]]",[],60,0.700471,0.011674516666666666,0.010859,0.014533599999999999,0.002235117774030842,98.86409478437061,0.002250435501112271,99.54163099282201,False
526,433,DEQUANTIZE_LINEAR,1,dequantize_linear_neon_combined,,,"[[1,128,49],[],[]]","[[1,128,49]]","[[],[]]",60,0.6930270000000001,0.01155045,0.010547,0.014164449999999999,0.002211364875324278,98.86630614924593,0.0022265198188495083,99.54385751264086,False
527,538,DEQUANTIZE_LINEAR,1,dequantize_linear_neon_combined,,,"[[1,128,49],[],[]]","[[1,128,49]]","[[],[]]",60,0.692136,0.0115356,0.011094,0.013947749999999995,0.002208521802682211,98.86851467104862,0.002223657262039175,99.54608116990289,False
528,422,AVERAGE_POOL,1,average_pool_stride_optimized,,,"[[1,128,49]]","[[1,128,1]]",[],60,0.691195,0.011519916666666666,0.0078905,0.01166955,0.0022055191861208357,98.87072019023474,0.0022206340679218643,99.54830180397082,False
529,754,REDUCE_MEAN,1,reduce_mean_stride_optimized,,,"[[1,128,49]]","[[1,128,1]]",[],60,0.687753,0.011462549999999998,0.010312499999999999,0.0130808,0.002194536182715678,98.87291472641745,0.0022095757957095548,99.55051137976652,False
530,589,REDUCE_MEAN,1,reduce_mean_stride_optimized,,,"[[1,128,49]]","[[1,128,1]]",[],60,0.686203,0.011436716666666668,0.010573,0.013271599999999998,0.0021895903212171323,98.87510431673867,0.0022045960391932624,99.55271597580571,False
531,541,REDUCE_MEAN,1,reduce_mean_stride_optimized,,,"[[1,128,49]]","[[1,128,1]]",[],60,0.68151,0.011358499999999999,0.010260499999999999,0.0127636,0.0021746155289508904,98.87727893226763,0.002189518621560384,99.55490549442727,False
532,523,DEQUANTIZE_LINEAR,1,dequantize_linear_neon_combined,,,"[[1,128,49],[],[]]","[[1,128,49]]","[[],[]]",60,0.674791,0.011246516666666668,0.0108855,0.013911199999999999,0.0021531760170742913,98.8794321082847,0.0021679321802487903,99.55707342660752,False
533,781,DEQUANTIZE_LINEAR,1,dequantize_linear_neon_combined,,,"[[1,128,49],[],[]]","[[1,128,49]]","[[],[]]",60,0.674011,0.011233516666666667,0.010703,0.0141358,0.0021506871319330874,98.88158279541663,0.0021654262382599463,99.55923885284578,False
534,556,REDUCE_MEAN,1,reduce_mean_stride_optimized,,,"[[1,128,49]]","[[1,128,1]]",[],60,0.671196,0.0111866,0.010911,0.013247249999999999,0.002141704809276051,98.88372450022591,0.002156382357877131,99.56139523520366,False
535,568,DEQUANTIZE_LINEAR,1,dequantize_linear_neon_combined,,,"[[1,128,49],[],[]]","[[1,128,49]]","[[],[]]",60,0.66698,0.011116333333333334,0.010807,0.01283545,0.002128252066000007,98.88585275229191,0.002142837420152815,99.56353807262381,False
536,604,REDUCE_MEAN,1,reduce_mean_stride_optimized,,,"[[1,128,49]]","[[1,128,1]]",[],60,0.666513,0.01110855,0.010208499999999999,0.01431809999999999,0.002126761925793671,98.8879795142177,0.0021413370677056485,99.56567940969153,False
537,88,REDUCE_MEAN,1,reduce_mean_stride_optimized,,,"[[1,128,49]]","[[1,128,1]]",[],60,0.666296,0.011104933333333334,0.009296,0.018656499999999996,0.0021260695051838747,98.89010558372289,0.002140639901793367,99.56782004959332,False
538,631,DEQUANTIZE_LINEAR,1,dequantize_linear_neon_combined,,,"[[1,128,49],[],[]]","[[1,128,49]]","[[],[]]",60,0.664686,0.0110781,0.0101825,0.013809899999999996,0.002120932190982159,98.89222651591386,0.002135467380508702,99.56995551697383,False
539,736,DEQUANTIZE_LINEAR,1,dequantize_linear_neon_combined,,,"[[1,128,49],[],[]]","[[1,128,49]]","[[],[]]",60,0.664319,0.011071983333333334,0.010521,0.01411665,0.0021197611386144393,98.89434627705248,0.0021342883026754895,99.5720898052765,False
540,511,REDUCE_MEAN,1,reduce_mean_stride_optimized,,,"[[1,128,49]]","[[1,128,1]]",[],60,0.664009,0.011066816666666666,0.010417,0.0144374,0.0021187719663147303,98.89646504901879,0.002133292351372231,99.57422309762788,False
541,463,DEQUANTIZE_LINEAR,1,dequantize_linear_neon_combined,,,"[[1,128,49],[],[]]","[[1,128,49]]","[[],[]]",60,0.662859,0.01104765,0.010312499999999999,0.013551449999999998,0.002115102456170648,98.89858015147496,0.0021295976933117557,99.57635269532119,False
542,814,REDUCE_MEAN,1,reduce_mean_stride_optimized,,,"[[1,128,49]]","[[1,128,1]]",[],60,0.662759,0.011045983333333334,0.010364499999999999,0.014284050000000001,0.002114783368332032,98.90069493484329,0.002129276418697801,99.57848197173989,False
543,104,AVERAGE_POOL,1,average_pool_stride_optimized,,,"[[1,128,49]]","[[1,128,1]]",[],60,0.662654,0.011044233333333332,0.007474,0.01036405,0.0021144483261014853,98.90280938316938,0.0021289390803531493,99.58061091082024,False
544,436,REDUCE_MEAN,1,reduce_mean_stride_optimized,,,"[[1,128,49]]","[[1,128,1]]",[],60,0.66214,0.011035666666666666,0.0098435,0.013044449999999997,0.002112808214611,98.90492219138399,0.002127287728837424,99.58273819854908,False
545,553,DEQUANTIZE_LINEAR,1,dequantize_linear_neon_combined,,,"[[1,128,49],[],[]]","[[1,128,49]]","[[],[]]",60,0.661924,0.011032066666666666,0.010833,0.0125546,0.0021121189848795894,98.90703431036887,0.0021265937756712824,99.58486479232475,False
546,769,REDUCE_MEAN,1,reduce_mean_stride_optimized,,,"[[1,128,49]]","[[1,128,1]]",[],60,0.661415,0.011023583333333333,0.010573,0.013125,0.002110494827781035,98.90914480519665,0.002124958487886255,99.58698975081263,False
547,571,REDUCE_MEAN,1,reduce_mean_stride_optimized,,,"[[1,128,49]]","[[1,128,1]]",[],60,0.661199,0.011019983333333334,0.010364499999999999,0.012679449999999998,0.0021098055980496248,98.9112546107947,0.002124264534720113,99.58911401534735,False
548,739,REDUCE_MEAN,1,reduce_mean_stride_optimized,,,"[[1,128,49]]","[[1,128,1]]",[],60,0.659064,0.0109844,0.010495,0.013223899999999997,0.0021029930726951763,98.9133576038674,0.0021174053217121874,99.59123142066906,False
549,799,REDUCE_MEAN,1,reduce_mean_stride_optimized,,,"[[1,128,49]]","[[1,128,1]]",[],60,0.656408,0.010940133333333333,0.0103385,0.013249849999999997,0.002094518099701539,98.91545212196709,0.0021088722679655594,99.59334029293703,False
550,526,REDUCE_MEAN,1,reduce_mean_stride_optimized,,,"[[1,128,49]]","[[1,128,1]]",[],60,0.655314,0.0109219,0.010338,0.01323425,0.002091027278747082,98.91754314924584,0.002105357523688899,99.59544565046072,False
551,478,DEQUANTIZE_LINEAR,1,dequantize_linear_neon_combined,,,"[[1,128,49],[],[]]","[[1,128,49]]","[[],[]]",60,0.654533,0.010908883333333334,0.010677,0.01309545,0.0020885352027274918,98.91963168444858,0.0021028483689539156,99.59754849882967,False
552,784,REDUCE_MEAN,1,reduce_mean_stride_optimized,,,"[[1,128,49]]","[[1,128,1]]",[],60,0.652557,0.01087595,0.010625,0.012448,0.002082230027036443,98.92171391447562,0.0020964999825821774,99.59964499881225,False
553,418,DEQUANTIZE_LINEAR,1,dequantize_linear_neon_combined,,,"[[1,128,49],[],[]]","[[1,128,49]]","[[],[]]",60,0.652134,0.010868899999999999,0.010157,0.011950499999999996,0.0020808802854790976,98.9237947947611,0.0020951409909651503,99.60174013980321,False
554,316,REDUCE_MEAN,1,reduce_mean_stride_optimized,,,"[[1,128,49]]","[[1,128,1]]",[],60,0.651662,0.010861033333333332,0.010052,0.01286665,0.002079374190880831,98.92587416895198,0.0020936245747872856,99.603833764378,False
555,619,REDUCE_MEAN,1,reduce_mean_stride_optimized,,,"[[1,128,49]]","[[1,128,1]]",[],60,0.651614,0.010860233333333334,0.0097655,0.01614789999999999,0.0020792210287182956,98.9279533899807,0.0020934703629725874,99.60592723474097,False
556,751,DEQUANTIZE_LINEAR,1,dequantize_linear_neon_combined,,,"[[1,128,49],[],[]]","[[1,128,49]]","[[],[]]",60,0.650051,0.010834183333333334,0.010364499999999999,0.0134432,0.0020742336858007296,98.9300276236665,0.0020884488407564806,99.60801568358173,False
557,586,DEQUANTIZE_LINEAR,1,dequantize_linear_neon_combined,,,"[[1,128,49],[],[]]","[[1,128,49]]","[[],[]]",60,0.648174,0.0108029,0.010599,0.012729799999999998,0.00206824440706991,98.93209586807357,0.002082418516252557,99.61009810209798,False
558,208,REDUCE_MEAN,1,reduce_mean_stride_optimized,,,"[[1,128,49]]","[[1,128,1]]",[],60,0.647919,0.01079865,0.009583,0.014419249999999998,0.0020674307330814396,98.93416329880665,0.0020815992659869737,99.61217970136397,False
559,376,REDUCE_MEAN,1,reduce_mean_stride_optimized,,,"[[1,128,49]]","[[1,128,1]]",[],60,0.646668,0.0107778,0.009557,0.014121849999999998,0.002063438944220355,98.93622673775087,0.002077580120566405,99.61425728148454,False
560,661,DEQUANTIZE_LINEAR,1,dequantize_linear_neon_combined,,,"[[1,128,49],[],[]]","[[1,128,49]]","[[],[]]",60,0.6460899999999999,0.010768166666666665,0.010182,0.012974299999999996,0.0020615946165131556,98.93828833236738,0.0020757231532977484,99.61633300463784,False
561,706,DEQUANTIZE_LINEAR,1,dequantize_linear_neon_combined,,,"[[1,128,49],[],[]]","[[1,128,49]]","[[],[]]",60,0.645465,0.01075775,0.010364,0.012893599999999998,0.0020596003175218066,98.9403479326849,0.0020737151869605337,99.6184067198248,False
562,391,REDUCE_MEAN,1,reduce_mean_stride_optimized,,,"[[1,128,49]]","[[1,128,1]]",[],60,0.644481,0.01074135,0.009844,0.013621749999999993,0.0020564604931898266,98.9424043931781,0.002070553844759223,99.62047727366956,False
563,403,DEQUANTIZE_LINEAR,1,dequantize_linear_neon_combined,,,"[[1,128,49],[],[]]","[[1,128,49]]","[[],[]]",60,0.644474,0.010741233333333332,0.010417,0.013729199999999999,0.0020564381570411234,98.94446083133514,0.002070531355536246,99.6225478050251,False
564,406,REDUCE_MEAN,1,reduce_mean_stride_optimized,,,"[[1,128,49]]","[[1,128,1]]",[],60,0.644319,0.010738649999999999,0.009922,0.013208349999999995,0.002055943570891269,98.94651677490603,0.0020700333798846166,99.62461783840499,False
565,721,DEQUANTIZE_LINEAR,1,dequantize_linear_neon_combined,,,"[[1,128,49],[],[]]","[[1,128,49]]","[[],[]]",60,0.64266,0.010711,0.010261,0.0135602,0.002050649903648632,98.94856742480968,0.002064703434039114,99.62668254183903,False
566,346,REDUCE_MEAN,1,reduce_mean_stride_optimized,,,"[[1,128,49]]","[[1,128,1]]",[],60,0.641562,0.0106927,0.009479,0.015085999999999992,0.00204714631918063,98.95061457112887,0.0020611758387778945,99.6287437176778,False
567,676,DEQUANTIZE_LINEAR,1,dequantize_linear_neon_combined,,,"[[1,128,49],[],[]]","[[1,128,49]]","[[],[]]",60,0.640367,0.010672783333333333,0.0103385,0.013909599999999998,0.0020433332195091704,98.95265790434837,0.00205733660714114,99.63080105428494,False
568,493,DEQUANTIZE_LINEAR,1,dequantize_linear_neon_combined,,,"[[1,128,49],[],[]]","[[1,128,49]]","[[],[]]",60,0.639735,0.010662250000000002,0.010260499999999999,0.012317049999999998,0.0020413165843691182,98.95469922093274,0.0020553061515809485,99.63285636043652,False
569,271,REDUCE_MEAN,1,reduce_mean_stride_optimized,,,"[[1,128,49]]","[[1,128,1]]",[],60,0.639686,0.010661433333333333,0.009375,0.015674499999999997,0.0020411602313281964,98.95674038116407,0.002055148727020111,99.63491150916354,False
570,691,DEQUANTIZE_LINEAR,1,dequantize_linear_neon_combined,,,"[[1,128,49],[],[]]","[[1,128,49]]","[[],[]]",60,0.639582,0.0106597,0.010078,0.013817649999999999,0.002040828379976036,98.95878120954404,0.0020548146014215986,99.63696632376497,False
571,709,REDUCE_MEAN,1,reduce_mean_stride_optimized,,,"[[1,128,49]]","[[1,128,1]]",[],60,0.639534,0.0106589,0.010104,0.012297200000000001,0.0020406752178135004,98.96082188476186,0.0020546603896069004,99.63902098415457,False
572,193,REDUCE_MEAN,1,reduce_mean_stride_optimized,,,"[[1,128,49]]","[[1,128,1]]",[],60,0.639324,0.0106554,0.0097915,0.015530499999999997,0.0020400051333524074,98.96286188989521,0.0020539857129175964,99.64107496986749,False
573,73,REDUCE_MEAN,1,reduce_mean_stride_optimized,,,"[[1,128,49]]","[[1,128,1]]",[],60,0.637447,0.010624116666666666,0.009323,0.011747949999999986,0.0020340158546215876,98.96489590574983,0.002047955388413673,99.64312292525591,False
574,694,REDUCE_MEAN,1,reduce_mean_stride_optimized,,,"[[1,128,49]]","[[1,128,1]]",[],60,0.636665,0.010611083333333333,0.0102345,0.012507800000000001,0.0020315205877236113,98.96692742633755,0.0020454430209325496,99.64516836827684,False
575,646,DEQUANTIZE_LINEAR,1,dequantize_linear_neon_combined,,,"[[1,128,49],[],[]]","[[1,128,49]]","[[],[]]",60,0.636459,0.01060765,0.010364499999999999,0.012807849999999997,0.002030863266776063,98.96895828960433,0.0020447811952278034,99.64721314947207,False
576,331,REDUCE_MEAN,1,reduce_mean_stride_optimized,,,"[[1,128,49]]","[[1,128,1]]",[],60,0.636148,0.010602466666666668,0.00974,0.017207949999999996,0.0020298709035979677,98.97098816050793,0.002043782031178406,99.64925693150325,False
577,373,DEQUANTIZE_LINEAR,1,dequantize_linear_neon_combined,,,"[[1,128,49],[],[]]","[[1,128,49]]","[[],[]]",60,0.635776,0.010596266666666666,0.010208,0.013828049999999998,0.0020286838968383166,98.97301684440477,0.0020425868896144952,99.65129951839286,False
578,388,DEQUANTIZE_LINEAR,1,dequantize_linear_neon_combined,,,"[[1,128,49],[],[]]","[[1,128,49]]","[[],[]]",60,0.633592,0.010559866666666667,0.010052,0.013698049999999998,0.0020217150184429463,98.97503855942321,0.0020355702520457324,99.65333508864491,False
579,361,REDUCE_MEAN,1,reduce_mean_stride_optimized,,,"[[1,128,49]]","[[1,128,1]]",[],60,0.633226,0.010553766666666665,0.009609,0.013036649999999999,0.002020547156953612,98.97705910658017,0.002034394386958659,99.65536948303186,False
580,466,REDUCE_MEAN,1,reduce_mean_stride_optimized,,,"[[1,128,49]]","[[1,128,1]]",[],60,0.631981,0.010533016666666667,0.009792,0.013457849999999999,0.002016574513362845,98.97907568109353,0.002030394518014927,99.65739987754988,False
581,496,REDUCE_MEAN,1,reduce_mean_stride_optimized,,,"[[1,128,49]]","[[1,128,1]]",[],60,0.6313570000000001,0.010522616666666668,0.009974,0.012507800000000001,0.002014583405249882,98.98109026449879,0.002028389764423852,99.6594282673143,False
582,679,REDUCE_MEAN,1,reduce_mean_stride_optimized,,,"[[1,128,49]]","[[1,128,1]]",[],60,0.63125,0.010520833333333333,0.010052499999999999,0.0131276,0.0020142419812625633,98.98310450648005,0.0020280460005869206,99.66145631331489,False
583,301,REDUCE_MEAN,1,reduce_mean_stride_optimized,,,"[[1,128,49]]","[[1,128,1]]",[],60,0.631144,0.010519066666666667,0.009427,0.01246625,0.0020139037481536307,98.9851184102282,0.002027705449496129,99.66348401876438,False
584,616,DEQUANTIZE_LINEAR,1,dequantize_linear_neon_combined,,,"[[1,128,49],[],[]]","[[1,128,49]]","[[],[]]",60,0.629846,0.010497433333333334,0.010182,0.01334865,0.0020097619880083966,98.9871281722162,0.0020235353050070018,99.66550755406939,False
585,286,REDUCE_MEAN,1,reduce_mean_stride_optimized,,,"[[1,128,49]]","[[1,128,1]]",[],60,0.629429,0.010490483333333333,0.009271,0.012961349999999995,0.0020084313917213686,98.98913660360792,0.002022195589866812,99.66752974965927,False
586,448,DEQUANTIZE_LINEAR,1,dequantize_linear_neon_combined,,,"[[1,128,49],[],[]]","[[1,128,49]]","[[],[]]",60,0.628746,0.0104791,0.01013,0.01229105,0.0020062520217836223,98.9911428556297,0.0020200012842535035,99.66954975094352,False
587,601,DEQUANTIZE_LINEAR,1,dequantize_linear_neon_combined,,,"[[1,128,49],[],[]]","[[1,128,49]]","[[],[]]",60,0.627293,0.010454883333333333,0.010182,0.01193225,0.002001615675488534,98.99314447130519,0.0020153331641127466,99.67156508410763,False
588,100,DEQUANTIZE_LINEAR,1,dequantize_linear_neon_combined,,,"[[1,128,49],[],[]]","[[1,128,49]]","[[],[]]",60,0.626042,0.010434033333333334,0.009688,0.012541649999999998,0.00199762388662745,98.99514209519181,0.0020113140186921777,99.67357639812631,False
589,724,REDUCE_MEAN,1,reduce_mean_stride_optimized,,,"[[1,128,49]]","[[1,128,1]]",[],60,0.625725,0.010428749999999999,0.010156,0.012458400000000001,0.0019966123781790376,98.99713870756999,0.0020102955781659423,99.67558669370447,False
590,148,REDUCE_MEAN,1,reduce_mean_stride_optimized,,,"[[1,128,49]]","[[1,128,1]]",[],60,0.624589,0.010409816666666665,0.009609,0.011953049999999998,0.001992987540332361,98.99913169511032,0.002006645898551421,99.67759333960302,False
591,268,DEQUANTIZE_LINEAR,1,dequantize_linear_neon_combined,,,"[[1,128,49],[],[]]","[[1,128,49]]","[[],[]]",60,0.624531,0.010408849999999999,0.01026,0.013249849999999997,0.0019928024693859642,99.00112449757971,0.002006459559275327,99.67959979916229,False
592,649,REDUCE_MEAN,1,reduce_mean_stride_optimized,,,"[[1,128,49]]","[[1,128,1]]",[],60,0.622814,0.010380233333333332,0.010104,0.0124038,0.0019873237311969303,99.00311182131091,0.002000943274153731,99.68160074243644,False
593,481,REDUCE_MEAN,1,reduce_mean_stride_optimized,,,"[[1,128,49]]","[[1,128,1]]",[],60,0.622719,0.01037865,0.009948,0.012823349999999999,0.001987020597750245,99.00509884190866,0.0020006380632704743,99.68360138049971,False
594,451,REDUCE_MEAN,1,reduce_mean_stride_optimized,,,"[[1,128,49]]","[[1,128,1]]",[],60,0.621617,0.010360283333333333,0.009818,0.01255815,0.001983504249768698,99.00708234615843,0.001997097617024697,99.68559847811673,False
595,241,REDUCE_MEAN,1,reduce_mean_stride_optimized,,,"[[1,128,49]]","[[1,128,1]]",[],60,0.620107,0.010335116666666666,0.009766,0.013112149999999994,0.001978686023405599,99.00906103218183,0.0019922463703539862,99.68759072448708,False
596,343,DEQUANTIZE_LINEAR,1,dequantize_linear_neon_combined,,,"[[1,128,49],[],[]]","[[1,128,49]]","[[],[]]",60,0.620105,0.010335083333333333,0.009922,0.013148449999999999,0.0019786796416488266,99.01103971182349,0.001992239944861707,99.68958296443193,False
597,634,REDUCE_MEAN,1,reduce_mean_stride_optimized,,,"[[1,128,49]]","[[1,128,1]]",[],60,0.619067,0.010317783333333334,0.009922,0.0125624,0.001975367509883994,99.01301507933337,0.0019889051143688607,99.69157186954631,False
598,358,DEQUANTIZE_LINEAR,1,dequantize_linear_neon_combined,,,"[[1,128,49],[],[]]","[[1,128,49]]","[[],[]]",60,0.618386,0.010306433333333333,0.009896,0.013221299999999997,0.00197319452170302,99.01498827385507,0.0019867172342478315,99.69355858678055,False
599,205,DEQUANTIZE_LINEAR,1,dequantize_linear_neon_combined,,,"[[1,128,49],[],[]]","[[1,128,49]]","[[],[]]",60,0.616718,0.010278633333333334,0.009792,0.013205649999999998,0.001967872136554908,99.01695614599163,0.001981358373687073,99.69553994515424,False
600,103,REDUCE_MEAN,1,reduce_mean_stride_optimized,,,"[[1,128,49]]","[[1,128,1]]",[],60,0.616618,0.010276966666666667,0.009479,0.015974449999999998,0.0019675530487162918,99.01892369904034,0.0019810370990731184,99.69752098225331,False
601,421,REDUCE_MEAN,1,reduce_mean_stride_optimized,,,"[[1,128,49]]","[[1,128,1]]",[],60,0.615471,0.01025785,0.009688,0.012181949999999993,0.001963893111207368,99.02088759215155,0.001977352079251062,99.69949833433256,False
602,190,DEQUANTIZE_LINEAR,1,dequantize_linear_neon_combined,,,"[[1,128,49],[],[]]","[[1,128,49]]","[[],[]]",60,0.614693,0.010244883333333335,0.009792,0.011875099999999998,0.0019614106078229368,99.02284900275937,0.001974852562754497,99.70147318689531,False
603,256,REDUCE_MEAN,1,reduce_mean_stride_optimized,,,"[[1,128,49]]","[[1,128,1]]",[],60,0.614221,0.010237016666666666,0.0095575,0.0127818,0.00195990451322467,99.0248089072726,0.001973336146576632,99.70344652304189,False
604,178,REDUCE_MEAN,1,reduce_mean_stride_optimized,,,"[[1,128,49]]","[[1,128,1]]",[],60,0.614013,0.010233550000000001,0.0095835,0.013125,0.001959240810520349,99.02676814808312,0.0019726678953796073,99.70541919093726,False
605,70,DEQUANTIZE_LINEAR,1,dequantize_linear_neon_combined,,,"[[1,128,49],[],[]]","[[1,128,49]]","[[],[]]",60,0.613283,0.010221383333333334,0.009635,0.010765549999999995,0.0019569114692984534,99.02872505955241,0.0019703225906977403,99.70738951352796,False
606,58,REDUCE_MEAN,1,reduce_mean_stride_optimized,,,"[[1,128,49]]","[[1,128,1]]",[],60,0.612961,0.010216016666666666,0.009323,0.011213699999999995,0.0019558840064581103,99.03068094355888,0.0019692880864408072,99.7093588016144,False
607,55,DEQUANTIZE_LINEAR,1,dequantize_linear_neon_combined,,,"[[1,128,49],[],[]]","[[1,128,49]]","[[],[]]",60,0.612502,0.010208366666666666,0.009948,0.011621949999999995,0.0019544193932788637,99.03263536295216,0.001967813435962757,99.71132661505037,False
608,238,DEQUANTIZE_LINEAR,1,dequantize_linear_neon_combined,,,"[[1,128,49],[],[]]","[[1,128,49]]","[[],[]]",60,0.611872,0.010197866666666666,0.0098695,0.012858899999999998,0.0019524091398955836,99.03458777209205,0.001965789405894844,99.71329240445627,False
609,253,DEQUANTIZE_LINEAR,1,dequantize_linear_neon_combined,,,"[[1,128,49],[],[]]","[[1,128,49]]","[[],[]]",60,0.61172,0.010195333333333334,0.009844,0.011932399999999994,0.0019519241263808876,99.03653969621844,0.0019653010684816336,99.71525770552475,False
610,85,DEQUANTIZE_LINEAR,1,dequantize_linear_neon_combined,,,"[[1,128,49],[],[]]","[[1,128,49]]","[[],[]]",60,0.611094,0.0101849,0.009792,0.0138072,0.001949926636511152,99.03848962285495,0.001963289889398279,99.71722099541415,False
611,328,DEQUANTIZE_LINEAR,1,dequantize_linear_neon_combined,,,"[[1,128,49],[],[]]","[[1,128,49]]","[[],[]]",60,0.610579,0.010176316666666666,0.009766,0.01318485,0.0019482833341422806,99.0404379061891,0.0019616353251364145,99.71918263073928,False
612,572,AVERAGE_POOL,1,average_pool_stride_optimized,,,"[[1,128,49]]","[[1,128,1]]",[],60,0.608493,0.01014155,0.00862,0.012455800000000001,0.001941627161828754,99.04237953335092,0.001954933536689326,99.72113756427598,False
613,664,REDUCE_MEAN,1,reduce_mean_stride_optimized,,,"[[1,128,49]]","[[1,128,1]]",[],60,0.607654,0.010127566666666667,0.009661,0.0121376,0.0019389500148627669,99.04431848336579,0.001952238042678249,99.72308980231865,False
614,298,DEQUANTIZE_LINEAR,1,dequantize_linear_neon_combined,,,"[[1,128,49],[],[]]","[[1,128,49]]","[[],[]]",60,0.607653,0.01012755,0.009791,0.011921949999999995,0.0019389468239843807,99.04625743018977,0.0019522348299321098,99.72504203714858,False
615,163,REDUCE_MEAN,1,reduce_mean_stride_optimized,,,"[[1,128,49]]","[[1,128,1]]",[],60,0.60537,0.0100895,0.0095055,0.012044,0.0019316620486287807,99.0481890922384,0.0019449001304955315,99.72698693727908,False
616,283,DEQUANTIZE_LINEAR,1,dequantize_linear_neon_combined,,,"[[1,128,49],[],[]]","[[1,128,49]]","[[],[]]",60,0.605313,0.01008855,0.00974,0.011419099999999996,0.00193148016856077,99.05012057240697,0.0019447170039655775,99.72893165428304,False
617,115,DEQUANTIZE_LINEAR,1,dequantize_linear_neon_combined,,,"[[1,128,49],[],[]]","[[1,128,49]]","[[],[]]",60,0.604846,0.010080766666666666,0.009687,0.011804849999999997,0.0019299900283544337,99.05205056243533,0.0019432166515184108,99.73087487093456,False
618,590,AVERAGE_POOL,1,average_pool_stride_optimized,,,"[[1,128,49]]","[[1,128,1]]",[],60,0.604581,0.010076350000000001,0.008385,0.0119842,0.0019291444455821019,99.05397970688091,0.0019423652737914315,99.73281723620835,False
619,223,DEQUANTIZE_LINEAR,1,dequantize_linear_neon_combined,,,"[[1,128,49],[],[]]","[[1,128,49]]","[[],[]]",60,0.603593,0.010059883333333334,0.009766,0.010997899999999996,0.0019259918577365772,99.05590569873864,0.0019391910806055624,99.73475642728896,False
620,313,DEQUANTIZE_LINEAR,1,dequantize_linear_neon_combined,,,"[[1,128,49],[],[]]","[[1,128,49]]","[[],[]]",60,0.603385,0.010056416666666667,0.0098175,0.01095785,0.0019253281550322564,99.05783102689368,0.0019385228294085375,99.73669495011836,False
621,118,REDUCE_MEAN,1,reduce_mean_stride_optimized,,,"[[1,128,49]]","[[1,128,1]]",[],60,0.603127,0.010052116666666666,0.009479,0.012578099999999997,0.0019245049084086272,99.05975553180208,0.001937693940904535,99.73863264405927,False
622,160,DEQUANTIZE_LINEAR,1,dequantize_linear_neon_combined,,,"[[1,128,49],[],[]]","[[1,128,49]]","[[],[]]",60,0.60203,0.010033833333333332,0.009636,0.01224515,0.0019210045148190115,99.0616765363169,0.0019341695583894557,99.74056681361766,False
623,40,DEQUANTIZE_LINEAR,1,dequantize_linear_neon_combined,,,"[[1,128,49],[],[]]","[[1,128,49]]","[[],[]]",60,0.601516,0.010025266666666668,0.009844,0.010814899999999999,0.001919364403328526,99.06359590072023,0.0019325182068737302,99.74249933182453,False
624,175,DEQUANTIZE_LINEAR,1,dequantize_linear_neon_combined,,,"[[1,128,49],[],[]]","[[1,128,49]]","[[],[]]",60,0.601461,0.01002435,0.009688,0.01229625,0.0019191889050172873,99.06551508962525,0.0019323415058360553,99.74443167333037,False
625,130,DEQUANTIZE_LINEAR,1,dequantize_linear_neon_combined,,,"[[1,128,49],[],[]]","[[1,128,49]]","[[],[]]",60,0.600365,0.010006083333333334,0.0096615,0.011017649999999999,0.0019156917023060577,99.06743078132756,0.0019288203360671157,99.74636049366643,False
626,145,DEQUANTIZE_LINEAR,1,dequantize_linear_neon_combined,,,"[[1,128,49],[],[]]","[[1,128,49]]","[[],[]]",60,0.600154,0.010002566666666666,0.0097395,0.011530849999999999,0.001915018426966578,99.06934579975453,0.001928142446631672,99.74828863611306,False
627,133,REDUCE_MEAN,1,reduce_mean_stride_optimized,,,"[[1,128,49]]","[[1,128,1]]",[],60,0.595519,0.009925316666666666,0.009557,0.011434649999999998,0.0019002287056467332,99.07124602846018,0.001913251368274887,99.75020188748134,False
628,542,AVERAGE_POOL,1,average_pool_stride_optimized,,,"[[1,128,49]]","[[1,128,1]]",[],60,0.580052,0.009667533333333334,0.007865,0.0117814,0.0018508753896480197,99.07309690384983,0.001863559823734566,99.75206544730507,False
629,680,AVERAGE_POOL,1,average_pool_stride_optimized,,,"[[1,128,49]]","[[1,128,1]]",[],60,0.572601,0.00954335,0.0080465,0.01166955,0.0018271001547927525,99.07492400400463,0.0018396216522488262,99.75390506895732,False
630,46,EXPAND,1,expand_stride_optimized,,,"[[1,128,1,1],[4]]","[[1,128,1,100]]",[[4]],60,0.572084,0.009534733333333333,0.009427,0.01026,0.0018254504706671083,99.07674945447529,0.001837960662494682,99.75574302961982,False
631,770,AVERAGE_POOL,1,average_pool_stride_optimized,,,"[[1,128,49]]","[[1,128,1]]",[],60,0.571143,0.00951905,0.0078905,0.0117294,0.0018224478541057332,99.0785719023294,0.0018349374683773716,99.7575779670882,False
632,44,AVERAGE_POOL,1,average_pool_stride_optimized,,,"[[1,128,49]]","[[1,128,1]]",[],60,0.570205,0.009503416666666665,0.008802,0.011413799999999998,0.0018194548101795167,99.08039135713958,0.0018319239124984796,99.7594098910007,False
633,482,AVERAGE_POOL,1,average_pool_stride_optimized,,,"[[1,128,49]]","[[1,128,1]]",[],60,0.565047,0.009417449999999999,0.0079165,0.011634899999999998,0.001802996259463711,99.08219435339903,0.0018153525679107134,99.76122524356862,False
634,620,AVERAGE_POOL,1,average_pool_stride_optimized,,,"[[1,128,49]]","[[1,128,1]]",[],60,0.559012,0.009316866666666666,0.008437,0.0118256,0.0017837393084032445,99.08397809270744,0.0017959636449585677,99.76302120721357,False
635,332,AVERAGE_POOL,1,average_pool_stride_optimized,,,"[[1,128,49]]","[[1,128,1]]",[],60,0.556462,0.009274366666666667,0.008177,0.012034549999999998,0.00177560256851854,99.08575369527595,0.0017877711423027313,99.76480897835587,False
636,740,AVERAGE_POOL,1,average_pool_stride_optimized,,,"[[1,128,49]]","[[1,128,1]]",[],60,0.543489,0.00905815,0.008151,0.011721549999999999,0.0017342073032149059,99.08748790257917,0.0017460921866344317,99.76655507054251,False
637,437,AVERAGE_POOL,1,average_pool_stride_optimized,,,"[[1,128,49]]","[[1,128,1]]",[],60,0.542289,0.00903815,0.008125,0.011772649999999999,0.0017303782491515157,99.08921828082832,0.0017422368912669796,99.76829730743377,False
638,227,AVERAGE_POOL,1,average_pool_stride_optimized,,,"[[1,128,49]]","[[1,128,1]]",[],60,0.541034,0.009017233333333334,0.008125,0.011771,0.0017263736967768864,99.0909446545251,0.0017382048948618523,99.77003551232863,False
639,725,AVERAGE_POOL,1,average_pool_stride_optimized,,,"[[1,128,49]]","[[1,128,1]]",[],60,0.540628,0.009010466666666666,0.008099,0.0118828,0.0017250782001521064,99.09266973272526,0.0017369005199291976,99.77177241284856,False
640,592,EXPAND,1,expand_stride_optimized,,,"[[1,128,1,1],[4]]","[[1,128,1,100]]",[[4]],60,0.5405719999999999,0.009009533333333332,0.009167,0.0096402,0.0017248995109624813,99.09439463223622,0.0017367206061453828,99.77350913345471,False
641,257,AVERAGE_POOL,1,average_pool_stride_optimized,,,"[[1,128,49]]","[[1,128,1]]",[],60,0.54031,0.009005166666666667,0.007526,0.0112526,0.0017240635008253077,99.09611869573705,0.0017358788666568224,99.77524501232136,False
642,815,AVERAGE_POOL,1,average_pool_stride_optimized,,,"[[1,128,49]]","[[1,128,1]]",[],60,0.539956,0.008999266666666667,0.007995,0.0118828,0.0017229339298766076,99.09784162966693,0.001734741554523424,99.77697975387589,False
643,695,AVERAGE_POOL,1,average_pool_stride_optimized,,,"[[1,128,49]]","[[1,128,1]]",[],60,0.5397379999999999,0.008995633333333333,0.008047,0.011720649999999999,0.0017222383183884253,99.09956386798532,0.0017340411758650033,99.77871379505176,False
644,755,AVERAGE_POOL,1,average_pool_stride_optimized,,,"[[1,128,49]]","[[1,128,1]]",[],60,0.539376,0.008989599999999999,0.008177,0.0113046,0.0017210832204126356,99.10128495120574,0.0017328781617624888,99.78044667321352,False
645,710,AVERAGE_POOL,1,average_pool_stride_optimized,,,"[[1,128,49]]","[[1,128,1]]",[],60,0.539014,0.008983566666666666,0.0080725,0.0116176,0.0017199281224368464,99.10300487932818,0.001731715147659974,99.78217838836117,False
646,512,AVERAGE_POOL,1,average_pool_stride_optimized,,,"[[1,128,49]]","[[1,128,1]]",[],60,0.539007,0.00898345,0.0079165,0.012085599999999998,0.0017199057862881434,99.10472478511447,0.0017316926584369974,99.78391008101961,False
647,467,AVERAGE_POOL,1,average_pool_stride_optimized,,,"[[1,128,49]]","[[1,128,1]]",[],60,0.539006,0.008983433333333334,0.007969,0.011465849999999998,0.001719902595409757,99.10644468770988,0.0017316894456908577,99.7856417704653,False
648,800,AVERAGE_POOL,1,average_pool_stride_optimized,,,"[[1,128,49]]","[[1,128,1]]",[],60,0.537815,0.008963583333333334,0.007995,0.011776199999999999,0.0017161022592518422,99.10816078996913,0.0017278630650386611,99.78736963353035,False
649,527,AVERAGE_POOL,1,average_pool_stride_optimized,,,"[[1,128,49]]","[[1,128,1]]",[],60,0.537812,0.008963533333333332,0.0078645,0.01187765,0.0017160926866166837,99.10987688265575,0.0017278534268002424,99.78909748695715,False
650,785,AVERAGE_POOL,1,average_pool_stride_optimized,,,"[[1,128,49]]","[[1,128,1]]",[],60,0.536454,0.0089409,0.0080205,0.011411199999999998,0.0017117594737682807,99.11158864212952,0.0017234905175427422,99.7908209774747,False
651,452,AVERAGE_POOL,1,average_pool_stride_optimized,,,"[[1,128,49]]","[[1,128,1]]",[],60,0.536408,0.008940133333333333,0.007812,0.0116176,0.0017116126933625175,99.11330025482287,0.0017233427312203233,99.79254432020592,False
652,497,AVERAGE_POOL,1,average_pool_stride_optimized,,,"[[1,128,49]]","[[1,128,1]]",[],60,0.535946,0.008932433333333333,0.007917,0.0115786,0.001710138507548112,99.11501039333042,0.0017218584425038542,99.79426617864843,False
653,557,AVERAGE_POOL,1,average_pool_stride_optimized,,,"[[1,128,49]]","[[1,128,1]]",[],60,0.534687,0.00891145,0.008125,0.011615,0.0017061211916599385,99.11671651452208,0.0017178135951141686,99.79598399224355,False
654,650,AVERAGE_POOL,1,average_pool_stride_optimized,,,"[[1,128,49]]","[[1,128,1]]",[],60,0.534117,0.008901949999999999,0.007969,0.01156555,0.0017043023909798281,99.11842081691306,0.0017159823298146287,99.79769997457336,False
655,665,AVERAGE_POOL,1,average_pool_stride_optimized,,,"[[1,128,49]]","[[1,128,1]]",[],60,0.531197,0.008853283333333333,0.00776,0.011354,0.0016949850260922453,99.12011580193915,0.0017066011110871615,99.79940657568444,False
656,635,AVERAGE_POOL,1,average_pool_stride_optimized,,,"[[1,128,49]]","[[1,128,1]]",[],60,0.529583,0.008826383333333333,0.0078905,0.011416399999999998,0.0016898349483769855,99.12180563688753,0.001701415738817938,99.80110799142327,False
657,514,EXPAND,1,expand_stride_optimized,,,"[[1,128,1,1],[4]]","[[1,128,1,100]]",[[4]],60,0.529535,0.008825583333333333,0.00789,0.009801449999999998,0.0016896817862144496,99.12349531867375,0.0017012615270032398,99.80280925295027,False
658,407,AVERAGE_POOL,1,average_pool_stride_optimized,,,"[[1,128,49]]","[[1,128,1]]",[],60,0.528853,0.008814216666666668,0.007891,0.01145805,0.0016875056071550896,99.1251828242809,0.0016990704341360709,99.80450832338441,False
659,377,AVERAGE_POOL,1,average_pool_stride_optimized,,,"[[1,128,49]]","[[1,128,1]]",[],60,0.527339,0.008788983333333333,0.0077345,0.0113046,0.0016826746172784457,99.12686549889818,0.0016942063364808022,99.80620252972089,False
660,392,AVERAGE_POOL,1,average_pool_stride_optimized,,,"[[1,128,49]]","[[1,128,1]]",[],60,0.524746,0.008745766666666667,0.0076565,0.011364399999999998,0.0016744006696231366,99.12853989956781,0.0016858756857409654,99.80788840540663,False
661,362,AVERAGE_POOL,1,average_pool_stride_optimized,,,"[[1,128,49]]","[[1,128,1]]",[],60,0.523071,0.00871785,0.007656,0.0112708,0.001669055948326321,99.13020895551614,0.0016804943359572295,99.80956889974259,False
662,605,AVERAGE_POOL,1,average_pool_stride_optimized,,,"[[1,128,49]]","[[1,128,1]]",[],60,0.521927,0.008698783333333333,0.007708,0.011049799999999999,0.0016654055834525558,99.13187436109959,0.0016768189543735917,99.81124571869697,False
663,89,AVERAGE_POOL,1,average_pool_stride_optimized,,,"[[1,128,49]]","[[1,128,1]]",[],60,0.520783,0.008679716666666667,0.007344,0.010093699999999999,0.0016617552185787905,99.13353611631817,0.001673143572789954,99.81291886226975,False
664,242,AVERAGE_POOL,1,average_pool_stride_optimized,,,"[[1,128,49]]","[[1,128,1]]",[],60,0.519115,0.008651916666666667,0.00763,0.011098249999999999,0.001656432833430678,99.1351925491516,0.001667784712229195,99.81458664698198,False
665,347,AVERAGE_POOL,1,average_pool_stride_optimized,,,"[[1,128,49]]","[[1,128,1]]",[],60,0.516349,0.008605816666666665,0.007552,0.0110472,0.0016476068638145635,99.13684015601541,0.0016588982564072173,99.81624554523839,False
666,302,AVERAGE_POOL,1,average_pool_stride_optimized,,,"[[1,128,49]]","[[1,128,1]]",[],60,0.514947,0.00858245,0.007474,0.01156985,0.0016431332523171693,99.13848328926773,0.001654393986319577,99.8178999392247,False
667,317,AVERAGE_POOL,1,average_pool_stride_optimized,,,"[[1,128,49]]","[[1,128,1]]",[],60,0.514946,0.008582433333333334,0.007396,0.011309799999999998,0.0016431300614387833,99.14012641932916,0.0016543907735734379,99.81955432999827,False
668,272,AVERAGE_POOL,1,average_pool_stride_optimized,,,"[[1,128,49]]","[[1,128,1]]",[],60,0.514636,0.008577266666666666,0.007396,0.011042,0.0016421408891390743,99.14176856021831,0.0016533948222701793,99.82120772482054,False
669,287,AVERAGE_POOL,1,average_pool_stride_optimized,,,"[[1,128,49]]","[[1,128,1]]",[],60,0.51412,0.008568666666666667,0.007448,0.0110966,0.0016404943958918162,99.1434090546142,0.0016517370452621746,99.8228594618658,False
670,757,EXPAND,1,expand_stride_optimized,,,"[[1,128,1,1],[4]]","[[1,128,1,100]]",[[4]],60,0.509323,0.008488716666666667,0.008047,0.009325599999999998,0.0016251877522734139,99.14503424236646,0.0016363255020307838,99.82449578736784,False
671,439,EXPAND,1,expand_stride_optimized,,,"[[1,128,1,1],[4]]","[[1,128,1,100]]",[[4]],60,0.500677,0.008344616666666667,0.007318,0.0092216,0.0015975994177466874,99.14663184178421,0.0016085480989082896,99.82610433546675,False
672,59,AVERAGE_POOL,1,average_pool_stride_optimized,,,"[[1,128,49]]","[[1,128,1]]",[],60,0.499633,0.008327216666666666,0.007656,0.010219399999999998,0.001594268140711538,99.14822610992492,0.0016051939919386059,99.82770952945869,False
673,349,EXPAND,1,expand_stride_optimized,,,"[[1,128,1,1],[4]]","[[1,128,1,100]]",[[4]],60,0.497495,0.008291583333333333,0.007813,0.00918165,0.0015874460427219308,99.14981355596764,0.0015983251406922617,99.82930785459938,False
674,194,AVERAGE_POOL,1,average_pool_stride_optimized,,,"[[1,128,49]]","[[1,128,1]]",[],60,0.49698,0.008283,0.00802,0.0101128,0.0015858027403530593,99.15139935870799,0.0015966705764303966,99.83090452517581,False
675,164,AVERAGE_POOL,1,average_pool_stride_optimized,,,"[[1,128,49]]","[[1,128,1]]",[],60,0.496616,0.008276933333333333,0.0075,0.010522649999999998,0.0015846412606204978,99.15298399996861,0.0015955011368356028,99.83250002631264,False
676,209,AVERAGE_POOL,1,average_pool_stride_optimized,,,"[[1,128,49]]","[[1,128,1]]",[],60,0.496043,0.008267383333333333,0.0076565,0.009955799999999999,0.0015828128873052287,99.15456681285592,0.0015936602332976442,99.83409368654594,False
677,179,AVERAGE_POOL,1,average_pool_stride_optimized,,,"[[1,128,49]]","[[1,128,1]]",[],60,0.491199,0.00818665,0.007474,0.0100546,0.001567356272402677,99.15613416912832,0.001578097690997695,99.83567178423694,False
678,544,EXPAND,1,expand_stride_optimized,,,"[[1,128,1,1],[4]]","[[1,128,1,100]]",[[4]],60,0.491195,0.008186583333333334,0.008177,0.00968705,0.0015673435088891323,99.15770151263722,0.001578084840013137,99.83724986907696,False
679,74,AVERAGE_POOL,1,average_pool_stride_optimized,,,"[[1,128,49]]","[[1,128,1]]",[],60,0.490782,0.0081797,0.00737,0.010166449999999999,0.0015660256761156487,99.15926753831333,0.0015767579758575055,99.83882662705281,False
680,149,AVERAGE_POOL,1,average_pool_stride_optimized,,,"[[1,128,49]]","[[1,128,1]]",[],60,0.49041599999999996,0.0081736,0.007422,0.009861249999999998,0.0015648578146263145,99.16083239612796,0.0015755821107704322,99.84040220916359,False
681,76,EXPAND,1,expand_stride_optimized,,,"[[1,128,1,1],[4]]","[[1,128,1,100]]",[[4]],60,0.49036199999999996,0.0081727,0.007656,0.009075999999999999,0.0015646855071934623,99.16239708163515,0.001575408622478897,99.84197761778607,False
682,119,AVERAGE_POOL,1,average_pool_stride_optimized,,,"[[1,128,49]]","[[1,128,1]]",[],60,0.487501,0.008125016666666667,0.007474,0.010162149999999998,0.0015555564041306628,99.16395263803928,0.0015662169557736625,99.84354383474185,False
683,134,AVERAGE_POOL,1,average_pool_stride_optimized,,,"[[1,128,49]]","[[1,128,1]]",[],60,0.48739899999999997,0.008123316666666667,0.00737,0.00969485,0.0015552309345352746,99.16550786897382,0.001565889255667429,99.84510972399752,False
684,559,EXPAND,1,expand_stride_optimized,,,"[[1,128,1,1],[4]]","[[1,128,1,100]]",[[4]],60,0.487241,0.008120683333333333,0.008177,0.009065549999999999,0.0015547267757502613,99.16706259574957,0.0015653816417773813,99.8466751056393,False
685,802,EXPAND,1,expand_stride_optimized,,,"[[1,128,1,1],[4]]","[[1,128,1,100]]",[[4]],60,0.486404,0.008106733333333333,0.008125,0.009271,0.0015520560105410468,99.16861465176011,0.0015626925732585833,99.84823779821257,False
686,652,EXPAND,1,expand_stride_optimized,,,"[[1,128,1,1],[4]]","[[1,128,1,100]]",[[4]],60,0.484264,0.008071066666666666,0.007865,0.009281399999999999,0.0015452275307946677,99.1701598792909,0.00155581729651996,99.84979361550909,False
687,742,EXPAND,1,expand_stride_optimized,,,"[[1,128,1,1],[4]]","[[1,128,1,100]]",[[4]],60,0.48234,0.008039,0.0079685,0.009330799999999998,0.0015390882807796984,99.17169896757169,0.001549635972947478,99.85134325148204,False
688,772,EXPAND,1,expand_stride_optimized,,,"[[1,128,1,1],[4]]","[[1,128,1,100]]",[[4]],60,0.480993,0.00801655,0.007891,0.0092242,0.001534790167593543,99.17323375773928,0.0015453084038975127,99.85288855988593,False
689,364,EXPAND,1,expand_stride_optimized,,,"[[1,128,1,1],[4]]","[[1,128,1,100]]",[[4]],60,0.48078,0.008013,0.007865,0.0091748,0.0015341105104972913,99.17476786824977,0.00154462408896979,99.85443318397489,False
690,817,EXPAND,1,expand_stride_optimized,,,"[[1,128,1,1],[4]]","[[1,128,1,100]]",[[4]],60,0.476615,0.007943583333333334,0.007812,0.0093802,0.0015208205020189412,99.1762886887518,0.0015312430012985904,99.85596442697619,False
691,574,EXPAND,1,expand_stride_optimized,,,"[[1,128,1,1],[4]]","[[1,128,1,100]]",[[4]],60,0.476559,0.00794265,0.0078645,0.0091176,0.001520641812829316,99.17780933056463,0.001531063087514776,99.8574954900637,False
692,529,EXPAND,1,expand_stride_optimized,,,"[[1,128,1,1],[4]]","[[1,128,1,100]]",[[4]],60,0.473435,0.007890583333333333,0.0076305,0.00906725,0.001510673508750957,99.17932000407338,0.0015210264685748419,99.85901651653228,False
693,622,EXPAND,1,expand_stride_optimized,,,"[[1,128,1,1],[4]]","[[1,128,1,100]]",[[4]],60,0.472966,0.007882766666666667,0.0070314999999999996,0.008947699999999998,0.0015091769867878488,99.18082918106016,0.0015195196906353959,99.86053603622291,False
694,230,SLICE,1,slice_stride_optimized,,,"[[1,128,100],[1],[1],[1],[1]]","[[1,128,49]]","[[1],[1],[1],[1]]",60,0.472132,0.007868866666666667,0.007578,0.0098596,0.0015065157942137925,99.18233569685438,0.0015168402603550164,99.86205287648326,False
695,787,EXPAND,1,expand_stride_optimized,,,"[[1,128,1,1],[4]]","[[1,128,1,100]]",[[4]],60,0.471823,0.007863716666666666,0.0077085,0.0091228,0.0015055298127924694,99.18384122666717,0.0015158475217978975,99.86356872400506,False
696,229,EXPAND,1,expand_stride_optimized,,,"[[1,128,1,1],[4]]","[[1,128,1,100]]",[[4]],60,0.47172,0.007862,0.00776,0.008804600000000001,0.0015052011523186953,99.18534642781948,0.0015155166089455244,99.86508424061401,False
697,424,EXPAND,1,expand_stride_optimized,,,"[[1,128,1,1],[4]]","[[1,128,1,100]]",[[4]],60,0.469324,0.007822066666666667,0.007136,0.0088644,0.0014975558077054594,99.18684398362718,0.0015078188691951778,99.86659205948321,False
698,727,EXPAND,1,expand_stride_optimized,,,"[[1,128,1,1],[4]]","[[1,128,1,100]]",[[4]],60,0.467393,0.007789883333333333,0.0075785,0.009218,0.0014913942215417874,99.18833537784873,0.001501615056399719,99.86809367453961,False
699,499,EXPAND,1,expand_stride_optimized,,,"[[1,128,1,1],[4]]","[[1,128,1,100]]",[[4]],60,0.464426,0.007740433333333334,0.007552,0.00897105,0.001481926885370055,99.1898173047341,0.0014920828386036933,99.86958575737822,False
700,484,EXPAND,1,expand_stride_optimized,,,"[[1,128,1,1],[4]]","[[1,128,1,100]]",[[4]],60,0.461713,0.007695216666666667,0.0075,0.00901265,0.0014732700323084069,99.19129057476641,0.0014833666583271112,99.87106912403654,False
701,409,EXPAND,1,expand_stride_optimized,,,"[[1,128,1,1],[4]]","[[1,128,1,100]]",[[4]],60,0.460732,0.007678866666666667,0.007422,0.009439999999999999,0.0014701397806115854,99.19276071454702,0.0014802149543642188,99.87254933899091,False
702,469,EXPAND,1,expand_stride_optimized,,,"[[1,128,1,1],[4]]","[[1,128,1,100]]",[[4]],60,0.459585,0.007659750000000001,0.007448,0.00887485,0.0014664798431026616,99.19422719439012,0.0014765299345421625,99.87402586892544,False
703,712,EXPAND,1,expand_stride_optimized,,,"[[1,128,1,1],[4]]","[[1,128,1,100]]",[[4]],60,0.455265,0.00758775,0.007422,0.0087101,0.0014526952484744567,99.1956798896386,0.0014626508712193339,99.87548851979666,False
704,454,EXPAND,1,expand_stride_optimized,,,"[[1,128,1,1],[4]]","[[1,128,1,100]]",[[4]],60,0.452609,0.007543483333333333,0.007344,0.009065549999999999,0.0014442202754808198,99.19712410991409,0.001454117817472706,99.87694263761414,False
705,697,EXPAND,1,expand_stride_optimized,,,"[[1,128,1,1],[4]]","[[1,128,1,100]]",[[4]],60,0.451503,0.00752505,0.007317499999999999,0.008807200000000001,0.0014406911639857284,99.19856480107808,0.0014505645202423708,99.87839320213438,False
706,196,EXPAND,1,expand_stride_optimized,,,"[[1,128,1,1],[4]]","[[1,128,1,100]]",[[4]],60,0.451092,0.0075182,0.007396,0.008713599999999998,0.0014393797129690173,99.20000418079104,0.0014492440815790182,99.87984244621596,False
707,106,EXPAND,1,expand_stride_optimized,,,"[[1,128,1,1],[4]]","[[1,128,1,100]]",[[4]],60,0.449633,0.007493883333333334,0.007292,0.0090152,0.001434724221403612,99.20143890501244,0.001444556684961424,99.88128700290092,False
708,682,EXPAND,1,expand_stride_optimized,,,"[[1,128,1,1],[4]]","[[1,128,1,100]]",[[4]],60,0.448383,0.007473049999999999,0.00724,0.008710999999999998,0.0014307356234209139,99.20286964063585,0.0014405407522869946,99.8827275436532,False
709,211,EXPAND,1,expand_stride_optimized,,,"[[1,128,1,1],[4]]","[[1,128,1,100]]",[[4]],60,0.44687899999999997,0.007447983333333333,0.00724,0.00897105,0.0014259365423281317,99.20429557717819,0.001435708782093121,99.8841632524353,False
710,136,EXPAND,1,expand_stride_optimized,,,"[[1,128,1,1],[4]]","[[1,128,1,100]]",[[4]],60,0.446141,0.007435683333333333,0.007292,0.008700599999999998,0.0014235816740791466,99.20571915885226,0.0014333377754421378,99.88559659021074,False
711,667,EXPAND,1,expand_stride_optimized,,,"[[1,128,1,1],[4]]","[[1,128,1,100]]",[[4]],60,0.446042,0.007434033333333334,0.007136,0.00886535,0.0014232657771189167,99.20714242462938,0.001433019713574323,99.88702960992431,False
712,637,EXPAND,1,expand_stride_optimized,,,"[[1,128,1,1],[4]]","[[1,128,1,100]]",[[4]],60,0.445312,0.007421866666666666,0.007084,0.008809850000000001,0.0014209364358970212,99.20856336106527,0.0014306744088924562,99.8884602843332,False
713,394,EXPAND,1,expand_stride_optimized,,,"[[1,128,1,1],[4]]","[[1,128,1,100]]",[[4]],60,0.44531,0.007421833333333333,0.0071614999999999995,0.008963249999999999,0.0014209300541402486,99.20998429111941,0.0014306679834001769,99.8898909523166,False
714,334,EXPAND,1,expand_stride_optimized,,,"[[1,128,1,1],[4]]","[[1,128,1,100]]",[[4]],60,0.441356,0.007355933333333333,0.0070834999999999995,0.008711049999999998,0.001408313321001378,99.21139260444042,0.0014179647851644214,99.89130891710177,False
715,181,EXPAND,1,expand_stride_optimized,,,"[[1,128,1,1],[4]]","[[1,128,1,100]]",[[4]],60,0.440942,0.007349033333333334,0.007136,0.0086486,0.0014069922973495084,99.21279959673777,0.0014166347082626505,99.89272555181003,False
716,61,EXPAND,1,expand_stride_optimized,,,"[[1,128,1,1],[4]]","[[1,128,1,100]]",[[4]],60,0.44094099999999997,0.007349016666666666,0.007188,0.00824725,0.0014069891064711223,99.21420658584424,0.0014166314955165109,99.89414218330555,False
717,166,EXPAND,1,expand_stride_optimized,,,"[[1,128,1,1],[4]]","[[1,128,1,100]]",[[4]],60,0.440783,0.007346383333333333,0.007084,0.008804600000000001,0.001406484947686109,99.21561307079192,0.0014161238816264628,99.89555830718717,False
718,151,EXPAND,1,expand_stride_optimized,,,"[[1,128,1,1],[4]]","[[1,128,1,100]]",[[4]],60,0.440207,0.0073367833333333335,0.0071614999999999995,0.009012599999999999,0.0014046470017356819,99.21701771779365,0.0014142733398500858,99.89697258052702,False
719,379,EXPAND,1,expand_stride_optimized,,,"[[1,128,1,1],[4]]","[[1,128,1,100]]",[[4]],60,0.439164,0.0073194,0.007084,0.008804600000000001,0.0014013189155789186,99.21841903670924,0.0014109224456265417,99.89838350297265,False
720,607,EXPAND,1,expand_stride_optimized,,,"[[1,128,1,1],[4]]","[[1,128,1,100]]",[[4]],60,0.438336,0.0073056,0.007083,0.008361649999999998,0.0013986768682751794,99.21981771357751,0.0014082622918229998,99.89979176526447,False
721,121,EXPAND,1,expand_stride_optimized,,,"[[1,128,1,1],[4]]","[[1,128,1,100]]",[[4]],60,0.43776,0.0072959999999999995,0.0070574999999999995,0.008890499999999999,0.001396838922324752,99.22121455249983,0.0014064117500466225,99.9011981770145,False
722,244,EXPAND,1,expand_stride_optimized,,,"[[1,128,1,1],[4]]","[[1,128,1,100]]",[[4]],60,0.43286,0.007214333333333334,0.006979,0.008554999999999998,0.0013812036182325753,99.22259575611807,0.0013906692939628586,99.90258884630848,False
723,259,EXPAND,1,expand_stride_optimized,,,"[[1,128,1,1],[4]]","[[1,128,1,100]]",[[4]],60,0.431978,0.007199633333333333,0.007083,0.00848905,0.0013783892634959835,99.22397414538156,0.0013878356518677811,99.90397668196034,False
724,91,EXPAND,1,expand_stride_optimized,,,"[[1,128,1,1],[4]]","[[1,128,1,100]]",[[4]],60,0.431928,0.0071988,0.006901,0.008661599999999998,0.0013782297195766755,99.22535237510114,0.001387675014560804,99.9053643569749,False
725,319,EXPAND,1,expand_stride_optimized,,,"[[1,128,1,1],[4]]","[[1,128,1,100]]",[[4]],60,0.430306,0.007171766666666667,0.007083,0.00819525,0.0013730541148343264,99.22672542921597,0.0013824639403224642,99.90674682091522,False
726,47,SLICE,1,slice_stride_optimized,,,"[[1,128,100],[1],[1],[1],[1]]","[[1,128,49]]","[[1],[1],[1],[1]]",60,0.429794,0.007163233333333334,0.007188,0.0082836,0.0013714203851006132,99.22809684960107,0.0013808190142990178,99.90812763992952,False
727,289,EXPAND,1,expand_stride_optimized,,,"[[1,128,1,1],[4]]","[[1,128,1,100]]",[[4]],60,0.428599,0.0071433166666666666,0.0069275,0.00880465,0.0013676072854291537,99.2294644568865,0.0013769797826622633,99.90950461971218,False
728,304,EXPAND,1,expand_stride_optimized,,,"[[1,128,1,1],[4]]","[[1,128,1,100]]",[[4]],60,0.428125,0.007135416666666667,0.006927,0.008614799999999999,0.0013660948090741148,99.23083055169558,0.0013754569409921195,99.91088007665317,False
729,274,EXPAND,1,expand_stride_optimized,,,"[[1,128,1,1],[4]]","[[1,128,1,100]]",[[4]],60,0.42604,0.007100666666666667,0.006927,0.008755200000000001,0.0013594418276389741,99.23218999352322,0.001368758365291171,99.91224883501846,False
730,593,SLICE,1,slice_stride_optimized,,,"[[1,128,100],[1],[1],[1],[1]]","[[1,128,49]]","[[1],[1],[1],[1]]",60,0.395354,0.006589233333333333,0.005989,0.007762600000000001,0.0012615265334813138,99.2334515200567,0.001270172037253135,99.91351900705571,False
731,560,SLICE,1,slice_stride_optimized,,,"[[1,128,100],[1],[1],[1],[1]]","[[1,128,49]]","[[1],[1],[1],[1]]",60,0.38885000000000003,0.006480833333333334,0.005625,0.008229,0.001240773060457739,99.23469229311716,0.0012492763363615433,99.91476828339208,False
732,575,SLICE,1,slice_stride_optimized,,,"[[1,128,100],[1],[1],[1],[1]]","[[1,128,49]]","[[1],[1],[1],[1]]",60,0.386766,0.0064461,0.006432,0.007939449999999999,0.0012341232699009845,99.23592641638706,0.0012425809734067342,99.91601086436549,False
733,818,SLICE,1,slice_stride_optimized,,,"[[1,128,100],[1],[1],[1],[1]]","[[1,128,49]]","[[1],[1],[1],[1]]",60,0.378909,0.00631515,0.006458500000000001,0.008177,0.0012090525384209371,99.23713546892547,0.00121733842698834,99.91722820279247,False
734,666,DEQUANTIZE_LINEAR,1,dequantize_linear_neon_combined,,,"[[1,32,49],[],[]]","[[1,32,49]]","[[],[]]",60,0.369691,0.006161516666666667,0.003594,0.004221599999999999,0.001179639021457328,99.23831510794693,0.0011877233330740268,99.91841592612555,False
735,803,SLICE,1,slice_stride_optimized,,,"[[1,128,100],[1],[1],[1],[1]]","[[1,128,49]]","[[1],[1],[1],[1]]",60,0.363699,0.00606165,0.00599,0.0079716,0.001160519278167466,99.2394756272251,0.0011684725582058813,99.91958439868375,False
736,668,SLICE,1,slice_stride_optimized,,,"[[1,128,100],[1],[1],[1],[1]]","[[1,128,49]]","[[1],[1],[1],[1]]",60,0.360887,0.006014783333333333,0.005729,0.008387599999999999,0.0011515465281455883,99.24062717375325,0.0011594383160614845,99.92074383699982,False
737,788,SLICE,1,slice_stride_optimized,,,"[[1,128,100],[1],[1],[1],[1]]","[[1,128,49]]","[[1],[1],[1],[1]]",60,0.357917,0.005965283333333333,0.005599,0.00828365,0.0011420696193386976,99.24176924337259,0.00114989646002704,99.92189373345984,False
738,545,SLICE,1,slice_stride_optimized,,,"[[1,128,100],[1],[1],[1],[1]]","[[1,128,49]]","[[1],[1],[1],[1]]",60,0.34828,0.005804666666666666,0.005520499999999999,0.00781725,0.001111319124331288,99.24288056249692,0.0011189352254802579,99.92301266868532,False
739,530,SLICE,1,slice_stride_optimized,,,"[[1,128,100],[1],[1],[1],[1]]","[[1,128,49]]","[[1],[1],[1],[1]]",60,0.347288,0.005788133333333333,0.005391,0.007523399999999999,0.0011081537729722187,99.2439887162699,0.0011157481813098306,99.92412841686662,False
740,743,SLICE,1,slice_stride_optimized,,,"[[1,128,100],[1],[1],[1],[1]]","[[1,128,49]]","[[1],[1],[1],[1]]",60,0.345779,0.005762983333333333,0.005261,0.009343849999999997,0.0011033387374875055,99.24509205500739,0.0011109001473852593,99.925239317014,False
741,758,SLICE,1,slice_stride_optimized,,,"[[1,128,100],[1],[1],[1],[1]]","[[1,128,49]]","[[1],[1],[1],[1]]",60,0.34188,0.005698,0.005339,0.007552,0.0010908975026598735,99.24618295251005,0.0010983736501871785,99.9263376906642,False
742,500,SLICE,1,slice_stride_optimized,,,"[[1,128,100],[1],[1],[1],[1]]","[[1,128,49]]","[[1],[1],[1],[1]]",60,0.340204,0.005670066666666667,0.0053904999999999995,0.0085992,0.001085549590484672,99.24726850210054,0.0010929890876573034,99.92743067975185,False
743,515,SLICE,1,slice_stride_optimized,,,"[[1,128,100],[1],[1],[1],[1]]","[[1,128,49]]","[[1],[1],[1],[1]]",60,0.339431,0.005657183333333333,0.005234,0.008099049999999998,0.0010830830414921713,99.24835158514203,0.0010905056348914364,99.92852118538674,False
744,182,SLICE,1,slice_stride_optimized,,,"[[1,128,100],[1],[1],[1],[1]]","[[1,128,49]]","[[1],[1],[1],[1]]",60,0.339063,0.00565105,0.004843,0.007689899999999998,0.0010819087982460649,99.24943349394027,0.0010893233443120842,99.92961050873106,False
745,773,SLICE,1,slice_stride_optimized,,,"[[1,128,100],[1],[1],[1],[1]]","[[1,128,49]]","[[1],[1],[1],[1]]",60,0.332814,0.0055469,0.0053904999999999995,0.007878,0.0010619689992109604,99.25049546293948,0.001069246893686076,99.93067975562475,False
746,197,SLICE,1,slice_stride_optimized,,,"[[1,128,100],[1],[1],[1],[1]]","[[1,128,49]]","[[1],[1],[1],[1]]",60,0.331822,0.005530366666666666,0.004219,0.008021049999999998,0.0010588036478518911,99.25155426658733,0.0010660598495156489,99.93174581547427,False
747,380,SLICE,1,slice_stride_optimized,,,"[[1,128,100],[1],[1],[1],[1]]","[[1,128,49]]","[[1],[1],[1],[1]]",60,0.328797,0.00547995,0.0045575,0.008105899999999997,0.0010491512407337616,99.25260341782807,0.0010563412924435292,99.93280215676671,False
748,728,SLICE,1,slice_stride_optimized,,,"[[1,128,100],[1],[1],[1],[1]]","[[1,128,49]]","[[1],[1],[1],[1]]",60,0.315522,0.005258700000000001,0.004765500000000001,0.007818150000000001,0.0010067923301575073,99.25361021015823,0.0010136920874410874,99.93381584885415,False
749,470,SLICE,1,slice_stride_optimized,,,"[[1,128,100],[1],[1],[1],[1]]","[[1,128,49]]","[[1],[1],[1],[1]]",60,0.308905,0.005148416666666667,0.00474,0.007679449999999998,0.0009856782878762964,99.2545958884461,0.0009924333462357272,99.9348082822004,False
750,698,SLICE,1,slice_stride_optimized,,,"[[1,128,100],[1],[1],[1],[1]]","[[1,128,49]]","[[1],[1],[1],[1]]",60,0.308232,0.0051372,0.004583500000000001,0.007611799999999999,0.0009835308267224117,99.25557941927282,0.0009902711680838143,99.93579855336847,False
751,485,SLICE,1,slice_stride_optimized,,,"[[1,128,100],[1],[1],[1],[1]]","[[1,128,49]]","[[1],[1],[1],[1]]",60,0.305099,0.0050849833333333335,0.004791,0.007507799999999999,0.0009735338047385772,99.25655295307756,0.0009802056344286243,99.9367787590029,False
752,245,SLICE,1,slice_stride_optimized,,,"[[1,128,100],[1],[1],[1],[1]]","[[1,128,49]]","[[1],[1],[1],[1]]",60,0.305004,0.0050834,0.004635500000000001,0.00875,0.000973230671291892,99.25752618374885,0.0009799004235453675,99.93775865942645,False
753,440,SLICE,1,slice_stride_optimized,,,"[[1,128,100],[1],[1],[1],[1]]","[[1,128,49]]","[[1],[1],[1],[1]]",60,0.302396,0.005039933333333333,0.004557,0.0077652500000000005,0.0009649088604607905,99.25849109260932,0.0009715215816134377,99.93873018100807,False
754,455,SLICE,1,slice_stride_optimized,,,"[[1,128,100],[1],[1],[1],[1]]","[[1,128,49]]","[[1],[1],[1],[1]]",60,0.302288,0.005038133333333333,0.00461,0.00719575,0.0009645642455950855,99.25945565685491,0.0009711746050303668,99.9397013556131,False
755,683,SLICE,1,slice_stride_optimized,,,"[[1,128,100],[1],[1],[1],[1]]","[[1,128,49]]","[[1],[1],[1],[1]]",60,0.299271,0.00498785,0.004531,0.007140199999999999,0.0009549373655040453,99.26041059422042,0.0009614817499273638,99.94066283736302,False
756,713,SLICE,1,slice_stride_optimized,,,"[[1,128,100],[1],[1],[1],[1]]","[[1,128,49]]","[[1],[1],[1],[1]]",60,0.29703,0.0049505,0.004479,0.0070336,0.0009477866070406641,99.26135838082746,0.0009542819858286464,99.94161711934885,False
757,425,SLICE,1,slice_stride_optimized,,,"[[1,128,100],[1],[1],[1],[1]]","[[1,128,49]]","[[1],[1],[1],[1]]",60,0.292082,0.004868033333333333,0.004271,0.0074610499999999995,0.0009319981407859518,99.26229037896825,0.0009383853179301845,99.94255550466679,False
758,212,SLICE,1,slice_stride_optimized,,,"[[1,128,100],[1],[1],[1],[1]]","[[1,128,49]]","[[1],[1],[1],[1]]",60,0.291924,0.004865400000000001,0.004219,0.00854365,0.0009314939820009385,99.26322187295024,0.0009378777040401367,99.94349338237083,False
759,638,SLICE,1,slice_stride_optimized,,,"[[1,128,100],[1],[1],[1],[1]]","[[1,128,49]]","[[1],[1],[1],[1]]",60,0.291871,0.0048645166666666665,0.004505,0.007301449999999999,0.0009313248654464722,99.26415319781569,0.0009377074284947409,99.94443108979932,False
760,107,SLICE,1,slice_stride_optimized,,,"[[1,128,100],[1],[1],[1],[1]]","[[1,128,49]]","[[1],[1],[1],[1]]",60,0.291195,0.00485325,0.0040365,0.009049199999999992,0.0009291678316574291,99.26508236564734,0.0009355356121044093,99.94536662541142,False
761,410,SLICE,1,slice_stride_optimized,,,"[[1,128,100],[1],[1],[1],[1]]","[[1,128,49]]","[[1],[1],[1],[1]]",60,0.290367,0.0048394499999999995,0.004375499999999999,0.007150649999999999,0.0009265257843536898,99.2660088914317,0.0009328754583008673,99.94629950086973,False
762,395,SLICE,1,slice_stride_optimized,,,"[[1,128,100],[1],[1],[1],[1]]","[[1,128,49]]","[[1],[1],[1],[1]]",60,0.289635,0.00482725,0.0042705,0.007359649999999995,0.0009241900613750218,99.26693308149306,0.0009305237281267214,99.94723002459786,False
763,365,SLICE,1,slice_stride_optimized,,,"[[1,128,100],[1],[1],[1],[1]]","[[1,128,49]]","[[1],[1],[1],[1]]",60,0.287292,0.0047882,0.0043225,0.007111649999999998,0.0009167138333162524,99.26784979532638,0.0009229962639217705,99.94815302086178,False
764,653,SLICE,1,slice_stride_optimized,,,"[[1,128,100],[1],[1],[1],[1]]","[[1,128,49]]","[[1],[1],[1],[1]]",60,0.286458,0.0047742999999999996,0.004453,0.007072699999999998,0.0009140526407421961,99.26876384796712,0.0009203168336413912,99.94907333769542,False
765,608,SLICE,1,slice_stride_optimized,,,"[[1,128,100],[1],[1],[1],[1]]","[[1,128,49]]","[[1],[1],[1],[1]]",60,0.285108,0.0047518,0.004375,0.00818055,0.0009097449549208822,99.26967359292205,0.0009159796263530071,99.94998931732178,False
766,350,SLICE,1,slice_stride_optimized,,,"[[1,128,100],[1],[1],[1],[1]]","[[1,128,49]]","[[1],[1],[1],[1]]",60,0.284583,0.0047430499999999995,0.0044275,0.006901049999999999,0.000908069743768149,99.27058166266582,0.0009142929346297468,99.9509036102564,False
767,623,SLICE,1,slice_stride_optimized,,,"[[1,128,100],[1],[1],[1],[1]]","[[1,128,49]]","[[1],[1],[1],[1]]",60,0.283489,0.004724816666666667,0.004219,0.007835499999999999,0.0009045789228136915,99.27148624158863,0.000910778190353086,99.95181438844676,False
768,92,SLICE,1,slice_stride_optimized,,,"[[1,128,100],[1],[1],[1],[1]]","[[1,128,49]]","[[1],[1],[1],[1]]",60,0.279789,0.0046631500000000005,0.0040625,0.007520899999999996,0.000892772672784905,99.27237901426142,0.0008988910296367747,99.9527132794764,False
769,335,SLICE,1,slice_stride_optimized,,,"[[1,128,100],[1],[1],[1],[1]]","[[1,128,49]]","[[1],[1],[1],[1]]",60,0.278331,0.00463885,0.004115,0.008119899999999998,0.000888120372097886,99.27326713463351,0.00089420684576532,99.95360748632217,False
770,408,DEQUANTIZE_LINEAR,1,dequantize_linear_neon_combined,,,"[[1,32,49],[],[]]","[[1,32,49]]","[[],[]]",60,0.27755,0.004625833333333333,0.00349,0.004697499999999996,0.0008856282960782961,99.27415276292959,0.0008916976910303365,99.9544991840132,False
771,305,SLICE,1,slice_stride_optimized,,,"[[1,128,100],[1],[1],[1],[1]]","[[1,128,49]]","[[1],[1],[1],[1]]",60,0.276826,0.004613766666666667,0.004271,0.007104799999999999,0.0008833181001267174,99.27503608102971,0.0008893716628253068,99.95538855567602,False
772,320,SLICE,1,slice_stride_optimized,,,"[[1,128,100],[1],[1],[1],[1]]","[[1,128,49]]","[[1],[1],[1],[1]]",60,0.274376,0.0045729333333333335,0.004193,0.005818499999999995,0.000875500448080629,99.27591158147779,0.000881500434783425,99.95627005611081,False
773,275,SLICE,1,slice_stride_optimized,,,"[[1,128,100],[1],[1],[1],[1]]","[[1,128,49]]","[[1],[1],[1],[1]]",60,0.273801,0.00456335,0.0040105,0.0081406,0.0008736656930085878,99.27678524717079,0.0008796531057531873,99.95714970921657,False
774,290,SLICE,1,slice_stride_optimized,,,"[[1,128,100],[1],[1],[1],[1]]","[[1,128,49]]","[[1],[1],[1],[1]]",60,0.271457,0.004524283333333334,0.004063,0.006234599999999992,0.0008661862740714322,99.27765143344486,0.0008721224288020972,99.95802183164537,False
775,167,SLICE,1,slice_stride_optimized,,,"[[1,128,100],[1],[1],[1],[1]]","[[1,128,49]]","[[1],[1],[1],[1]]",60,0.269429,0.004490483333333333,0.00401,0.007674249999999999,0.0008597151727043028,99.27851114861757,0.0008656069796311026,99.958887438625,False
776,260,SLICE,1,slice_stride_optimized,,,"[[1,128,100],[1],[1],[1],[1]]","[[1,128,49]]","[[1],[1],[1],[1]]",60,0.269324,0.004488733333333333,0.0041925,0.006656749999999995,0.0008593801304737562,99.27937052874805,0.0008652696412864504,99.95975270826628,False
777,62,SLICE,1,slice_stride_optimized,,,"[[1,128,100],[1],[1],[1],[1]]","[[1,128,49]]","[[1],[1],[1],[1]]",60,0.264633,0.00441055,0.00401,0.006684249999999999,0.0008444117199642866,99.28021494046801,0.0008501986491458514,99.96060290691543,False
778,152,SLICE,1,slice_stride_optimized,,,"[[1,128,100],[1],[1],[1],[1]]","[[1,128,49]]","[[1],[1],[1],[1]]",60,0.26182099999999997,0.0043636833333333324,0.0038545,0.007775649999999999,0.0008354389699424089,99.28105037943796,0.0008411644070014545,99.96144407132243,False
779,122,SLICE,1,slice_stride_optimized,,,"[[1,128,100],[1],[1],[1],[1]]","[[1,128,49]]","[[1],[1],[1],[1]]",60,0.2587,0.004311666666666667,0.0039585,0.005487399999999993,0.0008254802384992082,99.28187585967646,0.0008311374262999388,99.96227520874874,False
780,636,DEQUANTIZE_LINEAR,1,dequantize_linear_neon_combined,,,"[[1,32,49],[],[]]","[[1,32,49]]","[[],[]]",60,0.252448,0.004207466666666667,0.004218,0.0050026,0.000805530866828945,99.28268139054329,0.0008110513374355121,99.96308626008617,False
781,77,SLICE,1,slice_stride_optimized,,,"[[1,128,100],[1],[1],[1],[1]]","[[1,128,49]]","[[1],[1],[1],[1]]",60,0.250003,0.004166716666666666,0.003854,0.004845749999999997,0.0007977291691747875,99.28347911971247,0.000803196173124328,99.9638894562593,False
782,137,SLICE,1,slice_stride_optimized,,,"[[1,128,100],[1],[1],[1],[1]]","[[1,128,49]]","[[1],[1],[1],[1]]",60,0.24776499999999999,0.004129416666666667,0.0039845,0.004732249999999998,0.0007905879833465647,99.28426970769581,0.0007960060472640292,99.96468546230656,False
783,348,DEQUANTIZE_LINEAR,1,dequantize_linear_neon_combined,,,"[[1,32,49],[],[]]","[[1,32,49]]","[[],[]]",60,0.247557,0.00412595,0.004167,0.004377600000000001,0.0007899242806422437,99.28505963197645,0.0007953377960670041,99.96548080010263,False
784,60,DEQUANTIZE_LINEAR,1,dequantize_linear_neon_combined,,,"[[1,32,49],[],[]]","[[1,32,49]]","[[],[]]",60,0.23926899999999998,0.003987816666666666,0.003802,0.00469225,0.0007634782805777619,99.28582311025703,0.0007687105560624665,99.96624951065868,False
785,513,DEQUANTIZE_LINEAR,1,dequantize_linear_neon_combined,,,"[[1,32,49],[],[]]","[[1,32,49]]","[[],[]]",60,0.239013,0.00398355,0.003646,0.00470005,0.0007626614157109055,99.28658577167273,0.0007678880930507433,99.96701739875174,False
786,591,DEQUANTIZE_LINEAR,1,dequantize_linear_neon_combined,,,"[[1,32,49],[],[]]","[[1,32,49]]","[[],[]]",60,0.232707,0.00387845,0.00375,0.00442705,0.0007425397366077898,99.28732831140934,0.0007476285158947812,99.96776502726763,False
787,621,DEQUANTIZE_LINEAR,1,dequantize_linear_neon_combined,,,"[[1,32,49],[],[]]","[[1,32,49]]","[[],[]]",60,0.22780999999999998,0.003796833333333333,0.003542,0.0047009999999999994,0.0007269140051507715,99.2880552254145,0.000731895698049436,99.96849692296568,False
788,543,DEQUANTIZE_LINEAR,1,dequantize_linear_neon_combined,,,"[[1,32,49],[],[]]","[[1,32,49]]","[[],[]]",60,0.22703399999999999,0.0037838999999999998,0.003568,0.004698399999999999,0.0007244378835231126,99.28877966329802,0.00072940260704515,99.96922632557273,False
789,756,DEQUANTIZE_LINEAR,1,dequantize_linear_neon_combined,,,"[[1,32,49],[],[]]","[[1,32,49]]","[[],[]]",60,0.225886,0.003764766666666667,0.0035155,0.00458825,0.0007207747551358025,99.28950043805315,0.000725714374476954,99.96995203994722,False
790,558,DEQUANTIZE_LINEAR,1,dequantize_linear_neon_combined,,,"[[1,32,49],[],[]]","[[1,32,49]]","[[],[]]",60,0.22547,0.0037578333333333335,0.003594,0.004382850000000001,0.0007194473497271607,99.29021988540288,0.0007243778720829038,99.9706764178193,False
791,786,DEQUANTIZE_LINEAR,1,dequantize_linear_neon_combined,,,"[[1,32,49],[],[]]","[[1,32,49]]","[[],[]]",60,0.225051,0.00375085,0.003646,0.004276199999999999,0.0007181103716833602,99.29093799577456,0.000723031731450435,99.97139944955076,False
792,228,DEQUANTIZE_LINEAR,1,dequantize_linear_neon_combined,,,"[[1,32,49],[],[]]","[[1,32,49]]","[[],[]]",60,0.22478399999999998,0.0037463999999999996,0.0035415,0.004495549999999999,0.0007172584071542559,99.2916552541817,0.0007221739282311769,99.97212162347898,False
793,771,DEQUANTIZE_LINEAR,1,dequantize_linear_neon_combined,,,"[[1,32,49],[],[]]","[[1,32,49]]","[[],[]]",60,0.224741,0.0037456833333333332,0.003594,0.004427,0.0007171211993836511,99.29237237538109,0.0007220357801471766,99.97284365925913,False
794,573,DEQUANTIZE_LINEAR,1,dequantize_linear_neon_combined,,,"[[1,32,49],[],[]]","[[1,32,49]]","[[],[]]",60,0.223651,0.0037275166666666665,0.00349,0.004532,0.0007136431419427383,99.29308601852304,0.0007185338868550739,99.97356219314598,False
795,816,DEQUANTIZE_LINEAR,1,dequantize_linear_neon_combined,,,"[[1,32,49],[],[]]","[[1,32,49]]","[[],[]]",60,0.22364799999999999,0.0037274666666666663,0.0036195,0.00432465,0.0007136335693075798,99.29379965209235,0.0007185242486166554,99.97428071739459,False
796,468,DEQUANTIZE_LINEAR,1,dequantize_linear_neon_combined,,,"[[1,32,49],[],[]]","[[1,32,49]]","[[],[]]",60,0.22359199999999999,0.003726533333333333,0.003542,0.004489399999999999,0.0007134548801179549,99.29451310697246,0.0007183443348328409,99.97499906172942,False
797,498,DEQUANTIZE_LINEAR,1,dequantize_linear_neon_combined,,,"[[1,32,49],[],[]]","[[1,32,49]]","[[],[]]",60,0.223286,0.0037214333333333337,0.003542,0.004482549999999999,0.0007124784713317904,99.29522558544379,0.0007173612345141405,99.97571642296393,False
798,483,DEQUANTIZE_LINEAR,1,dequantize_linear_neon_combined,,,"[[1,32,49],[],[]]","[[1,32,49]]","[[],[]]",60,0.22228699999999998,0.0037047833333333333,0.003542,0.00432465,0.0007092907838240181,99.2959348762276,0.0007141517011207364,99.97643057466505,False
799,651,DEQUANTIZE_LINEAR,1,dequantize_linear_neon_combined,,,"[[1,32,49],[],[]]","[[1,32,49]]","[[],[]]",60,0.22208,0.0037013333333333334,0.003541,0.00442965,0.0007086302719980833,99.2966435064996,0.0007134866626698509,99.97714406132772,False
800,711,DEQUANTIZE_LINEAR,1,dequantize_linear_neon_combined,,,"[[1,32,49],[],[]]","[[1,32,49]]","[[],[]]",60,0.221357,0.0036892833333333334,0.003541,0.004380200000000001,0.0007063232669248906,99.29734982976653,0.0007111638472109608,99.97785522517493,False
801,210,DEQUANTIZE_LINEAR,1,dequantize_linear_neon_combined,,,"[[1,32,49],[],[]]","[[1,32,49]]","[[],[]]",60,0.221299,0.0036883166666666664,0.0034895,0.0047452,0.0007061381959784935,99.29805596796251,0.0007109775079348674,99.97856620268287,False
802,606,DEQUANTIZE_LINEAR,1,dequantize_linear_neon_combined,,,"[[1,32,49],[],[]]","[[1,32,49]]","[[],[]]",60,0.220728,0.0036788000000000003,0.00349,0.004531050000000001,0.0007043162044199969,99.29876028416693,0.0007091430298891879,99.97927534571276,False
803,393,DEQUANTIZE_LINEAR,1,dequantize_linear_neon_combined,,,"[[1,32,49],[],[]]","[[1,32,49]]","[[],[]]",60,0.220626,0.0036771,0.00349,0.004382850000000001,0.0007039907348246088,99.29946427490175,0.0007088153297829544,99.97998416104255,False
804,681,DEQUANTIZE_LINEAR,1,dequantize_linear_neon_combined,,,"[[1,32,49],[],[]]","[[1,32,49]]","[[],[]]",60,0.22026199999999999,0.003671033333333333,0.003593,0.004330799999999999,0.0007028292550920471,99.30016710415684,0.0007076458901881606,99.98069180693274,False
805,696,DEQUANTIZE_LINEAR,1,dequantize_linear_neon_combined,,,"[[1,32,49],[],[]]","[[1,32,49]]","[[],[]]",60,0.22021,0.0036701666666666666,0.00349,0.004221549999999999,0.0007026633294159668,99.30086976748626,0.0007074788273889043,99.98139928576013,False
806,801,DEQUANTIZE_LINEAR,1,dequantize_linear_neon_combined,,,"[[1,32,49],[],[]]","[[1,32,49]]","[[],[]]",60,0.219741,0.00366235,0.00349,0.004375,0.0007011668074528585,99.30157093429372,0.0007059720494494583,99.98210525780958,False
807,528,DEQUANTIZE_LINEAR,1,dequantize_linear_neon_combined,,,"[[1,32,49],[],[]]","[[1,32,49]]","[[],[]]",60,0.219638,0.0036606333333333335,0.00349,0.004380200000000001,0.0007008381469790841,99.3022717724407,0.0007056411365970853,99.98281089894617,False
808,90,DEQUANTIZE_LINEAR,1,dequantize_linear_neon_combined,,,"[[1,32,49],[],[]]","[[1,32,49]]","[[],[]]",60,0.219586,0.003659766666666667,0.003489,0.004815449999999999,0.000700672221303004,99.302972444662,0.0007054740737978292,99.98351637301997,False
809,741,DEQUANTIZE_LINEAR,1,dequantize_linear_neon_combined,,,"[[1,32,49],[],[]]","[[1,32,49]]","[[],[]]",60,0.218961,0.00364935,0.00349,0.004603849999999999,0.0006986779223116549,99.30367112258432,0.0007034661074606143,99.98421983912743,False
810,45,DEQUANTIZE_LINEAR,1,dequantize_linear_neon_combined,,,"[[1,32,49],[],[]]","[[1,32,49]]","[[],[]]",60,0.218804,0.0036467333333333333,0.00349,0.004325599999999999,0.0006981769544050279,99.30436929953872,0.000702961706316706,99.98492280083374,False
811,195,DEQUANTIZE_LINEAR,1,dequantize_linear_neon_combined,,,"[[1,32,49],[],[]]","[[1,32,49]]","[[],[]]",60,0.218691,0.00364485,0.003489,0.0044348,0.000697816385147392,99.30506711592386,0.0007025986660029375,99.98562539949975,False
812,423,DEQUANTIZE_LINEAR,1,dequantize_linear_neon_combined,,,"[[1,32,49],[],[]]","[[1,32,49]]","[[],[]]",60,0.218023,0.0036337166666666667,0.00349,0.004276199999999999,0.0006956848783854382,99.30576280080224,0.0007004525515817224,99.98632585205134,False
813,438,DEQUANTIZE_LINEAR,1,dequantize_linear_neon_combined,,,"[[1,32,49],[],[]]","[[1,32,49]]","[[],[]]",60,0.217654,0.0036275666666666664,0.0035675,0.004221599999999999,0.0006945074442609457,99.30645730824651,0.0006992670482562308,99.9870251190996,False
814,273,DEQUANTIZE_LINEAR,1,dequantize_linear_neon_combined,,,"[[1,32,49],[],[]]","[[1,32,49]]","[[],[]]",60,0.217345,0.003622416666666667,0.0034895,0.00458565,0.0006935214628396228,99.30715082970934,0.0006982743096991118,99.9877233934093,False
815,726,DEQUANTIZE_LINEAR,1,dequantize_linear_neon_combined,,,"[[1,32,49],[],[]]","[[1,32,49]]","[[],[]]",60,0.217084,0.003618066666666667,0.003516,0.0040203999999999995,0.0006926886435808353,99.30784351835293,0.0006974357829566908,99.98842082919225,False
816,453,DEQUANTIZE_LINEAR,1,dequantize_linear_neon_combined,,,"[[1,32,49],[],[]]","[[1,32,49]]","[[],[]]",60,0.217036,0.003617266666666667,0.00349,0.004167,0.0006925354814182996,99.30853605383435,0.0006972815711419928,99.98911811076339,False
817,378,DEQUANTIZE_LINEAR,1,dequantize_linear_neon_combined,,,"[[1,32,49],[],[]]","[[1,32,49]]","[[],[]]",60,0.216721,0.0036120166666666668,0.003489,0.004433149999999999,0.0006915303547266598,99.30922758418907,0.0006962695561080366,99.98981438031949,False
818,120,DEQUANTIZE_LINEAR,1,dequantize_linear_neon_combined,,,"[[1,32,49],[],[]]","[[1,32,49]]","[[],[]]",60,0.216456,0.0036076000000000003,0.003489,0.00427265,0.0006906847719543277,99.30991826896103,0.0006954181783810575,99.99050979849787,False
819,105,DEQUANTIZE_LINEAR,1,dequantize_linear_neon_combined,,,"[[1,32,49],[],[]]","[[1,32,49]]","[[],[]]",60,0.216097,0.003601616666666667,0.003489,0.0039615499999999994,0.0006895392466136968,99.31060780820764,0.0006942648025169614,99.99120406330039,False
820,303,DEQUANTIZE_LINEAR,1,dequantize_linear_neon_combined,,,"[[1,32,49],[],[]]","[[1,32,49]]","[[],[]]",60,0.215733,0.0035955500000000003,0.003489,0.0041696,0.0006883777668811352,99.31129618597451,0.0006930953629221674,99.9918971586633,False
821,318,DEQUANTIZE_LINEAR,1,dequantize_linear_neon_combined,,,"[[1,32,49],[],[]]","[[1,32,49]]","[[],[]]",60,0.215684,0.0035947333333333333,0.003489,0.0042736,0.0006882214138402134,99.31198440738835,0.0006929379383613299,99.99259009660167,False
822,363,DEQUANTIZE_LINEAR,1,dequantize_linear_neon_combined,,,"[[1,32,49],[],[]]","[[1,32,49]]","[[],[]]",60,0.215315,0.0035885833333333334,0.003438,0.004115,0.0006870439797157209,99.31267145136806,0.0006917524350358382,99.9932818490367,False
823,150,DEQUANTIZE_LINEAR,1,dequantize_linear_neon_combined,,,"[[1,32,49],[],[]]","[[1,32,49]]","[[],[]]",60,0.214896,0.0035816,0.003489,0.004229399999999999,0.0006857070016719204,99.31335715836973,0.0006904062944033694,99.99397225533112,False
824,288,DEQUANTIZE_LINEAR,1,dequantize_linear_neon_combined,,,"[[1,32,49],[],[]]","[[1,32,49]]","[[],[]]",60,0.21484,0.003580666666666667,0.003438,0.004221599999999999,0.0006855283124822956,99.31404268668221,0.0006902263806195549,99.99466248171173,False
825,243,DEQUANTIZE_LINEAR,1,dequantize_linear_neon_combined,,,"[[1,32,49],[],[]]","[[1,32,49]]","[[],[]]",60,0.21468399999999999,0.0035780666666666663,0.003438,0.00444005,0.0006850305354540549,99.31472771721766,0.0006897251922217862,99.99535220690395,False
826,258,DEQUANTIZE_LINEAR,1,dequantize_linear_neon_combined,,,"[[1,32,49],[],[]]","[[1,32,49]]","[[],[]]",60,0.214531,0.0035755166666666667,0.003489,0.004167,0.0006845423310609726,99.31541225954872,0.0006892336420624359,99.99604144054601,False
827,180,DEQUANTIZE_LINEAR,1,dequantize_linear_neon_combined,,,"[[1,32,49],[],[]]","[[1,32,49]]","[[],[]]",60,0.214428,0.0035738000000000002,0.003438,0.0042267999999999984,0.0006842136705871983,99.3160964732193,0.000688902729210063,99.99673034327522,False
828,75,DEQUANTIZE_LINEAR,1,dequantize_linear_neon_combined,,,"[[1,32,49],[],[]]","[[1,32,49]]","[[],[]]",60,0.212974,0.0035495666666666664,0.003438,0.004127999999999999,0.0006795741334137238,99.31677604735272,0.0006842313963231665,99.99741457467154,False
829,165,DEQUANTIZE_LINEAR,1,dequantize_linear_neon_combined,,,"[[1,32,49],[],[]]","[[1,32,49]]","[[],[]]",60,0.212919,0.00354865,0.0034895,0.003869649999999999,0.000679398635102485,99.31745544598782,0.0006840546952854916,99.99809862936682,False
830,333,DEQUANTIZE_LINEAR,1,dequantize_linear_neon_combined,,,"[[1,32,49],[],[]]","[[1,32,49]]","[[],[]]",60,0.2125,0.0035416666666666665,0.003438,0.003963199999999999,0.0006780616570586847,99.31813350764487,0.0006827085546530228,99.99878133792147,False
831,135,DEQUANTIZE_LINEAR,1,dequantize_linear_neon_combined,,,"[[1,32,49],[],[]]","[[1,32,49]]","[[],[]]",60,0.209901,0.00349835,0.0034635,0.0037525999999999996,0.0006697685641330587,99.31880327620901,0.000674358627436349,99.9994556965489,False
832,830,DEQUANTIZE_LINEAR,1,dequantize_linear_neon_combined,,,"[[1,192,1],[],[]]","[[1,192,1]]","[[],[]]",60,0.16942,0.0028236666666666666,0.002734,0.00417385,0.0005405986161829758,99.3193438748252,0.000544303450961483,99.99999999999987,False
