trial_id	enroll_id	test_id	target	trial_type	score
T000001	enroll__speaker_enroll_7sec_jonah_en_0	positive__speaker_identify_3sec_positive_jonah_id_0	1	target	0.267098403814
T000002	enroll__speaker_enroll_7sec_jonah_en_0	positive__speaker_identify_3sec_positive_jonah_id_1	1	target	0.22871909118
T000003	enroll__speaker_enroll_7sec_jonah_en_0	positive__speaker_identify_3sec_positive_jonah_id_2	1	target	0.282177017874
T000004	enroll__speaker_enroll_7sec_jonah_en_0	positive__speaker_identify_3sec_positive_jonah_id_3	1	target	0.318689594982
T000005	enroll__speaker_enroll_7sec_jonah_en_0	positive__speaker_identify_3sec_positive_jonah_id_4	1	target	0.285429808005
T000006	enroll__speaker_enroll_7sec_jonah_en_0	positive__speaker_identify_3sec_positive_kim_id_0	0	registered_impostor	0.251444762849
T000007	enroll__speaker_enroll_7sec_jonah_en_0	positive__speaker_identify_3sec_positive_kim_id_1	0	registered_impostor	0.273823454692
T000008	enroll__speaker_enroll_7sec_jonah_en_0	positive__speaker_identify_3sec_positive_kim_id_2	0	registered_impostor	0.269741750529
T000009	enroll__speaker_enroll_7sec_jonah_en_0	positive__speaker_identify_3sec_positive_kim_id_3	0	registered_impostor	0.28588138434
T000010	enroll__speaker_enroll_7sec_jonah_en_0	positive__speaker_identify_3sec_positive_kim_id_4	0	registered_impostor	0.293484253947
T000011	enroll__speaker_enroll_7sec_jonah_en_0	positive__speaker_identify_3sec_positive_kiuk_id_0	0	registered_impostor	0.26386243334
T000012	enroll__speaker_enroll_7sec_jonah_en_0	positive__speaker_identify_3sec_positive_kiuk_id_1	0	registered_impostor	0.256716489711
T000013	enroll__speaker_enroll_7sec_jonah_en_0	positive__speaker_identify_3sec_positive_kiuk_id_2	0	registered_impostor	0.282845346134
T000014	enroll__speaker_enroll_7sec_jonah_en_0	positive__speaker_identify_3sec_positive_kiuk_id_3	0	registered_impostor	0.263255078597
T000015	enroll__speaker_enroll_7sec_jonah_en_0	positive__speaker_identify_3sec_positive_kiuk_id_4	0	registered_impostor	0.299161489304
T000016	enroll__speaker_enroll_7sec_jonah_en_0	positive__speaker_identify_3sec_positive_ssh_id_0	0	registered_impostor	0.290569261817
T000017	enroll__speaker_enroll_7sec_jonah_en_0	positive__speaker_identify_3sec_positive_ssh_id_1	0	registered_impostor	0.253728055813
T000018	enroll__speaker_enroll_7sec_jonah_en_0	positive__speaker_identify_3sec_positive_ssh_id_2	0	registered_impostor	0.243472737373
T000019	enroll__speaker_enroll_7sec_jonah_en_0	positive__speaker_identify_3sec_positive_ssh_id_3	0	registered_impostor	0.305609757875
T000020	enroll__speaker_enroll_7sec_jonah_en_0	positive__speaker_identify_3sec_positive_ssh_id_4	0	registered_impostor	0.313081836386
T000021	enroll__speaker_enroll_7sec_jonah_en_0	negative__speaker_negative_unregistered_speaker_0000_speaker_0000_00000	0	unregistered_impostor	0.2394432149
T000022	enroll__speaker_enroll_7sec_jonah_en_0	negative__speaker_negative_unregistered_speaker_0000_speaker_0000_00001	0	unregistered_impostor	0.237705073217
T000023	enroll__speaker_enroll_7sec_jonah_en_0	negative__speaker_negative_unregistered_speaker_0000_speaker_0000_00002	0	unregistered_impostor	0.125525407023
T000024	enroll__speaker_enroll_7sec_jonah_en_0	negative__speaker_negative_unregistered_speaker_0000_speaker_0000_00003	0	unregistered_impostor	0.151630508586
T000025	enroll__speaker_enroll_7sec_jonah_en_0	negative__speaker_negative_unregistered_speaker_0000_speaker_0000_00004	0	unregistered_impostor	0.246436145784
T000026	enroll__speaker_enroll_7sec_jonah_en_0	negative__speaker_negative_unregistered_speaker_0000_speaker_0000_00005	0	unregistered_impostor	0.261858299827
T000027	enroll__speaker_enroll_7sec_jonah_en_0	negative__speaker_negative_unregistered_speaker_0000_speaker_0000_00006	0	unregistered_impostor	0.226666119596
T000028	enroll__speaker_enroll_7sec_jonah_en_0	negative__speaker_negative_unregistered_speaker_0000_speaker_0000_00007	0	unregistered_impostor	0.136040634882
T000029	enroll__speaker_enroll_7sec_jonah_en_0	negative__speaker_negative_unregistered_speaker_0000_speaker_0000_00008	0	unregistered_impostor	0.24454697025
T000030	enroll__speaker_enroll_7sec_jonah_en_0	negative__speaker_negative_unregistered_speaker_0000_speaker_0000_00009	0	unregistered_impostor	0.176511281008
T000031	enroll__speaker_enroll_7sec_jonah_en_0	negative__speaker_negative_unregistered_speaker_0000_speaker_0000_00010	0	unregistered_impostor	0.277987021882
T000032	enroll__speaker_enroll_7sec_jonah_en_0	negative__speaker_negative_unregistered_speaker_0000_speaker_0000_00011	0	unregistered_impostor	0.139250752785
T000033	enroll__speaker_enroll_7sec_jonah_en_0	negative__speaker_negative_unregistered_speaker_0000_speaker_0000_00012	0	unregistered_impostor	0.0897520747973
T000034	enroll__speaker_enroll_7sec_jonah_en_0	negative__speaker_negative_unregistered_speaker_0000_speaker_0000_00013	0	unregistered_impostor	0.197284450383
T000035	enroll__speaker_enroll_7sec_jonah_en_0	negative__speaker_negative_unregistered_speaker_0000_speaker_0000_00014	0	unregistered_impostor	0.16706168004
T000036	enroll__speaker_enroll_7sec_jonah_en_0	negative__speaker_negative_unregistered_speaker_0001_speaker_0001_00000	0	unregistered_impostor	0.115858608414
T000037	enroll__speaker_enroll_7sec_jonah_en_0	negative__speaker_negative_unregistered_speaker_0001_speaker_0001_00001	0	unregistered_impostor	0.265257399066
T000038	enroll__speaker_enroll_7sec_jonah_en_0	negative__speaker_negative_unregistered_speaker_0001_speaker_0001_00002	0	unregistered_impostor	0.197039638029
T000039	enroll__speaker_enroll_7sec_jonah_en_0	negative__speaker_negative_unregistered_speaker_0001_speaker_0001_00003	0	unregistered_impostor	0.196030364168
T000040	enroll__speaker_enroll_7sec_jonah_en_0	negative__speaker_negative_unregistered_speaker_0001_speaker_0001_00004	0	unregistered_impostor	0.228186581799
T000041	enroll__speaker_enroll_7sec_jonah_en_0	negative__speaker_negative_unregistered_speaker_0001_speaker_0001_00005	0	unregistered_impostor	0.205160700853
T000042	enroll__speaker_enroll_7sec_jonah_en_0	negative__speaker_negative_unregistered_speaker_0001_speaker_0001_00006	0	unregistered_impostor	0.195425756199
T000043	enroll__speaker_enroll_7sec_jonah_en_0	negative__speaker_negative_unregistered_speaker_0001_speaker_0001_00007	0	unregistered_impostor	0.174212361775
T000044	enroll__speaker_enroll_7sec_jonah_en_0	negative__speaker_negative_unregistered_speaker_0001_speaker_0001_00008	0	unregistered_impostor	0.202065117453
T000045	enroll__speaker_enroll_7sec_jonah_en_0	negative__speaker_negative_unregistered_speaker_0001_speaker_0001_00009	0	unregistered_impostor	0.168858339487
T000046	enroll__speaker_enroll_7sec_jonah_en_0	negative__speaker_negative_unregistered_speaker_0001_speaker_0001_00010	0	unregistered_impostor	0.27916358033
T000047	enroll__speaker_enroll_7sec_jonah_en_0	negative__speaker_negative_unregistered_speaker_0001_speaker_0001_00011	0	unregistered_impostor	0.16649229655
T000048	enroll__speaker_enroll_7sec_jonah_en_0	negative__speaker_negative_unregistered_speaker_0001_speaker_0001_00012	0	unregistered_impostor	0.324394119622
T000049	enroll__speaker_enroll_7sec_jonah_en_0	negative__speaker_negative_unregistered_speaker_0001_speaker_0001_00013	0	unregistered_impostor	0.354763185844
T000050	enroll__speaker_enroll_7sec_jonah_en_0	negative__speaker_negative_unregistered_speaker_0001_speaker_0001_00014	0	unregistered_impostor	0.270783225204
T000051	enroll__speaker_enroll_7sec_jonah_en_0	negative__speaker_negative_unregistered_speaker_0002_speaker_0002_00000	0	unregistered_impostor	0.364332711997
T000052	enroll__speaker_enroll_7sec_jonah_en_0	negative__speaker_negative_unregistered_speaker_0002_speaker_0002_00001	0	unregistered_impostor	0.282844705908
T000053	enroll__speaker_enroll_7sec_jonah_en_0	negative__speaker_negative_unregistered_speaker_0002_speaker_0002_00002	0	unregistered_impostor	0.166230745799
T000054	enroll__speaker_enroll_7sec_jonah_en_0	negative__speaker_negative_unregistered_speaker_0002_speaker_0002_00003	0	unregistered_impostor	0.286183266484
T000055	enroll__speaker_enroll_7sec_jonah_en_0	negative__speaker_negative_unregistered_speaker_0002_speaker_0002_00004	0	unregistered_impostor	0.187820892604
T000056	enroll__speaker_enroll_7sec_jonah_en_0	negative__speaker_negative_unregistered_speaker_0002_speaker_0002_00005	0	unregistered_impostor	0.271343678116
T000057	enroll__speaker_enroll_7sec_jonah_en_0	negative__speaker_negative_unregistered_speaker_0002_speaker_0002_00006	0	unregistered_impostor	0.289389830467
T000058	enroll__speaker_enroll_7sec_jonah_en_0	negative__speaker_negative_unregistered_speaker_0002_speaker_0002_00007	0	unregistered_impostor	0.312368800313
T000059	enroll__speaker_enroll_7sec_jonah_en_0	negative__speaker_negative_unregistered_speaker_0002_speaker_0002_00008	0	unregistered_impostor	0.286394441516
T000060	enroll__speaker_enroll_7sec_jonah_en_0	negative__speaker_negative_unregistered_speaker_0002_speaker_0002_00009	0	unregistered_impostor	0.269338488469
T000061	enroll__speaker_enroll_7sec_jonah_en_0	negative__speaker_negative_unregistered_speaker_0002_speaker_0002_00010	0	unregistered_impostor	0.290664349299
T000062	enroll__speaker_enroll_7sec_jonah_en_0	negative__speaker_negative_unregistered_speaker_0002_speaker_0002_00011	0	unregistered_impostor	0.237797851704
T000063	enroll__speaker_enroll_7sec_jonah_en_0	negative__speaker_negative_unregistered_speaker_0002_speaker_0002_00012	0	unregistered_impostor	0.269485589144
T000064	enroll__speaker_enroll_7sec_jonah_en_0	negative__speaker_negative_unregistered_speaker_0002_speaker_0002_00013	0	unregistered_impostor	0.308383803039
T000065	enroll__speaker_enroll_7sec_jonah_en_0	negative__speaker_negative_unregistered_speaker_0002_speaker_0002_00014	0	unregistered_impostor	0.228272635748
T000066	enroll__speaker_enroll_7sec_jonah_en_1	positive__speaker_identify_3sec_positive_jonah_id_0	1	target	0.247731326946
T000067	enroll__speaker_enroll_7sec_jonah_en_1	positive__speaker_identify_3sec_positive_jonah_id_1	1	target	0.208113736323
T000068	enroll__speaker_enroll_7sec_jonah_en_1	positive__speaker_identify_3sec_positive_jonah_id_2	1	target	0.276063601837
T000069	enroll__speaker_enroll_7sec_jonah_en_1	positive__speaker_identify_3sec_positive_jonah_id_3	1	target	0.305859815965
T000070	enroll__speaker_enroll_7sec_jonah_en_1	positive__speaker_identify_3sec_positive_jonah_id_4	1	target	0.282497979951
T000071	enroll__speaker_enroll_7sec_jonah_en_1	positive__speaker_identify_3sec_positive_kim_id_0	0	registered_impostor	0.236074655166
T000072	enroll__speaker_enroll_7sec_jonah_en_1	positive__speaker_identify_3sec_positive_kim_id_1	0	registered_impostor	0.258538678297
T000073	enroll__speaker_enroll_7sec_jonah_en_1	positive__speaker_identify_3sec_positive_kim_id_2	0	registered_impostor	0.248400082368
T000074	enroll__speaker_enroll_7sec_jonah_en_1	positive__speaker_identify_3sec_positive_kim_id_3	0	registered_impostor	0.282816464946
T000075	enroll__speaker_enroll_7sec_jonah_en_1	positive__speaker_identify_3sec_positive_kim_id_4	0	registered_impostor	0.276939429876
T000076	enroll__speaker_enroll_7sec_jonah_en_1	positive__speaker_identify_3sec_positive_kiuk_id_0	0	registered_impostor	0.240041666077
T000077	enroll__speaker_enroll_7sec_jonah_en_1	positive__speaker_identify_3sec_positive_kiuk_id_1	0	registered_impostor	0.240676569722
T000078	enroll__speaker_enroll_7sec_jonah_en_1	positive__speaker_identify_3sec_positive_kiuk_id_2	0	registered_impostor	0.272446470598
T000079	enroll__speaker_enroll_7sec_jonah_en_1	positive__speaker_identify_3sec_positive_kiuk_id_3	0	registered_impostor	0.252418383631
T000080	enroll__speaker_enroll_7sec_jonah_en_1	positive__speaker_identify_3sec_positive_kiuk_id_4	0	registered_impostor	0.287955313615
T000081	enroll__speaker_enroll_7sec_jonah_en_1	positive__speaker_identify_3sec_positive_ssh_id_0	0	registered_impostor	0.284933472521
T000082	enroll__speaker_enroll_7sec_jonah_en_1	positive__speaker_identify_3sec_positive_ssh_id_1	0	registered_impostor	0.236220670114
T000083	enroll__speaker_enroll_7sec_jonah_en_1	positive__speaker_identify_3sec_positive_ssh_id_2	0	registered_impostor	0.223056508701
T000084	enroll__speaker_enroll_7sec_jonah_en_1	positive__speaker_identify_3sec_positive_ssh_id_3	0	registered_impostor	0.300852277051
T000085	enroll__speaker_enroll_7sec_jonah_en_1	positive__speaker_identify_3sec_positive_ssh_id_4	0	registered_impostor	0.297308964924
T000086	enroll__speaker_enroll_7sec_jonah_en_1	negative__speaker_negative_unregistered_speaker_0000_speaker_0000_00000	0	unregistered_impostor	0.166529932943
T000087	enroll__speaker_enroll_7sec_jonah_en_1	negative__speaker_negative_unregistered_speaker_0000_speaker_0000_00001	0	unregistered_impostor	0.175243816417
T000088	enroll__speaker_enroll_7sec_jonah_en_1	negative__speaker_negative_unregistered_speaker_0000_speaker_0000_00002	0	unregistered_impostor	0.0721048967134
T000089	enroll__speaker_enroll_7sec_jonah_en_1	negative__speaker_negative_unregistered_speaker_0000_speaker_0000_00003	0	unregistered_impostor	0.117992118637
T000090	enroll__speaker_enroll_7sec_jonah_en_1	negative__speaker_negative_unregistered_speaker_0000_speaker_0000_00004	0	unregistered_impostor	0.235720987645
T000091	enroll__speaker_enroll_7sec_jonah_en_1	negative__speaker_negative_unregistered_speaker_0000_speaker_0000_00005	0	unregistered_impostor	0.200542578324
T000092	enroll__speaker_enroll_7sec_jonah_en_1	negative__speaker_negative_unregistered_speaker_0000_speaker_0000_00006	0	unregistered_impostor	0.204806306697
T000093	enroll__speaker_enroll_7sec_jonah_en_1	negative__speaker_negative_unregistered_speaker_0000_speaker_0000_00007	0	unregistered_impostor	0.114492523667
T000094	enroll__speaker_enroll_7sec_jonah_en_1	negative__speaker_negative_unregistered_speaker_0000_speaker_0000_00008	0	unregistered_impostor	0.210006023542
T000095	enroll__speaker_enroll_7sec_jonah_en_1	negative__speaker_negative_unregistered_speaker_0000_speaker_0000_00009	0	unregistered_impostor	0.138019860625
T000096	enroll__speaker_enroll_7sec_jonah_en_1	negative__speaker_negative_unregistered_speaker_0000_speaker_0000_00010	0	unregistered_impostor	0.259388000077
T000097	enroll__speaker_enroll_7sec_jonah_en_1	negative__speaker_negative_unregistered_speaker_0000_speaker_0000_00011	0	unregistered_impostor	0.122562030246
T000098	enroll__speaker_enroll_7sec_jonah_en_1	negative__speaker_negative_unregistered_speaker_0000_speaker_0000_00012	0	unregistered_impostor	0.0932366835659
T000099	enroll__speaker_enroll_7sec_jonah_en_1	negative__speaker_negative_unregistered_speaker_0000_speaker_0000_00013	0	unregistered_impostor	0.178394407825
T000100	enroll__speaker_enroll_7sec_jonah_en_1	negative__speaker_negative_unregistered_speaker_0000_speaker_0000_00014	0	unregistered_impostor	0.167124801091
T000101	enroll__speaker_enroll_7sec_jonah_en_1	negative__speaker_negative_unregistered_speaker_0001_speaker_0001_00000	0	unregistered_impostor	0.14272030516
T000102	enroll__speaker_enroll_7sec_jonah_en_1	negative__speaker_negative_unregistered_speaker_0001_speaker_0001_00001	0	unregistered_impostor	0.200259878256
T000103	enroll__speaker_enroll_7sec_jonah_en_1	negative__speaker_negative_unregistered_speaker_0001_speaker_0001_00002	0	unregistered_impostor	0.152502571332
T000104	enroll__speaker_enroll_7sec_jonah_en_1	negative__speaker_negative_unregistered_speaker_0001_speaker_0001_00003	0	unregistered_impostor	0.157385243699
T000105	enroll__speaker_enroll_7sec_jonah_en_1	negative__speaker_negative_unregistered_speaker_0001_speaker_0001_00004	0	unregistered_impostor	0.19073064945
T000106	enroll__speaker_enroll_7sec_jonah_en_1	negative__speaker_negative_unregistered_speaker_0001_speaker_0001_00005	0	unregistered_impostor	0.177735412295
T000107	enroll__speaker_enroll_7sec_jonah_en_1	negative__speaker_negative_unregistered_speaker_0001_speaker_0001_00006	0	unregistered_impostor	0.158898868212
T000108	enroll__speaker_enroll_7sec_jonah_en_1	negative__speaker_negative_unregistered_speaker_0001_speaker_0001_00007	0	unregistered_impostor	0.12817079201
T000109	enroll__speaker_enroll_7sec_jonah_en_1	negative__speaker_negative_unregistered_speaker_0001_speaker_0001_00008	0	unregistered_impostor	0.175732377381
T000110	enroll__speaker_enroll_7sec_jonah_en_1	negative__speaker_negative_unregistered_speaker_0001_speaker_0001_00009	0	unregistered_impostor	0.151530253139
T000111	enroll__speaker_enroll_7sec_jonah_en_1	negative__speaker_negative_unregistered_speaker_0001_speaker_0001_00010	0	unregistered_impostor	0.225135324401
T000112	enroll__speaker_enroll_7sec_jonah_en_1	negative__speaker_negative_unregistered_speaker_0001_speaker_0001_00011	0	unregistered_impostor	0.143470643726
T000113	enroll__speaker_enroll_7sec_jonah_en_1	negative__speaker_negative_unregistered_speaker_0001_speaker_0001_00012	0	unregistered_impostor	0.28017810706
T000114	enroll__speaker_enroll_7sec_jonah_en_1	negative__speaker_negative_unregistered_speaker_0001_speaker_0001_00013	0	unregistered_impostor	0.299342849847
T000115	enroll__speaker_enroll_7sec_jonah_en_1	negative__speaker_negative_unregistered_speaker_0001_speaker_0001_00014	0	unregistered_impostor	0.248495550818
T000116	enroll__speaker_enroll_7sec_jonah_en_1	negative__speaker_negative_unregistered_speaker_0002_speaker_0002_00000	0	unregistered_impostor	0.291605700379
T000117	enroll__speaker_enroll_7sec_jonah_en_1	negative__speaker_negative_unregistered_speaker_0002_speaker_0002_00001	0	unregistered_impostor	0.284521418753
T000118	enroll__speaker_enroll_7sec_jonah_en_1	negative__speaker_negative_unregistered_speaker_0002_speaker_0002_00002	0	unregistered_impostor	0.144440888394
T000119	enroll__speaker_enroll_7sec_jonah_en_1	negative__speaker_negative_unregistered_speaker_0002_speaker_0002_00003	0	unregistered_impostor	0.254558871738
T000120	enroll__speaker_enroll_7sec_jonah_en_1	negative__speaker_negative_unregistered_speaker_0002_speaker_0002_00004	0	unregistered_impostor	0.171984289128
T000121	enroll__speaker_enroll_7sec_jonah_en_1	negative__speaker_negative_unregistered_speaker_0002_speaker_0002_00005	0	unregistered_impostor	0.212589426282
T000122	enroll__speaker_enroll_7sec_jonah_en_1	negative__speaker_negative_unregistered_speaker_0002_speaker_0002_00006	0	unregistered_impostor	0.272501622
T000123	enroll__speaker_enroll_7sec_jonah_en_1	negative__speaker_negative_unregistered_speaker_0002_speaker_0002_00007	0	unregistered_impostor	0.270020556358
T000124	enroll__speaker_enroll_7sec_jonah_en_1	negative__speaker_negative_unregistered_speaker_0002_speaker_0002_00008	0	unregistered_impostor	0.229837879393
T000125	enroll__speaker_enroll_7sec_jonah_en_1	negative__speaker_negative_unregistered_speaker_0002_speaker_0002_00009	0	unregistered_impostor	0.244054603028
T000126	enroll__speaker_enroll_7sec_jonah_en_1	negative__speaker_negative_unregistered_speaker_0002_speaker_0002_00010	0	unregistered_impostor	0.261068547972
T000127	enroll__speaker_enroll_7sec_jonah_en_1	negative__speaker_negative_unregistered_speaker_0002_speaker_0002_00011	0	unregistered_impostor	0.18190945177
T000128	enroll__speaker_enroll_7sec_jonah_en_1	negative__speaker_negative_unregistered_speaker_0002_speaker_0002_00012	0	unregistered_impostor	0.21560628414
T000129	enroll__speaker_enroll_7sec_jonah_en_1	negative__speaker_negative_unregistered_speaker_0002_speaker_0002_00013	0	unregistered_impostor	0.251572582619
T000130	enroll__speaker_enroll_7sec_jonah_en_1	negative__speaker_negative_unregistered_speaker_0002_speaker_0002_00014	0	unregistered_impostor	0.182843966001
T000131	enroll__speaker_enroll_7sec_jonah_en_2	positive__speaker_identify_3sec_positive_jonah_id_0	1	target	0.362812969468
T000132	enroll__speaker_enroll_7sec_jonah_en_2	positive__speaker_identify_3sec_positive_jonah_id_1	1	target	0.307521509356
T000133	enroll__speaker_enroll_7sec_jonah_en_2	positive__speaker_identify_3sec_positive_jonah_id_2	1	target	0.38124923567
T000134	enroll__speaker_enroll_7sec_jonah_en_2	positive__speaker_identify_3sec_positive_jonah_id_3	1	target	0.402049974713
T000135	enroll__speaker_enroll_7sec_jonah_en_2	positive__speaker_identify_3sec_positive_jonah_id_4	1	target	0.380733380619
T000136	enroll__speaker_enroll_7sec_jonah_en_2	positive__speaker_identify_3sec_positive_kim_id_0	0	registered_impostor	0.356656323775
T000137	enroll__speaker_enroll_7sec_jonah_en_2	positive__speaker_identify_3sec_positive_kim_id_1	0	registered_impostor	0.360693835569
T000138	enroll__speaker_enroll_7sec_jonah_en_2	positive__speaker_identify_3sec_positive_kim_id_2	0	registered_impostor	0.354066237307
T000139	enroll__speaker_enroll_7sec_jonah_en_2	positive__speaker_identify_3sec_positive_kim_id_3	0	registered_impostor	0.376222955637
T000140	enroll__speaker_enroll_7sec_jonah_en_2	positive__speaker_identify_3sec_positive_kim_id_4	0	registered_impostor	0.38609720621
T000141	enroll__speaker_enroll_7sec_jonah_en_2	positive__speaker_identify_3sec_positive_kiuk_id_0	0	registered_impostor	0.356220608126
T000142	enroll__speaker_enroll_7sec_jonah_en_2	positive__speaker_identify_3sec_positive_kiuk_id_1	0	registered_impostor	0.351823975554
T000143	enroll__speaker_enroll_7sec_jonah_en_2	positive__speaker_identify_3sec_positive_kiuk_id_2	0	registered_impostor	0.373498698611
T000144	enroll__speaker_enroll_7sec_jonah_en_2	positive__speaker_identify_3sec_positive_kiuk_id_3	0	registered_impostor	0.35681320429
T000145	enroll__speaker_enroll_7sec_jonah_en_2	positive__speaker_identify_3sec_positive_kiuk_id_4	0	registered_impostor	0.391961554533
T000146	enroll__speaker_enroll_7sec_jonah_en_2	positive__speaker_identify_3sec_positive_ssh_id_0	0	registered_impostor	0.371872959124
T000147	enroll__speaker_enroll_7sec_jonah_en_2	positive__speaker_identify_3sec_positive_ssh_id_1	0	registered_impostor	0.3448965172
T000148	enroll__speaker_enroll_7sec_jonah_en_2	positive__speaker_identify_3sec_positive_ssh_id_2	0	registered_impostor	0.317659970562
T000149	enroll__speaker_enroll_7sec_jonah_en_2	positive__speaker_identify_3sec_positive_ssh_id_3	0	registered_impostor	0.401985540494
T000150	enroll__speaker_enroll_7sec_jonah_en_2	positive__speaker_identify_3sec_positive_ssh_id_4	0	registered_impostor	0.387341529524
T000151	enroll__speaker_enroll_7sec_jonah_en_2	negative__speaker_negative_unregistered_speaker_0000_speaker_0000_00000	0	unregistered_impostor	0.20953795453
T000152	enroll__speaker_enroll_7sec_jonah_en_2	negative__speaker_negative_unregistered_speaker_0000_speaker_0000_00001	0	unregistered_impostor	0.187166492386
T000153	enroll__speaker_enroll_7sec_jonah_en_2	negative__speaker_negative_unregistered_speaker_0000_speaker_0000_00002	0	unregistered_impostor	0.0500269477435
T000154	enroll__speaker_enroll_7sec_jonah_en_2	negative__speaker_negative_unregistered_speaker_0000_speaker_0000_00003	0	unregistered_impostor	0.0807373284908
T000155	enroll__speaker_enroll_7sec_jonah_en_2	negative__speaker_negative_unregistered_speaker_0000_speaker_0000_00004	0	unregistered_impostor	0.207150814479
T000156	enroll__speaker_enroll_7sec_jonah_en_2	negative__speaker_negative_unregistered_speaker_0000_speaker_0000_00005	0	unregistered_impostor	0.204557042863
T000157	enroll__speaker_enroll_7sec_jonah_en_2	negative__speaker_negative_unregistered_speaker_0000_speaker_0000_00006	0	unregistered_impostor	0.172289564232
T000158	enroll__speaker_enroll_7sec_jonah_en_2	negative__speaker_negative_unregistered_speaker_0000_speaker_0000_00007	0	unregistered_impostor	0.081239856298
T000159	enroll__speaker_enroll_7sec_jonah_en_2	negative__speaker_negative_unregistered_speaker_0000_speaker_0000_00008	0	unregistered_impostor	0.180572992923
T000160	enroll__speaker_enroll_7sec_jonah_en_2	negative__speaker_negative_unregistered_speaker_0000_speaker_0000_00009	0	unregistered_impostor	0.127673124259
T000161	enroll__speaker_enroll_7sec_jonah_en_2	negative__speaker_negative_unregistered_speaker_0000_speaker_0000_00010	0	unregistered_impostor	0.240832785645
T000162	enroll__speaker_enroll_7sec_jonah_en_2	negative__speaker_negative_unregistered_speaker_0000_speaker_0000_00011	0	unregistered_impostor	0.0861360320286
T000163	enroll__speaker_enroll_7sec_jonah_en_2	negative__speaker_negative_unregistered_speaker_0000_speaker_0000_00012	0	unregistered_impostor	0.0500752972703
T000164	enroll__speaker_enroll_7sec_jonah_en_2	negative__speaker_negative_unregistered_speaker_0000_speaker_0000_00013	0	unregistered_impostor	0.17693477171
T000165	enroll__speaker_enroll_7sec_jonah_en_2	negative__speaker_negative_unregistered_speaker_0000_speaker_0000_00014	0	unregistered_impostor	0.095455301543
T000166	enroll__speaker_enroll_7sec_jonah_en_2	negative__speaker_negative_unregistered_speaker_0001_speaker_0001_00000	0	unregistered_impostor	0.077698557781
T000167	enroll__speaker_enroll_7sec_jonah_en_2	negative__speaker_negative_unregistered_speaker_0001_speaker_0001_00001	0	unregistered_impostor	0.180880304608
T000168	enroll__speaker_enroll_7sec_jonah_en_2	negative__speaker_negative_unregistered_speaker_0001_speaker_0001_00002	0	unregistered_impostor	0.109560918798
T000169	enroll__speaker_enroll_7sec_jonah_en_2	negative__speaker_negative_unregistered_speaker_0001_speaker_0001_00003	0	unregistered_impostor	0.114398552802
T000170	enroll__speaker_enroll_7sec_jonah_en_2	negative__speaker_negative_unregistered_speaker_0001_speaker_0001_00004	0	unregistered_impostor	0.138594177348
T000171	enroll__speaker_enroll_7sec_jonah_en_2	negative__speaker_negative_unregistered_speaker_0001_speaker_0001_00005	0	unregistered_impostor	0.123309068392
T000172	enroll__speaker_enroll_7sec_jonah_en_2	negative__speaker_negative_unregistered_speaker_0001_speaker_0001_00006	0	unregistered_impostor	0.119611172814
T000173	enroll__speaker_enroll_7sec_jonah_en_2	negative__speaker_negative_unregistered_speaker_0001_speaker_0001_00007	0	unregistered_impostor	0.0832989948694
T000174	enroll__speaker_enroll_7sec_jonah_en_2	negative__speaker_negative_unregistered_speaker_0001_speaker_0001_00008	0	unregistered_impostor	0.119622457006
T000175	enroll__speaker_enroll_7sec_jonah_en_2	negative__speaker_negative_unregistered_speaker_0001_speaker_0001_00009	0	unregistered_impostor	0.0794736980915
T000176	enroll__speaker_enroll_7sec_jonah_en_2	negative__speaker_negative_unregistered_speaker_0001_speaker_0001_00010	0	unregistered_impostor	0.196621958461
T000177	enroll__speaker_enroll_7sec_jonah_en_2	negative__speaker_negative_unregistered_speaker_0001_speaker_0001_00011	0	unregistered_impostor	0.0791768266352
T000178	enroll__speaker_enroll_7sec_jonah_en_2	negative__speaker_negative_unregistered_speaker_0001_speaker_0001_00012	0	unregistered_impostor	0.250706580869
T000179	enroll__speaker_enroll_7sec_jonah_en_2	negative__speaker_negative_unregistered_speaker_0001_speaker_0001_00013	0	unregistered_impostor	0.255382297217
T000180	enroll__speaker_enroll_7sec_jonah_en_2	negative__speaker_negative_unregistered_speaker_0001_speaker_0001_00014	0	unregistered_impostor	0.197858885509
T000181	enroll__speaker_enroll_7sec_jonah_en_2	negative__speaker_negative_unregistered_speaker_0002_speaker_0002_00000	0	unregistered_impostor	0.28074095629
T000182	enroll__speaker_enroll_7sec_jonah_en_2	negative__speaker_negative_unregistered_speaker_0002_speaker_0002_00001	0	unregistered_impostor	0.216634386715
T000183	enroll__speaker_enroll_7sec_jonah_en_2	negative__speaker_negative_unregistered_speaker_0002_speaker_0002_00002	0	unregistered_impostor	0.0832546772084
T000184	enroll__speaker_enroll_7sec_jonah_en_2	negative__speaker_negative_unregistered_speaker_0002_speaker_0002_00003	0	unregistered_impostor	0.240318647108
T000185	enroll__speaker_enroll_7sec_jonah_en_2	negative__speaker_negative_unregistered_speaker_0002_speaker_0002_00004	0	unregistered_impostor	0.0701504286263
T000186	enroll__speaker_enroll_7sec_jonah_en_2	negative__speaker_negative_unregistered_speaker_0002_speaker_0002_00005	0	unregistered_impostor	0.206897080775
T000187	enroll__speaker_enroll_7sec_jonah_en_2	negative__speaker_negative_unregistered_speaker_0002_speaker_0002_00006	0	unregistered_impostor	0.213341146127
T000188	enroll__speaker_enroll_7sec_jonah_en_2	negative__speaker_negative_unregistered_speaker_0002_speaker_0002_00007	0	unregistered_impostor	0.222043054524
T000189	enroll__speaker_enroll_7sec_jonah_en_2	negative__speaker_negative_unregistered_speaker_0002_speaker_0002_00008	0	unregistered_impostor	0.231282885165
T000190	enroll__speaker_enroll_7sec_jonah_en_2	negative__speaker_negative_unregistered_speaker_0002_speaker_0002_00009	0	unregistered_impostor	0.156674167988
T000191	enroll__speaker_enroll_7sec_jonah_en_2	negative__speaker_negative_unregistered_speaker_0002_speaker_0002_00010	0	unregistered_impostor	0.205750025117
T000192	enroll__speaker_enroll_7sec_jonah_en_2	negative__speaker_negative_unregistered_speaker_0002_speaker_0002_00011	0	unregistered_impostor	0.155114587526
T000193	enroll__speaker_enroll_7sec_jonah_en_2	negative__speaker_negative_unregistered_speaker_0002_speaker_0002_00012	0	unregistered_impostor	0.164622045771
T000194	enroll__speaker_enroll_7sec_jonah_en_2	negative__speaker_negative_unregistered_speaker_0002_speaker_0002_00013	0	unregistered_impostor	0.23169960094
T000195	enroll__speaker_enroll_7sec_jonah_en_2	negative__speaker_negative_unregistered_speaker_0002_speaker_0002_00014	0	unregistered_impostor	0.12200080587
T000196	enroll__speaker_enroll_7sec_kim_en_0	positive__speaker_identify_3sec_positive_jonah_id_0	0	registered_impostor	0.135303143552
T000197	enroll__speaker_enroll_7sec_kim_en_0	positive__speaker_identify_3sec_positive_jonah_id_1	0	registered_impostor	0.103162278138
T000198	enroll__speaker_enroll_7sec_kim_en_0	positive__speaker_identify_3sec_positive_jonah_id_2	0	registered_impostor	0.1705080889
T000199	enroll__speaker_enroll_7sec_kim_en_0	positive__speaker_identify_3sec_positive_jonah_id_3	0	registered_impostor	0.193643517764
T000200	enroll__speaker_enroll_7sec_kim_en_0	positive__speaker_identify_3sec_positive_jonah_id_4	0	registered_impostor	0.183615926315
T000201	enroll__speaker_enroll_7sec_kim_en_0	positive__speaker_identify_3sec_positive_kim_id_0	1	target	0.123967455968
T000202	enroll__speaker_enroll_7sec_kim_en_0	positive__speaker_identify_3sec_positive_kim_id_1	1	target	0.124069224072
T000203	enroll__speaker_enroll_7sec_kim_en_0	positive__speaker_identify_3sec_positive_kim_id_2	1	target	0.155172434225
T000204	enroll__speaker_enroll_7sec_kim_en_0	positive__speaker_identify_3sec_positive_kim_id_3	1	target	0.152842308183
T000205	enroll__speaker_enroll_7sec_kim_en_0	positive__speaker_identify_3sec_positive_kim_id_4	1	target	0.148201140812
T000206	enroll__speaker_enroll_7sec_kim_en_0	positive__speaker_identify_3sec_positive_kiuk_id_0	0	registered_impostor	0.134827032588
T000207	enroll__speaker_enroll_7sec_kim_en_0	positive__speaker_identify_3sec_positive_kiuk_id_1	0	registered_impostor	0.137176180342
T000208	enroll__speaker_enroll_7sec_kim_en_0	positive__speaker_identify_3sec_positive_kiuk_id_2	0	registered_impostor	0.149847068393
T000209	enroll__speaker_enroll_7sec_kim_en_0	positive__speaker_identify_3sec_positive_kiuk_id_3	0	registered_impostor	0.145557178383
T000210	enroll__speaker_enroll_7sec_kim_en_0	positive__speaker_identify_3sec_positive_kiuk_id_4	0	registered_impostor	0.175561595903
T000211	enroll__speaker_enroll_7sec_kim_en_0	positive__speaker_identify_3sec_positive_ssh_id_0	0	registered_impostor	0.163712428522
T000212	enroll__speaker_enroll_7sec_kim_en_0	positive__speaker_identify_3sec_positive_ssh_id_1	0	registered_impostor	0.122751295797
T000213	enroll__speaker_enroll_7sec_kim_en_0	positive__speaker_identify_3sec_positive_ssh_id_2	0	registered_impostor	0.117581572854
T000214	enroll__speaker_enroll_7sec_kim_en_0	positive__speaker_identify_3sec_positive_ssh_id_3	0	registered_impostor	0.182345866581
T000215	enroll__speaker_enroll_7sec_kim_en_0	positive__speaker_identify_3sec_positive_ssh_id_4	0	registered_impostor	0.171055518038
T000216	enroll__speaker_enroll_7sec_kim_en_0	negative__speaker_negative_unregistered_speaker_0000_speaker_0000_00000	0	unregistered_impostor	0.0308638107724
T000217	enroll__speaker_enroll_7sec_kim_en_0	negative__speaker_negative_unregistered_speaker_0000_speaker_0000_00001	0	unregistered_impostor	0.014398106316
T000218	enroll__speaker_enroll_7sec_kim_en_0	negative__speaker_negative_unregistered_speaker_0000_speaker_0000_00002	0	unregistered_impostor	0.000690994533096
T000219	enroll__speaker_enroll_7sec_kim_en_0	negative__speaker_negative_unregistered_speaker_0000_speaker_0000_00003	0	unregistered_impostor	-0.0251712970961
T000220	enroll__speaker_enroll_7sec_kim_en_0	negative__speaker_negative_unregistered_speaker_0000_speaker_0000_00004	0	unregistered_impostor	0.0609949465675
T000221	enroll__speaker_enroll_7sec_kim_en_0	negative__speaker_negative_unregistered_speaker_0000_speaker_0000_00005	0	unregistered_impostor	0.0583095987529
T000222	enroll__speaker_enroll_7sec_kim_en_0	negative__speaker_negative_unregistered_speaker_0000_speaker_0000_00006	0	unregistered_impostor	0.0535079582797
T000223	enroll__speaker_enroll_7sec_kim_en_0	negative__speaker_negative_unregistered_speaker_0000_speaker_0000_00007	0	unregistered_impostor	0.0150717076909
T000224	enroll__speaker_enroll_7sec_kim_en_0	negative__speaker_negative_unregistered_speaker_0000_speaker_0000_00008	0	unregistered_impostor	0.0564139979411
T000225	enroll__speaker_enroll_7sec_kim_en_0	negative__speaker_negative_unregistered_speaker_0000_speaker_0000_00009	0	unregistered_impostor	0.0614463327632
T000226	enroll__speaker_enroll_7sec_kim_en_0	negative__speaker_negative_unregistered_speaker_0000_speaker_0000_00010	0	unregistered_impostor	0.103539127202
T000227	enroll__speaker_enroll_7sec_kim_en_0	negative__speaker_negative_unregistered_speaker_0000_speaker_0000_00011	0	unregistered_impostor	0.0433732819879
T000228	enroll__speaker_enroll_7sec_kim_en_0	negative__speaker_negative_unregistered_speaker_0000_speaker_0000_00012	0	unregistered_impostor	-0.0490760120666
T000229	enroll__speaker_enroll_7sec_kim_en_0	negative__speaker_negative_unregistered_speaker_0000_speaker_0000_00013	0	unregistered_impostor	0.0755833952697
T000230	enroll__speaker_enroll_7sec_kim_en_0	negative__speaker_negative_unregistered_speaker_0000_speaker_0000_00014	0	unregistered_impostor	0.00805854244286
T000231	enroll__speaker_enroll_7sec_kim_en_0	negative__speaker_negative_unregistered_speaker_0001_speaker_0001_00000	0	unregistered_impostor	-0.0204008745243
T000232	enroll__speaker_enroll_7sec_kim_en_0	negative__speaker_negative_unregistered_speaker_0001_speaker_0001_00001	0	unregistered_impostor	0.0956879396599
T000233	enroll__speaker_enroll_7sec_kim_en_0	negative__speaker_negative_unregistered_speaker_0001_speaker_0001_00002	0	unregistered_impostor	0.0924981112972
T000234	enroll__speaker_enroll_7sec_kim_en_0	negative__speaker_negative_unregistered_speaker_0001_speaker_0001_00003	0	unregistered_impostor	0.0553852636181
T000235	enroll__speaker_enroll_7sec_kim_en_0	negative__speaker_negative_unregistered_speaker_0001_speaker_0001_00004	0	unregistered_impostor	0.104027728067
T000236	enroll__speaker_enroll_7sec_kim_en_0	negative__speaker_negative_unregistered_speaker_0001_speaker_0001_00005	0	unregistered_impostor	0.116033000197
T000237	enroll__speaker_enroll_7sec_kim_en_0	negative__speaker_negative_unregistered_speaker_0001_speaker_0001_00006	0	unregistered_impostor	0.081486843366
T000238	enroll__speaker_enroll_7sec_kim_en_0	negative__speaker_negative_unregistered_speaker_0001_speaker_0001_00007	0	unregistered_impostor	0.0582937862482
T000239	enroll__speaker_enroll_7sec_kim_en_0	negative__speaker_negative_unregistered_speaker_0001_speaker_0001_00008	0	unregistered_impostor	0.0678724730257
T000240	enroll__speaker_enroll_7sec_kim_en_0	negative__speaker_negative_unregistered_speaker_0001_speaker_0001_00009	0	unregistered_impostor	0.0196413432162
T000241	enroll__speaker_enroll_7sec_kim_en_0	negative__speaker_negative_unregistered_speaker_0001_speaker_0001_00010	0	unregistered_impostor	0.0565032310085
T000242	enroll__speaker_enroll_7sec_kim_en_0	negative__speaker_negative_unregistered_speaker_0001_speaker_0001_00011	0	unregistered_impostor	0.0557478239365
T000243	enroll__speaker_enroll_7sec_kim_en_0	negative__speaker_negative_unregistered_speaker_0001_speaker_0001_00012	0	unregistered_impostor	0.137458511115
T000244	enroll__speaker_enroll_7sec_kim_en_0	negative__speaker_negative_unregistered_speaker_0001_speaker_0001_00013	0	unregistered_impostor	0.103785340506
T000245	enroll__speaker_enroll_7sec_kim_en_0	negative__speaker_negative_unregistered_speaker_0001_speaker_0001_00014	0	unregistered_impostor	0.0997014726557
T000246	enroll__speaker_enroll_7sec_kim_en_0	negative__speaker_negative_unregistered_speaker_0002_speaker_0002_00000	0	unregistered_impostor	0.0399502330361
T000247	enroll__speaker_enroll_7sec_kim_en_0	negative__speaker_negative_unregistered_speaker_0002_speaker_0002_00001	0	unregistered_impostor	0.0808750377346
T000248	enroll__speaker_enroll_7sec_kim_en_0	negative__speaker_negative_unregistered_speaker_0002_speaker_0002_00002	0	unregistered_impostor	0.00123032648244
T000249	enroll__speaker_enroll_7sec_kim_en_0	negative__speaker_negative_unregistered_speaker_0002_speaker_0002_00003	0	unregistered_impostor	0.136119536466
T000250	enroll__speaker_enroll_7sec_kim_en_0	negative__speaker_negative_unregistered_speaker_0002_speaker_0002_00004	0	unregistered_impostor	-0.0382361066608
T000251	enroll__speaker_enroll_7sec_kim_en_0	negative__speaker_negative_unregistered_speaker_0002_speaker_0002_00005	0	unregistered_impostor	0.0777795840682
T000252	enroll__speaker_enroll_7sec_kim_en_0	negative__speaker_negative_unregistered_speaker_0002_speaker_0002_00006	0	unregistered_impostor	0.0326764965744
T000253	enroll__speaker_enroll_7sec_kim_en_0	negative__speaker_negative_unregistered_speaker_0002_speaker_0002_00007	0	unregistered_impostor	0.0469258183754
T000254	enroll__speaker_enroll_7sec_kim_en_0	negative__speaker_negative_unregistered_speaker_0002_speaker_0002_00008	0	unregistered_impostor	0.0792752647182
T000255	enroll__speaker_enroll_7sec_kim_en_0	negative__speaker_negative_unregistered_speaker_0002_speaker_0002_00009	0	unregistered_impostor	0.0470839299202
T000256	enroll__speaker_enroll_7sec_kim_en_0	negative__speaker_negative_unregistered_speaker_0002_speaker_0002_00010	0	unregistered_impostor	0.059328802282
T000257	enroll__speaker_enroll_7sec_kim_en_0	negative__speaker_negative_unregistered_speaker_0002_speaker_0002_00011	0	unregistered_impostor	0.015187662395
T000258	enroll__speaker_enroll_7sec_kim_en_0	negative__speaker_negative_unregistered_speaker_0002_speaker_0002_00012	0	unregistered_impostor	0.0234617295157
T000259	enroll__speaker_enroll_7sec_kim_en_0	negative__speaker_negative_unregistered_speaker_0002_speaker_0002_00013	0	unregistered_impostor	0.070573997175
T000260	enroll__speaker_enroll_7sec_kim_en_0	negative__speaker_negative_unregistered_speaker_0002_speaker_0002_00014	0	unregistered_impostor	0.00158860364621
T000261	enroll__speaker_enroll_7sec_kim_en_1	positive__speaker_identify_3sec_positive_jonah_id_0	0	registered_impostor	0.0791029532045
T000262	enroll__speaker_enroll_7sec_kim_en_1	positive__speaker_identify_3sec_positive_jonah_id_1	0	registered_impostor	0.053733820173
T000263	enroll__speaker_enroll_7sec_kim_en_1	positive__speaker_identify_3sec_positive_jonah_id_2	0	registered_impostor	0.120128784973
T000264	enroll__speaker_enroll_7sec_kim_en_1	positive__speaker_identify_3sec_positive_jonah_id_3	0	registered_impostor	0.153704739789
T000265	enroll__speaker_enroll_7sec_kim_en_1	positive__speaker_identify_3sec_positive_jonah_id_4	0	registered_impostor	0.142112572776
T000266	enroll__speaker_enroll_7sec_kim_en_1	positive__speaker_identify_3sec_positive_kim_id_0	1	target	0.0697502416659
T000267	enroll__speaker_enroll_7sec_kim_en_1	positive__speaker_identify_3sec_positive_kim_id_1	1	target	0.0839033497233
T000268	enroll__speaker_enroll_7sec_kim_en_1	positive__speaker_identify_3sec_positive_kim_id_2	1	target	0.100547695685
T000269	enroll__speaker_enroll_7sec_kim_en_1	positive__speaker_identify_3sec_positive_kim_id_3	1	target	0.10657216873
T000270	enroll__speaker_enroll_7sec_kim_en_1	positive__speaker_identify_3sec_positive_kim_id_4	1	target	0.0938368905529
T000271	enroll__speaker_enroll_7sec_kim_en_1	positive__speaker_identify_3sec_positive_kiuk_id_0	0	registered_impostor	0.0768546139969
T000272	enroll__speaker_enroll_7sec_kim_en_1	positive__speaker_identify_3sec_positive_kiuk_id_1	0	registered_impostor	0.0955650357554
T000273	enroll__speaker_enroll_7sec_kim_en_1	positive__speaker_identify_3sec_positive_kiuk_id_2	0	registered_impostor	0.110663793702
T000274	enroll__speaker_enroll_7sec_kim_en_1	positive__speaker_identify_3sec_positive_kiuk_id_3	0	registered_impostor	0.102925609853
T000275	enroll__speaker_enroll_7sec_kim_en_1	positive__speaker_identify_3sec_positive_kiuk_id_4	0	registered_impostor	0.125337995907
T000276	enroll__speaker_enroll_7sec_kim_en_1	positive__speaker_identify_3sec_positive_ssh_id_0	0	registered_impostor	0.118281166002
T000277	enroll__speaker_enroll_7sec_kim_en_1	positive__speaker_identify_3sec_positive_ssh_id_1	0	registered_impostor	0.0842973376183
T000278	enroll__speaker_enroll_7sec_kim_en_1	positive__speaker_identify_3sec_positive_ssh_id_2	0	registered_impostor	0.0677790066327
T000279	enroll__speaker_enroll_7sec_kim_en_1	positive__speaker_identify_3sec_positive_ssh_id_3	0	registered_impostor	0.142746774785
T000280	enroll__speaker_enroll_7sec_kim_en_1	positive__speaker_identify_3sec_positive_ssh_id_4	0	registered_impostor	0.132797125425
T000281	enroll__speaker_enroll_7sec_kim_en_1	negative__speaker_negative_unregistered_speaker_0000_speaker_0000_00000	0	unregistered_impostor	0.0366735077112
T000282	enroll__speaker_enroll_7sec_kim_en_1	negative__speaker_negative_unregistered_speaker_0000_speaker_0000_00001	0	unregistered_impostor	0.0117906655943
T000283	enroll__speaker_enroll_7sec_kim_en_1	negative__speaker_negative_unregistered_speaker_0000_speaker_0000_00002	0	unregistered_impostor	0.03045135486
T000284	enroll__speaker_enroll_7sec_kim_en_1	negative__speaker_negative_unregistered_speaker_0000_speaker_0000_00003	0	unregistered_impostor	0.0298046687566
T000285	enroll__speaker_enroll_7sec_kim_en_1	negative__speaker_negative_unregistered_speaker_0000_speaker_0000_00004	0	unregistered_impostor	0.0759702587396
T000286	enroll__speaker_enroll_7sec_kim_en_1	negative__speaker_negative_unregistered_speaker_0000_speaker_0000_00005	0	unregistered_impostor	0.0616770097429
T000287	enroll__speaker_enroll_7sec_kim_en_1	negative__speaker_negative_unregistered_speaker_0000_speaker_0000_00006	0	unregistered_impostor	0.0859779382182
T000288	enroll__speaker_enroll_7sec_kim_en_1	negative__speaker_negative_unregistered_speaker_0000_speaker_0000_00007	0	unregistered_impostor	0.0299937493084
T000289	enroll__speaker_enroll_7sec_kim_en_1	negative__speaker_negative_unregistered_speaker_0000_speaker_0000_00008	0	unregistered_impostor	0.0595890648219
T000290	enroll__speaker_enroll_7sec_kim_en_1	negative__speaker_negative_unregistered_speaker_0000_speaker_0000_00009	0	unregistered_impostor	0.0641285534351
T000291	enroll__speaker_enroll_7sec_kim_en_1	negative__speaker_negative_unregistered_speaker_0000_speaker_0000_00010	0	unregistered_impostor	0.135226235967
T000292	enroll__speaker_enroll_7sec_kim_en_1	negative__speaker_negative_unregistered_speaker_0000_speaker_0000_00011	0	unregistered_impostor	0.0505678857646
T000293	enroll__speaker_enroll_7sec_kim_en_1	negative__speaker_negative_unregistered_speaker_0000_speaker_0000_00012	0	unregistered_impostor	-0.0222801282109
T000294	enroll__speaker_enroll_7sec_kim_en_1	negative__speaker_negative_unregistered_speaker_0000_speaker_0000_00013	0	unregistered_impostor	0.0810951779604
T000295	enroll__speaker_enroll_7sec_kim_en_1	negative__speaker_negative_unregistered_speaker_0000_speaker_0000_00014	0	unregistered_impostor	0.0384656126889
T000296	enroll__speaker_enroll_7sec_kim_en_1	negative__speaker_negative_unregistered_speaker_0001_speaker_0001_00000	0	unregistered_impostor	-0.0367953893862
T000297	enroll__speaker_enroll_7sec_kim_en_1	negative__speaker_negative_unregistered_speaker_0001_speaker_0001_00001	0	unregistered_impostor	0.061783112229
T000298	enroll__speaker_enroll_7sec_kim_en_1	negative__speaker_negative_unregistered_speaker_0001_speaker_0001_00002	0	unregistered_impostor	0.0972896420907
T000299	enroll__speaker_enroll_7sec_kim_en_1	negative__speaker_negative_unregistered_speaker_0001_speaker_0001_00003	0	unregistered_impostor	0.0459911555509
T000300	enroll__speaker_enroll_7sec_kim_en_1	negative__speaker_negative_unregistered_speaker_0001_speaker_0001_00004	0	unregistered_impostor	0.0796889815137
T000301	enroll__speaker_enroll_7sec_kim_en_1	negative__speaker_negative_unregistered_speaker_0001_speaker_0001_00005	0	unregistered_impostor	0.0866137051947
T000302	enroll__speaker_enroll_7sec_kim_en_1	negative__speaker_negative_unregistered_speaker_0001_speaker_0001_00006	0	unregistered_impostor	0.0476712494489
T000303	enroll__speaker_enroll_7sec_kim_en_1	negative__speaker_negative_unregistered_speaker_0001_speaker_0001_00007	0	unregistered_impostor	0.0353309748491
T000304	enroll__speaker_enroll_7sec_kim_en_1	negative__speaker_negative_unregistered_speaker_0001_speaker_0001_00008	0	unregistered_impostor	0.0422948926188
T000305	enroll__speaker_enroll_7sec_kim_en_1	negative__speaker_negative_unregistered_speaker_0001_speaker_0001_00009	0	unregistered_impostor	-0.00270722904894
T000306	enroll__speaker_enroll_7sec_kim_en_1	negative__speaker_negative_unregistered_speaker_0001_speaker_0001_00010	0	unregistered_impostor	0.0237536327055
T000307	enroll__speaker_enroll_7sec_kim_en_1	negative__speaker_negative_unregistered_speaker_0001_speaker_0001_00011	0	unregistered_impostor	0.0155715836039
T000308	enroll__speaker_enroll_7sec_kim_en_1	negative__speaker_negative_unregistered_speaker_0001_speaker_0001_00012	0	unregistered_impostor	0.0944357066451
T000309	enroll__speaker_enroll_7sec_kim_en_1	negative__speaker_negative_unregistered_speaker_0001_speaker_0001_00013	0	unregistered_impostor	0.0562691603536
T000310	enroll__speaker_enroll_7sec_kim_en_1	negative__speaker_negative_unregistered_speaker_0001_speaker_0001_00014	0	unregistered_impostor	0.0492260045617
T000311	enroll__speaker_enroll_7sec_kim_en_1	negative__speaker_negative_unregistered_speaker_0002_speaker_0002_00000	0	unregistered_impostor	0.0460447598165
T000312	enroll__speaker_enroll_7sec_kim_en_1	negative__speaker_negative_unregistered_speaker_0002_speaker_0002_00001	0	unregistered_impostor	0.0904703524053
T000313	enroll__speaker_enroll_7sec_kim_en_1	negative__speaker_negative_unregistered_speaker_0002_speaker_0002_00002	0	unregistered_impostor	-0.0162956549631
T000314	enroll__speaker_enroll_7sec_kim_en_1	negative__speaker_negative_unregistered_speaker_0002_speaker_0002_00003	0	unregistered_impostor	0.10663173898
T000315	enroll__speaker_enroll_7sec_kim_en_1	negative__speaker_negative_unregistered_speaker_0002_speaker_0002_00004	0	unregistered_impostor	-0.0132617543252
T000316	enroll__speaker_enroll_7sec_kim_en_1	negative__speaker_negative_unregistered_speaker_0002_speaker_0002_00005	0	unregistered_impostor	0.0583697162631
T000317	enroll__speaker_enroll_7sec_kim_en_1	negative__speaker_negative_unregistered_speaker_0002_speaker_0002_00006	0	unregistered_impostor	0.0500671369646
T000318	enroll__speaker_enroll_7sec_kim_en_1	negative__speaker_negative_unregistered_speaker_0002_speaker_0002_00007	0	unregistered_impostor	0.0260242221359
T000319	enroll__speaker_enroll_7sec_kim_en_1	negative__speaker_negative_unregistered_speaker_0002_speaker_0002_00008	0	unregistered_impostor	0.0331679825299
T000320	enroll__speaker_enroll_7sec_kim_en_1	negative__speaker_negative_unregistered_speaker_0002_speaker_0002_00009	0	unregistered_impostor	0.0306999261287
T000321	enroll__speaker_enroll_7sec_kim_en_1	negative__speaker_negative_unregistered_speaker_0002_speaker_0002_00010	0	unregistered_impostor	0.0428803507401
T000322	enroll__speaker_enroll_7sec_kim_en_1	negative__speaker_negative_unregistered_speaker_0002_speaker_0002_00011	0	unregistered_impostor	-0.00241510577021
T000323	enroll__speaker_enroll_7sec_kim_en_1	negative__speaker_negative_unregistered_speaker_0002_speaker_0002_00012	0	unregistered_impostor	-0.00252892191681
T000324	enroll__speaker_enroll_7sec_kim_en_1	negative__speaker_negative_unregistered_speaker_0002_speaker_0002_00013	0	unregistered_impostor	0.0518925688316
T000325	enroll__speaker_enroll_7sec_kim_en_1	negative__speaker_negative_unregistered_speaker_0002_speaker_0002_00014	0	unregistered_impostor	0.0311888542682
T000326	enroll__speaker_enroll_7sec_kim_en_2	positive__speaker_identify_3sec_positive_jonah_id_0	0	registered_impostor	0.225205579134
T000327	enroll__speaker_enroll_7sec_kim_en_2	positive__speaker_identify_3sec_positive_jonah_id_1	0	registered_impostor	0.153511330359
T000328	enroll__speaker_enroll_7sec_kim_en_2	positive__speaker_identify_3sec_positive_jonah_id_2	0	registered_impostor	0.24227760036
T000329	enroll__speaker_enroll_7sec_kim_en_2	positive__speaker_identify_3sec_positive_jonah_id_3	0	registered_impostor	0.286677214798
T000330	enroll__speaker_enroll_7sec_kim_en_2	positive__speaker_identify_3sec_positive_jonah_id_4	0	registered_impostor	0.252070814741
T000331	enroll__speaker_enroll_7sec_kim_en_2	positive__speaker_identify_3sec_positive_kim_id_0	1	target	0.210726308275
T000332	enroll__speaker_enroll_7sec_kim_en_2	positive__speaker_identify_3sec_positive_kim_id_1	1	target	0.22243690099
T000333	enroll__speaker_enroll_7sec_kim_en_2	positive__speaker_identify_3sec_positive_kim_id_2	1	target	0.205147272134
T000334	enroll__speaker_enroll_7sec_kim_en_2	positive__speaker_identify_3sec_positive_kim_id_3	1	target	0.241552138567
T000335	enroll__speaker_enroll_7sec_kim_en_2	positive__speaker_identify_3sec_positive_kim_id_4	1	target	0.229166383051
T000336	enroll__speaker_enroll_7sec_kim_en_2	positive__speaker_identify_3sec_positive_kiuk_id_0	0	registered_impostor	0.207069658388
T000337	enroll__speaker_enroll_7sec_kim_en_2	positive__speaker_identify_3sec_positive_kiuk_id_1	0	registered_impostor	0.203315729589
T000338	enroll__speaker_enroll_7sec_kim_en_2	positive__speaker_identify_3sec_positive_kiuk_id_2	0	registered_impostor	0.231019991646
T000339	enroll__speaker_enroll_7sec_kim_en_2	positive__speaker_identify_3sec_positive_kiuk_id_3	0	registered_impostor	0.230629749698
T000340	enroll__speaker_enroll_7sec_kim_en_2	positive__speaker_identify_3sec_positive_kiuk_id_4	0	registered_impostor	0.259783121473
T000341	enroll__speaker_enroll_7sec_kim_en_2	positive__speaker_identify_3sec_positive_ssh_id_0	0	registered_impostor	0.229869407216
T000342	enroll__speaker_enroll_7sec_kim_en_2	positive__speaker_identify_3sec_positive_ssh_id_1	0	registered_impostor	0.199741784832
T000343	enroll__speaker_enroll_7sec_kim_en_2	positive__speaker_identify_3sec_positive_ssh_id_2	0	registered_impostor	0.177995580676
T000344	enroll__speaker_enroll_7sec_kim_en_2	positive__speaker_identify_3sec_positive_ssh_id_3	0	registered_impostor	0.261205368421
T000345	enroll__speaker_enroll_7sec_kim_en_2	positive__speaker_identify_3sec_positive_ssh_id_4	0	registered_impostor	0.261838079526
T000346	enroll__speaker_enroll_7sec_kim_en_2	negative__speaker_negative_unregistered_speaker_0000_speaker_0000_00000	0	unregistered_impostor	0.205139793331
T000347	enroll__speaker_enroll_7sec_kim_en_2	negative__speaker_negative_unregistered_speaker_0000_speaker_0000_00001	0	unregistered_impostor	0.155421322619
T000348	enroll__speaker_enroll_7sec_kim_en_2	negative__speaker_negative_unregistered_speaker_0000_speaker_0000_00002	0	unregistered_impostor	0.0583509868221
T000349	enroll__speaker_enroll_7sec_kim_en_2	negative__speaker_negative_unregistered_speaker_0000_speaker_0000_00003	0	unregistered_impostor	0.0608022805641
T000350	enroll__speaker_enroll_7sec_kim_en_2	negative__speaker_negative_unregistered_speaker_0000_speaker_0000_00004	0	unregistered_impostor	0.142473491704
T000351	enroll__speaker_enroll_7sec_kim_en_2	negative__speaker_negative_unregistered_speaker_0000_speaker_0000_00005	0	unregistered_impostor	0.190893650113
T000352	enroll__speaker_enroll_7sec_kim_en_2	negative__speaker_negative_unregistered_speaker_0000_speaker_0000_00006	0	unregistered_impostor	0.1106009521
T000353	enroll__speaker_enroll_7sec_kim_en_2	negative__speaker_negative_unregistered_speaker_0000_speaker_0000_00007	0	unregistered_impostor	0.0975307482657
T000354	enroll__speaker_enroll_7sec_kim_en_2	negative__speaker_negative_unregistered_speaker_0000_speaker_0000_00008	0	unregistered_impostor	0.132954260169
T000355	enroll__speaker_enroll_7sec_kim_en_2	negative__speaker_negative_unregistered_speaker_0000_speaker_0000_00009	0	unregistered_impostor	0.138890488088
T000356	enroll__speaker_enroll_7sec_kim_en_2	negative__speaker_negative_unregistered_speaker_0000_speaker_0000_00010	0	unregistered_impostor	0.188608239936
T000357	enroll__speaker_enroll_7sec_kim_en_2	negative__speaker_negative_unregistered_speaker_0000_speaker_0000_00011	0	unregistered_impostor	0.0768658576918
T000358	enroll__speaker_enroll_7sec_kim_en_2	negative__speaker_negative_unregistered_speaker_0000_speaker_0000_00012	0	unregistered_impostor	0.0375624604638
T000359	enroll__speaker_enroll_7sec_kim_en_2	negative__speaker_negative_unregistered_speaker_0000_speaker_0000_00013	0	unregistered_impostor	0.144013854586
T000360	enroll__speaker_enroll_7sec_kim_en_2	negative__speaker_negative_unregistered_speaker_0000_speaker_0000_00014	0	unregistered_impostor	0.04995267902
T000361	enroll__speaker_enroll_7sec_kim_en_2	negative__speaker_negative_unregistered_speaker_0001_speaker_0001_00000	0	unregistered_impostor	-0.0339754543667
T000362	enroll__speaker_enroll_7sec_kim_en_2	negative__speaker_negative_unregistered_speaker_0001_speaker_0001_00001	0	unregistered_impostor	0.158595831746
T000363	enroll__speaker_enroll_7sec_kim_en_2	negative__speaker_negative_unregistered_speaker_0001_speaker_0001_00002	0	unregistered_impostor	0.110658834659
T000364	enroll__speaker_enroll_7sec_kim_en_2	negative__speaker_negative_unregistered_speaker_0001_speaker_0001_00003	0	unregistered_impostor	0.0985848271491
T000365	enroll__speaker_enroll_7sec_kim_en_2	negative__speaker_negative_unregistered_speaker_0001_speaker_0001_00004	0	unregistered_impostor	0.102516802591
T000366	enroll__speaker_enroll_7sec_kim_en_2	negative__speaker_negative_unregistered_speaker_0001_speaker_0001_00005	0	unregistered_impostor	0.121036387436
T000367	enroll__speaker_enroll_7sec_kim_en_2	negative__speaker_negative_unregistered_speaker_0001_speaker_0001_00006	0	unregistered_impostor	0.0967126673942
T000368	enroll__speaker_enroll_7sec_kim_en_2	negative__speaker_negative_unregistered_speaker_0001_speaker_0001_00007	0	unregistered_impostor	0.0775005415723
T000369	enroll__speaker_enroll_7sec_kim_en_2	negative__speaker_negative_unregistered_speaker_0001_speaker_0001_00008	0	unregistered_impostor	0.0709877788408
T000370	enroll__speaker_enroll_7sec_kim_en_2	negative__speaker_negative_unregistered_speaker_0001_speaker_0001_00009	0	unregistered_impostor	0.0324909518022
T000371	enroll__speaker_enroll_7sec_kim_en_2	negative__speaker_negative_unregistered_speaker_0001_speaker_0001_00010	0	unregistered_impostor	0.148769504305
T000372	enroll__speaker_enroll_7sec_kim_en_2	negative__speaker_negative_unregistered_speaker_0001_speaker_0001_00011	0	unregistered_impostor	0.0530803784315
T000373	enroll__speaker_enroll_7sec_kim_en_2	negative__speaker_negative_unregistered_speaker_0001_speaker_0001_00012	0	unregistered_impostor	0.187412003272
T000374	enroll__speaker_enroll_7sec_kim_en_2	negative__speaker_negative_unregistered_speaker_0001_speaker_0001_00013	0	unregistered_impostor	0.187813605856
T000375	enroll__speaker_enroll_7sec_kim_en_2	negative__speaker_negative_unregistered_speaker_0001_speaker_0001_00014	0	unregistered_impostor	0.119820876244
T000376	enroll__speaker_enroll_7sec_kim_en_2	negative__speaker_negative_unregistered_speaker_0002_speaker_0002_00000	0	unregistered_impostor	0.20277367667
T000377	enroll__speaker_enroll_7sec_kim_en_2	negative__speaker_negative_unregistered_speaker_0002_speaker_0002_00001	0	unregistered_impostor	0.159063430667
T000378	enroll__speaker_enroll_7sec_kim_en_2	negative__speaker_negative_unregistered_speaker_0002_speaker_0002_00002	0	unregistered_impostor	0.0471493063373
T000379	enroll__speaker_enroll_7sec_kim_en_2	negative__speaker_negative_unregistered_speaker_0002_speaker_0002_00003	0	unregistered_impostor	0.214893228995
T000380	enroll__speaker_enroll_7sec_kim_en_2	negative__speaker_negative_unregistered_speaker_0002_speaker_0002_00004	0	unregistered_impostor	0.0340002637446
T000381	enroll__speaker_enroll_7sec_kim_en_2	negative__speaker_negative_unregistered_speaker_0002_speaker_0002_00005	0	unregistered_impostor	0.172310104187
T000382	enroll__speaker_enroll_7sec_kim_en_2	negative__speaker_negative_unregistered_speaker_0002_speaker_0002_00006	0	unregistered_impostor	0.138235199151
T000383	enroll__speaker_enroll_7sec_kim_en_2	negative__speaker_negative_unregistered_speaker_0002_speaker_0002_00007	0	unregistered_impostor	0.124693772699
T000384	enroll__speaker_enroll_7sec_kim_en_2	negative__speaker_negative_unregistered_speaker_0002_speaker_0002_00008	0	unregistered_impostor	0.182774937781
T000385	enroll__speaker_enroll_7sec_kim_en_2	negative__speaker_negative_unregistered_speaker_0002_speaker_0002_00009	0	unregistered_impostor	0.108653746537
T000386	enroll__speaker_enroll_7sec_kim_en_2	negative__speaker_negative_unregistered_speaker_0002_speaker_0002_00010	0	unregistered_impostor	0.130829030712
T000387	enroll__speaker_enroll_7sec_kim_en_2	negative__speaker_negative_unregistered_speaker_0002_speaker_0002_00011	0	unregistered_impostor	0.0876797752265
T000388	enroll__speaker_enroll_7sec_kim_en_2	negative__speaker_negative_unregistered_speaker_0002_speaker_0002_00012	0	unregistered_impostor	0.129047338912
T000389	enroll__speaker_enroll_7sec_kim_en_2	negative__speaker_negative_unregistered_speaker_0002_speaker_0002_00013	0	unregistered_impostor	0.162011747687
T000390	enroll__speaker_enroll_7sec_kim_en_2	negative__speaker_negative_unregistered_speaker_0002_speaker_0002_00014	0	unregistered_impostor	0.0823422837297
T000391	enroll__speaker_enroll_7sec_kiuk_en_0	positive__speaker_identify_3sec_positive_jonah_id_0	0	registered_impostor	0.392888367796
T000392	enroll__speaker_enroll_7sec_kiuk_en_0	positive__speaker_identify_3sec_positive_jonah_id_1	0	registered_impostor	0.349927419344
T000393	enroll__speaker_enroll_7sec_kiuk_en_0	positive__speaker_identify_3sec_positive_jonah_id_2	0	registered_impostor	0.386741531735
T000394	enroll__speaker_enroll_7sec_kiuk_en_0	positive__speaker_identify_3sec_positive_jonah_id_3	0	registered_impostor	0.434104417125
T000395	enroll__speaker_enroll_7sec_kiuk_en_0	positive__speaker_identify_3sec_positive_jonah_id_4	0	registered_impostor	0.419269577365
T000396	enroll__speaker_enroll_7sec_kiuk_en_0	positive__speaker_identify_3sec_positive_kim_id_0	0	registered_impostor	0.370878659733
T000397	enroll__speaker_enroll_7sec_kiuk_en_0	positive__speaker_identify_3sec_positive_kim_id_1	0	registered_impostor	0.35737209692
T000398	enroll__speaker_enroll_7sec_kiuk_en_0	positive__speaker_identify_3sec_positive_kim_id_2	0	registered_impostor	0.374755939531
T000399	enroll__speaker_enroll_7sec_kiuk_en_0	positive__speaker_identify_3sec_positive_kim_id_3	0	registered_impostor	0.377962441625
T000400	enroll__speaker_enroll_7sec_kiuk_en_0	positive__speaker_identify_3sec_positive_kim_id_4	0	registered_impostor	0.385369317813
T000401	enroll__speaker_enroll_7sec_kiuk_en_0	positive__speaker_identify_3sec_positive_kiuk_id_0	1	target	0.367788152669
T000402	enroll__speaker_enroll_7sec_kiuk_en_0	positive__speaker_identify_3sec_positive_kiuk_id_1	1	target	0.37223060403
T000403	enroll__speaker_enroll_7sec_kiuk_en_0	positive__speaker_identify_3sec_positive_kiuk_id_2	1	target	0.39711815904
T000404	enroll__speaker_enroll_7sec_kiuk_en_0	positive__speaker_identify_3sec_positive_kiuk_id_3	1	target	0.378542689335
T000405	enroll__speaker_enroll_7sec_kiuk_en_0	positive__speaker_identify_3sec_positive_kiuk_id_4	1	target	0.40683076449
T000406	enroll__speaker_enroll_7sec_kiuk_en_0	positive__speaker_identify_3sec_positive_ssh_id_0	0	registered_impostor	0.412851121961
T000407	enroll__speaker_enroll_7sec_kiuk_en_0	positive__speaker_identify_3sec_positive_ssh_id_1	0	registered_impostor	0.374080424799
T000408	enroll__speaker_enroll_7sec_kiuk_en_0	positive__speaker_identify_3sec_positive_ssh_id_2	0	registered_impostor	0.346458172736
T000409	enroll__speaker_enroll_7sec_kiuk_en_0	positive__speaker_identify_3sec_positive_ssh_id_3	0	registered_impostor	0.406213731446
T000410	enroll__speaker_enroll_7sec_kiuk_en_0	positive__speaker_identify_3sec_positive_ssh_id_4	0	registered_impostor	0.407307137912
T000411	enroll__speaker_enroll_7sec_kiuk_en_0	negative__speaker_negative_unregistered_speaker_0000_speaker_0000_00000	0	unregistered_impostor	0.201941140555
T000412	enroll__speaker_enroll_7sec_kiuk_en_0	negative__speaker_negative_unregistered_speaker_0000_speaker_0000_00001	0	unregistered_impostor	0.185147011817
T000413	enroll__speaker_enroll_7sec_kiuk_en_0	negative__speaker_negative_unregistered_speaker_0000_speaker_0000_00002	0	unregistered_impostor	0.0709325366319
T000414	enroll__speaker_enroll_7sec_kiuk_en_0	negative__speaker_negative_unregistered_speaker_0000_speaker_0000_00003	0	unregistered_impostor	0.10988472789
T000415	enroll__speaker_enroll_7sec_kiuk_en_0	negative__speaker_negative_unregistered_speaker_0000_speaker_0000_00004	0	unregistered_impostor	0.232180158357
T000416	enroll__speaker_enroll_7sec_kiuk_en_0	negative__speaker_negative_unregistered_speaker_0000_speaker_0000_00005	0	unregistered_impostor	0.226731879445
T000417	enroll__speaker_enroll_7sec_kiuk_en_0	negative__speaker_negative_unregistered_speaker_0000_speaker_0000_00006	0	unregistered_impostor	0.0921901838248
T000418	enroll__speaker_enroll_7sec_kiuk_en_0	negative__speaker_negative_unregistered_speaker_0000_speaker_0000_00007	0	unregistered_impostor	0.0878611776246
T000419	enroll__speaker_enroll_7sec_kiuk_en_0	negative__speaker_negative_unregistered_speaker_0000_speaker_0000_00008	0	unregistered_impostor	0.145098919738
T000420	enroll__speaker_enroll_7sec_kiuk_en_0	negative__speaker_negative_unregistered_speaker_0000_speaker_0000_00009	0	unregistered_impostor	0.173937852829
T000421	enroll__speaker_enroll_7sec_kiuk_en_0	negative__speaker_negative_unregistered_speaker_0000_speaker_0000_00010	0	unregistered_impostor	0.208653060266
T000422	enroll__speaker_enroll_7sec_kiuk_en_0	negative__speaker_negative_unregistered_speaker_0000_speaker_0000_00011	0	unregistered_impostor	0.135613825108
T000423	enroll__speaker_enroll_7sec_kiuk_en_0	negative__speaker_negative_unregistered_speaker_0000_speaker_0000_00012	0	unregistered_impostor	0.0773734663757
T000424	enroll__speaker_enroll_7sec_kiuk_en_0	negative__speaker_negative_unregistered_speaker_0000_speaker_0000_00013	0	unregistered_impostor	0.125299071468
T000425	enroll__speaker_enroll_7sec_kiuk_en_0	negative__speaker_negative_unregistered_speaker_0000_speaker_0000_00014	0	unregistered_impostor	0.0960121000976
T000426	enroll__speaker_enroll_7sec_kiuk_en_0	negative__speaker_negative_unregistered_speaker_0001_speaker_0001_00000	0	unregistered_impostor	0.1909410871
T000427	enroll__speaker_enroll_7sec_kiuk_en_0	negative__speaker_negative_unregistered_speaker_0001_speaker_0001_00001	0	unregistered_impostor	0.188093657804
T000428	enroll__speaker_enroll_7sec_kiuk_en_0	negative__speaker_negative_unregistered_speaker_0001_speaker_0001_00002	0	unregistered_impostor	0.117182017171
T000429	enroll__speaker_enroll_7sec_kiuk_en_0	negative__speaker_negative_unregistered_speaker_0001_speaker_0001_00003	0	unregistered_impostor	0.153221118612
T000430	enroll__speaker_enroll_7sec_kiuk_en_0	negative__speaker_negative_unregistered_speaker_0001_speaker_0001_00004	0	unregistered_impostor	0.145453224288
T000431	enroll__speaker_enroll_7sec_kiuk_en_0	negative__speaker_negative_unregistered_speaker_0001_speaker_0001_00005	0	unregistered_impostor	0.12550652526
T000432	enroll__speaker_enroll_7sec_kiuk_en_0	negative__speaker_negative_unregistered_speaker_0001_speaker_0001_00006	0	unregistered_impostor	0.114925019568
T000433	enroll__speaker_enroll_7sec_kiuk_en_0	negative__speaker_negative_unregistered_speaker_0001_speaker_0001_00007	0	unregistered_impostor	0.120783434379
T000434	enroll__speaker_enroll_7sec_kiuk_en_0	negative__speaker_negative_unregistered_speaker_0001_speaker_0001_00008	0	unregistered_impostor	0.143499050309
T000435	enroll__speaker_enroll_7sec_kiuk_en_0	negative__speaker_negative_unregistered_speaker_0001_speaker_0001_00009	0	unregistered_impostor	0.075805995234
T000436	enroll__speaker_enroll_7sec_kiuk_en_0	negative__speaker_negative_unregistered_speaker_0001_speaker_0001_00010	0	unregistered_impostor	0.193033634015
T000437	enroll__speaker_enroll_7sec_kiuk_en_0	negative__speaker_negative_unregistered_speaker_0001_speaker_0001_00011	0	unregistered_impostor	0.085746369089
T000438	enroll__speaker_enroll_7sec_kiuk_en_0	negative__speaker_negative_unregistered_speaker_0001_speaker_0001_00012	0	unregistered_impostor	0.171291716411
T000439	enroll__speaker_enroll_7sec_kiuk_en_0	negative__speaker_negative_unregistered_speaker_0001_speaker_0001_00013	0	unregistered_impostor	0.207338928799
T000440	enroll__speaker_enroll_7sec_kiuk_en_0	negative__speaker_negative_unregistered_speaker_0001_speaker_0001_00014	0	unregistered_impostor	0.108249228373
T000441	enroll__speaker_enroll_7sec_kiuk_en_0	negative__speaker_negative_unregistered_speaker_0002_speaker_0002_00000	0	unregistered_impostor	0.220962842024
T000442	enroll__speaker_enroll_7sec_kiuk_en_0	negative__speaker_negative_unregistered_speaker_0002_speaker_0002_00001	0	unregistered_impostor	0.15650092643
T000443	enroll__speaker_enroll_7sec_kiuk_en_0	negative__speaker_negative_unregistered_speaker_0002_speaker_0002_00002	0	unregistered_impostor	0.14439558786
T000444	enroll__speaker_enroll_7sec_kiuk_en_0	negative__speaker_negative_unregistered_speaker_0002_speaker_0002_00003	0	unregistered_impostor	0.211226654106
T000445	enroll__speaker_enroll_7sec_kiuk_en_0	negative__speaker_negative_unregistered_speaker_0002_speaker_0002_00004	0	unregistered_impostor	0.0371860876056
T000446	enroll__speaker_enroll_7sec_kiuk_en_0	negative__speaker_negative_unregistered_speaker_0002_speaker_0002_00005	0	unregistered_impostor	0.127081634101
T000447	enroll__speaker_enroll_7sec_kiuk_en_0	negative__speaker_negative_unregistered_speaker_0002_speaker_0002_00006	0	unregistered_impostor	0.162606961752
T000448	enroll__speaker_enroll_7sec_kiuk_en_0	negative__speaker_negative_unregistered_speaker_0002_speaker_0002_00007	0	unregistered_impostor	0.106469701583
T000449	enroll__speaker_enroll_7sec_kiuk_en_0	negative__speaker_negative_unregistered_speaker_0002_speaker_0002_00008	0	unregistered_impostor	0.165858564207
T000450	enroll__speaker_enroll_7sec_kiuk_en_0	negative__speaker_negative_unregistered_speaker_0002_speaker_0002_00009	0	unregistered_impostor	0.120079461723
T000451	enroll__speaker_enroll_7sec_kiuk_en_0	negative__speaker_negative_unregistered_speaker_0002_speaker_0002_00010	0	unregistered_impostor	0.151974281958
T000452	enroll__speaker_enroll_7sec_kiuk_en_0	negative__speaker_negative_unregistered_speaker_0002_speaker_0002_00011	0	unregistered_impostor	0.1509318515
T000453	enroll__speaker_enroll_7sec_kiuk_en_0	negative__speaker_negative_unregistered_speaker_0002_speaker_0002_00012	0	unregistered_impostor	0.126890440736
T000454	enroll__speaker_enroll_7sec_kiuk_en_0	negative__speaker_negative_unregistered_speaker_0002_speaker_0002_00013	0	unregistered_impostor	0.210293659293
T000455	enroll__speaker_enroll_7sec_kiuk_en_0	negative__speaker_negative_unregistered_speaker_0002_speaker_0002_00014	0	unregistered_impostor	0.107441945666
T000456	enroll__speaker_enroll_7sec_kiuk_en_1	positive__speaker_identify_3sec_positive_jonah_id_0	0	registered_impostor	0.38758089757
T000457	enroll__speaker_enroll_7sec_kiuk_en_1	positive__speaker_identify_3sec_positive_jonah_id_1	0	registered_impostor	0.328270025922
T000458	enroll__speaker_enroll_7sec_kiuk_en_1	positive__speaker_identify_3sec_positive_jonah_id_2	0	registered_impostor	0.388273531016
T000459	enroll__speaker_enroll_7sec_kiuk_en_1	positive__speaker_identify_3sec_positive_jonah_id_3	0	registered_impostor	0.435546185614
T000460	enroll__speaker_enroll_7sec_kiuk_en_1	positive__speaker_identify_3sec_positive_jonah_id_4	0	registered_impostor	0.426357221163
T000461	enroll__speaker_enroll_7sec_kiuk_en_1	positive__speaker_identify_3sec_positive_kim_id_0	0	registered_impostor	0.379830763961
T000462	enroll__speaker_enroll_7sec_kiuk_en_1	positive__speaker_identify_3sec_positive_kim_id_1	0	registered_impostor	0.369257679391
T000463	enroll__speaker_enroll_7sec_kiuk_en_1	positive__speaker_identify_3sec_positive_kim_id_2	0	registered_impostor	0.373456565728
T000464	enroll__speaker_enroll_7sec_kiuk_en_1	positive__speaker_identify_3sec_positive_kim_id_3	0	registered_impostor	0.383560602453
T000465	enroll__speaker_enroll_7sec_kiuk_en_1	positive__speaker_identify_3sec_positive_kim_id_4	0	registered_impostor	0.374521775965
T000466	enroll__speaker_enroll_7sec_kiuk_en_1	positive__speaker_identify_3sec_positive_kiuk_id_0	1	target	0.367089771431
T000467	enroll__speaker_enroll_7sec_kiuk_en_1	positive__speaker_identify_3sec_positive_kiuk_id_1	1	target	0.375388631232
T000468	enroll__speaker_enroll_7sec_kiuk_en_1	positive__speaker_identify_3sec_positive_kiuk_id_2	1	target	0.405771104189
T000469	enroll__speaker_enroll_7sec_kiuk_en_1	positive__speaker_identify_3sec_positive_kiuk_id_3	1	target	0.383633176573
T000470	enroll__speaker_enroll_7sec_kiuk_en_1	positive__speaker_identify_3sec_positive_kiuk_id_4	1	target	0.41589168072
T000471	enroll__speaker_enroll_7sec_kiuk_en_1	positive__speaker_identify_3sec_positive_ssh_id_0	0	registered_impostor	0.408115987528
T000472	enroll__speaker_enroll_7sec_kiuk_en_1	positive__speaker_identify_3sec_positive_ssh_id_1	0	registered_impostor	0.384426853413
T000473	enroll__speaker_enroll_7sec_kiuk_en_1	positive__speaker_identify_3sec_positive_ssh_id_2	0	registered_impostor	0.327654194399
T000474	enroll__speaker_enroll_7sec_kiuk_en_1	positive__speaker_identify_3sec_positive_ssh_id_3	0	registered_impostor	0.407559595468
T000475	enroll__speaker_enroll_7sec_kiuk_en_1	positive__speaker_identify_3sec_positive_ssh_id_4	0	registered_impostor	0.403756447606
T000476	enroll__speaker_enroll_7sec_kiuk_en_1	negative__speaker_negative_unregistered_speaker_0000_speaker_0000_00000	0	unregistered_impostor	0.174227091637
T000477	enroll__speaker_enroll_7sec_kiuk_en_1	negative__speaker_negative_unregistered_speaker_0000_speaker_0000_00001	0	unregistered_impostor	0.165659766935
T000478	enroll__speaker_enroll_7sec_kiuk_en_1	negative__speaker_negative_unregistered_speaker_0000_speaker_0000_00002	0	unregistered_impostor	0.0817981240366
T000479	enroll__speaker_enroll_7sec_kiuk_en_1	negative__speaker_negative_unregistered_speaker_0000_speaker_0000_00003	0	unregistered_impostor	0.140048933451
T000480	enroll__speaker_enroll_7sec_kiuk_en_1	negative__speaker_negative_unregistered_speaker_0000_speaker_0000_00004	0	unregistered_impostor	0.176974790727
T000481	enroll__speaker_enroll_7sec_kiuk_en_1	negative__speaker_negative_unregistered_speaker_0000_speaker_0000_00005	0	unregistered_impostor	0.177929468617
T000482	enroll__speaker_enroll_7sec_kiuk_en_1	negative__speaker_negative_unregistered_speaker_0000_speaker_0000_00006	0	unregistered_impostor	0.098041028204
T000483	enroll__speaker_enroll_7sec_kiuk_en_1	negative__speaker_negative_unregistered_speaker_0000_speaker_0000_00007	0	unregistered_impostor	0.103950152945
T000484	enroll__speaker_enroll_7sec_kiuk_en_1	negative__speaker_negative_unregistered_speaker_0000_speaker_0000_00008	0	unregistered_impostor	0.13568060007
T000485	enroll__speaker_enroll_7sec_kiuk_en_1	negative__speaker_negative_unregistered_speaker_0000_speaker_0000_00009	0	unregistered_impostor	0.149797033434
T000486	enroll__speaker_enroll_7sec_kiuk_en_1	negative__speaker_negative_unregistered_speaker_0000_speaker_0000_00010	0	unregistered_impostor	0.189365737884
T000487	enroll__speaker_enroll_7sec_kiuk_en_1	negative__speaker_negative_unregistered_speaker_0000_speaker_0000_00011	0	unregistered_impostor	0.104990171386
T000488	enroll__speaker_enroll_7sec_kiuk_en_1	negative__speaker_negative_unregistered_speaker_0000_speaker_0000_00012	0	unregistered_impostor	0.108889998676
T000489	enroll__speaker_enroll_7sec_kiuk_en_1	negative__speaker_negative_unregistered_speaker_0000_speaker_0000_00013	0	unregistered_impostor	0.128347340405
T000490	enroll__speaker_enroll_7sec_kiuk_en_1	negative__speaker_negative_unregistered_speaker_0000_speaker_0000_00014	0	unregistered_impostor	0.0705041316047
T000491	enroll__speaker_enroll_7sec_kiuk_en_1	negative__speaker_negative_unregistered_speaker_0001_speaker_0001_00000	0	unregistered_impostor	0.142658911264
T000492	enroll__speaker_enroll_7sec_kiuk_en_1	negative__speaker_negative_unregistered_speaker_0001_speaker_0001_00001	0	unregistered_impostor	0.0981752596551
T000493	enroll__speaker_enroll_7sec_kiuk_en_1	negative__speaker_negative_unregistered_speaker_0001_speaker_0001_00002	0	unregistered_impostor	0.069009989171
T000494	enroll__speaker_enroll_7sec_kiuk_en_1	negative__speaker_negative_unregistered_speaker_0001_speaker_0001_00003	0	unregistered_impostor	0.0910548575199
T000495	enroll__speaker_enroll_7sec_kiuk_en_1	negative__speaker_negative_unregistered_speaker_0001_speaker_0001_00004	0	unregistered_impostor	0.0878691932988
T000496	enroll__speaker_enroll_7sec_kiuk_en_1	negative__speaker_negative_unregistered_speaker_0001_speaker_0001_00005	0	unregistered_impostor	0.0592206162029
T000497	enroll__speaker_enroll_7sec_kiuk_en_1	negative__speaker_negative_unregistered_speaker_0001_speaker_0001_00006	0	unregistered_impostor	0.0523780719065
T000498	enroll__speaker_enroll_7sec_kiuk_en_1	negative__speaker_negative_unregistered_speaker_0001_speaker_0001_00007	0	unregistered_impostor	0.0476792907393
T000499	enroll__speaker_enroll_7sec_kiuk_en_1	negative__speaker_negative_unregistered_speaker_0001_speaker_0001_00008	0	unregistered_impostor	0.0508786784876
T000500	enroll__speaker_enroll_7sec_kiuk_en_1	negative__speaker_negative_unregistered_speaker_0001_speaker_0001_00009	0	unregistered_impostor	0.0496739067921
T000501	enroll__speaker_enroll_7sec_kiuk_en_1	negative__speaker_negative_unregistered_speaker_0001_speaker_0001_00010	0	unregistered_impostor	0.14990234878
T000502	enroll__speaker_enroll_7sec_kiuk_en_1	negative__speaker_negative_unregistered_speaker_0001_speaker_0001_00011	0	unregistered_impostor	0.0416874050251
T000503	enroll__speaker_enroll_7sec_kiuk_en_1	negative__speaker_negative_unregistered_speaker_0001_speaker_0001_00012	0	unregistered_impostor	0.0984656319423
T000504	enroll__speaker_enroll_7sec_kiuk_en_1	negative__speaker_negative_unregistered_speaker_0001_speaker_0001_00013	0	unregistered_impostor	0.13476841671
T000505	enroll__speaker_enroll_7sec_kiuk_en_1	negative__speaker_negative_unregistered_speaker_0001_speaker_0001_00014	0	unregistered_impostor	0.0379875359293
T000506	enroll__speaker_enroll_7sec_kiuk_en_1	negative__speaker_negative_unregistered_speaker_0002_speaker_0002_00000	0	unregistered_impostor	0.180877614604
T000507	enroll__speaker_enroll_7sec_kiuk_en_1	negative__speaker_negative_unregistered_speaker_0002_speaker_0002_00001	0	unregistered_impostor	0.128867971936
T000508	enroll__speaker_enroll_7sec_kiuk_en_1	negative__speaker_negative_unregistered_speaker_0002_speaker_0002_00002	0	unregistered_impostor	0.115182787191
T000509	enroll__speaker_enroll_7sec_kiuk_en_1	negative__speaker_negative_unregistered_speaker_0002_speaker_0002_00003	0	unregistered_impostor	0.207527525366
T000510	enroll__speaker_enroll_7sec_kiuk_en_1	negative__speaker_negative_unregistered_speaker_0002_speaker_0002_00004	0	unregistered_impostor	0.0343564575578
T000511	enroll__speaker_enroll_7sec_kiuk_en_1	negative__speaker_negative_unregistered_speaker_0002_speaker_0002_00005	0	unregistered_impostor	0.131664512933
T000512	enroll__speaker_enroll_7sec_kiuk_en_1	negative__speaker_negative_unregistered_speaker_0002_speaker_0002_00006	0	unregistered_impostor	0.127763268761
T000513	enroll__speaker_enroll_7sec_kiuk_en_1	negative__speaker_negative_unregistered_speaker_0002_speaker_0002_00007	0	unregistered_impostor	0.0796747558247
T000514	enroll__speaker_enroll_7sec_kiuk_en_1	negative__speaker_negative_unregistered_speaker_0002_speaker_0002_00008	0	unregistered_impostor	0.153300514906
T000515	enroll__speaker_enroll_7sec_kiuk_en_1	negative__speaker_negative_unregistered_speaker_0002_speaker_0002_00009	0	unregistered_impostor	0.106503427938
T000516	enroll__speaker_enroll_7sec_kiuk_en_1	negative__speaker_negative_unregistered_speaker_0002_speaker_0002_00010	0	unregistered_impostor	0.160661121139
T000517	enroll__speaker_enroll_7sec_kiuk_en_1	negative__speaker_negative_unregistered_speaker_0002_speaker_0002_00011	0	unregistered_impostor	0.122867632791
T000518	enroll__speaker_enroll_7sec_kiuk_en_1	negative__speaker_negative_unregistered_speaker_0002_speaker_0002_00012	0	unregistered_impostor	0.0969733182792
T000519	enroll__speaker_enroll_7sec_kiuk_en_1	negative__speaker_negative_unregistered_speaker_0002_speaker_0002_00013	0	unregistered_impostor	0.179595313931
T000520	enroll__speaker_enroll_7sec_kiuk_en_1	negative__speaker_negative_unregistered_speaker_0002_speaker_0002_00014	0	unregistered_impostor	0.0757512743184
T000521	enroll__speaker_enroll_7sec_kiuk_en_2	positive__speaker_identify_3sec_positive_jonah_id_0	0	registered_impostor	0.362544728145
T000522	enroll__speaker_enroll_7sec_kiuk_en_2	positive__speaker_identify_3sec_positive_jonah_id_1	0	registered_impostor	0.316414800445
T000523	enroll__speaker_enroll_7sec_kiuk_en_2	positive__speaker_identify_3sec_positive_jonah_id_2	0	registered_impostor	0.375227093433
T000524	enroll__speaker_enroll_7sec_kiuk_en_2	positive__speaker_identify_3sec_positive_jonah_id_3	0	registered_impostor	0.389693171434
T000525	enroll__speaker_enroll_7sec_kiuk_en_2	positive__speaker_identify_3sec_positive_jonah_id_4	0	registered_impostor	0.380629117461
T000526	enroll__speaker_enroll_7sec_kiuk_en_2	positive__speaker_identify_3sec_positive_kim_id_0	0	registered_impostor	0.340535538354
T000527	enroll__speaker_enroll_7sec_kiuk_en_2	positive__speaker_identify_3sec_positive_kim_id_1	0	registered_impostor	0.350312255309
T000528	enroll__speaker_enroll_7sec_kiuk_en_2	positive__speaker_identify_3sec_positive_kim_id_2	0	registered_impostor	0.344819579638
T000529	enroll__speaker_enroll_7sec_kiuk_en_2	positive__speaker_identify_3sec_positive_kim_id_3	0	registered_impostor	0.351035288543
T000530	enroll__speaker_enroll_7sec_kiuk_en_2	positive__speaker_identify_3sec_positive_kim_id_4	0	registered_impostor	0.358656269276
T000531	enroll__speaker_enroll_7sec_kiuk_en_2	positive__speaker_identify_3sec_positive_kiuk_id_0	1	target	0.358430521066
T000532	enroll__speaker_enroll_7sec_kiuk_en_2	positive__speaker_identify_3sec_positive_kiuk_id_1	1	target	0.344678378226
T000533	enroll__speaker_enroll_7sec_kiuk_en_2	positive__speaker_identify_3sec_positive_kiuk_id_2	1	target	0.373073196037
T000534	enroll__speaker_enroll_7sec_kiuk_en_2	positive__speaker_identify_3sec_positive_kiuk_id_3	1	target	0.350097043433
T000535	enroll__speaker_enroll_7sec_kiuk_en_2	positive__speaker_identify_3sec_positive_kiuk_id_4	1	target	0.364726705004
T000536	enroll__speaker_enroll_7sec_kiuk_en_2	positive__speaker_identify_3sec_positive_ssh_id_0	0	registered_impostor	0.381748185673
T000537	enroll__speaker_enroll_7sec_kiuk_en_2	positive__speaker_identify_3sec_positive_ssh_id_1	0	registered_impostor	0.354074017578
T000538	enroll__speaker_enroll_7sec_kiuk_en_2	positive__speaker_identify_3sec_positive_ssh_id_2	0	registered_impostor	0.32813993959
T000539	enroll__speaker_enroll_7sec_kiuk_en_2	positive__speaker_identify_3sec_positive_ssh_id_3	0	registered_impostor	0.373224841244
T000540	enroll__speaker_enroll_7sec_kiuk_en_2	positive__speaker_identify_3sec_positive_ssh_id_4	0	registered_impostor	0.37377023558
T000541	enroll__speaker_enroll_7sec_kiuk_en_2	negative__speaker_negative_unregistered_speaker_0000_speaker_0000_00000	0	unregistered_impostor	0.188539299169
T000542	enroll__speaker_enroll_7sec_kiuk_en_2	negative__speaker_negative_unregistered_speaker_0000_speaker_0000_00001	0	unregistered_impostor	0.209906565215
T000543	enroll__speaker_enroll_7sec_kiuk_en_2	negative__speaker_negative_unregistered_speaker_0000_speaker_0000_00002	0	unregistered_impostor	0.112893101138
T000544	enroll__speaker_enroll_7sec_kiuk_en_2	negative__speaker_negative_unregistered_speaker_0000_speaker_0000_00003	0	unregistered_impostor	0.160675616198
T000545	enroll__speaker_enroll_7sec_kiuk_en_2	negative__speaker_negative_unregistered_speaker_0000_speaker_0000_00004	0	unregistered_impostor	0.224620140639
T000546	enroll__speaker_enroll_7sec_kiuk_en_2	negative__speaker_negative_unregistered_speaker_0000_speaker_0000_00005	0	unregistered_impostor	0.228285809402
T000547	enroll__speaker_enroll_7sec_kiuk_en_2	negative__speaker_negative_unregistered_speaker_0000_speaker_0000_00006	0	unregistered_impostor	0.128667622177
T000548	enroll__speaker_enroll_7sec_kiuk_en_2	negative__speaker_negative_unregistered_speaker_0000_speaker_0000_00007	0	unregistered_impostor	0.100718412653
T000549	enroll__speaker_enroll_7sec_kiuk_en_2	negative__speaker_negative_unregistered_speaker_0000_speaker_0000_00008	0	unregistered_impostor	0.165745726809
T000550	enroll__speaker_enroll_7sec_kiuk_en_2	negative__speaker_negative_unregistered_speaker_0000_speaker_0000_00009	0	unregistered_impostor	0.174670489344
T000551	enroll__speaker_enroll_7sec_kiuk_en_2	negative__speaker_negative_unregistered_speaker_0000_speaker_0000_00010	0	unregistered_impostor	0.205760416644
T000552	enroll__speaker_enroll_7sec_kiuk_en_2	negative__speaker_negative_unregistered_speaker_0000_speaker_0000_00011	0	unregistered_impostor	0.116852425042
T000553	enroll__speaker_enroll_7sec_kiuk_en_2	negative__speaker_negative_unregistered_speaker_0000_speaker_0000_00012	0	unregistered_impostor	0.110594598571
T000554	enroll__speaker_enroll_7sec_kiuk_en_2	negative__speaker_negative_unregistered_speaker_0000_speaker_0000_00013	0	unregistered_impostor	0.154646423008
T000555	enroll__speaker_enroll_7sec_kiuk_en_2	negative__speaker_negative_unregistered_speaker_0000_speaker_0000_00014	0	unregistered_impostor	0.105338914926
T000556	enroll__speaker_enroll_7sec_kiuk_en_2	negative__speaker_negative_unregistered_speaker_0001_speaker_0001_00000	0	unregistered_impostor	0.0985346300612
T000557	enroll__speaker_enroll_7sec_kiuk_en_2	negative__speaker_negative_unregistered_speaker_0001_speaker_0001_00001	0	unregistered_impostor	0.132996706051
T000558	enroll__speaker_enroll_7sec_kiuk_en_2	negative__speaker_negative_unregistered_speaker_0001_speaker_0001_00002	0	unregistered_impostor	0.0644220756132
T000559	enroll__speaker_enroll_7sec_kiuk_en_2	negative__speaker_negative_unregistered_speaker_0001_speaker_0001_00003	0	unregistered_impostor	0.0790423275905
T000560	enroll__speaker_enroll_7sec_kiuk_en_2	negative__speaker_negative_unregistered_speaker_0001_speaker_0001_00004	0	unregistered_impostor	0.0859930691084
T000561	enroll__speaker_enroll_7sec_kiuk_en_2	negative__speaker_negative_unregistered_speaker_0001_speaker_0001_00005	0	unregistered_impostor	0.0703289201034
T000562	enroll__speaker_enroll_7sec_kiuk_en_2	negative__speaker_negative_unregistered_speaker_0001_speaker_0001_00006	0	unregistered_impostor	0.0672097953479
T000563	enroll__speaker_enroll_7sec_kiuk_en_2	negative__speaker_negative_unregistered_speaker_0001_speaker_0001_00007	0	unregistered_impostor	0.0642016374128
T000564	enroll__speaker_enroll_7sec_kiuk_en_2	negative__speaker_negative_unregistered_speaker_0001_speaker_0001_00008	0	unregistered_impostor	0.0749061953904
T000565	enroll__speaker_enroll_7sec_kiuk_en_2	negative__speaker_negative_unregistered_speaker_0001_speaker_0001_00009	0	unregistered_impostor	0.0418201194692
T000566	enroll__speaker_enroll_7sec_kiuk_en_2	negative__speaker_negative_unregistered_speaker_0001_speaker_0001_00010	0	unregistered_impostor	0.15901150444
T000567	enroll__speaker_enroll_7sec_kiuk_en_2	negative__speaker_negative_unregistered_speaker_0001_speaker_0001_00011	0	unregistered_impostor	0.0280925014818
T000568	enroll__speaker_enroll_7sec_kiuk_en_2	negative__speaker_negative_unregistered_speaker_0001_speaker_0001_00012	0	unregistered_impostor	0.120003110401
T000569	enroll__speaker_enroll_7sec_kiuk_en_2	negative__speaker_negative_unregistered_speaker_0001_speaker_0001_00013	0	unregistered_impostor	0.171062057889
T000570	enroll__speaker_enroll_7sec_kiuk_en_2	negative__speaker_negative_unregistered_speaker_0001_speaker_0001_00014	0	unregistered_impostor	0.0657833097598
T000571	enroll__speaker_enroll_7sec_kiuk_en_2	negative__speaker_negative_unregistered_speaker_0002_speaker_0002_00000	0	unregistered_impostor	0.222629681827
T000572	enroll__speaker_enroll_7sec_kiuk_en_2	negative__speaker_negative_unregistered_speaker_0002_speaker_0002_00001	0	unregistered_impostor	0.142539212143
T000573	enroll__speaker_enroll_7sec_kiuk_en_2	negative__speaker_negative_unregistered_speaker_0002_speaker_0002_00002	0	unregistered_impostor	0.112396496861
T000574	enroll__speaker_enroll_7sec_kiuk_en_2	negative__speaker_negative_unregistered_speaker_0002_speaker_0002_00003	0	unregistered_impostor	0.171080511172
T000575	enroll__speaker_enroll_7sec_kiuk_en_2	negative__speaker_negative_unregistered_speaker_0002_speaker_0002_00004	0	unregistered_impostor	0.0891426770966
T000576	enroll__speaker_enroll_7sec_kiuk_en_2	negative__speaker_negative_unregistered_speaker_0002_speaker_0002_00005	0	unregistered_impostor	0.121943565051
T000577	enroll__speaker_enroll_7sec_kiuk_en_2	negative__speaker_negative_unregistered_speaker_0002_speaker_0002_00006	0	unregistered_impostor	0.135832080538
T000578	enroll__speaker_enroll_7sec_kiuk_en_2	negative__speaker_negative_unregistered_speaker_0002_speaker_0002_00007	0	unregistered_impostor	0.114673701403
T000579	enroll__speaker_enroll_7sec_kiuk_en_2	negative__speaker_negative_unregistered_speaker_0002_speaker_0002_00008	0	unregistered_impostor	0.153520811772
T000580	enroll__speaker_enroll_7sec_kiuk_en_2	negative__speaker_negative_unregistered_speaker_0002_speaker_0002_00009	0	unregistered_impostor	0.155326427103
T000581	enroll__speaker_enroll_7sec_kiuk_en_2	negative__speaker_negative_unregistered_speaker_0002_speaker_0002_00010	0	unregistered_impostor	0.172558828756
T000582	enroll__speaker_enroll_7sec_kiuk_en_2	negative__speaker_negative_unregistered_speaker_0002_speaker_0002_00011	0	unregistered_impostor	0.125656745167
T000583	enroll__speaker_enroll_7sec_kiuk_en_2	negative__speaker_negative_unregistered_speaker_0002_speaker_0002_00012	0	unregistered_impostor	0.118073833382
T000584	enroll__speaker_enroll_7sec_kiuk_en_2	negative__speaker_negative_unregistered_speaker_0002_speaker_0002_00013	0	unregistered_impostor	0.181748463203
T000585	enroll__speaker_enroll_7sec_kiuk_en_2	negative__speaker_negative_unregistered_speaker_0002_speaker_0002_00014	0	unregistered_impostor	0.102462251607
T000586	enroll__speaker_enroll_7sec_ssh_en_0	positive__speaker_identify_3sec_positive_jonah_id_0	0	registered_impostor	0.343438416016
T000587	enroll__speaker_enroll_7sec_ssh_en_0	positive__speaker_identify_3sec_positive_jonah_id_1	0	registered_impostor	0.304136528219
T000588	enroll__speaker_enroll_7sec_ssh_en_0	positive__speaker_identify_3sec_positive_jonah_id_2	0	registered_impostor	0.330759302755
T000589	enroll__speaker_enroll_7sec_ssh_en_0	positive__speaker_identify_3sec_positive_jonah_id_3	0	registered_impostor	0.385991870485
T000590	enroll__speaker_enroll_7sec_ssh_en_0	positive__speaker_identify_3sec_positive_jonah_id_4	0	registered_impostor	0.343370230558
T000591	enroll__speaker_enroll_7sec_ssh_en_0	positive__speaker_identify_3sec_positive_kim_id_0	0	registered_impostor	0.330648033349
T000592	enroll__speaker_enroll_7sec_ssh_en_0	positive__speaker_identify_3sec_positive_kim_id_1	0	registered_impostor	0.327584627428
T000593	enroll__speaker_enroll_7sec_ssh_en_0	positive__speaker_identify_3sec_positive_kim_id_2	0	registered_impostor	0.319777516208
T000594	enroll__speaker_enroll_7sec_ssh_en_0	positive__speaker_identify_3sec_positive_kim_id_3	0	registered_impostor	0.327671481856
T000595	enroll__speaker_enroll_7sec_ssh_en_0	positive__speaker_identify_3sec_positive_kim_id_4	0	registered_impostor	0.332050208618
T000596	enroll__speaker_enroll_7sec_ssh_en_0	positive__speaker_identify_3sec_positive_kiuk_id_0	0	registered_impostor	0.33566129246
T000597	enroll__speaker_enroll_7sec_ssh_en_0	positive__speaker_identify_3sec_positive_kiuk_id_1	0	registered_impostor	0.323359836846
T000598	enroll__speaker_enroll_7sec_ssh_en_0	positive__speaker_identify_3sec_positive_kiuk_id_2	0	registered_impostor	0.358771590002
T000599	enroll__speaker_enroll_7sec_ssh_en_0	positive__speaker_identify_3sec_positive_kiuk_id_3	0	registered_impostor	0.344211030498
T000600	enroll__speaker_enroll_7sec_ssh_en_0	positive__speaker_identify_3sec_positive_kiuk_id_4	0	registered_impostor	0.349892484002
T000601	enroll__speaker_enroll_7sec_ssh_en_0	positive__speaker_identify_3sec_positive_ssh_id_0	1	target	0.379929103691
T000602	enroll__speaker_enroll_7sec_ssh_en_0	positive__speaker_identify_3sec_positive_ssh_id_1	1	target	0.321707456567
T000603	enroll__speaker_enroll_7sec_ssh_en_0	positive__speaker_identify_3sec_positive_ssh_id_2	1	target	0.304038007583
T000604	enroll__speaker_enroll_7sec_ssh_en_0	positive__speaker_identify_3sec_positive_ssh_id_3	1	target	0.331848947729
T000605	enroll__speaker_enroll_7sec_ssh_en_0	positive__speaker_identify_3sec_positive_ssh_id_4	1	target	0.356962739207
T000606	enroll__speaker_enroll_7sec_ssh_en_0	negative__speaker_negative_unregistered_speaker_0000_speaker_0000_00000	0	unregistered_impostor	0.348196988949
T000607	enroll__speaker_enroll_7sec_ssh_en_0	negative__speaker_negative_unregistered_speaker_0000_speaker_0000_00001	0	unregistered_impostor	0.298126134196
T000608	enroll__speaker_enroll_7sec_ssh_en_0	negative__speaker_negative_unregistered_speaker_0000_speaker_0000_00002	0	unregistered_impostor	0.23454974613
T000609	enroll__speaker_enroll_7sec_ssh_en_0	negative__speaker_negative_unregistered_speaker_0000_speaker_0000_00003	0	unregistered_impostor	0.287976269212
T000610	enroll__speaker_enroll_7sec_ssh_en_0	negative__speaker_negative_unregistered_speaker_0000_speaker_0000_00004	0	unregistered_impostor	0.348908121385
T000611	enroll__speaker_enroll_7sec_ssh_en_0	negative__speaker_negative_unregistered_speaker_0000_speaker_0000_00005	0	unregistered_impostor	0.373892023455
T000612	enroll__speaker_enroll_7sec_ssh_en_0	negative__speaker_negative_unregistered_speaker_0000_speaker_0000_00006	0	unregistered_impostor	0.301446212621
T000613	enroll__speaker_enroll_7sec_ssh_en_0	negative__speaker_negative_unregistered_speaker_0000_speaker_0000_00007	0	unregistered_impostor	0.212501094381
T000614	enroll__speaker_enroll_7sec_ssh_en_0	negative__speaker_negative_unregistered_speaker_0000_speaker_0000_00008	0	unregistered_impostor	0.300498076376
T000615	enroll__speaker_enroll_7sec_ssh_en_0	negative__speaker_negative_unregistered_speaker_0000_speaker_0000_00009	0	unregistered_impostor	0.243415231373
T000616	enroll__speaker_enroll_7sec_ssh_en_0	negative__speaker_negative_unregistered_speaker_0000_speaker_0000_00010	0	unregistered_impostor	0.3338418794
T000617	enroll__speaker_enroll_7sec_ssh_en_0	negative__speaker_negative_unregistered_speaker_0000_speaker_0000_00011	0	unregistered_impostor	0.261891363295
T000618	enroll__speaker_enroll_7sec_ssh_en_0	negative__speaker_negative_unregistered_speaker_0000_speaker_0000_00012	0	unregistered_impostor	0.20871136997
T000619	enroll__speaker_enroll_7sec_ssh_en_0	negative__speaker_negative_unregistered_speaker_0000_speaker_0000_00013	0	unregistered_impostor	0.260025502543
T000620	enroll__speaker_enroll_7sec_ssh_en_0	negative__speaker_negative_unregistered_speaker_0000_speaker_0000_00014	0	unregistered_impostor	0.187226953757
T000621	enroll__speaker_enroll_7sec_ssh_en_0	negative__speaker_negative_unregistered_speaker_0001_speaker_0001_00000	0	unregistered_impostor	0.0739581798006
T000622	enroll__speaker_enroll_7sec_ssh_en_0	negative__speaker_negative_unregistered_speaker_0001_speaker_0001_00001	0	unregistered_impostor	0.215179796728
T000623	enroll__speaker_enroll_7sec_ssh_en_0	negative__speaker_negative_unregistered_speaker_0001_speaker_0001_00002	0	unregistered_impostor	0.181361418231
T000624	enroll__speaker_enroll_7sec_ssh_en_0	negative__speaker_negative_unregistered_speaker_0001_speaker_0001_00003	0	unregistered_impostor	0.197134680217
T000625	enroll__speaker_enroll_7sec_ssh_en_0	negative__speaker_negative_unregistered_speaker_0001_speaker_0001_00004	0	unregistered_impostor	0.174049423967
T000626	enroll__speaker_enroll_7sec_ssh_en_0	negative__speaker_negative_unregistered_speaker_0001_speaker_0001_00005	0	unregistered_impostor	0.211495904457
T000627	enroll__speaker_enroll_7sec_ssh_en_0	negative__speaker_negative_unregistered_speaker_0001_speaker_0001_00006	0	unregistered_impostor	0.192723720677
T000628	enroll__speaker_enroll_7sec_ssh_en_0	negative__speaker_negative_unregistered_speaker_0001_speaker_0001_00007	0	unregistered_impostor	0.192859944992
T000629	enroll__speaker_enroll_7sec_ssh_en_0	negative__speaker_negative_unregistered_speaker_0001_speaker_0001_00008	0	unregistered_impostor	0.20808857673
T000630	enroll__speaker_enroll_7sec_ssh_en_0	negative__speaker_negative_unregistered_speaker_0001_speaker_0001_00009	0	unregistered_impostor	0.17669094227
T000631	enroll__speaker_enroll_7sec_ssh_en_0	negative__speaker_negative_unregistered_speaker_0001_speaker_0001_00010	0	unregistered_impostor	0.184332742147
T000632	enroll__speaker_enroll_7sec_ssh_en_0	negative__speaker_negative_unregistered_speaker_0001_speaker_0001_00011	0	unregistered_impostor	0.156388186237
T000633	enroll__speaker_enroll_7sec_ssh_en_0	negative__speaker_negative_unregistered_speaker_0001_speaker_0001_00012	0	unregistered_impostor	0.258378614676
T000634	enroll__speaker_enroll_7sec_ssh_en_0	negative__speaker_negative_unregistered_speaker_0001_speaker_0001_00013	0	unregistered_impostor	0.295337900441
T000635	enroll__speaker_enroll_7sec_ssh_en_0	negative__speaker_negative_unregistered_speaker_0001_speaker_0001_00014	0	unregistered_impostor	0.192688029147
T000636	enroll__speaker_enroll_7sec_ssh_en_0	negative__speaker_negative_unregistered_speaker_0002_speaker_0002_00000	0	unregistered_impostor	0.270753221751
T000637	enroll__speaker_enroll_7sec_ssh_en_0	negative__speaker_negative_unregistered_speaker_0002_speaker_0002_00001	0	unregistered_impostor	0.156411915266
T000638	enroll__speaker_enroll_7sec_ssh_en_0	negative__speaker_negative_unregistered_speaker_0002_speaker_0002_00002	0	unregistered_impostor	0.093332497793
T000639	enroll__speaker_enroll_7sec_ssh_en_0	negative__speaker_negative_unregistered_speaker_0002_speaker_0002_00003	0	unregistered_impostor	0.220977462928
T000640	enroll__speaker_enroll_7sec_ssh_en_0	negative__speaker_negative_unregistered_speaker_0002_speaker_0002_00004	0	unregistered_impostor	0.0986806154342
T000641	enroll__speaker_enroll_7sec_ssh_en_0	negative__speaker_negative_unregistered_speaker_0002_speaker_0002_00005	0	unregistered_impostor	0.20972564611
T000642	enroll__speaker_enroll_7sec_ssh_en_0	negative__speaker_negative_unregistered_speaker_0002_speaker_0002_00006	0	unregistered_impostor	0.187751825376
T000643	enroll__speaker_enroll_7sec_ssh_en_0	negative__speaker_negative_unregistered_speaker_0002_speaker_0002_00007	0	unregistered_impostor	0.233953439211
T000644	enroll__speaker_enroll_7sec_ssh_en_0	negative__speaker_negative_unregistered_speaker_0002_speaker_0002_00008	0	unregistered_impostor	0.237000784325
T000645	enroll__speaker_enroll_7sec_ssh_en_0	negative__speaker_negative_unregistered_speaker_0002_speaker_0002_00009	0	unregistered_impostor	0.196620536898
T000646	enroll__speaker_enroll_7sec_ssh_en_0	negative__speaker_negative_unregistered_speaker_0002_speaker_0002_00010	0	unregistered_impostor	0.16631127882
T000647	enroll__speaker_enroll_7sec_ssh_en_0	negative__speaker_negative_unregistered_speaker_0002_speaker_0002_00011	0	unregistered_impostor	0.179607838958
T000648	enroll__speaker_enroll_7sec_ssh_en_0	negative__speaker_negative_unregistered_speaker_0002_speaker_0002_00012	0	unregistered_impostor	0.146578993624
T000649	enroll__speaker_enroll_7sec_ssh_en_0	negative__speaker_negative_unregistered_speaker_0002_speaker_0002_00013	0	unregistered_impostor	0.240249087059
T000650	enroll__speaker_enroll_7sec_ssh_en_0	negative__speaker_negative_unregistered_speaker_0002_speaker_0002_00014	0	unregistered_impostor	0.164896773648
T000651	enroll__speaker_enroll_7sec_ssh_en_1	positive__speaker_identify_3sec_positive_jonah_id_0	0	registered_impostor	0.267601510009
T000652	enroll__speaker_enroll_7sec_ssh_en_1	positive__speaker_identify_3sec_positive_jonah_id_1	0	registered_impostor	0.256238712793
T000653	enroll__speaker_enroll_7sec_ssh_en_1	positive__speaker_identify_3sec_positive_jonah_id_2	0	registered_impostor	0.276205972668
T000654	enroll__speaker_enroll_7sec_ssh_en_1	positive__speaker_identify_3sec_positive_jonah_id_3	0	registered_impostor	0.324454010644
T000655	enroll__speaker_enroll_7sec_ssh_en_1	positive__speaker_identify_3sec_positive_jonah_id_4	0	registered_impostor	0.291257793217
T000656	enroll__speaker_enroll_7sec_ssh_en_1	positive__speaker_identify_3sec_positive_kim_id_0	0	registered_impostor	0.26343188951
T000657	enroll__speaker_enroll_7sec_ssh_en_1	positive__speaker_identify_3sec_positive_kim_id_1	0	registered_impostor	0.266382926556
T000658	enroll__speaker_enroll_7sec_ssh_en_1	positive__speaker_identify_3sec_positive_kim_id_2	0	registered_impostor	0.271320753292
T000659	enroll__speaker_enroll_7sec_ssh_en_1	positive__speaker_identify_3sec_positive_kim_id_3	0	registered_impostor	0.27862383564
T000660	enroll__speaker_enroll_7sec_ssh_en_1	positive__speaker_identify_3sec_positive_kim_id_4	0	registered_impostor	0.275025489218
T000661	enroll__speaker_enroll_7sec_ssh_en_1	positive__speaker_identify_3sec_positive_kiuk_id_0	0	registered_impostor	0.263495060375
T000662	enroll__speaker_enroll_7sec_ssh_en_1	positive__speaker_identify_3sec_positive_kiuk_id_1	0	registered_impostor	0.263307701278
T000663	enroll__speaker_enroll_7sec_ssh_en_1	positive__speaker_identify_3sec_positive_kiuk_id_2	0	registered_impostor	0.299861240812
T000664	enroll__speaker_enroll_7sec_ssh_en_1	positive__speaker_identify_3sec_positive_kiuk_id_3	0	registered_impostor	0.279733952723
T000665	enroll__speaker_enroll_7sec_ssh_en_1	positive__speaker_identify_3sec_positive_kiuk_id_4	0	registered_impostor	0.286488916209
T000666	enroll__speaker_enroll_7sec_ssh_en_1	positive__speaker_identify_3sec_positive_ssh_id_0	1	target	0.319138239501
T000667	enroll__speaker_enroll_7sec_ssh_en_1	positive__speaker_identify_3sec_positive_ssh_id_1	1	target	0.262271175855
T000668	enroll__speaker_enroll_7sec_ssh_en_1	positive__speaker_identify_3sec_positive_ssh_id_2	1	target	0.261620666862
T000669	enroll__speaker_enroll_7sec_ssh_en_1	positive__speaker_identify_3sec_positive_ssh_id_3	1	target	0.279980776076
T000670	enroll__speaker_enroll_7sec_ssh_en_1	positive__speaker_identify_3sec_positive_ssh_id_4	1	target	0.302536847109
T000671	enroll__speaker_enroll_7sec_ssh_en_1	negative__speaker_negative_unregistered_speaker_0000_speaker_0000_00000	0	unregistered_impostor	0.287321837275
T000672	enroll__speaker_enroll_7sec_ssh_en_1	negative__speaker_negative_unregistered_speaker_0000_speaker_0000_00001	0	unregistered_impostor	0.241865836859
T000673	enroll__speaker_enroll_7sec_ssh_en_1	negative__speaker_negative_unregistered_speaker_0000_speaker_0000_00002	0	unregistered_impostor	0.230795803582
T000674	enroll__speaker_enroll_7sec_ssh_en_1	negative__speaker_negative_unregistered_speaker_0000_speaker_0000_00003	0	unregistered_impostor	0.248305861206
T000675	enroll__speaker_enroll_7sec_ssh_en_1	negative__speaker_negative_unregistered_speaker_0000_speaker_0000_00004	0	unregistered_impostor	0.274771264114
T000676	enroll__speaker_enroll_7sec_ssh_en_1	negative__speaker_negative_unregistered_speaker_0000_speaker_0000_00005	0	unregistered_impostor	0.298845861885
T000677	enroll__speaker_enroll_7sec_ssh_en_1	negative__speaker_negative_unregistered_speaker_0000_speaker_0000_00006	0	unregistered_impostor	0.243871230382
T000678	enroll__speaker_enroll_7sec_ssh_en_1	negative__speaker_negative_unregistered_speaker_0000_speaker_0000_00007	0	unregistered_impostor	0.174139856474
T000679	enroll__speaker_enroll_7sec_ssh_en_1	negative__speaker_negative_unregistered_speaker_0000_speaker_0000_00008	0	unregistered_impostor	0.230683744881
T000680	enroll__speaker_enroll_7sec_ssh_en_1	negative__speaker_negative_unregistered_speaker_0000_speaker_0000_00009	0	unregistered_impostor	0.206081967442
T000681	enroll__speaker_enroll_7sec_ssh_en_1	negative__speaker_negative_unregistered_speaker_0000_speaker_0000_00010	0	unregistered_impostor	0.282954031759
T000682	enroll__speaker_enroll_7sec_ssh_en_1	negative__speaker_negative_unregistered_speaker_0000_speaker_0000_00011	0	unregistered_impostor	0.23071606666
T000683	enroll__speaker_enroll_7sec_ssh_en_1	negative__speaker_negative_unregistered_speaker_0000_speaker_0000_00012	0	unregistered_impostor	0.178810601405
T000684	enroll__speaker_enroll_7sec_ssh_en_1	negative__speaker_negative_unregistered_speaker_0000_speaker_0000_00013	0	unregistered_impostor	0.233753368246
T000685	enroll__speaker_enroll_7sec_ssh_en_1	negative__speaker_negative_unregistered_speaker_0000_speaker_0000_00014	0	unregistered_impostor	0.224147018997
T000686	enroll__speaker_enroll_7sec_ssh_en_1	negative__speaker_negative_unregistered_speaker_0001_speaker_0001_00000	0	unregistered_impostor	0.0659012530983
T000687	enroll__speaker_enroll_7sec_ssh_en_1	negative__speaker_negative_unregistered_speaker_0001_speaker_0001_00001	0	unregistered_impostor	0.161544382704
T000688	enroll__speaker_enroll_7sec_ssh_en_1	negative__speaker_negative_unregistered_speaker_0001_speaker_0001_00002	0	unregistered_impostor	0.129022939285
T000689	enroll__speaker_enroll_7sec_ssh_en_1	negative__speaker_negative_unregistered_speaker_0001_speaker_0001_00003	0	unregistered_impostor	0.139058100981
T000690	enroll__speaker_enroll_7sec_ssh_en_1	negative__speaker_negative_unregistered_speaker_0001_speaker_0001_00004	0	unregistered_impostor	0.129215443524
T000691	enroll__speaker_enroll_7sec_ssh_en_1	negative__speaker_negative_unregistered_speaker_0001_speaker_0001_00005	0	unregistered_impostor	0.141646691966
T000692	enroll__speaker_enroll_7sec_ssh_en_1	negative__speaker_negative_unregistered_speaker_0001_speaker_0001_00006	0	unregistered_impostor	0.10580604724
T000693	enroll__speaker_enroll_7sec_ssh_en_1	negative__speaker_negative_unregistered_speaker_0001_speaker_0001_00007	0	unregistered_impostor	0.138399708047
T000694	enroll__speaker_enroll_7sec_ssh_en_1	negative__speaker_negative_unregistered_speaker_0001_speaker_0001_00008	0	unregistered_impostor	0.150215408727
T000695	enroll__speaker_enroll_7sec_ssh_en_1	negative__speaker_negative_unregistered_speaker_0001_speaker_0001_00009	0	unregistered_impostor	0.118102610623
T000696	enroll__speaker_enroll_7sec_ssh_en_1	negative__speaker_negative_unregistered_speaker_0001_speaker_0001_00010	0	unregistered_impostor	0.130342208251
T000697	enroll__speaker_enroll_7sec_ssh_en_1	negative__speaker_negative_unregistered_speaker_0001_speaker_0001_00011	0	unregistered_impostor	0.0997034942556
T000698	enroll__speaker_enroll_7sec_ssh_en_1	negative__speaker_negative_unregistered_speaker_0001_speaker_0001_00012	0	unregistered_impostor	0.205324324756
T000699	enroll__speaker_enroll_7sec_ssh_en_1	negative__speaker_negative_unregistered_speaker_0001_speaker_0001_00013	0	unregistered_impostor	0.205529926074
T000700	enroll__speaker_enroll_7sec_ssh_en_1	negative__speaker_negative_unregistered_speaker_0001_speaker_0001_00014	0	unregistered_impostor	0.139003141999
T000701	enroll__speaker_enroll_7sec_ssh_en_1	negative__speaker_negative_unregistered_speaker_0002_speaker_0002_00000	0	unregistered_impostor	0.19778625
T000702	enroll__speaker_enroll_7sec_ssh_en_1	negative__speaker_negative_unregistered_speaker_0002_speaker_0002_00001	0	unregistered_impostor	0.137331037092
T000703	enroll__speaker_enroll_7sec_ssh_en_1	negative__speaker_negative_unregistered_speaker_0002_speaker_0002_00002	0	unregistered_impostor	0.0579964111004
T000704	enroll__speaker_enroll_7sec_ssh_en_1	negative__speaker_negative_unregistered_speaker_0002_speaker_0002_00003	0	unregistered_impostor	0.149132139454
T000705	enroll__speaker_enroll_7sec_ssh_en_1	negative__speaker_negative_unregistered_speaker_0002_speaker_0002_00004	0	unregistered_impostor	0.0840785803104
T000706	enroll__speaker_enroll_7sec_ssh_en_1	negative__speaker_negative_unregistered_speaker_0002_speaker_0002_00005	0	unregistered_impostor	0.139757208865
T000707	enroll__speaker_enroll_7sec_ssh_en_1	negative__speaker_negative_unregistered_speaker_0002_speaker_0002_00006	0	unregistered_impostor	0.116007544437
T000708	enroll__speaker_enroll_7sec_ssh_en_1	negative__speaker_negative_unregistered_speaker_0002_speaker_0002_00007	0	unregistered_impostor	0.175286985209
T000709	enroll__speaker_enroll_7sec_ssh_en_1	negative__speaker_negative_unregistered_speaker_0002_speaker_0002_00008	0	unregistered_impostor	0.144224041557
T000710	enroll__speaker_enroll_7sec_ssh_en_1	negative__speaker_negative_unregistered_speaker_0002_speaker_0002_00009	0	unregistered_impostor	0.166159820955
T000711	enroll__speaker_enroll_7sec_ssh_en_1	negative__speaker_negative_unregistered_speaker_0002_speaker_0002_00010	0	unregistered_impostor	0.147395739509
T000712	enroll__speaker_enroll_7sec_ssh_en_1	negative__speaker_negative_unregistered_speaker_0002_speaker_0002_00011	0	unregistered_impostor	0.113694081219
T000713	enroll__speaker_enroll_7sec_ssh_en_1	negative__speaker_negative_unregistered_speaker_0002_speaker_0002_00012	0	unregistered_impostor	0.0890502248836
T000714	enroll__speaker_enroll_7sec_ssh_en_1	negative__speaker_negative_unregistered_speaker_0002_speaker_0002_00013	0	unregistered_impostor	0.167003844599
T000715	enroll__speaker_enroll_7sec_ssh_en_1	negative__speaker_negative_unregistered_speaker_0002_speaker_0002_00014	0	unregistered_impostor	0.108863629167
T000716	enroll__speaker_enroll_7sec_ssh_en_2	positive__speaker_identify_3sec_positive_jonah_id_0	0	registered_impostor	0.311764310118
T000717	enroll__speaker_enroll_7sec_ssh_en_2	positive__speaker_identify_3sec_positive_jonah_id_1	0	registered_impostor	0.305811104507
T000718	enroll__speaker_enroll_7sec_ssh_en_2	positive__speaker_identify_3sec_positive_jonah_id_2	0	registered_impostor	0.322540353209
T000719	enroll__speaker_enroll_7sec_ssh_en_2	positive__speaker_identify_3sec_positive_jonah_id_3	0	registered_impostor	0.362328930613
T000720	enroll__speaker_enroll_7sec_ssh_en_2	positive__speaker_identify_3sec_positive_jonah_id_4	0	registered_impostor	0.325633256502
T000721	enroll__speaker_enroll_7sec_ssh_en_2	positive__speaker_identify_3sec_positive_kim_id_0	0	registered_impostor	0.308625707146
T000722	enroll__speaker_enroll_7sec_ssh_en_2	positive__speaker_identify_3sec_positive_kim_id_1	0	registered_impostor	0.321217819008
T000723	enroll__speaker_enroll_7sec_ssh_en_2	positive__speaker_identify_3sec_positive_kim_id_2	0	registered_impostor	0.324517173619
T000724	enroll__speaker_enroll_7sec_ssh_en_2	positive__speaker_identify_3sec_positive_kim_id_3	0	registered_impostor	0.327072204414
T000725	enroll__speaker_enroll_7sec_ssh_en_2	positive__speaker_identify_3sec_positive_kim_id_4	0	registered_impostor	0.320866073957
T000726	enroll__speaker_enroll_7sec_ssh_en_2	positive__speaker_identify_3sec_positive_kiuk_id_0	0	registered_impostor	0.328504550453
T000727	enroll__speaker_enroll_7sec_ssh_en_2	positive__speaker_identify_3sec_positive_kiuk_id_1	0	registered_impostor	0.309011773092
T000728	enroll__speaker_enroll_7sec_ssh_en_2	positive__speaker_identify_3sec_positive_kiuk_id_2	0	registered_impostor	0.334573428156
T000729	enroll__speaker_enroll_7sec_ssh_en_2	positive__speaker_identify_3sec_positive_kiuk_id_3	0	registered_impostor	0.306429320216
T000730	enroll__speaker_enroll_7sec_ssh_en_2	positive__speaker_identify_3sec_positive_kiuk_id_4	0	registered_impostor	0.33277127239
T000731	enroll__speaker_enroll_7sec_ssh_en_2	positive__speaker_identify_3sec_positive_ssh_id_0	1	target	0.353397993379
T000732	enroll__speaker_enroll_7sec_ssh_en_2	positive__speaker_identify_3sec_positive_ssh_id_1	1	target	0.306657322602
T000733	enroll__speaker_enroll_7sec_ssh_en_2	positive__speaker_identify_3sec_positive_ssh_id_2	1	target	0.317544335614
T000734	enroll__speaker_enroll_7sec_ssh_en_2	positive__speaker_identify_3sec_positive_ssh_id_3	1	target	0.318147031581
T000735	enroll__speaker_enroll_7sec_ssh_en_2	positive__speaker_identify_3sec_positive_ssh_id_4	1	target	0.352160794887
T000736	enroll__speaker_enroll_7sec_ssh_en_2	negative__speaker_negative_unregistered_speaker_0000_speaker_0000_00000	0	unregistered_impostor	0.254131129636
T000737	enroll__speaker_enroll_7sec_ssh_en_2	negative__speaker_negative_unregistered_speaker_0000_speaker_0000_00001	0	unregistered_impostor	0.270412303493
T000738	enroll__speaker_enroll_7sec_ssh_en_2	negative__speaker_negative_unregistered_speaker_0000_speaker_0000_00002	0	unregistered_impostor	0.23157989367
T000739	enroll__speaker_enroll_7sec_ssh_en_2	negative__speaker_negative_unregistered_speaker_0000_speaker_0000_00003	0	unregistered_impostor	0.258975103032
T000740	enroll__speaker_enroll_7sec_ssh_en_2	negative__speaker_negative_unregistered_speaker_0000_speaker_0000_00004	0	unregistered_impostor	0.281431495272
T000741	enroll__speaker_enroll_7sec_ssh_en_2	negative__speaker_negative_unregistered_speaker_0000_speaker_0000_00005	0	unregistered_impostor	0.293612829558
T000742	enroll__speaker_enroll_7sec_ssh_en_2	negative__speaker_negative_unregistered_speaker_0000_speaker_0000_00006	0	unregistered_impostor	0.268762431827
T000743	enroll__speaker_enroll_7sec_ssh_en_2	negative__speaker_negative_unregistered_speaker_0000_speaker_0000_00007	0	unregistered_impostor	0.18025649926
T000744	enroll__speaker_enroll_7sec_ssh_en_2	negative__speaker_negative_unregistered_speaker_0000_speaker_0000_00008	0	unregistered_impostor	0.225926115291
T000745	enroll__speaker_enroll_7sec_ssh_en_2	negative__speaker_negative_unregistered_speaker_0000_speaker_0000_00009	0	unregistered_impostor	0.230814626483
T000746	enroll__speaker_enroll_7sec_ssh_en_2	negative__speaker_negative_unregistered_speaker_0000_speaker_0000_00010	0	unregistered_impostor	0.273099588638
T000747	enroll__speaker_enroll_7sec_ssh_en_2	negative__speaker_negative_unregistered_speaker_0000_speaker_0000_00011	0	unregistered_impostor	0.216415613123
T000748	enroll__speaker_enroll_7sec_ssh_en_2	negative__speaker_negative_unregistered_speaker_0000_speaker_0000_00012	0	unregistered_impostor	0.190682685841
T000749	enroll__speaker_enroll_7sec_ssh_en_2	negative__speaker_negative_unregistered_speaker_0000_speaker_0000_00013	0	unregistered_impostor	0.23134803641
T000750	enroll__speaker_enroll_7sec_ssh_en_2	negative__speaker_negative_unregistered_speaker_0000_speaker_0000_00014	0	unregistered_impostor	0.202833947589
T000751	enroll__speaker_enroll_7sec_ssh_en_2	negative__speaker_negative_unregistered_speaker_0001_speaker_0001_00000	0	unregistered_impostor	-0.00755956236984
T000752	enroll__speaker_enroll_7sec_ssh_en_2	negative__speaker_negative_unregistered_speaker_0001_speaker_0001_00001	0	unregistered_impostor	0.198257227079
T000753	enroll__speaker_enroll_7sec_ssh_en_2	negative__speaker_negative_unregistered_speaker_0001_speaker_0001_00002	0	unregistered_impostor	0.151020465147
T000754	enroll__speaker_enroll_7sec_ssh_en_2	negative__speaker_negative_unregistered_speaker_0001_speaker_0001_00003	0	unregistered_impostor	0.138483004563
T000755	enroll__speaker_enroll_7sec_ssh_en_2	negative__speaker_negative_unregistered_speaker_0001_speaker_0001_00004	0	unregistered_impostor	0.151939219061
T000756	enroll__speaker_enroll_7sec_ssh_en_2	negative__speaker_negative_unregistered_speaker_0001_speaker_0001_00005	0	unregistered_impostor	0.17397895764
T000757	enroll__speaker_enroll_7sec_ssh_en_2	negative__speaker_negative_unregistered_speaker_0001_speaker_0001_00006	0	unregistered_impostor	0.151918085884
T000758	enroll__speaker_enroll_7sec_ssh_en_2	negative__speaker_negative_unregistered_speaker_0001_speaker_0001_00007	0	unregistered_impostor	0.167307141851
T000759	enroll__speaker_enroll_7sec_ssh_en_2	negative__speaker_negative_unregistered_speaker_0001_speaker_0001_00008	0	unregistered_impostor	0.174194098599
T000760	enroll__speaker_enroll_7sec_ssh_en_2	negative__speaker_negative_unregistered_speaker_0001_speaker_0001_00009	0	unregistered_impostor	0.1575672857
T000761	enroll__speaker_enroll_7sec_ssh_en_2	negative__speaker_negative_unregistered_speaker_0001_speaker_0001_00010	0	unregistered_impostor	0.167379938965
T000762	enroll__speaker_enroll_7sec_ssh_en_2	negative__speaker_negative_unregistered_speaker_0001_speaker_0001_00011	0	unregistered_impostor	0.106835521264
T000763	enroll__speaker_enroll_7sec_ssh_en_2	negative__speaker_negative_unregistered_speaker_0001_speaker_0001_00012	0	unregistered_impostor	0.197957040496
T000764	enroll__speaker_enroll_7sec_ssh_en_2	negative__speaker_negative_unregistered_speaker_0001_speaker_0001_00013	0	unregistered_impostor	0.232842212563
T000765	enroll__speaker_enroll_7sec_ssh_en_2	negative__speaker_negative_unregistered_speaker_0001_speaker_0001_00014	0	unregistered_impostor	0.165042909886
T000766	enroll__speaker_enroll_7sec_ssh_en_2	negative__speaker_negative_unregistered_speaker_0002_speaker_0002_00000	0	unregistered_impostor	0.226314431202
T000767	enroll__speaker_enroll_7sec_ssh_en_2	negative__speaker_negative_unregistered_speaker_0002_speaker_0002_00001	0	unregistered_impostor	0.122422283278
T000768	enroll__speaker_enroll_7sec_ssh_en_2	negative__speaker_negative_unregistered_speaker_0002_speaker_0002_00002	0	unregistered_impostor	0.0781077047499
T000769	enroll__speaker_enroll_7sec_ssh_en_2	negative__speaker_negative_unregistered_speaker_0002_speaker_0002_00003	0	unregistered_impostor	0.132845383458
T000770	enroll__speaker_enroll_7sec_ssh_en_2	negative__speaker_negative_unregistered_speaker_0002_speaker_0002_00004	0	unregistered_impostor	0.115532039257
T000771	enroll__speaker_enroll_7sec_ssh_en_2	negative__speaker_negative_unregistered_speaker_0002_speaker_0002_00005	0	unregistered_impostor	0.130676484894
T000772	enroll__speaker_enroll_7sec_ssh_en_2	negative__speaker_negative_unregistered_speaker_0002_speaker_0002_00006	0	unregistered_impostor	0.122416036874
T000773	enroll__speaker_enroll_7sec_ssh_en_2	negative__speaker_negative_unregistered_speaker_0002_speaker_0002_00007	0	unregistered_impostor	0.174199801796
T000774	enroll__speaker_enroll_7sec_ssh_en_2	negative__speaker_negative_unregistered_speaker_0002_speaker_0002_00008	0	unregistered_impostor	0.169680572248
T000775	enroll__speaker_enroll_7sec_ssh_en_2	negative__speaker_negative_unregistered_speaker_0002_speaker_0002_00009	0	unregistered_impostor	0.185840043249
T000776	enroll__speaker_enroll_7sec_ssh_en_2	negative__speaker_negative_unregistered_speaker_0002_speaker_0002_00010	0	unregistered_impostor	0.162874975975
T000777	enroll__speaker_enroll_7sec_ssh_en_2	negative__speaker_negative_unregistered_speaker_0002_speaker_0002_00011	0	unregistered_impostor	0.129572972546
T000778	enroll__speaker_enroll_7sec_ssh_en_2	negative__speaker_negative_unregistered_speaker_0002_speaker_0002_00012	0	unregistered_impostor	0.098819178715
T000779	enroll__speaker_enroll_7sec_ssh_en_2	negative__speaker_negative_unregistered_speaker_0002_speaker_0002_00013	0	unregistered_impostor	0.17540864522
T000780	enroll__speaker_enroll_7sec_ssh_en_2	negative__speaker_negative_unregistered_speaker_0002_speaker_0002_00014	0	unregistered_impostor	0.125428478375
