trial_id	enroll_id	test_id	target	trial_type	score
T000001	enroll__speaker_enroll_7sec_jonah_en_0	positive__speaker_identify_3sec_positive_jonah_id_0	1	target	0.392165520586
T000002	enroll__speaker_enroll_7sec_jonah_en_0	positive__speaker_identify_3sec_positive_jonah_id_1	1	target	0.35185063418
T000003	enroll__speaker_enroll_7sec_jonah_en_0	positive__speaker_identify_3sec_positive_jonah_id_2	1	target	0.399118062558
T000004	enroll__speaker_enroll_7sec_jonah_en_0	positive__speaker_identify_3sec_positive_jonah_id_3	1	target	0.371336502827
T000005	enroll__speaker_enroll_7sec_jonah_en_0	positive__speaker_identify_3sec_positive_jonah_id_4	1	target	0.293468399255
T000006	enroll__speaker_enroll_7sec_jonah_en_0	positive__speaker_identify_3sec_positive_kim_id_0	0	registered_impostor	0.305359813009
T000007	enroll__speaker_enroll_7sec_jonah_en_0	positive__speaker_identify_3sec_positive_kim_id_1	0	registered_impostor	0.246541835427
T000008	enroll__speaker_enroll_7sec_jonah_en_0	positive__speaker_identify_3sec_positive_kim_id_2	0	registered_impostor	0.312472530439
T000009	enroll__speaker_enroll_7sec_jonah_en_0	positive__speaker_identify_3sec_positive_kim_id_3	0	registered_impostor	0.292378340668
T000010	enroll__speaker_enroll_7sec_jonah_en_0	positive__speaker_identify_3sec_positive_kim_id_4	0	registered_impostor	0.263669954479
T000011	enroll__speaker_enroll_7sec_jonah_en_0	positive__speaker_identify_3sec_positive_kiuk_id_0	0	registered_impostor	0.244971408429
T000012	enroll__speaker_enroll_7sec_jonah_en_0	positive__speaker_identify_3sec_positive_kiuk_id_1	0	registered_impostor	0.185021134325
T000013	enroll__speaker_enroll_7sec_jonah_en_0	positive__speaker_identify_3sec_positive_kiuk_id_2	0	registered_impostor	0.213801505387
T000014	enroll__speaker_enroll_7sec_jonah_en_0	positive__speaker_identify_3sec_positive_kiuk_id_3	0	registered_impostor	0.253215269269
T000015	enroll__speaker_enroll_7sec_jonah_en_0	positive__speaker_identify_3sec_positive_kiuk_id_4	0	registered_impostor	0.150846080838
T000016	enroll__speaker_enroll_7sec_jonah_en_0	positive__speaker_identify_3sec_positive_ssh_id_0	0	registered_impostor	0.323311523824
T000017	enroll__speaker_enroll_7sec_jonah_en_0	positive__speaker_identify_3sec_positive_ssh_id_1	0	registered_impostor	0.254274033579
T000018	enroll__speaker_enroll_7sec_jonah_en_0	positive__speaker_identify_3sec_positive_ssh_id_2	0	registered_impostor	0.32529223178
T000019	enroll__speaker_enroll_7sec_jonah_en_0	positive__speaker_identify_3sec_positive_ssh_id_3	0	registered_impostor	0.269523810122
T000020	enroll__speaker_enroll_7sec_jonah_en_0	positive__speaker_identify_3sec_positive_ssh_id_4	0	registered_impostor	0.230326128078
T000021	enroll__speaker_enroll_7sec_jonah_en_0	negative__speaker_negative_unregistered_speaker_0000_speaker_0000_00000	0	unregistered_impostor	0.307929752742
T000022	enroll__speaker_enroll_7sec_jonah_en_0	negative__speaker_negative_unregistered_speaker_0000_speaker_0000_00001	0	unregistered_impostor	0.310203100897
T000023	enroll__speaker_enroll_7sec_jonah_en_0	negative__speaker_negative_unregistered_speaker_0000_speaker_0000_00002	0	unregistered_impostor	0.183474468298
T000024	enroll__speaker_enroll_7sec_jonah_en_0	negative__speaker_negative_unregistered_speaker_0000_speaker_0000_00003	0	unregistered_impostor	0.218241732975
T000025	enroll__speaker_enroll_7sec_jonah_en_0	negative__speaker_negative_unregistered_speaker_0000_speaker_0000_00004	0	unregistered_impostor	0.241983454003
T000026	enroll__speaker_enroll_7sec_jonah_en_0	negative__speaker_negative_unregistered_speaker_0000_speaker_0000_00005	0	unregistered_impostor	0.331662970306
T000027	enroll__speaker_enroll_7sec_jonah_en_0	negative__speaker_negative_unregistered_speaker_0000_speaker_0000_00006	0	unregistered_impostor	0.237714246676
T000028	enroll__speaker_enroll_7sec_jonah_en_0	negative__speaker_negative_unregistered_speaker_0000_speaker_0000_00007	0	unregistered_impostor	0.220626232455
T000029	enroll__speaker_enroll_7sec_jonah_en_0	negative__speaker_negative_unregistered_speaker_0000_speaker_0000_00008	0	unregistered_impostor	0.186395910784
T000030	enroll__speaker_enroll_7sec_jonah_en_0	negative__speaker_negative_unregistered_speaker_0000_speaker_0000_00009	0	unregistered_impostor	0.257183562883
T000031	enroll__speaker_enroll_7sec_jonah_en_0	negative__speaker_negative_unregistered_speaker_0000_speaker_0000_00010	0	unregistered_impostor	0.213335278856
T000032	enroll__speaker_enroll_7sec_jonah_en_0	negative__speaker_negative_unregistered_speaker_0000_speaker_0000_00011	0	unregistered_impostor	0.251276796299
T000033	enroll__speaker_enroll_7sec_jonah_en_0	negative__speaker_negative_unregistered_speaker_0000_speaker_0000_00012	0	unregistered_impostor	0.0300535051874
T000034	enroll__speaker_enroll_7sec_jonah_en_0	negative__speaker_negative_unregistered_speaker_0000_speaker_0000_00013	0	unregistered_impostor	0.227101713823
T000035	enroll__speaker_enroll_7sec_jonah_en_0	negative__speaker_negative_unregistered_speaker_0000_speaker_0000_00014	0	unregistered_impostor	0.199470963722
T000036	enroll__speaker_enroll_7sec_jonah_en_0	negative__speaker_negative_unregistered_speaker_0001_speaker_0001_00000	0	unregistered_impostor	0.0981381963262
T000037	enroll__speaker_enroll_7sec_jonah_en_0	negative__speaker_negative_unregistered_speaker_0001_speaker_0001_00001	0	unregistered_impostor	0.393694420916
T000038	enroll__speaker_enroll_7sec_jonah_en_0	negative__speaker_negative_unregistered_speaker_0001_speaker_0001_00002	0	unregistered_impostor	0.259107853688
T000039	enroll__speaker_enroll_7sec_jonah_en_0	negative__speaker_negative_unregistered_speaker_0001_speaker_0001_00003	0	unregistered_impostor	0.215417833444
T000040	enroll__speaker_enroll_7sec_jonah_en_0	negative__speaker_negative_unregistered_speaker_0001_speaker_0001_00004	0	unregistered_impostor	0.267208392172
T000041	enroll__speaker_enroll_7sec_jonah_en_0	negative__speaker_negative_unregistered_speaker_0001_speaker_0001_00005	0	unregistered_impostor	0.245691450481
T000042	enroll__speaker_enroll_7sec_jonah_en_0	negative__speaker_negative_unregistered_speaker_0001_speaker_0001_00006	0	unregistered_impostor	0.226518287919
T000043	enroll__speaker_enroll_7sec_jonah_en_0	negative__speaker_negative_unregistered_speaker_0001_speaker_0001_00007	0	unregistered_impostor	0.261845682022
T000044	enroll__speaker_enroll_7sec_jonah_en_0	negative__speaker_negative_unregistered_speaker_0001_speaker_0001_00008	0	unregistered_impostor	0.251049935234
T000045	enroll__speaker_enroll_7sec_jonah_en_0	negative__speaker_negative_unregistered_speaker_0001_speaker_0001_00009	0	unregistered_impostor	0.226159198661
T000046	enroll__speaker_enroll_7sec_jonah_en_0	negative__speaker_negative_unregistered_speaker_0001_speaker_0001_00010	0	unregistered_impostor	0.274787730008
T000047	enroll__speaker_enroll_7sec_jonah_en_0	negative__speaker_negative_unregistered_speaker_0001_speaker_0001_00011	0	unregistered_impostor	0.211816082396
T000048	enroll__speaker_enroll_7sec_jonah_en_0	negative__speaker_negative_unregistered_speaker_0001_speaker_0001_00012	0	unregistered_impostor	0.372707232933
T000049	enroll__speaker_enroll_7sec_jonah_en_0	negative__speaker_negative_unregistered_speaker_0001_speaker_0001_00013	0	unregistered_impostor	0.397032497879
T000050	enroll__speaker_enroll_7sec_jonah_en_0	negative__speaker_negative_unregistered_speaker_0001_speaker_0001_00014	0	unregistered_impostor	0.330936833285
T000051	enroll__speaker_enroll_7sec_jonah_en_0	negative__speaker_negative_unregistered_speaker_0002_speaker_0002_00000	0	unregistered_impostor	0.33376610987
T000052	enroll__speaker_enroll_7sec_jonah_en_0	negative__speaker_negative_unregistered_speaker_0002_speaker_0002_00001	0	unregistered_impostor	0.335711872202
T000053	enroll__speaker_enroll_7sec_jonah_en_0	negative__speaker_negative_unregistered_speaker_0002_speaker_0002_00002	0	unregistered_impostor	0.182500054052
T000054	enroll__speaker_enroll_7sec_jonah_en_0	negative__speaker_negative_unregistered_speaker_0002_speaker_0002_00003	0	unregistered_impostor	0.306216321805
T000055	enroll__speaker_enroll_7sec_jonah_en_0	negative__speaker_negative_unregistered_speaker_0002_speaker_0002_00004	0	unregistered_impostor	0.195243749393
T000056	enroll__speaker_enroll_7sec_jonah_en_0	negative__speaker_negative_unregistered_speaker_0002_speaker_0002_00005	0	unregistered_impostor	0.256189640544
T000057	enroll__speaker_enroll_7sec_jonah_en_0	negative__speaker_negative_unregistered_speaker_0002_speaker_0002_00006	0	unregistered_impostor	0.233953649645
T000058	enroll__speaker_enroll_7sec_jonah_en_0	negative__speaker_negative_unregistered_speaker_0002_speaker_0002_00007	0	unregistered_impostor	0.326737750953
T000059	enroll__speaker_enroll_7sec_jonah_en_0	negative__speaker_negative_unregistered_speaker_0002_speaker_0002_00008	0	unregistered_impostor	0.252615091046
T000060	enroll__speaker_enroll_7sec_jonah_en_0	negative__speaker_negative_unregistered_speaker_0002_speaker_0002_00009	0	unregistered_impostor	0.268680329718
T000061	enroll__speaker_enroll_7sec_jonah_en_0	negative__speaker_negative_unregistered_speaker_0002_speaker_0002_00010	0	unregistered_impostor	0.252999235415
T000062	enroll__speaker_enroll_7sec_jonah_en_0	negative__speaker_negative_unregistered_speaker_0002_speaker_0002_00011	0	unregistered_impostor	0.295594852112
T000063	enroll__speaker_enroll_7sec_jonah_en_0	negative__speaker_negative_unregistered_speaker_0002_speaker_0002_00012	0	unregistered_impostor	0.296842848614
T000064	enroll__speaker_enroll_7sec_jonah_en_0	negative__speaker_negative_unregistered_speaker_0002_speaker_0002_00013	0	unregistered_impostor	0.258387929122
T000065	enroll__speaker_enroll_7sec_jonah_en_0	negative__speaker_negative_unregistered_speaker_0002_speaker_0002_00014	0	unregistered_impostor	0.220410080714
T000066	enroll__speaker_enroll_7sec_jonah_en_1	positive__speaker_identify_3sec_positive_jonah_id_0	1	target	0.471739282821
T000067	enroll__speaker_enroll_7sec_jonah_en_1	positive__speaker_identify_3sec_positive_jonah_id_1	1	target	0.40318199837
T000068	enroll__speaker_enroll_7sec_jonah_en_1	positive__speaker_identify_3sec_positive_jonah_id_2	1	target	0.410893562199
T000069	enroll__speaker_enroll_7sec_jonah_en_1	positive__speaker_identify_3sec_positive_jonah_id_3	1	target	0.476072823328
T000070	enroll__speaker_enroll_7sec_jonah_en_1	positive__speaker_identify_3sec_positive_jonah_id_4	1	target	0.42053690085
T000071	enroll__speaker_enroll_7sec_jonah_en_1	positive__speaker_identify_3sec_positive_kim_id_0	0	registered_impostor	0.337533563672
T000072	enroll__speaker_enroll_7sec_jonah_en_1	positive__speaker_identify_3sec_positive_kim_id_1	0	registered_impostor	0.260305108667
T000073	enroll__speaker_enroll_7sec_jonah_en_1	positive__speaker_identify_3sec_positive_kim_id_2	0	registered_impostor	0.289060200487
T000074	enroll__speaker_enroll_7sec_jonah_en_1	positive__speaker_identify_3sec_positive_kim_id_3	0	registered_impostor	0.28835936424
T000075	enroll__speaker_enroll_7sec_jonah_en_1	positive__speaker_identify_3sec_positive_kim_id_4	0	registered_impostor	0.256696806129
T000076	enroll__speaker_enroll_7sec_jonah_en_1	positive__speaker_identify_3sec_positive_kiuk_id_0	0	registered_impostor	0.238774913184
T000077	enroll__speaker_enroll_7sec_jonah_en_1	positive__speaker_identify_3sec_positive_kiuk_id_1	0	registered_impostor	0.117498707002
T000078	enroll__speaker_enroll_7sec_jonah_en_1	positive__speaker_identify_3sec_positive_kiuk_id_2	0	registered_impostor	0.188054117596
T000079	enroll__speaker_enroll_7sec_jonah_en_1	positive__speaker_identify_3sec_positive_kiuk_id_3	0	registered_impostor	0.279566593225
T000080	enroll__speaker_enroll_7sec_jonah_en_1	positive__speaker_identify_3sec_positive_kiuk_id_4	0	registered_impostor	0.148095840958
T000081	enroll__speaker_enroll_7sec_jonah_en_1	positive__speaker_identify_3sec_positive_ssh_id_0	0	registered_impostor	0.3401598109
T000082	enroll__speaker_enroll_7sec_jonah_en_1	positive__speaker_identify_3sec_positive_ssh_id_1	0	registered_impostor	0.265788889604
T000083	enroll__speaker_enroll_7sec_jonah_en_1	positive__speaker_identify_3sec_positive_ssh_id_2	0	registered_impostor	0.299929906543
T000084	enroll__speaker_enroll_7sec_jonah_en_1	positive__speaker_identify_3sec_positive_ssh_id_3	0	registered_impostor	0.325680431929
T000085	enroll__speaker_enroll_7sec_jonah_en_1	positive__speaker_identify_3sec_positive_ssh_id_4	0	registered_impostor	0.264752515264
T000086	enroll__speaker_enroll_7sec_jonah_en_1	negative__speaker_negative_unregistered_speaker_0000_speaker_0000_00000	0	unregistered_impostor	0.113084086634
T000087	enroll__speaker_enroll_7sec_jonah_en_1	negative__speaker_negative_unregistered_speaker_0000_speaker_0000_00001	0	unregistered_impostor	0.135004192005
T000088	enroll__speaker_enroll_7sec_jonah_en_1	negative__speaker_negative_unregistered_speaker_0000_speaker_0000_00002	0	unregistered_impostor	0.070975725843
T000089	enroll__speaker_enroll_7sec_jonah_en_1	negative__speaker_negative_unregistered_speaker_0000_speaker_0000_00003	0	unregistered_impostor	0.126183751808
T000090	enroll__speaker_enroll_7sec_jonah_en_1	negative__speaker_negative_unregistered_speaker_0000_speaker_0000_00004	0	unregistered_impostor	0.123688673455
T000091	enroll__speaker_enroll_7sec_jonah_en_1	negative__speaker_negative_unregistered_speaker_0000_speaker_0000_00005	0	unregistered_impostor	0.211306546363
T000092	enroll__speaker_enroll_7sec_jonah_en_1	negative__speaker_negative_unregistered_speaker_0000_speaker_0000_00006	0	unregistered_impostor	0.146674542973
T000093	enroll__speaker_enroll_7sec_jonah_en_1	negative__speaker_negative_unregistered_speaker_0000_speaker_0000_00007	0	unregistered_impostor	0.106489515657
T000094	enroll__speaker_enroll_7sec_jonah_en_1	negative__speaker_negative_unregistered_speaker_0000_speaker_0000_00008	0	unregistered_impostor	0.150861235989
T000095	enroll__speaker_enroll_7sec_jonah_en_1	negative__speaker_negative_unregistered_speaker_0000_speaker_0000_00009	0	unregistered_impostor	0.113914240419
T000096	enroll__speaker_enroll_7sec_jonah_en_1	negative__speaker_negative_unregistered_speaker_0000_speaker_0000_00010	0	unregistered_impostor	0.135806913679
T000097	enroll__speaker_enroll_7sec_jonah_en_1	negative__speaker_negative_unregistered_speaker_0000_speaker_0000_00011	0	unregistered_impostor	0.144349580078
T000098	enroll__speaker_enroll_7sec_jonah_en_1	negative__speaker_negative_unregistered_speaker_0000_speaker_0000_00012	0	unregistered_impostor	-0.0290666882616
T000099	enroll__speaker_enroll_7sec_jonah_en_1	negative__speaker_negative_unregistered_speaker_0000_speaker_0000_00013	0	unregistered_impostor	0.144282569638
T000100	enroll__speaker_enroll_7sec_jonah_en_1	negative__speaker_negative_unregistered_speaker_0000_speaker_0000_00014	0	unregistered_impostor	0.0984197277142
T000101	enroll__speaker_enroll_7sec_jonah_en_1	negative__speaker_negative_unregistered_speaker_0001_speaker_0001_00000	0	unregistered_impostor	0.0986334629379
T000102	enroll__speaker_enroll_7sec_jonah_en_1	negative__speaker_negative_unregistered_speaker_0001_speaker_0001_00001	0	unregistered_impostor	0.190518992733
T000103	enroll__speaker_enroll_7sec_jonah_en_1	negative__speaker_negative_unregistered_speaker_0001_speaker_0001_00002	0	unregistered_impostor	0.138529592219
T000104	enroll__speaker_enroll_7sec_jonah_en_1	negative__speaker_negative_unregistered_speaker_0001_speaker_0001_00003	0	unregistered_impostor	0.118586018704
T000105	enroll__speaker_enroll_7sec_jonah_en_1	negative__speaker_negative_unregistered_speaker_0001_speaker_0001_00004	0	unregistered_impostor	0.13938407588
T000106	enroll__speaker_enroll_7sec_jonah_en_1	negative__speaker_negative_unregistered_speaker_0001_speaker_0001_00005	0	unregistered_impostor	0.136847984173
T000107	enroll__speaker_enroll_7sec_jonah_en_1	negative__speaker_negative_unregistered_speaker_0001_speaker_0001_00006	0	unregistered_impostor	0.119837991476
T000108	enroll__speaker_enroll_7sec_jonah_en_1	negative__speaker_negative_unregistered_speaker_0001_speaker_0001_00007	0	unregistered_impostor	0.139996487545
T000109	enroll__speaker_enroll_7sec_jonah_en_1	negative__speaker_negative_unregistered_speaker_0001_speaker_0001_00008	0	unregistered_impostor	0.135861068311
T000110	enroll__speaker_enroll_7sec_jonah_en_1	negative__speaker_negative_unregistered_speaker_0001_speaker_0001_00009	0	unregistered_impostor	0.131100765662
T000111	enroll__speaker_enroll_7sec_jonah_en_1	negative__speaker_negative_unregistered_speaker_0001_speaker_0001_00010	0	unregistered_impostor	0.11038799974
T000112	enroll__speaker_enroll_7sec_jonah_en_1	negative__speaker_negative_unregistered_speaker_0001_speaker_0001_00011	0	unregistered_impostor	0.1762827141
T000113	enroll__speaker_enroll_7sec_jonah_en_1	negative__speaker_negative_unregistered_speaker_0001_speaker_0001_00012	0	unregistered_impostor	0.299606247976
T000114	enroll__speaker_enroll_7sec_jonah_en_1	negative__speaker_negative_unregistered_speaker_0001_speaker_0001_00013	0	unregistered_impostor	0.22941490894
T000115	enroll__speaker_enroll_7sec_jonah_en_1	negative__speaker_negative_unregistered_speaker_0001_speaker_0001_00014	0	unregistered_impostor	0.270772950539
T000116	enroll__speaker_enroll_7sec_jonah_en_1	negative__speaker_negative_unregistered_speaker_0002_speaker_0002_00000	0	unregistered_impostor	0.24601219393
T000117	enroll__speaker_enroll_7sec_jonah_en_1	negative__speaker_negative_unregistered_speaker_0002_speaker_0002_00001	0	unregistered_impostor	0.29390972812
T000118	enroll__speaker_enroll_7sec_jonah_en_1	negative__speaker_negative_unregistered_speaker_0002_speaker_0002_00002	0	unregistered_impostor	0.185618030645
T000119	enroll__speaker_enroll_7sec_jonah_en_1	negative__speaker_negative_unregistered_speaker_0002_speaker_0002_00003	0	unregistered_impostor	0.262014238127
T000120	enroll__speaker_enroll_7sec_jonah_en_1	negative__speaker_negative_unregistered_speaker_0002_speaker_0002_00004	0	unregistered_impostor	0.198259862163
T000121	enroll__speaker_enroll_7sec_jonah_en_1	negative__speaker_negative_unregistered_speaker_0002_speaker_0002_00005	0	unregistered_impostor	0.148431424247
T000122	enroll__speaker_enroll_7sec_jonah_en_1	negative__speaker_negative_unregistered_speaker_0002_speaker_0002_00006	0	unregistered_impostor	0.176286391349
T000123	enroll__speaker_enroll_7sec_jonah_en_1	negative__speaker_negative_unregistered_speaker_0002_speaker_0002_00007	0	unregistered_impostor	0.243561326795
T000124	enroll__speaker_enroll_7sec_jonah_en_1	negative__speaker_negative_unregistered_speaker_0002_speaker_0002_00008	0	unregistered_impostor	0.147285037437
T000125	enroll__speaker_enroll_7sec_jonah_en_1	negative__speaker_negative_unregistered_speaker_0002_speaker_0002_00009	0	unregistered_impostor	0.240995840026
T000126	enroll__speaker_enroll_7sec_jonah_en_1	negative__speaker_negative_unregistered_speaker_0002_speaker_0002_00010	0	unregistered_impostor	0.21826300652
T000127	enroll__speaker_enroll_7sec_jonah_en_1	negative__speaker_negative_unregistered_speaker_0002_speaker_0002_00011	0	unregistered_impostor	0.188814953052
T000128	enroll__speaker_enroll_7sec_jonah_en_1	negative__speaker_negative_unregistered_speaker_0002_speaker_0002_00012	0	unregistered_impostor	0.198070742584
T000129	enroll__speaker_enroll_7sec_jonah_en_1	negative__speaker_negative_unregistered_speaker_0002_speaker_0002_00013	0	unregistered_impostor	0.188885997593
T000130	enroll__speaker_enroll_7sec_jonah_en_1	negative__speaker_negative_unregistered_speaker_0002_speaker_0002_00014	0	unregistered_impostor	0.199824892542
T000131	enroll__speaker_enroll_7sec_jonah_en_2	positive__speaker_identify_3sec_positive_jonah_id_0	1	target	0.321422805506
T000132	enroll__speaker_enroll_7sec_jonah_en_2	positive__speaker_identify_3sec_positive_jonah_id_1	1	target	0.313677720964
T000133	enroll__speaker_enroll_7sec_jonah_en_2	positive__speaker_identify_3sec_positive_jonah_id_2	1	target	0.303206067878
T000134	enroll__speaker_enroll_7sec_jonah_en_2	positive__speaker_identify_3sec_positive_jonah_id_3	1	target	0.327382739372
T000135	enroll__speaker_enroll_7sec_jonah_en_2	positive__speaker_identify_3sec_positive_jonah_id_4	1	target	0.256191534388
T000136	enroll__speaker_enroll_7sec_jonah_en_2	positive__speaker_identify_3sec_positive_kim_id_0	0	registered_impostor	0.303349274085
T000137	enroll__speaker_enroll_7sec_jonah_en_2	positive__speaker_identify_3sec_positive_kim_id_1	0	registered_impostor	0.286525092888
T000138	enroll__speaker_enroll_7sec_jonah_en_2	positive__speaker_identify_3sec_positive_kim_id_2	0	registered_impostor	0.318429032747
T000139	enroll__speaker_enroll_7sec_jonah_en_2	positive__speaker_identify_3sec_positive_kim_id_3	0	registered_impostor	0.256123841797
T000140	enroll__speaker_enroll_7sec_jonah_en_2	positive__speaker_identify_3sec_positive_kim_id_4	0	registered_impostor	0.231441726676
T000141	enroll__speaker_enroll_7sec_jonah_en_2	positive__speaker_identify_3sec_positive_kiuk_id_0	0	registered_impostor	0.238460315937
T000142	enroll__speaker_enroll_7sec_jonah_en_2	positive__speaker_identify_3sec_positive_kiuk_id_1	0	registered_impostor	0.225702545594
T000143	enroll__speaker_enroll_7sec_jonah_en_2	positive__speaker_identify_3sec_positive_kiuk_id_2	0	registered_impostor	0.216506731979
T000144	enroll__speaker_enroll_7sec_jonah_en_2	positive__speaker_identify_3sec_positive_kiuk_id_3	0	registered_impostor	0.239165718166
T000145	enroll__speaker_enroll_7sec_jonah_en_2	positive__speaker_identify_3sec_positive_kiuk_id_4	0	registered_impostor	0.113560356686
T000146	enroll__speaker_enroll_7sec_jonah_en_2	positive__speaker_identify_3sec_positive_ssh_id_0	0	registered_impostor	0.284576200178
T000147	enroll__speaker_enroll_7sec_jonah_en_2	positive__speaker_identify_3sec_positive_ssh_id_1	0	registered_impostor	0.190114765073
T000148	enroll__speaker_enroll_7sec_jonah_en_2	positive__speaker_identify_3sec_positive_ssh_id_2	0	registered_impostor	0.267490223615
T000149	enroll__speaker_enroll_7sec_jonah_en_2	positive__speaker_identify_3sec_positive_ssh_id_3	0	registered_impostor	0.253189529968
T000150	enroll__speaker_enroll_7sec_jonah_en_2	positive__speaker_identify_3sec_positive_ssh_id_4	0	registered_impostor	0.165812834796
T000151	enroll__speaker_enroll_7sec_jonah_en_2	negative__speaker_negative_unregistered_speaker_0000_speaker_0000_00000	0	unregistered_impostor	0.18418303259
T000152	enroll__speaker_enroll_7sec_jonah_en_2	negative__speaker_negative_unregistered_speaker_0000_speaker_0000_00001	0	unregistered_impostor	0.245577122199
T000153	enroll__speaker_enroll_7sec_jonah_en_2	negative__speaker_negative_unregistered_speaker_0000_speaker_0000_00002	0	unregistered_impostor	-0.0168112951093
T000154	enroll__speaker_enroll_7sec_jonah_en_2	negative__speaker_negative_unregistered_speaker_0000_speaker_0000_00003	0	unregistered_impostor	0.0689621602151
T000155	enroll__speaker_enroll_7sec_jonah_en_2	negative__speaker_negative_unregistered_speaker_0000_speaker_0000_00004	0	unregistered_impostor	0.145544399995
T000156	enroll__speaker_enroll_7sec_jonah_en_2	negative__speaker_negative_unregistered_speaker_0000_speaker_0000_00005	0	unregistered_impostor	0.237275454686
T000157	enroll__speaker_enroll_7sec_jonah_en_2	negative__speaker_negative_unregistered_speaker_0000_speaker_0000_00006	0	unregistered_impostor	0.0992600425658
T000158	enroll__speaker_enroll_7sec_jonah_en_2	negative__speaker_negative_unregistered_speaker_0000_speaker_0000_00007	0	unregistered_impostor	0.105105806946
T000159	enroll__speaker_enroll_7sec_jonah_en_2	negative__speaker_negative_unregistered_speaker_0000_speaker_0000_00008	0	unregistered_impostor	0.131154173401
T000160	enroll__speaker_enroll_7sec_jonah_en_2	negative__speaker_negative_unregistered_speaker_0000_speaker_0000_00009	0	unregistered_impostor	0.115036750391
T000161	enroll__speaker_enroll_7sec_jonah_en_2	negative__speaker_negative_unregistered_speaker_0000_speaker_0000_00010	0	unregistered_impostor	0.0849030197337
T000162	enroll__speaker_enroll_7sec_jonah_en_2	negative__speaker_negative_unregistered_speaker_0000_speaker_0000_00011	0	unregistered_impostor	0.115788900254
T000163	enroll__speaker_enroll_7sec_jonah_en_2	negative__speaker_negative_unregistered_speaker_0000_speaker_0000_00012	0	unregistered_impostor	-0.0778478348179
T000164	enroll__speaker_enroll_7sec_jonah_en_2	negative__speaker_negative_unregistered_speaker_0000_speaker_0000_00013	0	unregistered_impostor	0.103116034939
T000165	enroll__speaker_enroll_7sec_jonah_en_2	negative__speaker_negative_unregistered_speaker_0000_speaker_0000_00014	0	unregistered_impostor	0.0110707386815
T000166	enroll__speaker_enroll_7sec_jonah_en_2	negative__speaker_negative_unregistered_speaker_0001_speaker_0001_00000	0	unregistered_impostor	0.0966421990928
T000167	enroll__speaker_enroll_7sec_jonah_en_2	negative__speaker_negative_unregistered_speaker_0001_speaker_0001_00001	0	unregistered_impostor	0.280956704747
T000168	enroll__speaker_enroll_7sec_jonah_en_2	negative__speaker_negative_unregistered_speaker_0001_speaker_0001_00002	0	unregistered_impostor	0.10742874281
T000169	enroll__speaker_enroll_7sec_jonah_en_2	negative__speaker_negative_unregistered_speaker_0001_speaker_0001_00003	0	unregistered_impostor	0.0739796474976
T000170	enroll__speaker_enroll_7sec_jonah_en_2	negative__speaker_negative_unregistered_speaker_0001_speaker_0001_00004	0	unregistered_impostor	0.0952363687436
T000171	enroll__speaker_enroll_7sec_jonah_en_2	negative__speaker_negative_unregistered_speaker_0001_speaker_0001_00005	0	unregistered_impostor	0.0568561627278
T000172	enroll__speaker_enroll_7sec_jonah_en_2	negative__speaker_negative_unregistered_speaker_0001_speaker_0001_00006	0	unregistered_impostor	0.0608126100635
T000173	enroll__speaker_enroll_7sec_jonah_en_2	negative__speaker_negative_unregistered_speaker_0001_speaker_0001_00007	0	unregistered_impostor	0.0890158018122
T000174	enroll__speaker_enroll_7sec_jonah_en_2	negative__speaker_negative_unregistered_speaker_0001_speaker_0001_00008	0	unregistered_impostor	0.0574217480626
T000175	enroll__speaker_enroll_7sec_jonah_en_2	negative__speaker_negative_unregistered_speaker_0001_speaker_0001_00009	0	unregistered_impostor	0.0611355998185
T000176	enroll__speaker_enroll_7sec_jonah_en_2	negative__speaker_negative_unregistered_speaker_0001_speaker_0001_00010	0	unregistered_impostor	0.181157905619
T000177	enroll__speaker_enroll_7sec_jonah_en_2	negative__speaker_negative_unregistered_speaker_0001_speaker_0001_00011	0	unregistered_impostor	0.0417064498697
T000178	enroll__speaker_enroll_7sec_jonah_en_2	negative__speaker_negative_unregistered_speaker_0001_speaker_0001_00012	0	unregistered_impostor	0.281899102552
T000179	enroll__speaker_enroll_7sec_jonah_en_2	negative__speaker_negative_unregistered_speaker_0001_speaker_0001_00013	0	unregistered_impostor	0.201777549475
T000180	enroll__speaker_enroll_7sec_jonah_en_2	negative__speaker_negative_unregistered_speaker_0001_speaker_0001_00014	0	unregistered_impostor	0.221355530251
T000181	enroll__speaker_enroll_7sec_jonah_en_2	negative__speaker_negative_unregistered_speaker_0002_speaker_0002_00000	0	unregistered_impostor	0.221802198216
T000182	enroll__speaker_enroll_7sec_jonah_en_2	negative__speaker_negative_unregistered_speaker_0002_speaker_0002_00001	0	unregistered_impostor	0.242465853713
T000183	enroll__speaker_enroll_7sec_jonah_en_2	negative__speaker_negative_unregistered_speaker_0002_speaker_0002_00002	0	unregistered_impostor	0.0943762866697
T000184	enroll__speaker_enroll_7sec_jonah_en_2	negative__speaker_negative_unregistered_speaker_0002_speaker_0002_00003	0	unregistered_impostor	0.185729351392
T000185	enroll__speaker_enroll_7sec_jonah_en_2	negative__speaker_negative_unregistered_speaker_0002_speaker_0002_00004	0	unregistered_impostor	0.0855987810726
T000186	enroll__speaker_enroll_7sec_jonah_en_2	negative__speaker_negative_unregistered_speaker_0002_speaker_0002_00005	0	unregistered_impostor	0.2304484
T000187	enroll__speaker_enroll_7sec_jonah_en_2	negative__speaker_negative_unregistered_speaker_0002_speaker_0002_00006	0	unregistered_impostor	0.167036632276
T000188	enroll__speaker_enroll_7sec_jonah_en_2	negative__speaker_negative_unregistered_speaker_0002_speaker_0002_00007	0	unregistered_impostor	0.328751011937
T000189	enroll__speaker_enroll_7sec_jonah_en_2	negative__speaker_negative_unregistered_speaker_0002_speaker_0002_00008	0	unregistered_impostor	0.231984550951
T000190	enroll__speaker_enroll_7sec_jonah_en_2	negative__speaker_negative_unregistered_speaker_0002_speaker_0002_00009	0	unregistered_impostor	0.147042722309
T000191	enroll__speaker_enroll_7sec_jonah_en_2	negative__speaker_negative_unregistered_speaker_0002_speaker_0002_00010	0	unregistered_impostor	0.2045676645
T000192	enroll__speaker_enroll_7sec_jonah_en_2	negative__speaker_negative_unregistered_speaker_0002_speaker_0002_00011	0	unregistered_impostor	0.231459639134
T000193	enroll__speaker_enroll_7sec_jonah_en_2	negative__speaker_negative_unregistered_speaker_0002_speaker_0002_00012	0	unregistered_impostor	0.162786925251
T000194	enroll__speaker_enroll_7sec_jonah_en_2	negative__speaker_negative_unregistered_speaker_0002_speaker_0002_00013	0	unregistered_impostor	0.135538765448
T000195	enroll__speaker_enroll_7sec_jonah_en_2	negative__speaker_negative_unregistered_speaker_0002_speaker_0002_00014	0	unregistered_impostor	0.146825683395
T000196	enroll__speaker_enroll_7sec_kim_en_0	positive__speaker_identify_3sec_positive_jonah_id_0	0	registered_impostor	0.0145871131901
T000197	enroll__speaker_enroll_7sec_kim_en_0	positive__speaker_identify_3sec_positive_jonah_id_1	0	registered_impostor	0.0335674665022
T000198	enroll__speaker_enroll_7sec_kim_en_0	positive__speaker_identify_3sec_positive_jonah_id_2	0	registered_impostor	0.0432157450683
T000199	enroll__speaker_enroll_7sec_kim_en_0	positive__speaker_identify_3sec_positive_jonah_id_3	0	registered_impostor	0.122159825683
T000200	enroll__speaker_enroll_7sec_kim_en_0	positive__speaker_identify_3sec_positive_jonah_id_4	0	registered_impostor	0.0293509971545
T000201	enroll__speaker_enroll_7sec_kim_en_0	positive__speaker_identify_3sec_positive_kim_id_0	1	target	0.406889532344
T000202	enroll__speaker_enroll_7sec_kim_en_0	positive__speaker_identify_3sec_positive_kim_id_1	1	target	0.439546190487
T000203	enroll__speaker_enroll_7sec_kim_en_0	positive__speaker_identify_3sec_positive_kim_id_2	1	target	0.42461058287
T000204	enroll__speaker_enroll_7sec_kim_en_0	positive__speaker_identify_3sec_positive_kim_id_3	1	target	0.327627104576
T000205	enroll__speaker_enroll_7sec_kim_en_0	positive__speaker_identify_3sec_positive_kim_id_4	1	target	0.32589102067
T000206	enroll__speaker_enroll_7sec_kim_en_0	positive__speaker_identify_3sec_positive_kiuk_id_0	0	registered_impostor	0.171369165081
T000207	enroll__speaker_enroll_7sec_kim_en_0	positive__speaker_identify_3sec_positive_kiuk_id_1	0	registered_impostor	0.126355760705
T000208	enroll__speaker_enroll_7sec_kim_en_0	positive__speaker_identify_3sec_positive_kiuk_id_2	0	registered_impostor	0.0678389028446
T000209	enroll__speaker_enroll_7sec_kim_en_0	positive__speaker_identify_3sec_positive_kiuk_id_3	0	registered_impostor	0.0640318529164
T000210	enroll__speaker_enroll_7sec_kim_en_0	positive__speaker_identify_3sec_positive_kiuk_id_4	0	registered_impostor	0.038427800695
T000211	enroll__speaker_enroll_7sec_kim_en_0	positive__speaker_identify_3sec_positive_ssh_id_0	0	registered_impostor	0.0861684680735
T000212	enroll__speaker_enroll_7sec_kim_en_0	positive__speaker_identify_3sec_positive_ssh_id_1	0	registered_impostor	0.0131410438716
T000213	enroll__speaker_enroll_7sec_kim_en_0	positive__speaker_identify_3sec_positive_ssh_id_2	0	registered_impostor	-0.00219271921508
T000214	enroll__speaker_enroll_7sec_kim_en_0	positive__speaker_identify_3sec_positive_ssh_id_3	0	registered_impostor	0.00396358538532
T000215	enroll__speaker_enroll_7sec_kim_en_0	positive__speaker_identify_3sec_positive_ssh_id_4	0	registered_impostor	0.0126525672581
T000216	enroll__speaker_enroll_7sec_kim_en_0	negative__speaker_negative_unregistered_speaker_0000_speaker_0000_00000	0	unregistered_impostor	0.198852699686
T000217	enroll__speaker_enroll_7sec_kim_en_0	negative__speaker_negative_unregistered_speaker_0000_speaker_0000_00001	0	unregistered_impostor	0.131857311888
T000218	enroll__speaker_enroll_7sec_kim_en_0	negative__speaker_negative_unregistered_speaker_0000_speaker_0000_00002	0	unregistered_impostor	0.102926762243
T000219	enroll__speaker_enroll_7sec_kim_en_0	negative__speaker_negative_unregistered_speaker_0000_speaker_0000_00003	0	unregistered_impostor	0.0804100367263
T000220	enroll__speaker_enroll_7sec_kim_en_0	negative__speaker_negative_unregistered_speaker_0000_speaker_0000_00004	0	unregistered_impostor	0.0972192884908
T000221	enroll__speaker_enroll_7sec_kim_en_0	negative__speaker_negative_unregistered_speaker_0000_speaker_0000_00005	0	unregistered_impostor	0.135187369495
T000222	enroll__speaker_enroll_7sec_kim_en_0	negative__speaker_negative_unregistered_speaker_0000_speaker_0000_00006	0	unregistered_impostor	0.0621342713198
T000223	enroll__speaker_enroll_7sec_kim_en_0	negative__speaker_negative_unregistered_speaker_0000_speaker_0000_00007	0	unregistered_impostor	0.0775284905174
T000224	enroll__speaker_enroll_7sec_kim_en_0	negative__speaker_negative_unregistered_speaker_0000_speaker_0000_00008	0	unregistered_impostor	0.130715234021
T000225	enroll__speaker_enroll_7sec_kim_en_0	negative__speaker_negative_unregistered_speaker_0000_speaker_0000_00009	0	unregistered_impostor	0.164561539294
T000226	enroll__speaker_enroll_7sec_kim_en_0	negative__speaker_negative_unregistered_speaker_0000_speaker_0000_00010	0	unregistered_impostor	0.13463526177
T000227	enroll__speaker_enroll_7sec_kim_en_0	negative__speaker_negative_unregistered_speaker_0000_speaker_0000_00011	0	unregistered_impostor	0.167885524541
T000228	enroll__speaker_enroll_7sec_kim_en_0	negative__speaker_negative_unregistered_speaker_0000_speaker_0000_00012	0	unregistered_impostor	0.0115307068779
T000229	enroll__speaker_enroll_7sec_kim_en_0	negative__speaker_negative_unregistered_speaker_0000_speaker_0000_00013	0	unregistered_impostor	0.187888935144
T000230	enroll__speaker_enroll_7sec_kim_en_0	negative__speaker_negative_unregistered_speaker_0000_speaker_0000_00014	0	unregistered_impostor	0.13893187684
T000231	enroll__speaker_enroll_7sec_kim_en_0	negative__speaker_negative_unregistered_speaker_0001_speaker_0001_00000	0	unregistered_impostor	0.0974802868692
T000232	enroll__speaker_enroll_7sec_kim_en_0	negative__speaker_negative_unregistered_speaker_0001_speaker_0001_00001	0	unregistered_impostor	0.154305024658
T000233	enroll__speaker_enroll_7sec_kim_en_0	negative__speaker_negative_unregistered_speaker_0001_speaker_0001_00002	0	unregistered_impostor	0.183025948362
T000234	enroll__speaker_enroll_7sec_kim_en_0	negative__speaker_negative_unregistered_speaker_0001_speaker_0001_00003	0	unregistered_impostor	0.113452136854
T000235	enroll__speaker_enroll_7sec_kim_en_0	negative__speaker_negative_unregistered_speaker_0001_speaker_0001_00004	0	unregistered_impostor	0.131099039516
T000236	enroll__speaker_enroll_7sec_kim_en_0	negative__speaker_negative_unregistered_speaker_0001_speaker_0001_00005	0	unregistered_impostor	0.104932142042
T000237	enroll__speaker_enroll_7sec_kim_en_0	negative__speaker_negative_unregistered_speaker_0001_speaker_0001_00006	0	unregistered_impostor	0.10125047509
T000238	enroll__speaker_enroll_7sec_kim_en_0	negative__speaker_negative_unregistered_speaker_0001_speaker_0001_00007	0	unregistered_impostor	0.115231793177
T000239	enroll__speaker_enroll_7sec_kim_en_0	negative__speaker_negative_unregistered_speaker_0001_speaker_0001_00008	0	unregistered_impostor	0.108800495589
T000240	enroll__speaker_enroll_7sec_kim_en_0	negative__speaker_negative_unregistered_speaker_0001_speaker_0001_00009	0	unregistered_impostor	0.0608916702561
T000241	enroll__speaker_enroll_7sec_kim_en_0	negative__speaker_negative_unregistered_speaker_0001_speaker_0001_00010	0	unregistered_impostor	0.12999549218
T000242	enroll__speaker_enroll_7sec_kim_en_0	negative__speaker_negative_unregistered_speaker_0001_speaker_0001_00011	0	unregistered_impostor	0.125273049817
T000243	enroll__speaker_enroll_7sec_kim_en_0	negative__speaker_negative_unregistered_speaker_0001_speaker_0001_00012	0	unregistered_impostor	0.136471545249
T000244	enroll__speaker_enroll_7sec_kim_en_0	negative__speaker_negative_unregistered_speaker_0001_speaker_0001_00013	0	unregistered_impostor	0.0944412693877
T000245	enroll__speaker_enroll_7sec_kim_en_0	negative__speaker_negative_unregistered_speaker_0001_speaker_0001_00014	0	unregistered_impostor	0.113199110067
T000246	enroll__speaker_enroll_7sec_kim_en_0	negative__speaker_negative_unregistered_speaker_0002_speaker_0002_00000	0	unregistered_impostor	0.133424332737
T000247	enroll__speaker_enroll_7sec_kim_en_0	negative__speaker_negative_unregistered_speaker_0002_speaker_0002_00001	0	unregistered_impostor	0.147936686272
T000248	enroll__speaker_enroll_7sec_kim_en_0	negative__speaker_negative_unregistered_speaker_0002_speaker_0002_00002	0	unregistered_impostor	0.13914876947
T000249	enroll__speaker_enroll_7sec_kim_en_0	negative__speaker_negative_unregistered_speaker_0002_speaker_0002_00003	0	unregistered_impostor	0.232149881087
T000250	enroll__speaker_enroll_7sec_kim_en_0	negative__speaker_negative_unregistered_speaker_0002_speaker_0002_00004	0	unregistered_impostor	0.0617081651829
T000251	enroll__speaker_enroll_7sec_kim_en_0	negative__speaker_negative_unregistered_speaker_0002_speaker_0002_00005	0	unregistered_impostor	0.155505218626
T000252	enroll__speaker_enroll_7sec_kim_en_0	negative__speaker_negative_unregistered_speaker_0002_speaker_0002_00006	0	unregistered_impostor	0.147589173904
T000253	enroll__speaker_enroll_7sec_kim_en_0	negative__speaker_negative_unregistered_speaker_0002_speaker_0002_00007	0	unregistered_impostor	0.137347179348
T000254	enroll__speaker_enroll_7sec_kim_en_0	negative__speaker_negative_unregistered_speaker_0002_speaker_0002_00008	0	unregistered_impostor	0.15812440865
T000255	enroll__speaker_enroll_7sec_kim_en_0	negative__speaker_negative_unregistered_speaker_0002_speaker_0002_00009	0	unregistered_impostor	0.07349852267
T000256	enroll__speaker_enroll_7sec_kim_en_0	negative__speaker_negative_unregistered_speaker_0002_speaker_0002_00010	0	unregistered_impostor	0.0906246334987
T000257	enroll__speaker_enroll_7sec_kim_en_0	negative__speaker_negative_unregistered_speaker_0002_speaker_0002_00011	0	unregistered_impostor	0.102753365059
T000258	enroll__speaker_enroll_7sec_kim_en_0	negative__speaker_negative_unregistered_speaker_0002_speaker_0002_00012	0	unregistered_impostor	0.112416230369
T000259	enroll__speaker_enroll_7sec_kim_en_0	negative__speaker_negative_unregistered_speaker_0002_speaker_0002_00013	0	unregistered_impostor	0.141774804379
T000260	enroll__speaker_enroll_7sec_kim_en_0	negative__speaker_negative_unregistered_speaker_0002_speaker_0002_00014	0	unregistered_impostor	0.0862978979289
T000261	enroll__speaker_enroll_7sec_kim_en_1	positive__speaker_identify_3sec_positive_jonah_id_0	0	registered_impostor	0.0513614337403
T000262	enroll__speaker_enroll_7sec_kim_en_1	positive__speaker_identify_3sec_positive_jonah_id_1	0	registered_impostor	0.11427600176
T000263	enroll__speaker_enroll_7sec_kim_en_1	positive__speaker_identify_3sec_positive_jonah_id_2	0	registered_impostor	0.0738683732476
T000264	enroll__speaker_enroll_7sec_kim_en_1	positive__speaker_identify_3sec_positive_jonah_id_3	0	registered_impostor	0.149358105386
T000265	enroll__speaker_enroll_7sec_kim_en_1	positive__speaker_identify_3sec_positive_jonah_id_4	0	registered_impostor	0.130566289858
T000266	enroll__speaker_enroll_7sec_kim_en_1	positive__speaker_identify_3sec_positive_kim_id_0	1	target	0.464381940202
T000267	enroll__speaker_enroll_7sec_kim_en_1	positive__speaker_identify_3sec_positive_kim_id_1	1	target	0.477399068367
T000268	enroll__speaker_enroll_7sec_kim_en_1	positive__speaker_identify_3sec_positive_kim_id_2	1	target	0.423173847529
T000269	enroll__speaker_enroll_7sec_kim_en_1	positive__speaker_identify_3sec_positive_kim_id_3	1	target	0.392632512742
T000270	enroll__speaker_enroll_7sec_kim_en_1	positive__speaker_identify_3sec_positive_kim_id_4	1	target	0.412025825632
T000271	enroll__speaker_enroll_7sec_kim_en_1	positive__speaker_identify_3sec_positive_kiuk_id_0	0	registered_impostor	0.175941608277
T000272	enroll__speaker_enroll_7sec_kim_en_1	positive__speaker_identify_3sec_positive_kiuk_id_1	0	registered_impostor	0.122474515647
T000273	enroll__speaker_enroll_7sec_kim_en_1	positive__speaker_identify_3sec_positive_kiuk_id_2	0	registered_impostor	0.0784472862243
T000274	enroll__speaker_enroll_7sec_kim_en_1	positive__speaker_identify_3sec_positive_kiuk_id_3	0	registered_impostor	0.086383298803
T000275	enroll__speaker_enroll_7sec_kim_en_1	positive__speaker_identify_3sec_positive_kiuk_id_4	0	registered_impostor	0.0413350966687
T000276	enroll__speaker_enroll_7sec_kim_en_1	positive__speaker_identify_3sec_positive_ssh_id_0	0	registered_impostor	0.121563064222
T000277	enroll__speaker_enroll_7sec_kim_en_1	positive__speaker_identify_3sec_positive_ssh_id_1	0	registered_impostor	0.072100564732
T000278	enroll__speaker_enroll_7sec_kim_en_1	positive__speaker_identify_3sec_positive_ssh_id_2	0	registered_impostor	-0.00304474444634
T000279	enroll__speaker_enroll_7sec_kim_en_1	positive__speaker_identify_3sec_positive_ssh_id_3	0	registered_impostor	-0.0191377467216
T000280	enroll__speaker_enroll_7sec_kim_en_1	positive__speaker_identify_3sec_positive_ssh_id_4	0	registered_impostor	0.0494446215228
T000281	enroll__speaker_enroll_7sec_kim_en_1	negative__speaker_negative_unregistered_speaker_0000_speaker_0000_00000	0	unregistered_impostor	0.162695988322
T000282	enroll__speaker_enroll_7sec_kim_en_1	negative__speaker_negative_unregistered_speaker_0000_speaker_0000_00001	0	unregistered_impostor	0.0817299092625
T000283	enroll__speaker_enroll_7sec_kim_en_1	negative__speaker_negative_unregistered_speaker_0000_speaker_0000_00002	0	unregistered_impostor	0.0549653454417
T000284	enroll__speaker_enroll_7sec_kim_en_1	negative__speaker_negative_unregistered_speaker_0000_speaker_0000_00003	0	unregistered_impostor	0.0236249855844
T000285	enroll__speaker_enroll_7sec_kim_en_1	negative__speaker_negative_unregistered_speaker_0000_speaker_0000_00004	0	unregistered_impostor	0.0530681145076
T000286	enroll__speaker_enroll_7sec_kim_en_1	negative__speaker_negative_unregistered_speaker_0000_speaker_0000_00005	0	unregistered_impostor	0.146903840639
T000287	enroll__speaker_enroll_7sec_kim_en_1	negative__speaker_negative_unregistered_speaker_0000_speaker_0000_00006	0	unregistered_impostor	0.0724555017521
T000288	enroll__speaker_enroll_7sec_kim_en_1	negative__speaker_negative_unregistered_speaker_0000_speaker_0000_00007	0	unregistered_impostor	0.0354208270728
T000289	enroll__speaker_enroll_7sec_kim_en_1	negative__speaker_negative_unregistered_speaker_0000_speaker_0000_00008	0	unregistered_impostor	0.122440230523
T000290	enroll__speaker_enroll_7sec_kim_en_1	negative__speaker_negative_unregistered_speaker_0000_speaker_0000_00009	0	unregistered_impostor	0.132688165484
T000291	enroll__speaker_enroll_7sec_kim_en_1	negative__speaker_negative_unregistered_speaker_0000_speaker_0000_00010	0	unregistered_impostor	0.1303041015
T000292	enroll__speaker_enroll_7sec_kim_en_1	negative__speaker_negative_unregistered_speaker_0000_speaker_0000_00011	0	unregistered_impostor	0.16102562354
T000293	enroll__speaker_enroll_7sec_kim_en_1	negative__speaker_negative_unregistered_speaker_0000_speaker_0000_00012	0	unregistered_impostor	-0.0646678417253
T000294	enroll__speaker_enroll_7sec_kim_en_1	negative__speaker_negative_unregistered_speaker_0000_speaker_0000_00013	0	unregistered_impostor	0.121167639002
T000295	enroll__speaker_enroll_7sec_kim_en_1	negative__speaker_negative_unregistered_speaker_0000_speaker_0000_00014	0	unregistered_impostor	0.0744410072114
T000296	enroll__speaker_enroll_7sec_kim_en_1	negative__speaker_negative_unregistered_speaker_0001_speaker_0001_00000	0	unregistered_impostor	0.122466275083
T000297	enroll__speaker_enroll_7sec_kim_en_1	negative__speaker_negative_unregistered_speaker_0001_speaker_0001_00001	0	unregistered_impostor	0.126056483513
T000298	enroll__speaker_enroll_7sec_kim_en_1	negative__speaker_negative_unregistered_speaker_0001_speaker_0001_00002	0	unregistered_impostor	0.139612965129
T000299	enroll__speaker_enroll_7sec_kim_en_1	negative__speaker_negative_unregistered_speaker_0001_speaker_0001_00003	0	unregistered_impostor	0.0725622531557
T000300	enroll__speaker_enroll_7sec_kim_en_1	negative__speaker_negative_unregistered_speaker_0001_speaker_0001_00004	0	unregistered_impostor	0.0796362082419
T000301	enroll__speaker_enroll_7sec_kim_en_1	negative__speaker_negative_unregistered_speaker_0001_speaker_0001_00005	0	unregistered_impostor	0.0488343487445
T000302	enroll__speaker_enroll_7sec_kim_en_1	negative__speaker_negative_unregistered_speaker_0001_speaker_0001_00006	0	unregistered_impostor	0.055692817781
T000303	enroll__speaker_enroll_7sec_kim_en_1	negative__speaker_negative_unregistered_speaker_0001_speaker_0001_00007	0	unregistered_impostor	0.0688958055581
T000304	enroll__speaker_enroll_7sec_kim_en_1	negative__speaker_negative_unregistered_speaker_0001_speaker_0001_00008	0	unregistered_impostor	0.0752494469389
T000305	enroll__speaker_enroll_7sec_kim_en_1	negative__speaker_negative_unregistered_speaker_0001_speaker_0001_00009	0	unregistered_impostor	0.0120508778432
T000306	enroll__speaker_enroll_7sec_kim_en_1	negative__speaker_negative_unregistered_speaker_0001_speaker_0001_00010	0	unregistered_impostor	0.0518026628099
T000307	enroll__speaker_enroll_7sec_kim_en_1	negative__speaker_negative_unregistered_speaker_0001_speaker_0001_00011	0	unregistered_impostor	0.0808347014256
T000308	enroll__speaker_enroll_7sec_kim_en_1	negative__speaker_negative_unregistered_speaker_0001_speaker_0001_00012	0	unregistered_impostor	0.158527399309
T000309	enroll__speaker_enroll_7sec_kim_en_1	negative__speaker_negative_unregistered_speaker_0001_speaker_0001_00013	0	unregistered_impostor	0.100090921427
T000310	enroll__speaker_enroll_7sec_kim_en_1	negative__speaker_negative_unregistered_speaker_0001_speaker_0001_00014	0	unregistered_impostor	0.102142750423
T000311	enroll__speaker_enroll_7sec_kim_en_1	negative__speaker_negative_unregistered_speaker_0002_speaker_0002_00000	0	unregistered_impostor	0.172505402067
T000312	enroll__speaker_enroll_7sec_kim_en_1	negative__speaker_negative_unregistered_speaker_0002_speaker_0002_00001	0	unregistered_impostor	0.181939503325
T000313	enroll__speaker_enroll_7sec_kim_en_1	negative__speaker_negative_unregistered_speaker_0002_speaker_0002_00002	0	unregistered_impostor	0.144247099918
T000314	enroll__speaker_enroll_7sec_kim_en_1	negative__speaker_negative_unregistered_speaker_0002_speaker_0002_00003	0	unregistered_impostor	0.209952188604
T000315	enroll__speaker_enroll_7sec_kim_en_1	negative__speaker_negative_unregistered_speaker_0002_speaker_0002_00004	0	unregistered_impostor	0.0905197219495
T000316	enroll__speaker_enroll_7sec_kim_en_1	negative__speaker_negative_unregistered_speaker_0002_speaker_0002_00005	0	unregistered_impostor	0.169617660111
T000317	enroll__speaker_enroll_7sec_kim_en_1	negative__speaker_negative_unregistered_speaker_0002_speaker_0002_00006	0	unregistered_impostor	0.186745006922
T000318	enroll__speaker_enroll_7sec_kim_en_1	negative__speaker_negative_unregistered_speaker_0002_speaker_0002_00007	0	unregistered_impostor	0.104736079469
T000319	enroll__speaker_enroll_7sec_kim_en_1	negative__speaker_negative_unregistered_speaker_0002_speaker_0002_00008	0	unregistered_impostor	0.154483033512
T000320	enroll__speaker_enroll_7sec_kim_en_1	negative__speaker_negative_unregistered_speaker_0002_speaker_0002_00009	0	unregistered_impostor	0.102349986446
T000321	enroll__speaker_enroll_7sec_kim_en_1	negative__speaker_negative_unregistered_speaker_0002_speaker_0002_00010	0	unregistered_impostor	0.105749556033
T000322	enroll__speaker_enroll_7sec_kim_en_1	negative__speaker_negative_unregistered_speaker_0002_speaker_0002_00011	0	unregistered_impostor	0.14540226567
T000323	enroll__speaker_enroll_7sec_kim_en_1	negative__speaker_negative_unregistered_speaker_0002_speaker_0002_00012	0	unregistered_impostor	0.11277889172
T000324	enroll__speaker_enroll_7sec_kim_en_1	negative__speaker_negative_unregistered_speaker_0002_speaker_0002_00013	0	unregistered_impostor	0.185114917904
T000325	enroll__speaker_enroll_7sec_kim_en_1	negative__speaker_negative_unregistered_speaker_0002_speaker_0002_00014	0	unregistered_impostor	0.132876213435
T000326	enroll__speaker_enroll_7sec_kim_en_2	positive__speaker_identify_3sec_positive_jonah_id_0	0	registered_impostor	0.0377574631368
T000327	enroll__speaker_enroll_7sec_kim_en_2	positive__speaker_identify_3sec_positive_jonah_id_1	0	registered_impostor	0.0879693575948
T000328	enroll__speaker_enroll_7sec_kim_en_2	positive__speaker_identify_3sec_positive_jonah_id_2	0	registered_impostor	0.0709560788484
T000329	enroll__speaker_enroll_7sec_kim_en_2	positive__speaker_identify_3sec_positive_jonah_id_3	0	registered_impostor	0.125044565817
T000330	enroll__speaker_enroll_7sec_kim_en_2	positive__speaker_identify_3sec_positive_jonah_id_4	0	registered_impostor	0.0871827882229
T000331	enroll__speaker_enroll_7sec_kim_en_2	positive__speaker_identify_3sec_positive_kim_id_0	1	target	0.303007151538
T000332	enroll__speaker_enroll_7sec_kim_en_2	positive__speaker_identify_3sec_positive_kim_id_1	1	target	0.388001474995
T000333	enroll__speaker_enroll_7sec_kim_en_2	positive__speaker_identify_3sec_positive_kim_id_2	1	target	0.415670100258
T000334	enroll__speaker_enroll_7sec_kim_en_2	positive__speaker_identify_3sec_positive_kim_id_3	1	target	0.274955331783
T000335	enroll__speaker_enroll_7sec_kim_en_2	positive__speaker_identify_3sec_positive_kim_id_4	1	target	0.319373818691
T000336	enroll__speaker_enroll_7sec_kim_en_2	positive__speaker_identify_3sec_positive_kiuk_id_0	0	registered_impostor	0.135340110196
T000337	enroll__speaker_enroll_7sec_kim_en_2	positive__speaker_identify_3sec_positive_kiuk_id_1	0	registered_impostor	0.127119367343
T000338	enroll__speaker_enroll_7sec_kim_en_2	positive__speaker_identify_3sec_positive_kiuk_id_2	0	registered_impostor	0.0643037805345
T000339	enroll__speaker_enroll_7sec_kim_en_2	positive__speaker_identify_3sec_positive_kiuk_id_3	0	registered_impostor	0.12129052663
T000340	enroll__speaker_enroll_7sec_kim_en_2	positive__speaker_identify_3sec_positive_kiuk_id_4	0	registered_impostor	0.0686974786214
T000341	enroll__speaker_enroll_7sec_kim_en_2	positive__speaker_identify_3sec_positive_ssh_id_0	0	registered_impostor	0.1013439424
T000342	enroll__speaker_enroll_7sec_kim_en_2	positive__speaker_identify_3sec_positive_ssh_id_1	0	registered_impostor	0.0160578431118
T000343	enroll__speaker_enroll_7sec_kim_en_2	positive__speaker_identify_3sec_positive_ssh_id_2	0	registered_impostor	0.0439238869909
T000344	enroll__speaker_enroll_7sec_kim_en_2	positive__speaker_identify_3sec_positive_ssh_id_3	0	registered_impostor	0.0463516616772
T000345	enroll__speaker_enroll_7sec_kim_en_2	positive__speaker_identify_3sec_positive_ssh_id_4	0	registered_impostor	0.00851914320778
T000346	enroll__speaker_enroll_7sec_kim_en_2	negative__speaker_negative_unregistered_speaker_0000_speaker_0000_00000	0	unregistered_impostor	0.242757892448
T000347	enroll__speaker_enroll_7sec_kim_en_2	negative__speaker_negative_unregistered_speaker_0000_speaker_0000_00001	0	unregistered_impostor	0.192499729474
T000348	enroll__speaker_enroll_7sec_kim_en_2	negative__speaker_negative_unregistered_speaker_0000_speaker_0000_00002	0	unregistered_impostor	0.0174325679039
T000349	enroll__speaker_enroll_7sec_kim_en_2	negative__speaker_negative_unregistered_speaker_0000_speaker_0000_00003	0	unregistered_impostor	0.0732475736804
T000350	enroll__speaker_enroll_7sec_kim_en_2	negative__speaker_negative_unregistered_speaker_0000_speaker_0000_00004	0	unregistered_impostor	0.118865615256
T000351	enroll__speaker_enroll_7sec_kim_en_2	negative__speaker_negative_unregistered_speaker_0000_speaker_0000_00005	0	unregistered_impostor	0.156696732424
T000352	enroll__speaker_enroll_7sec_kim_en_2	negative__speaker_negative_unregistered_speaker_0000_speaker_0000_00006	0	unregistered_impostor	0.0325379039431
T000353	enroll__speaker_enroll_7sec_kim_en_2	negative__speaker_negative_unregistered_speaker_0000_speaker_0000_00007	0	unregistered_impostor	0.071643731834
T000354	enroll__speaker_enroll_7sec_kim_en_2	negative__speaker_negative_unregistered_speaker_0000_speaker_0000_00008	0	unregistered_impostor	0.110232145072
T000355	enroll__speaker_enroll_7sec_kim_en_2	negative__speaker_negative_unregistered_speaker_0000_speaker_0000_00009	0	unregistered_impostor	0.170050628455
T000356	enroll__speaker_enroll_7sec_kim_en_2	negative__speaker_negative_unregistered_speaker_0000_speaker_0000_00010	0	unregistered_impostor	0.0302324349296
T000357	enroll__speaker_enroll_7sec_kim_en_2	negative__speaker_negative_unregistered_speaker_0000_speaker_0000_00011	0	unregistered_impostor	0.128675643829
T000358	enroll__speaker_enroll_7sec_kim_en_2	negative__speaker_negative_unregistered_speaker_0000_speaker_0000_00012	0	unregistered_impostor	0.00385188616592
T000359	enroll__speaker_enroll_7sec_kim_en_2	negative__speaker_negative_unregistered_speaker_0000_speaker_0000_00013	0	unregistered_impostor	0.104897039593
T000360	enroll__speaker_enroll_7sec_kim_en_2	negative__speaker_negative_unregistered_speaker_0000_speaker_0000_00014	0	unregistered_impostor	0.0665732613
T000361	enroll__speaker_enroll_7sec_kim_en_2	negative__speaker_negative_unregistered_speaker_0001_speaker_0001_00000	0	unregistered_impostor	0.00755898185617
T000362	enroll__speaker_enroll_7sec_kim_en_2	negative__speaker_negative_unregistered_speaker_0001_speaker_0001_00001	0	unregistered_impostor	0.160695131756
T000363	enroll__speaker_enroll_7sec_kim_en_2	negative__speaker_negative_unregistered_speaker_0001_speaker_0001_00002	0	unregistered_impostor	0.136229454592
T000364	enroll__speaker_enroll_7sec_kim_en_2	negative__speaker_negative_unregistered_speaker_0001_speaker_0001_00003	0	unregistered_impostor	0.0306605415588
T000365	enroll__speaker_enroll_7sec_kim_en_2	negative__speaker_negative_unregistered_speaker_0001_speaker_0001_00004	0	unregistered_impostor	0.0786138105009
T000366	enroll__speaker_enroll_7sec_kim_en_2	negative__speaker_negative_unregistered_speaker_0001_speaker_0001_00005	0	unregistered_impostor	0.0602892962468
T000367	enroll__speaker_enroll_7sec_kim_en_2	negative__speaker_negative_unregistered_speaker_0001_speaker_0001_00006	0	unregistered_impostor	0.0425315484306
T000368	enroll__speaker_enroll_7sec_kim_en_2	negative__speaker_negative_unregistered_speaker_0001_speaker_0001_00007	0	unregistered_impostor	0.0999415822108
T000369	enroll__speaker_enroll_7sec_kim_en_2	negative__speaker_negative_unregistered_speaker_0001_speaker_0001_00008	0	unregistered_impostor	0.0243315039038
T000370	enroll__speaker_enroll_7sec_kim_en_2	negative__speaker_negative_unregistered_speaker_0001_speaker_0001_00009	0	unregistered_impostor	0.0372779920081
T000371	enroll__speaker_enroll_7sec_kim_en_2	negative__speaker_negative_unregistered_speaker_0001_speaker_0001_00010	0	unregistered_impostor	0.13308894084
T000372	enroll__speaker_enroll_7sec_kim_en_2	negative__speaker_negative_unregistered_speaker_0001_speaker_0001_00011	0	unregistered_impostor	0.043722477679
T000373	enroll__speaker_enroll_7sec_kim_en_2	negative__speaker_negative_unregistered_speaker_0001_speaker_0001_00012	0	unregistered_impostor	0.124829171244
T000374	enroll__speaker_enroll_7sec_kim_en_2	negative__speaker_negative_unregistered_speaker_0001_speaker_0001_00013	0	unregistered_impostor	0.108770077089
T000375	enroll__speaker_enroll_7sec_kim_en_2	negative__speaker_negative_unregistered_speaker_0001_speaker_0001_00014	0	unregistered_impostor	0.105798746969
T000376	enroll__speaker_enroll_7sec_kim_en_2	negative__speaker_negative_unregistered_speaker_0002_speaker_0002_00000	0	unregistered_impostor	0.164569287382
T000377	enroll__speaker_enroll_7sec_kim_en_2	negative__speaker_negative_unregistered_speaker_0002_speaker_0002_00001	0	unregistered_impostor	0.100095327423
T000378	enroll__speaker_enroll_7sec_kim_en_2	negative__speaker_negative_unregistered_speaker_0002_speaker_0002_00002	0	unregistered_impostor	0.0749255173449
T000379	enroll__speaker_enroll_7sec_kim_en_2	negative__speaker_negative_unregistered_speaker_0002_speaker_0002_00003	0	unregistered_impostor	0.125047756845
T000380	enroll__speaker_enroll_7sec_kim_en_2	negative__speaker_negative_unregistered_speaker_0002_speaker_0002_00004	0	unregistered_impostor	0.0254837457401
T000381	enroll__speaker_enroll_7sec_kim_en_2	negative__speaker_negative_unregistered_speaker_0002_speaker_0002_00005	0	unregistered_impostor	0.136117219757
T000382	enroll__speaker_enroll_7sec_kim_en_2	negative__speaker_negative_unregistered_speaker_0002_speaker_0002_00006	0	unregistered_impostor	0.127657608191
T000383	enroll__speaker_enroll_7sec_kim_en_2	negative__speaker_negative_unregistered_speaker_0002_speaker_0002_00007	0	unregistered_impostor	0.147171126975
T000384	enroll__speaker_enroll_7sec_kim_en_2	negative__speaker_negative_unregistered_speaker_0002_speaker_0002_00008	0	unregistered_impostor	0.130955530469
T000385	enroll__speaker_enroll_7sec_kim_en_2	negative__speaker_negative_unregistered_speaker_0002_speaker_0002_00009	0	unregistered_impostor	0.04748893569
T000386	enroll__speaker_enroll_7sec_kim_en_2	negative__speaker_negative_unregistered_speaker_0002_speaker_0002_00010	0	unregistered_impostor	0.0920871495079
T000387	enroll__speaker_enroll_7sec_kim_en_2	negative__speaker_negative_unregistered_speaker_0002_speaker_0002_00011	0	unregistered_impostor	0.121675919156
T000388	enroll__speaker_enroll_7sec_kim_en_2	negative__speaker_negative_unregistered_speaker_0002_speaker_0002_00012	0	unregistered_impostor	0.0969110429244
T000389	enroll__speaker_enroll_7sec_kim_en_2	negative__speaker_negative_unregistered_speaker_0002_speaker_0002_00013	0	unregistered_impostor	0.146583809646
T000390	enroll__speaker_enroll_7sec_kim_en_2	negative__speaker_negative_unregistered_speaker_0002_speaker_0002_00014	0	unregistered_impostor	0.0974159391329
T000391	enroll__speaker_enroll_7sec_kiuk_en_0	positive__speaker_identify_3sec_positive_jonah_id_0	0	registered_impostor	0.0732174828596
T000392	enroll__speaker_enroll_7sec_kiuk_en_0	positive__speaker_identify_3sec_positive_jonah_id_1	0	registered_impostor	0.11362672936
T000393	enroll__speaker_enroll_7sec_kiuk_en_0	positive__speaker_identify_3sec_positive_jonah_id_2	0	registered_impostor	0.0900024351341
T000394	enroll__speaker_enroll_7sec_kiuk_en_0	positive__speaker_identify_3sec_positive_jonah_id_3	0	registered_impostor	0.15849302723
T000395	enroll__speaker_enroll_7sec_kiuk_en_0	positive__speaker_identify_3sec_positive_jonah_id_4	0	registered_impostor	0.0655139163724
T000396	enroll__speaker_enroll_7sec_kiuk_en_0	positive__speaker_identify_3sec_positive_kim_id_0	0	registered_impostor	0.0464572309403
T000397	enroll__speaker_enroll_7sec_kiuk_en_0	positive__speaker_identify_3sec_positive_kim_id_1	0	registered_impostor	0.0395459388233
T000398	enroll__speaker_enroll_7sec_kiuk_en_0	positive__speaker_identify_3sec_positive_kim_id_2	0	registered_impostor	0.0894664675546
T000399	enroll__speaker_enroll_7sec_kiuk_en_0	positive__speaker_identify_3sec_positive_kim_id_3	0	registered_impostor	0.097540506295
T000400	enroll__speaker_enroll_7sec_kiuk_en_0	positive__speaker_identify_3sec_positive_kim_id_4	0	registered_impostor	-0.0042695462762
T000401	enroll__speaker_enroll_7sec_kiuk_en_0	positive__speaker_identify_3sec_positive_kiuk_id_0	1	target	0.394082861884
T000402	enroll__speaker_enroll_7sec_kiuk_en_0	positive__speaker_identify_3sec_positive_kiuk_id_1	1	target	0.315239192855
T000403	enroll__speaker_enroll_7sec_kiuk_en_0	positive__speaker_identify_3sec_positive_kiuk_id_2	1	target	0.246598696816
T000404	enroll__speaker_enroll_7sec_kiuk_en_0	positive__speaker_identify_3sec_positive_kiuk_id_3	1	target	0.338554810578
T000405	enroll__speaker_enroll_7sec_kiuk_en_0	positive__speaker_identify_3sec_positive_kiuk_id_4	1	target	0.442271902088
T000406	enroll__speaker_enroll_7sec_kiuk_en_0	positive__speaker_identify_3sec_positive_ssh_id_0	0	registered_impostor	0.151917434344
T000407	enroll__speaker_enroll_7sec_kiuk_en_0	positive__speaker_identify_3sec_positive_ssh_id_1	0	registered_impostor	0.204067767725
T000408	enroll__speaker_enroll_7sec_kiuk_en_0	positive__speaker_identify_3sec_positive_ssh_id_2	0	registered_impostor	0.193325774089
T000409	enroll__speaker_enroll_7sec_kiuk_en_0	positive__speaker_identify_3sec_positive_ssh_id_3	0	registered_impostor	0.229496769763
T000410	enroll__speaker_enroll_7sec_kiuk_en_0	positive__speaker_identify_3sec_positive_ssh_id_4	0	registered_impostor	0.21727037771
T000411	enroll__speaker_enroll_7sec_kiuk_en_0	negative__speaker_negative_unregistered_speaker_0000_speaker_0000_00000	0	unregistered_impostor	0.158572853037
T000412	enroll__speaker_enroll_7sec_kiuk_en_0	negative__speaker_negative_unregistered_speaker_0000_speaker_0000_00001	0	unregistered_impostor	0.103494774934
T000413	enroll__speaker_enroll_7sec_kiuk_en_0	negative__speaker_negative_unregistered_speaker_0000_speaker_0000_00002	0	unregistered_impostor	-0.0103550309548
T000414	enroll__speaker_enroll_7sec_kiuk_en_0	negative__speaker_negative_unregistered_speaker_0000_speaker_0000_00003	0	unregistered_impostor	0.00902587588708
T000415	enroll__speaker_enroll_7sec_kiuk_en_0	negative__speaker_negative_unregistered_speaker_0000_speaker_0000_00004	0	unregistered_impostor	0.0488001271406
T000416	enroll__speaker_enroll_7sec_kiuk_en_0	negative__speaker_negative_unregistered_speaker_0000_speaker_0000_00005	0	unregistered_impostor	0.118146685389
T000417	enroll__speaker_enroll_7sec_kiuk_en_0	negative__speaker_negative_unregistered_speaker_0000_speaker_0000_00006	0	unregistered_impostor	-0.0668680768322
T000418	enroll__speaker_enroll_7sec_kiuk_en_0	negative__speaker_negative_unregistered_speaker_0000_speaker_0000_00007	0	unregistered_impostor	0.0658004392709
T000419	enroll__speaker_enroll_7sec_kiuk_en_0	negative__speaker_negative_unregistered_speaker_0000_speaker_0000_00008	0	unregistered_impostor	-0.00406483007324
T000420	enroll__speaker_enroll_7sec_kiuk_en_0	negative__speaker_negative_unregistered_speaker_0000_speaker_0000_00009	0	unregistered_impostor	0.102096006318
T000421	enroll__speaker_enroll_7sec_kiuk_en_0	negative__speaker_negative_unregistered_speaker_0000_speaker_0000_00010	0	unregistered_impostor	0.0591588711027
T000422	enroll__speaker_enroll_7sec_kiuk_en_0	negative__speaker_negative_unregistered_speaker_0000_speaker_0000_00011	0	unregistered_impostor	0.119132272754
T000423	enroll__speaker_enroll_7sec_kiuk_en_0	negative__speaker_negative_unregistered_speaker_0000_speaker_0000_00012	0	unregistered_impostor	-0.0372163413586
T000424	enroll__speaker_enroll_7sec_kiuk_en_0	negative__speaker_negative_unregistered_speaker_0000_speaker_0000_00013	0	unregistered_impostor	0.114791512702
T000425	enroll__speaker_enroll_7sec_kiuk_en_0	negative__speaker_negative_unregistered_speaker_0000_speaker_0000_00014	0	unregistered_impostor	0.0353001351448
T000426	enroll__speaker_enroll_7sec_kiuk_en_0	negative__speaker_negative_unregistered_speaker_0001_speaker_0001_00000	0	unregistered_impostor	0.126839495484
T000427	enroll__speaker_enroll_7sec_kiuk_en_0	negative__speaker_negative_unregistered_speaker_0001_speaker_0001_00001	0	unregistered_impostor	0.160429151022
T000428	enroll__speaker_enroll_7sec_kiuk_en_0	negative__speaker_negative_unregistered_speaker_0001_speaker_0001_00002	0	unregistered_impostor	0.0697143375798
T000429	enroll__speaker_enroll_7sec_kiuk_en_0	negative__speaker_negative_unregistered_speaker_0001_speaker_0001_00003	0	unregistered_impostor	0.0796906515071
T000430	enroll__speaker_enroll_7sec_kiuk_en_0	negative__speaker_negative_unregistered_speaker_0001_speaker_0001_00004	0	unregistered_impostor	0.0668916155784
T000431	enroll__speaker_enroll_7sec_kiuk_en_0	negative__speaker_negative_unregistered_speaker_0001_speaker_0001_00005	0	unregistered_impostor	0.125964466128
T000432	enroll__speaker_enroll_7sec_kiuk_en_0	negative__speaker_negative_unregistered_speaker_0001_speaker_0001_00006	0	unregistered_impostor	0.0779549469445
T000433	enroll__speaker_enroll_7sec_kiuk_en_0	negative__speaker_negative_unregistered_speaker_0001_speaker_0001_00007	0	unregistered_impostor	0.0845677968648
T000434	enroll__speaker_enroll_7sec_kiuk_en_0	negative__speaker_negative_unregistered_speaker_0001_speaker_0001_00008	0	unregistered_impostor	0.0697449818447
T000435	enroll__speaker_enroll_7sec_kiuk_en_0	negative__speaker_negative_unregistered_speaker_0001_speaker_0001_00009	0	unregistered_impostor	0.10086230491
T000436	enroll__speaker_enroll_7sec_kiuk_en_0	negative__speaker_negative_unregistered_speaker_0001_speaker_0001_00010	0	unregistered_impostor	0.133257984156
T000437	enroll__speaker_enroll_7sec_kiuk_en_0	negative__speaker_negative_unregistered_speaker_0001_speaker_0001_00011	0	unregistered_impostor	0.0473443626164
T000438	enroll__speaker_enroll_7sec_kiuk_en_0	negative__speaker_negative_unregistered_speaker_0001_speaker_0001_00012	0	unregistered_impostor	0.123354995826
T000439	enroll__speaker_enroll_7sec_kiuk_en_0	negative__speaker_negative_unregistered_speaker_0001_speaker_0001_00013	0	unregistered_impostor	0.146003341778
T000440	enroll__speaker_enroll_7sec_kiuk_en_0	negative__speaker_negative_unregistered_speaker_0001_speaker_0001_00014	0	unregistered_impostor	0.0967126516837
T000441	enroll__speaker_enroll_7sec_kiuk_en_0	negative__speaker_negative_unregistered_speaker_0002_speaker_0002_00000	0	unregistered_impostor	0.132266662349
T000442	enroll__speaker_enroll_7sec_kiuk_en_0	negative__speaker_negative_unregistered_speaker_0002_speaker_0002_00001	0	unregistered_impostor	0.0345501699288
T000443	enroll__speaker_enroll_7sec_kiuk_en_0	negative__speaker_negative_unregistered_speaker_0002_speaker_0002_00002	0	unregistered_impostor	0.097095372962
T000444	enroll__speaker_enroll_7sec_kiuk_en_0	negative__speaker_negative_unregistered_speaker_0002_speaker_0002_00003	0	unregistered_impostor	0.101641807153
T000445	enroll__speaker_enroll_7sec_kiuk_en_0	negative__speaker_negative_unregistered_speaker_0002_speaker_0002_00004	0	unregistered_impostor	0.00392599780824
T000446	enroll__speaker_enroll_7sec_kiuk_en_0	negative__speaker_negative_unregistered_speaker_0002_speaker_0002_00005	0	unregistered_impostor	0.0369148827286
T000447	enroll__speaker_enroll_7sec_kiuk_en_0	negative__speaker_negative_unregistered_speaker_0002_speaker_0002_00006	0	unregistered_impostor	0.128738555618
T000448	enroll__speaker_enroll_7sec_kiuk_en_0	negative__speaker_negative_unregistered_speaker_0002_speaker_0002_00007	0	unregistered_impostor	-0.00612634145718
T000449	enroll__speaker_enroll_7sec_kiuk_en_0	negative__speaker_negative_unregistered_speaker_0002_speaker_0002_00008	0	unregistered_impostor	0.0288201106763
T000450	enroll__speaker_enroll_7sec_kiuk_en_0	negative__speaker_negative_unregistered_speaker_0002_speaker_0002_00009	0	unregistered_impostor	0.038038193806
T000451	enroll__speaker_enroll_7sec_kiuk_en_0	negative__speaker_negative_unregistered_speaker_0002_speaker_0002_00010	0	unregistered_impostor	0.12957142897
T000452	enroll__speaker_enroll_7sec_kiuk_en_0	negative__speaker_negative_unregistered_speaker_0002_speaker_0002_00011	0	unregistered_impostor	0.0377143834429
T000453	enroll__speaker_enroll_7sec_kiuk_en_0	negative__speaker_negative_unregistered_speaker_0002_speaker_0002_00012	0	unregistered_impostor	0.042662928207
T000454	enroll__speaker_enroll_7sec_kiuk_en_0	negative__speaker_negative_unregistered_speaker_0002_speaker_0002_00013	0	unregistered_impostor	0.0964017347358
T000455	enroll__speaker_enroll_7sec_kiuk_en_0	negative__speaker_negative_unregistered_speaker_0002_speaker_0002_00014	0	unregistered_impostor	0.0578583351197
T000456	enroll__speaker_enroll_7sec_kiuk_en_1	positive__speaker_identify_3sec_positive_jonah_id_0	0	registered_impostor	0.166798728293
T000457	enroll__speaker_enroll_7sec_kiuk_en_1	positive__speaker_identify_3sec_positive_jonah_id_1	0	registered_impostor	0.241845239464
T000458	enroll__speaker_enroll_7sec_kiuk_en_1	positive__speaker_identify_3sec_positive_jonah_id_2	0	registered_impostor	0.170553971028
T000459	enroll__speaker_enroll_7sec_kiuk_en_1	positive__speaker_identify_3sec_positive_jonah_id_3	0	registered_impostor	0.281282406159
T000460	enroll__speaker_enroll_7sec_kiuk_en_1	positive__speaker_identify_3sec_positive_jonah_id_4	0	registered_impostor	0.205646035385
T000461	enroll__speaker_enroll_7sec_kiuk_en_1	positive__speaker_identify_3sec_positive_kim_id_0	0	registered_impostor	0.136881609826
T000462	enroll__speaker_enroll_7sec_kiuk_en_1	positive__speaker_identify_3sec_positive_kim_id_1	0	registered_impostor	0.21632805868
T000463	enroll__speaker_enroll_7sec_kiuk_en_1	positive__speaker_identify_3sec_positive_kim_id_2	0	registered_impostor	0.213191578561
T000464	enroll__speaker_enroll_7sec_kiuk_en_1	positive__speaker_identify_3sec_positive_kim_id_3	0	registered_impostor	0.243048283703
T000465	enroll__speaker_enroll_7sec_kiuk_en_1	positive__speaker_identify_3sec_positive_kim_id_4	0	registered_impostor	0.17690996488
T000466	enroll__speaker_enroll_7sec_kiuk_en_1	positive__speaker_identify_3sec_positive_kiuk_id_0	1	target	0.560159867131
T000467	enroll__speaker_enroll_7sec_kiuk_en_1	positive__speaker_identify_3sec_positive_kiuk_id_1	1	target	0.522676825881
T000468	enroll__speaker_enroll_7sec_kiuk_en_1	positive__speaker_identify_3sec_positive_kiuk_id_2	1	target	0.40879711471
T000469	enroll__speaker_enroll_7sec_kiuk_en_1	positive__speaker_identify_3sec_positive_kiuk_id_3	1	target	0.528185120686
T000470	enroll__speaker_enroll_7sec_kiuk_en_1	positive__speaker_identify_3sec_positive_kiuk_id_4	1	target	0.638505134402
T000471	enroll__speaker_enroll_7sec_kiuk_en_1	positive__speaker_identify_3sec_positive_ssh_id_0	0	registered_impostor	0.33092179771
T000472	enroll__speaker_enroll_7sec_kiuk_en_1	positive__speaker_identify_3sec_positive_ssh_id_1	0	registered_impostor	0.329755169754
T000473	enroll__speaker_enroll_7sec_kiuk_en_1	positive__speaker_identify_3sec_positive_ssh_id_2	0	registered_impostor	0.324472237735
T000474	enroll__speaker_enroll_7sec_kiuk_en_1	positive__speaker_identify_3sec_positive_ssh_id_3	0	registered_impostor	0.386896876494
T000475	enroll__speaker_enroll_7sec_kiuk_en_1	positive__speaker_identify_3sec_positive_ssh_id_4	0	registered_impostor	0.385532450359
T000476	enroll__speaker_enroll_7sec_kiuk_en_1	negative__speaker_negative_unregistered_speaker_0000_speaker_0000_00000	0	unregistered_impostor	0.122808954712
T000477	enroll__speaker_enroll_7sec_kiuk_en_1	negative__speaker_negative_unregistered_speaker_0000_speaker_0000_00001	0	unregistered_impostor	0.105159199282
T000478	enroll__speaker_enroll_7sec_kiuk_en_1	negative__speaker_negative_unregistered_speaker_0000_speaker_0000_00002	0	unregistered_impostor	0.0448430248505
T000479	enroll__speaker_enroll_7sec_kiuk_en_1	negative__speaker_negative_unregistered_speaker_0000_speaker_0000_00003	0	unregistered_impostor	0.0760665797686
T000480	enroll__speaker_enroll_7sec_kiuk_en_1	negative__speaker_negative_unregistered_speaker_0000_speaker_0000_00004	0	unregistered_impostor	0.07839810491
T000481	enroll__speaker_enroll_7sec_kiuk_en_1	negative__speaker_negative_unregistered_speaker_0000_speaker_0000_00005	0	unregistered_impostor	0.12266189258
T000482	enroll__speaker_enroll_7sec_kiuk_en_1	negative__speaker_negative_unregistered_speaker_0000_speaker_0000_00006	0	unregistered_impostor	-0.0205333402961
T000483	enroll__speaker_enroll_7sec_kiuk_en_1	negative__speaker_negative_unregistered_speaker_0000_speaker_0000_00007	0	unregistered_impostor	0.0946769332418
T000484	enroll__speaker_enroll_7sec_kiuk_en_1	negative__speaker_negative_unregistered_speaker_0000_speaker_0000_00008	0	unregistered_impostor	0.0255387238158
T000485	enroll__speaker_enroll_7sec_kiuk_en_1	negative__speaker_negative_unregistered_speaker_0000_speaker_0000_00009	0	unregistered_impostor	0.131680741085
T000486	enroll__speaker_enroll_7sec_kiuk_en_1	negative__speaker_negative_unregistered_speaker_0000_speaker_0000_00010	0	unregistered_impostor	0.0634326386823
T000487	enroll__speaker_enroll_7sec_kiuk_en_1	negative__speaker_negative_unregistered_speaker_0000_speaker_0000_00011	0	unregistered_impostor	0.0816511243736
T000488	enroll__speaker_enroll_7sec_kiuk_en_1	negative__speaker_negative_unregistered_speaker_0000_speaker_0000_00012	0	unregistered_impostor	0.0478545746647
T000489	enroll__speaker_enroll_7sec_kiuk_en_1	negative__speaker_negative_unregistered_speaker_0000_speaker_0000_00013	0	unregistered_impostor	0.127884194288
T000490	enroll__speaker_enroll_7sec_kiuk_en_1	negative__speaker_negative_unregistered_speaker_0000_speaker_0000_00014	0	unregistered_impostor	0.0717441360763
T000491	enroll__speaker_enroll_7sec_kiuk_en_1	negative__speaker_negative_unregistered_speaker_0001_speaker_0001_00000	0	unregistered_impostor	0.153684749719
T000492	enroll__speaker_enroll_7sec_kiuk_en_1	negative__speaker_negative_unregistered_speaker_0001_speaker_0001_00001	0	unregistered_impostor	0.0932885630185
T000493	enroll__speaker_enroll_7sec_kiuk_en_1	negative__speaker_negative_unregistered_speaker_0001_speaker_0001_00002	0	unregistered_impostor	0.063991465046
T000494	enroll__speaker_enroll_7sec_kiuk_en_1	negative__speaker_negative_unregistered_speaker_0001_speaker_0001_00003	0	unregistered_impostor	0.026363390178
T000495	enroll__speaker_enroll_7sec_kiuk_en_1	negative__speaker_negative_unregistered_speaker_0001_speaker_0001_00004	0	unregistered_impostor	0.0680500315138
T000496	enroll__speaker_enroll_7sec_kiuk_en_1	negative__speaker_negative_unregistered_speaker_0001_speaker_0001_00005	0	unregistered_impostor	0.0744995617608
T000497	enroll__speaker_enroll_7sec_kiuk_en_1	negative__speaker_negative_unregistered_speaker_0001_speaker_0001_00006	0	unregistered_impostor	0.0438414438652
T000498	enroll__speaker_enroll_7sec_kiuk_en_1	negative__speaker_negative_unregistered_speaker_0001_speaker_0001_00007	0	unregistered_impostor	0.0591672301065
T000499	enroll__speaker_enroll_7sec_kiuk_en_1	negative__speaker_negative_unregistered_speaker_0001_speaker_0001_00008	0	unregistered_impostor	0.0196188445276
T000500	enroll__speaker_enroll_7sec_kiuk_en_1	negative__speaker_negative_unregistered_speaker_0001_speaker_0001_00009	0	unregistered_impostor	0.0925599663929
T000501	enroll__speaker_enroll_7sec_kiuk_en_1	negative__speaker_negative_unregistered_speaker_0001_speaker_0001_00010	0	unregistered_impostor	0.138727252084
T000502	enroll__speaker_enroll_7sec_kiuk_en_1	negative__speaker_negative_unregistered_speaker_0001_speaker_0001_00011	0	unregistered_impostor	0.0422017295463
T000503	enroll__speaker_enroll_7sec_kiuk_en_1	negative__speaker_negative_unregistered_speaker_0001_speaker_0001_00012	0	unregistered_impostor	0.107850234891
T000504	enroll__speaker_enroll_7sec_kiuk_en_1	negative__speaker_negative_unregistered_speaker_0001_speaker_0001_00013	0	unregistered_impostor	0.0629368049358
T000505	enroll__speaker_enroll_7sec_kiuk_en_1	negative__speaker_negative_unregistered_speaker_0001_speaker_0001_00014	0	unregistered_impostor	0.0328714728295
T000506	enroll__speaker_enroll_7sec_kiuk_en_1	negative__speaker_negative_unregistered_speaker_0002_speaker_0002_00000	0	unregistered_impostor	0.0932278298356
T000507	enroll__speaker_enroll_7sec_kiuk_en_1	negative__speaker_negative_unregistered_speaker_0002_speaker_0002_00001	0	unregistered_impostor	0.0517276880356
T000508	enroll__speaker_enroll_7sec_kiuk_en_1	negative__speaker_negative_unregistered_speaker_0002_speaker_0002_00002	0	unregistered_impostor	0.0444550381298
T000509	enroll__speaker_enroll_7sec_kiuk_en_1	negative__speaker_negative_unregistered_speaker_0002_speaker_0002_00003	0	unregistered_impostor	0.123544092105
T000510	enroll__speaker_enroll_7sec_kiuk_en_1	negative__speaker_negative_unregistered_speaker_0002_speaker_0002_00004	0	unregistered_impostor	-0.0231141046526
T000511	enroll__speaker_enroll_7sec_kiuk_en_1	negative__speaker_negative_unregistered_speaker_0002_speaker_0002_00005	0	unregistered_impostor	0.0330185783941
T000512	enroll__speaker_enroll_7sec_kiuk_en_1	negative__speaker_negative_unregistered_speaker_0002_speaker_0002_00006	0	unregistered_impostor	0.0671394014063
T000513	enroll__speaker_enroll_7sec_kiuk_en_1	negative__speaker_negative_unregistered_speaker_0002_speaker_0002_00007	0	unregistered_impostor	-0.00410308538721
T000514	enroll__speaker_enroll_7sec_kiuk_en_1	negative__speaker_negative_unregistered_speaker_0002_speaker_0002_00008	0	unregistered_impostor	0.0381290853212
T000515	enroll__speaker_enroll_7sec_kiuk_en_1	negative__speaker_negative_unregistered_speaker_0002_speaker_0002_00009	0	unregistered_impostor	0.0317266550834
T000516	enroll__speaker_enroll_7sec_kiuk_en_1	negative__speaker_negative_unregistered_speaker_0002_speaker_0002_00010	0	unregistered_impostor	0.0927316477814
T000517	enroll__speaker_enroll_7sec_kiuk_en_1	negative__speaker_negative_unregistered_speaker_0002_speaker_0002_00011	0	unregistered_impostor	0.0359907981529
T000518	enroll__speaker_enroll_7sec_kiuk_en_1	negative__speaker_negative_unregistered_speaker_0002_speaker_0002_00012	0	unregistered_impostor	0.0173641773954
T000519	enroll__speaker_enroll_7sec_kiuk_en_1	negative__speaker_negative_unregistered_speaker_0002_speaker_0002_00013	0	unregistered_impostor	0.0228948776562
T000520	enroll__speaker_enroll_7sec_kiuk_en_1	negative__speaker_negative_unregistered_speaker_0002_speaker_0002_00014	0	unregistered_impostor	0.0147335163074
T000521	enroll__speaker_enroll_7sec_kiuk_en_2	positive__speaker_identify_3sec_positive_jonah_id_0	0	registered_impostor	0.251128364886
T000522	enroll__speaker_enroll_7sec_kiuk_en_2	positive__speaker_identify_3sec_positive_jonah_id_1	0	registered_impostor	0.311931909047
T000523	enroll__speaker_enroll_7sec_kiuk_en_2	positive__speaker_identify_3sec_positive_jonah_id_2	0	registered_impostor	0.319195303278
T000524	enroll__speaker_enroll_7sec_kiuk_en_2	positive__speaker_identify_3sec_positive_jonah_id_3	0	registered_impostor	0.334083340641
T000525	enroll__speaker_enroll_7sec_kiuk_en_2	positive__speaker_identify_3sec_positive_jonah_id_4	0	registered_impostor	0.266993024227
T000526	enroll__speaker_enroll_7sec_kiuk_en_2	positive__speaker_identify_3sec_positive_kim_id_0	0	registered_impostor	0.20127488343
T000527	enroll__speaker_enroll_7sec_kiuk_en_2	positive__speaker_identify_3sec_positive_kim_id_1	0	registered_impostor	0.291027832675
T000528	enroll__speaker_enroll_7sec_kiuk_en_2	positive__speaker_identify_3sec_positive_kim_id_2	0	registered_impostor	0.291664042856
T000529	enroll__speaker_enroll_7sec_kiuk_en_2	positive__speaker_identify_3sec_positive_kim_id_3	0	registered_impostor	0.277566485567
T000530	enroll__speaker_enroll_7sec_kiuk_en_2	positive__speaker_identify_3sec_positive_kim_id_4	0	registered_impostor	0.247841564703
T000531	enroll__speaker_enroll_7sec_kiuk_en_2	positive__speaker_identify_3sec_positive_kiuk_id_0	1	target	0.604769313764
T000532	enroll__speaker_enroll_7sec_kiuk_en_2	positive__speaker_identify_3sec_positive_kiuk_id_1	1	target	0.562303672279
T000533	enroll__speaker_enroll_7sec_kiuk_en_2	positive__speaker_identify_3sec_positive_kiuk_id_2	1	target	0.494182912564
T000534	enroll__speaker_enroll_7sec_kiuk_en_2	positive__speaker_identify_3sec_positive_kiuk_id_3	1	target	0.588065028721
T000535	enroll__speaker_enroll_7sec_kiuk_en_2	positive__speaker_identify_3sec_positive_kiuk_id_4	1	target	0.662732453005
T000536	enroll__speaker_enroll_7sec_kiuk_en_2	positive__speaker_identify_3sec_positive_ssh_id_0	0	registered_impostor	0.363462358759
T000537	enroll__speaker_enroll_7sec_kiuk_en_2	positive__speaker_identify_3sec_positive_ssh_id_1	0	registered_impostor	0.397167714923
T000538	enroll__speaker_enroll_7sec_kiuk_en_2	positive__speaker_identify_3sec_positive_ssh_id_2	0	registered_impostor	0.438024354932
T000539	enroll__speaker_enroll_7sec_kiuk_en_2	positive__speaker_identify_3sec_positive_ssh_id_3	0	registered_impostor	0.480864908571
T000540	enroll__speaker_enroll_7sec_kiuk_en_2	positive__speaker_identify_3sec_positive_ssh_id_4	0	registered_impostor	0.454559997646
T000541	enroll__speaker_enroll_7sec_kiuk_en_2	negative__speaker_negative_unregistered_speaker_0000_speaker_0000_00000	0	unregistered_impostor	0.164504067504
T000542	enroll__speaker_enroll_7sec_kiuk_en_2	negative__speaker_negative_unregistered_speaker_0000_speaker_0000_00001	0	unregistered_impostor	0.196649331836
T000543	enroll__speaker_enroll_7sec_kiuk_en_2	negative__speaker_negative_unregistered_speaker_0000_speaker_0000_00002	0	unregistered_impostor	0.0588997863969
T000544	enroll__speaker_enroll_7sec_kiuk_en_2	negative__speaker_negative_unregistered_speaker_0000_speaker_0000_00003	0	unregistered_impostor	0.11232770183
T000545	enroll__speaker_enroll_7sec_kiuk_en_2	negative__speaker_negative_unregistered_speaker_0000_speaker_0000_00004	0	unregistered_impostor	0.168661716249
T000546	enroll__speaker_enroll_7sec_kiuk_en_2	negative__speaker_negative_unregistered_speaker_0000_speaker_0000_00005	0	unregistered_impostor	0.1874808165
T000547	enroll__speaker_enroll_7sec_kiuk_en_2	negative__speaker_negative_unregistered_speaker_0000_speaker_0000_00006	0	unregistered_impostor	0.0153429964013
T000548	enroll__speaker_enroll_7sec_kiuk_en_2	negative__speaker_negative_unregistered_speaker_0000_speaker_0000_00007	0	unregistered_impostor	0.0986085913639
T000549	enroll__speaker_enroll_7sec_kiuk_en_2	negative__speaker_negative_unregistered_speaker_0000_speaker_0000_00008	0	unregistered_impostor	0.0436880537973
T000550	enroll__speaker_enroll_7sec_kiuk_en_2	negative__speaker_negative_unregistered_speaker_0000_speaker_0000_00009	0	unregistered_impostor	0.206668857348
T000551	enroll__speaker_enroll_7sec_kiuk_en_2	negative__speaker_negative_unregistered_speaker_0000_speaker_0000_00010	0	unregistered_impostor	0.0688224221033
T000552	enroll__speaker_enroll_7sec_kiuk_en_2	negative__speaker_negative_unregistered_speaker_0000_speaker_0000_00011	0	unregistered_impostor	0.0805706841211
T000553	enroll__speaker_enroll_7sec_kiuk_en_2	negative__speaker_negative_unregistered_speaker_0000_speaker_0000_00012	0	unregistered_impostor	0.0393865673932
T000554	enroll__speaker_enroll_7sec_kiuk_en_2	negative__speaker_negative_unregistered_speaker_0000_speaker_0000_00013	0	unregistered_impostor	0.158501306838
T000555	enroll__speaker_enroll_7sec_kiuk_en_2	negative__speaker_negative_unregistered_speaker_0000_speaker_0000_00014	0	unregistered_impostor	0.0884419015641
T000556	enroll__speaker_enroll_7sec_kiuk_en_2	negative__speaker_negative_unregistered_speaker_0001_speaker_0001_00000	0	unregistered_impostor	0.106442104765
T000557	enroll__speaker_enroll_7sec_kiuk_en_2	negative__speaker_negative_unregistered_speaker_0001_speaker_0001_00001	0	unregistered_impostor	0.170813258213
T000558	enroll__speaker_enroll_7sec_kiuk_en_2	negative__speaker_negative_unregistered_speaker_0001_speaker_0001_00002	0	unregistered_impostor	0.0991411495715
T000559	enroll__speaker_enroll_7sec_kiuk_en_2	negative__speaker_negative_unregistered_speaker_0001_speaker_0001_00003	0	unregistered_impostor	0.0597032806287
T000560	enroll__speaker_enroll_7sec_kiuk_en_2	negative__speaker_negative_unregistered_speaker_0001_speaker_0001_00004	0	unregistered_impostor	0.0935421703371
T000561	enroll__speaker_enroll_7sec_kiuk_en_2	negative__speaker_negative_unregistered_speaker_0001_speaker_0001_00005	0	unregistered_impostor	0.0899380573658
T000562	enroll__speaker_enroll_7sec_kiuk_en_2	negative__speaker_negative_unregistered_speaker_0001_speaker_0001_00006	0	unregistered_impostor	0.0874233175519
T000563	enroll__speaker_enroll_7sec_kiuk_en_2	negative__speaker_negative_unregistered_speaker_0001_speaker_0001_00007	0	unregistered_impostor	0.113284021648
T000564	enroll__speaker_enroll_7sec_kiuk_en_2	negative__speaker_negative_unregistered_speaker_0001_speaker_0001_00008	0	unregistered_impostor	0.100281382346
T000565	enroll__speaker_enroll_7sec_kiuk_en_2	negative__speaker_negative_unregistered_speaker_0001_speaker_0001_00009	0	unregistered_impostor	0.0965731375919
T000566	enroll__speaker_enroll_7sec_kiuk_en_2	negative__speaker_negative_unregistered_speaker_0001_speaker_0001_00010	0	unregistered_impostor	0.184082531087
T000567	enroll__speaker_enroll_7sec_kiuk_en_2	negative__speaker_negative_unregistered_speaker_0001_speaker_0001_00011	0	unregistered_impostor	0.0505565125456
T000568	enroll__speaker_enroll_7sec_kiuk_en_2	negative__speaker_negative_unregistered_speaker_0001_speaker_0001_00012	0	unregistered_impostor	0.188062557531
T000569	enroll__speaker_enroll_7sec_kiuk_en_2	negative__speaker_negative_unregistered_speaker_0001_speaker_0001_00013	0	unregistered_impostor	0.148015568401
T000570	enroll__speaker_enroll_7sec_kiuk_en_2	negative__speaker_negative_unregistered_speaker_0001_speaker_0001_00014	0	unregistered_impostor	0.0839352060999
T000571	enroll__speaker_enroll_7sec_kiuk_en_2	negative__speaker_negative_unregistered_speaker_0002_speaker_0002_00000	0	unregistered_impostor	0.167983063325
T000572	enroll__speaker_enroll_7sec_kiuk_en_2	negative__speaker_negative_unregistered_speaker_0002_speaker_0002_00001	0	unregistered_impostor	0.0733336849261
T000573	enroll__speaker_enroll_7sec_kiuk_en_2	negative__speaker_negative_unregistered_speaker_0002_speaker_0002_00002	0	unregistered_impostor	0.0670710066095
T000574	enroll__speaker_enroll_7sec_kiuk_en_2	negative__speaker_negative_unregistered_speaker_0002_speaker_0002_00003	0	unregistered_impostor	0.105365440897
T000575	enroll__speaker_enroll_7sec_kiuk_en_2	negative__speaker_negative_unregistered_speaker_0002_speaker_0002_00004	0	unregistered_impostor	0.0300865290441
T000576	enroll__speaker_enroll_7sec_kiuk_en_2	negative__speaker_negative_unregistered_speaker_0002_speaker_0002_00005	0	unregistered_impostor	0.0469984709203
T000577	enroll__speaker_enroll_7sec_kiuk_en_2	negative__speaker_negative_unregistered_speaker_0002_speaker_0002_00006	0	unregistered_impostor	0.126314998288
T000578	enroll__speaker_enroll_7sec_kiuk_en_2	negative__speaker_negative_unregistered_speaker_0002_speaker_0002_00007	0	unregistered_impostor	0.051319067474
T000579	enroll__speaker_enroll_7sec_kiuk_en_2	negative__speaker_negative_unregistered_speaker_0002_speaker_0002_00008	0	unregistered_impostor	0.0883560390538
T000580	enroll__speaker_enroll_7sec_kiuk_en_2	negative__speaker_negative_unregistered_speaker_0002_speaker_0002_00009	0	unregistered_impostor	0.071089095815
T000581	enroll__speaker_enroll_7sec_kiuk_en_2	negative__speaker_negative_unregistered_speaker_0002_speaker_0002_00010	0	unregistered_impostor	0.127217234328
T000582	enroll__speaker_enroll_7sec_kiuk_en_2	negative__speaker_negative_unregistered_speaker_0002_speaker_0002_00011	0	unregistered_impostor	0.0943792998939
T000583	enroll__speaker_enroll_7sec_kiuk_en_2	negative__speaker_negative_unregistered_speaker_0002_speaker_0002_00012	0	unregistered_impostor	0.0706255354309
T000584	enroll__speaker_enroll_7sec_kiuk_en_2	negative__speaker_negative_unregistered_speaker_0002_speaker_0002_00013	0	unregistered_impostor	0.104448456571
T000585	enroll__speaker_enroll_7sec_kiuk_en_2	negative__speaker_negative_unregistered_speaker_0002_speaker_0002_00014	0	unregistered_impostor	0.0240365611523
T000586	enroll__speaker_enroll_7sec_ssh_en_0	positive__speaker_identify_3sec_positive_jonah_id_0	0	registered_impostor	0.126200166907
T000587	enroll__speaker_enroll_7sec_ssh_en_0	positive__speaker_identify_3sec_positive_jonah_id_1	0	registered_impostor	0.149940314161
T000588	enroll__speaker_enroll_7sec_ssh_en_0	positive__speaker_identify_3sec_positive_jonah_id_2	0	registered_impostor	0.172897080665
T000589	enroll__speaker_enroll_7sec_ssh_en_0	positive__speaker_identify_3sec_positive_jonah_id_3	0	registered_impostor	0.174828452111
T000590	enroll__speaker_enroll_7sec_ssh_en_0	positive__speaker_identify_3sec_positive_jonah_id_4	0	registered_impostor	0.0764167434429
T000591	enroll__speaker_enroll_7sec_ssh_en_0	positive__speaker_identify_3sec_positive_kim_id_0	0	registered_impostor	0.0584994428099
T000592	enroll__speaker_enroll_7sec_ssh_en_0	positive__speaker_identify_3sec_positive_kim_id_1	0	registered_impostor	0.120533127502
T000593	enroll__speaker_enroll_7sec_ssh_en_0	positive__speaker_identify_3sec_positive_kim_id_2	0	registered_impostor	0.224156855358
T000594	enroll__speaker_enroll_7sec_ssh_en_0	positive__speaker_identify_3sec_positive_kim_id_3	0	registered_impostor	0.10135345136
T000595	enroll__speaker_enroll_7sec_ssh_en_0	positive__speaker_identify_3sec_positive_kim_id_4	0	registered_impostor	0.105402316873
T000596	enroll__speaker_enroll_7sec_ssh_en_0	positive__speaker_identify_3sec_positive_kiuk_id_0	0	registered_impostor	0.278390514114
T000597	enroll__speaker_enroll_7sec_ssh_en_0	positive__speaker_identify_3sec_positive_kiuk_id_1	0	registered_impostor	0.278076180564
T000598	enroll__speaker_enroll_7sec_ssh_en_0	positive__speaker_identify_3sec_positive_kiuk_id_2	0	registered_impostor	0.287735699641
T000599	enroll__speaker_enroll_7sec_ssh_en_0	positive__speaker_identify_3sec_positive_kiuk_id_3	0	registered_impostor	0.328554159702
T000600	enroll__speaker_enroll_7sec_ssh_en_0	positive__speaker_identify_3sec_positive_kiuk_id_4	0	registered_impostor	0.388398298663
T000601	enroll__speaker_enroll_7sec_ssh_en_0	positive__speaker_identify_3sec_positive_ssh_id_0	1	target	0.399826900411
T000602	enroll__speaker_enroll_7sec_ssh_en_0	positive__speaker_identify_3sec_positive_ssh_id_1	1	target	0.370699690772
T000603	enroll__speaker_enroll_7sec_ssh_en_0	positive__speaker_identify_3sec_positive_ssh_id_2	1	target	0.444544430537
T000604	enroll__speaker_enroll_7sec_ssh_en_0	positive__speaker_identify_3sec_positive_ssh_id_3	1	target	0.38377325505
T000605	enroll__speaker_enroll_7sec_ssh_en_0	positive__speaker_identify_3sec_positive_ssh_id_4	1	target	0.414607382605
T000606	enroll__speaker_enroll_7sec_ssh_en_0	negative__speaker_negative_unregistered_speaker_0000_speaker_0000_00000	0	unregistered_impostor	0.290419965321
T000607	enroll__speaker_enroll_7sec_ssh_en_0	negative__speaker_negative_unregistered_speaker_0000_speaker_0000_00001	0	unregistered_impostor	0.311396100844
T000608	enroll__speaker_enroll_7sec_ssh_en_0	negative__speaker_negative_unregistered_speaker_0000_speaker_0000_00002	0	unregistered_impostor	0.244947512993
T000609	enroll__speaker_enroll_7sec_ssh_en_0	negative__speaker_negative_unregistered_speaker_0000_speaker_0000_00003	0	unregistered_impostor	0.322001881593
T000610	enroll__speaker_enroll_7sec_ssh_en_0	negative__speaker_negative_unregistered_speaker_0000_speaker_0000_00004	0	unregistered_impostor	0.297187708696
T000611	enroll__speaker_enroll_7sec_ssh_en_0	negative__speaker_negative_unregistered_speaker_0000_speaker_0000_00005	0	unregistered_impostor	0.336869218763
T000612	enroll__speaker_enroll_7sec_ssh_en_0	negative__speaker_negative_unregistered_speaker_0000_speaker_0000_00006	0	unregistered_impostor	0.234497503203
T000613	enroll__speaker_enroll_7sec_ssh_en_0	negative__speaker_negative_unregistered_speaker_0000_speaker_0000_00007	0	unregistered_impostor	0.245634646518
T000614	enroll__speaker_enroll_7sec_ssh_en_0	negative__speaker_negative_unregistered_speaker_0000_speaker_0000_00008	0	unregistered_impostor	0.196820601586
T000615	enroll__speaker_enroll_7sec_ssh_en_0	negative__speaker_negative_unregistered_speaker_0000_speaker_0000_00009	0	unregistered_impostor	0.265099981052
T000616	enroll__speaker_enroll_7sec_ssh_en_0	negative__speaker_negative_unregistered_speaker_0000_speaker_0000_00010	0	unregistered_impostor	0.202006407793
T000617	enroll__speaker_enroll_7sec_ssh_en_0	negative__speaker_negative_unregistered_speaker_0000_speaker_0000_00011	0	unregistered_impostor	0.288177945193
T000618	enroll__speaker_enroll_7sec_ssh_en_0	negative__speaker_negative_unregistered_speaker_0000_speaker_0000_00012	0	unregistered_impostor	0.170234263556
T000619	enroll__speaker_enroll_7sec_ssh_en_0	negative__speaker_negative_unregistered_speaker_0000_speaker_0000_00013	0	unregistered_impostor	0.308923318246
T000620	enroll__speaker_enroll_7sec_ssh_en_0	negative__speaker_negative_unregistered_speaker_0000_speaker_0000_00014	0	unregistered_impostor	0.263471500445
T000621	enroll__speaker_enroll_7sec_ssh_en_0	negative__speaker_negative_unregistered_speaker_0001_speaker_0001_00000	0	unregistered_impostor	0.0588792976692
T000622	enroll__speaker_enroll_7sec_ssh_en_0	negative__speaker_negative_unregistered_speaker_0001_speaker_0001_00001	0	unregistered_impostor	0.222235097862
T000623	enroll__speaker_enroll_7sec_ssh_en_0	negative__speaker_negative_unregistered_speaker_0001_speaker_0001_00002	0	unregistered_impostor	0.171183375901
T000624	enroll__speaker_enroll_7sec_ssh_en_0	negative__speaker_negative_unregistered_speaker_0001_speaker_0001_00003	0	unregistered_impostor	0.190678901185
T000625	enroll__speaker_enroll_7sec_ssh_en_0	negative__speaker_negative_unregistered_speaker_0001_speaker_0001_00004	0	unregistered_impostor	0.17667975509
T000626	enroll__speaker_enroll_7sec_ssh_en_0	negative__speaker_negative_unregistered_speaker_0001_speaker_0001_00005	0	unregistered_impostor	0.190997137774
T000627	enroll__speaker_enroll_7sec_ssh_en_0	negative__speaker_negative_unregistered_speaker_0001_speaker_0001_00006	0	unregistered_impostor	0.196248746306
T000628	enroll__speaker_enroll_7sec_ssh_en_0	negative__speaker_negative_unregistered_speaker_0001_speaker_0001_00007	0	unregistered_impostor	0.193313624648
T000629	enroll__speaker_enroll_7sec_ssh_en_0	negative__speaker_negative_unregistered_speaker_0001_speaker_0001_00008	0	unregistered_impostor	0.200692907615
T000630	enroll__speaker_enroll_7sec_ssh_en_0	negative__speaker_negative_unregistered_speaker_0001_speaker_0001_00009	0	unregistered_impostor	0.215628975986
T000631	enroll__speaker_enroll_7sec_ssh_en_0	negative__speaker_negative_unregistered_speaker_0001_speaker_0001_00010	0	unregistered_impostor	0.163660788204
T000632	enroll__speaker_enroll_7sec_ssh_en_0	negative__speaker_negative_unregistered_speaker_0001_speaker_0001_00011	0	unregistered_impostor	0.138490346477
T000633	enroll__speaker_enroll_7sec_ssh_en_0	negative__speaker_negative_unregistered_speaker_0001_speaker_0001_00012	0	unregistered_impostor	0.315395018979
T000634	enroll__speaker_enroll_7sec_ssh_en_0	negative__speaker_negative_unregistered_speaker_0001_speaker_0001_00013	0	unregistered_impostor	0.240951414441
T000635	enroll__speaker_enroll_7sec_ssh_en_0	negative__speaker_negative_unregistered_speaker_0001_speaker_0001_00014	0	unregistered_impostor	0.204976492575
T000636	enroll__speaker_enroll_7sec_ssh_en_0	negative__speaker_negative_unregistered_speaker_0002_speaker_0002_00000	0	unregistered_impostor	0.231183321263
T000637	enroll__speaker_enroll_7sec_ssh_en_0	negative__speaker_negative_unregistered_speaker_0002_speaker_0002_00001	0	unregistered_impostor	0.105813264398
T000638	enroll__speaker_enroll_7sec_ssh_en_0	negative__speaker_negative_unregistered_speaker_0002_speaker_0002_00002	0	unregistered_impostor	0.0577160880317
T000639	enroll__speaker_enroll_7sec_ssh_en_0	negative__speaker_negative_unregistered_speaker_0002_speaker_0002_00003	0	unregistered_impostor	0.167507347704
T000640	enroll__speaker_enroll_7sec_ssh_en_0	negative__speaker_negative_unregistered_speaker_0002_speaker_0002_00004	0	unregistered_impostor	0.0745106198814
T000641	enroll__speaker_enroll_7sec_ssh_en_0	negative__speaker_negative_unregistered_speaker_0002_speaker_0002_00005	0	unregistered_impostor	0.11740530724
T000642	enroll__speaker_enroll_7sec_ssh_en_0	negative__speaker_negative_unregistered_speaker_0002_speaker_0002_00006	0	unregistered_impostor	0.154843823572
T000643	enroll__speaker_enroll_7sec_ssh_en_0	negative__speaker_negative_unregistered_speaker_0002_speaker_0002_00007	0	unregistered_impostor	0.232519496808
T000644	enroll__speaker_enroll_7sec_ssh_en_0	negative__speaker_negative_unregistered_speaker_0002_speaker_0002_00008	0	unregistered_impostor	0.163879216287
T000645	enroll__speaker_enroll_7sec_ssh_en_0	negative__speaker_negative_unregistered_speaker_0002_speaker_0002_00009	0	unregistered_impostor	0.14184773111
T000646	enroll__speaker_enroll_7sec_ssh_en_0	negative__speaker_negative_unregistered_speaker_0002_speaker_0002_00010	0	unregistered_impostor	0.151625009089
T000647	enroll__speaker_enroll_7sec_ssh_en_0	negative__speaker_negative_unregistered_speaker_0002_speaker_0002_00011	0	unregistered_impostor	0.169076272458
T000648	enroll__speaker_enroll_7sec_ssh_en_0	negative__speaker_negative_unregistered_speaker_0002_speaker_0002_00012	0	unregistered_impostor	0.107924334869
T000649	enroll__speaker_enroll_7sec_ssh_en_0	negative__speaker_negative_unregistered_speaker_0002_speaker_0002_00013	0	unregistered_impostor	0.171401057293
T000650	enroll__speaker_enroll_7sec_ssh_en_0	negative__speaker_negative_unregistered_speaker_0002_speaker_0002_00014	0	unregistered_impostor	0.111079502998
T000651	enroll__speaker_enroll_7sec_ssh_en_1	positive__speaker_identify_3sec_positive_jonah_id_0	0	registered_impostor	0.289417940587
T000652	enroll__speaker_enroll_7sec_ssh_en_1	positive__speaker_identify_3sec_positive_jonah_id_1	0	registered_impostor	0.307921805991
T000653	enroll__speaker_enroll_7sec_ssh_en_1	positive__speaker_identify_3sec_positive_jonah_id_2	0	registered_impostor	0.273495300747
T000654	enroll__speaker_enroll_7sec_ssh_en_1	positive__speaker_identify_3sec_positive_jonah_id_3	0	registered_impostor	0.358991147552
T000655	enroll__speaker_enroll_7sec_ssh_en_1	positive__speaker_identify_3sec_positive_jonah_id_4	0	registered_impostor	0.27130321035
T000656	enroll__speaker_enroll_7sec_ssh_en_1	positive__speaker_identify_3sec_positive_kim_id_0	0	registered_impostor	0.170115728627
T000657	enroll__speaker_enroll_7sec_ssh_en_1	positive__speaker_identify_3sec_positive_kim_id_1	0	registered_impostor	0.201632121658
T000658	enroll__speaker_enroll_7sec_ssh_en_1	positive__speaker_identify_3sec_positive_kim_id_2	0	registered_impostor	0.242831105894
T000659	enroll__speaker_enroll_7sec_ssh_en_1	positive__speaker_identify_3sec_positive_kim_id_3	0	registered_impostor	0.262591031118
T000660	enroll__speaker_enroll_7sec_ssh_en_1	positive__speaker_identify_3sec_positive_kim_id_4	0	registered_impostor	0.177635455164
T000661	enroll__speaker_enroll_7sec_ssh_en_1	positive__speaker_identify_3sec_positive_kiuk_id_0	0	registered_impostor	0.459574249803
T000662	enroll__speaker_enroll_7sec_ssh_en_1	positive__speaker_identify_3sec_positive_kiuk_id_1	0	registered_impostor	0.373126021984
T000663	enroll__speaker_enroll_7sec_ssh_en_1	positive__speaker_identify_3sec_positive_kiuk_id_2	0	registered_impostor	0.405390424999
T000664	enroll__speaker_enroll_7sec_ssh_en_1	positive__speaker_identify_3sec_positive_kiuk_id_3	0	registered_impostor	0.464647677305
T000665	enroll__speaker_enroll_7sec_ssh_en_1	positive__speaker_identify_3sec_positive_kiuk_id_4	0	registered_impostor	0.529759528216
T000666	enroll__speaker_enroll_7sec_ssh_en_1	positive__speaker_identify_3sec_positive_ssh_id_0	1	target	0.512744812026
T000667	enroll__speaker_enroll_7sec_ssh_en_1	positive__speaker_identify_3sec_positive_ssh_id_1	1	target	0.519543574569
T000668	enroll__speaker_enroll_7sec_ssh_en_1	positive__speaker_identify_3sec_positive_ssh_id_2	1	target	0.539913293067
T000669	enroll__speaker_enroll_7sec_ssh_en_1	positive__speaker_identify_3sec_positive_ssh_id_3	1	target	0.528176782155
T000670	enroll__speaker_enroll_7sec_ssh_en_1	positive__speaker_identify_3sec_positive_ssh_id_4	1	target	0.495476301128
T000671	enroll__speaker_enroll_7sec_ssh_en_1	negative__speaker_negative_unregistered_speaker_0000_speaker_0000_00000	0	unregistered_impostor	0.23900900255
T000672	enroll__speaker_enroll_7sec_ssh_en_1	negative__speaker_negative_unregistered_speaker_0000_speaker_0000_00001	0	unregistered_impostor	0.208545322986
T000673	enroll__speaker_enroll_7sec_ssh_en_1	negative__speaker_negative_unregistered_speaker_0000_speaker_0000_00002	0	unregistered_impostor	0.229726067381
T000674	enroll__speaker_enroll_7sec_ssh_en_1	negative__speaker_negative_unregistered_speaker_0000_speaker_0000_00003	0	unregistered_impostor	0.266193028756
T000675	enroll__speaker_enroll_7sec_ssh_en_1	negative__speaker_negative_unregistered_speaker_0000_speaker_0000_00004	0	unregistered_impostor	0.229223708318
T000676	enroll__speaker_enroll_7sec_ssh_en_1	negative__speaker_negative_unregistered_speaker_0000_speaker_0000_00005	0	unregistered_impostor	0.300123900338
T000677	enroll__speaker_enroll_7sec_ssh_en_1	negative__speaker_negative_unregistered_speaker_0000_speaker_0000_00006	0	unregistered_impostor	0.204277858964
T000678	enroll__speaker_enroll_7sec_ssh_en_1	negative__speaker_negative_unregistered_speaker_0000_speaker_0000_00007	0	unregistered_impostor	0.175736444878
T000679	enroll__speaker_enroll_7sec_ssh_en_1	negative__speaker_negative_unregistered_speaker_0000_speaker_0000_00008	0	unregistered_impostor	0.128611194863
T000680	enroll__speaker_enroll_7sec_ssh_en_1	negative__speaker_negative_unregistered_speaker_0000_speaker_0000_00009	0	unregistered_impostor	0.22988092476
T000681	enroll__speaker_enroll_7sec_ssh_en_1	negative__speaker_negative_unregistered_speaker_0000_speaker_0000_00010	0	unregistered_impostor	0.21883134111
T000682	enroll__speaker_enroll_7sec_ssh_en_1	negative__speaker_negative_unregistered_speaker_0000_speaker_0000_00011	0	unregistered_impostor	0.253403188225
T000683	enroll__speaker_enroll_7sec_ssh_en_1	negative__speaker_negative_unregistered_speaker_0000_speaker_0000_00012	0	unregistered_impostor	0.0943829218227
T000684	enroll__speaker_enroll_7sec_ssh_en_1	negative__speaker_negative_unregistered_speaker_0000_speaker_0000_00013	0	unregistered_impostor	0.235898998035
T000685	enroll__speaker_enroll_7sec_ssh_en_1	negative__speaker_negative_unregistered_speaker_0000_speaker_0000_00014	0	unregistered_impostor	0.240246822839
T000686	enroll__speaker_enroll_7sec_ssh_en_1	negative__speaker_negative_unregistered_speaker_0001_speaker_0001_00000	0	unregistered_impostor	0.0748681098102
T000687	enroll__speaker_enroll_7sec_ssh_en_1	negative__speaker_negative_unregistered_speaker_0001_speaker_0001_00001	0	unregistered_impostor	0.211881245181
T000688	enroll__speaker_enroll_7sec_ssh_en_1	negative__speaker_negative_unregistered_speaker_0001_speaker_0001_00002	0	unregistered_impostor	0.142064016347
T000689	enroll__speaker_enroll_7sec_ssh_en_1	negative__speaker_negative_unregistered_speaker_0001_speaker_0001_00003	0	unregistered_impostor	0.178069551715
T000690	enroll__speaker_enroll_7sec_ssh_en_1	negative__speaker_negative_unregistered_speaker_0001_speaker_0001_00004	0	unregistered_impostor	0.128121292264
T000691	enroll__speaker_enroll_7sec_ssh_en_1	negative__speaker_negative_unregistered_speaker_0001_speaker_0001_00005	0	unregistered_impostor	0.189121167982
T000692	enroll__speaker_enroll_7sec_ssh_en_1	negative__speaker_negative_unregistered_speaker_0001_speaker_0001_00006	0	unregistered_impostor	0.149015129115
T000693	enroll__speaker_enroll_7sec_ssh_en_1	negative__speaker_negative_unregistered_speaker_0001_speaker_0001_00007	0	unregistered_impostor	0.175447576201
T000694	enroll__speaker_enroll_7sec_ssh_en_1	negative__speaker_negative_unregistered_speaker_0001_speaker_0001_00008	0	unregistered_impostor	0.148188747258
T000695	enroll__speaker_enroll_7sec_ssh_en_1	negative__speaker_negative_unregistered_speaker_0001_speaker_0001_00009	0	unregistered_impostor	0.164583912191
T000696	enroll__speaker_enroll_7sec_ssh_en_1	negative__speaker_negative_unregistered_speaker_0001_speaker_0001_00010	0	unregistered_impostor	0.113253267996
T000697	enroll__speaker_enroll_7sec_ssh_en_1	negative__speaker_negative_unregistered_speaker_0001_speaker_0001_00011	0	unregistered_impostor	0.148788124129
T000698	enroll__speaker_enroll_7sec_ssh_en_1	negative__speaker_negative_unregistered_speaker_0001_speaker_0001_00012	0	unregistered_impostor	0.301650948043
T000699	enroll__speaker_enroll_7sec_ssh_en_1	negative__speaker_negative_unregistered_speaker_0001_speaker_0001_00013	0	unregistered_impostor	0.225475348193
T000700	enroll__speaker_enroll_7sec_ssh_en_1	negative__speaker_negative_unregistered_speaker_0001_speaker_0001_00014	0	unregistered_impostor	0.165470245603
T000701	enroll__speaker_enroll_7sec_ssh_en_1	negative__speaker_negative_unregistered_speaker_0002_speaker_0002_00000	0	unregistered_impostor	0.209211301562
T000702	enroll__speaker_enroll_7sec_ssh_en_1	negative__speaker_negative_unregistered_speaker_0002_speaker_0002_00001	0	unregistered_impostor	0.113262579401
T000703	enroll__speaker_enroll_7sec_ssh_en_1	negative__speaker_negative_unregistered_speaker_0002_speaker_0002_00002	0	unregistered_impostor	0.0371888364642
T000704	enroll__speaker_enroll_7sec_ssh_en_1	negative__speaker_negative_unregistered_speaker_0002_speaker_0002_00003	0	unregistered_impostor	0.126225840319
T000705	enroll__speaker_enroll_7sec_ssh_en_1	negative__speaker_negative_unregistered_speaker_0002_speaker_0002_00004	0	unregistered_impostor	0.0466713201252
T000706	enroll__speaker_enroll_7sec_ssh_en_1	negative__speaker_negative_unregistered_speaker_0002_speaker_0002_00005	0	unregistered_impostor	0.110326321434
T000707	enroll__speaker_enroll_7sec_ssh_en_1	negative__speaker_negative_unregistered_speaker_0002_speaker_0002_00006	0	unregistered_impostor	0.123705549651
T000708	enroll__speaker_enroll_7sec_ssh_en_1	negative__speaker_negative_unregistered_speaker_0002_speaker_0002_00007	0	unregistered_impostor	0.170150353093
T000709	enroll__speaker_enroll_7sec_ssh_en_1	negative__speaker_negative_unregistered_speaker_0002_speaker_0002_00008	0	unregistered_impostor	0.0651277887838
T000710	enroll__speaker_enroll_7sec_ssh_en_1	negative__speaker_negative_unregistered_speaker_0002_speaker_0002_00009	0	unregistered_impostor	0.100311842011
T000711	enroll__speaker_enroll_7sec_ssh_en_1	negative__speaker_negative_unregistered_speaker_0002_speaker_0002_00010	0	unregistered_impostor	0.135545048375
T000712	enroll__speaker_enroll_7sec_ssh_en_1	negative__speaker_negative_unregistered_speaker_0002_speaker_0002_00011	0	unregistered_impostor	0.116496683719
T000713	enroll__speaker_enroll_7sec_ssh_en_1	negative__speaker_negative_unregistered_speaker_0002_speaker_0002_00012	0	unregistered_impostor	0.0639457003269
T000714	enroll__speaker_enroll_7sec_ssh_en_1	negative__speaker_negative_unregistered_speaker_0002_speaker_0002_00013	0	unregistered_impostor	0.124677998371
T000715	enroll__speaker_enroll_7sec_ssh_en_1	negative__speaker_negative_unregistered_speaker_0002_speaker_0002_00014	0	unregistered_impostor	0.0468390230499
T000716	enroll__speaker_enroll_7sec_ssh_en_2	positive__speaker_identify_3sec_positive_jonah_id_0	0	registered_impostor	0.224923469425
T000717	enroll__speaker_enroll_7sec_ssh_en_2	positive__speaker_identify_3sec_positive_jonah_id_1	0	registered_impostor	0.260715416433
T000718	enroll__speaker_enroll_7sec_ssh_en_2	positive__speaker_identify_3sec_positive_jonah_id_2	0	registered_impostor	0.266520429748
T000719	enroll__speaker_enroll_7sec_ssh_en_2	positive__speaker_identify_3sec_positive_jonah_id_3	0	registered_impostor	0.261316575222
T000720	enroll__speaker_enroll_7sec_ssh_en_2	positive__speaker_identify_3sec_positive_jonah_id_4	0	registered_impostor	0.161068018772
T000721	enroll__speaker_enroll_7sec_ssh_en_2	positive__speaker_identify_3sec_positive_kim_id_0	0	registered_impostor	0.103152031612
T000722	enroll__speaker_enroll_7sec_ssh_en_2	positive__speaker_identify_3sec_positive_kim_id_1	0	registered_impostor	0.151588513716
T000723	enroll__speaker_enroll_7sec_ssh_en_2	positive__speaker_identify_3sec_positive_kim_id_2	0	registered_impostor	0.175469725907
T000724	enroll__speaker_enroll_7sec_ssh_en_2	positive__speaker_identify_3sec_positive_kim_id_3	0	registered_impostor	0.123612282654
T000725	enroll__speaker_enroll_7sec_ssh_en_2	positive__speaker_identify_3sec_positive_kim_id_4	0	registered_impostor	0.118507743645
T000726	enroll__speaker_enroll_7sec_ssh_en_2	positive__speaker_identify_3sec_positive_kiuk_id_0	0	registered_impostor	0.288434233105
T000727	enroll__speaker_enroll_7sec_ssh_en_2	positive__speaker_identify_3sec_positive_kiuk_id_1	0	registered_impostor	0.257511827056
T000728	enroll__speaker_enroll_7sec_ssh_en_2	positive__speaker_identify_3sec_positive_kiuk_id_2	0	registered_impostor	0.286507064511
T000729	enroll__speaker_enroll_7sec_ssh_en_2	positive__speaker_identify_3sec_positive_kiuk_id_3	0	registered_impostor	0.377739963819
T000730	enroll__speaker_enroll_7sec_ssh_en_2	positive__speaker_identify_3sec_positive_kiuk_id_4	0	registered_impostor	0.407231623878
T000731	enroll__speaker_enroll_7sec_ssh_en_2	positive__speaker_identify_3sec_positive_ssh_id_0	1	target	0.454414615012
T000732	enroll__speaker_enroll_7sec_ssh_en_2	positive__speaker_identify_3sec_positive_ssh_id_1	1	target	0.453251426812
T000733	enroll__speaker_enroll_7sec_ssh_en_2	positive__speaker_identify_3sec_positive_ssh_id_2	1	target	0.541651387756
T000734	enroll__speaker_enroll_7sec_ssh_en_2	positive__speaker_identify_3sec_positive_ssh_id_3	1	target	0.433200651965
T000735	enroll__speaker_enroll_7sec_ssh_en_2	positive__speaker_identify_3sec_positive_ssh_id_4	1	target	0.422289510468
T000736	enroll__speaker_enroll_7sec_ssh_en_2	negative__speaker_negative_unregistered_speaker_0000_speaker_0000_00000	0	unregistered_impostor	0.216926503691
T000737	enroll__speaker_enroll_7sec_ssh_en_2	negative__speaker_negative_unregistered_speaker_0000_speaker_0000_00001	0	unregistered_impostor	0.255099731206
T000738	enroll__speaker_enroll_7sec_ssh_en_2	negative__speaker_negative_unregistered_speaker_0000_speaker_0000_00002	0	unregistered_impostor	0.164370380037
T000739	enroll__speaker_enroll_7sec_ssh_en_2	negative__speaker_negative_unregistered_speaker_0000_speaker_0000_00003	0	unregistered_impostor	0.249924460699
T000740	enroll__speaker_enroll_7sec_ssh_en_2	negative__speaker_negative_unregistered_speaker_0000_speaker_0000_00004	0	unregistered_impostor	0.281071036688
T000741	enroll__speaker_enroll_7sec_ssh_en_2	negative__speaker_negative_unregistered_speaker_0000_speaker_0000_00005	0	unregistered_impostor	0.260634097873
T000742	enroll__speaker_enroll_7sec_ssh_en_2	negative__speaker_negative_unregistered_speaker_0000_speaker_0000_00006	0	unregistered_impostor	0.188125014582
T000743	enroll__speaker_enroll_7sec_ssh_en_2	negative__speaker_negative_unregistered_speaker_0000_speaker_0000_00007	0	unregistered_impostor	0.192841382835
T000744	enroll__speaker_enroll_7sec_ssh_en_2	negative__speaker_negative_unregistered_speaker_0000_speaker_0000_00008	0	unregistered_impostor	0.0979333389517
T000745	enroll__speaker_enroll_7sec_ssh_en_2	negative__speaker_negative_unregistered_speaker_0000_speaker_0000_00009	0	unregistered_impostor	0.224398389822
T000746	enroll__speaker_enroll_7sec_ssh_en_2	negative__speaker_negative_unregistered_speaker_0000_speaker_0000_00010	0	unregistered_impostor	0.125752536143
T000747	enroll__speaker_enroll_7sec_ssh_en_2	negative__speaker_negative_unregistered_speaker_0000_speaker_0000_00011	0	unregistered_impostor	0.210868462893
T000748	enroll__speaker_enroll_7sec_ssh_en_2	negative__speaker_negative_unregistered_speaker_0000_speaker_0000_00012	0	unregistered_impostor	0.143158244244
T000749	enroll__speaker_enroll_7sec_ssh_en_2	negative__speaker_negative_unregistered_speaker_0000_speaker_0000_00013	0	unregistered_impostor	0.258888682541
T000750	enroll__speaker_enroll_7sec_ssh_en_2	negative__speaker_negative_unregistered_speaker_0000_speaker_0000_00014	0	unregistered_impostor	0.18006925973
T000751	enroll__speaker_enroll_7sec_ssh_en_2	negative__speaker_negative_unregistered_speaker_0001_speaker_0001_00000	0	unregistered_impostor	-0.0542373744586
T000752	enroll__speaker_enroll_7sec_ssh_en_2	negative__speaker_negative_unregistered_speaker_0001_speaker_0001_00001	0	unregistered_impostor	0.15382102839
T000753	enroll__speaker_enroll_7sec_ssh_en_2	negative__speaker_negative_unregistered_speaker_0001_speaker_0001_00002	0	unregistered_impostor	0.0891323816509
T000754	enroll__speaker_enroll_7sec_ssh_en_2	negative__speaker_negative_unregistered_speaker_0001_speaker_0001_00003	0	unregistered_impostor	0.079329989677
T000755	enroll__speaker_enroll_7sec_ssh_en_2	negative__speaker_negative_unregistered_speaker_0001_speaker_0001_00004	0	unregistered_impostor	0.0965479122085
T000756	enroll__speaker_enroll_7sec_ssh_en_2	negative__speaker_negative_unregistered_speaker_0001_speaker_0001_00005	0	unregistered_impostor	0.106611641101
T000757	enroll__speaker_enroll_7sec_ssh_en_2	negative__speaker_negative_unregistered_speaker_0001_speaker_0001_00006	0	unregistered_impostor	0.110557739489
T000758	enroll__speaker_enroll_7sec_ssh_en_2	negative__speaker_negative_unregistered_speaker_0001_speaker_0001_00007	0	unregistered_impostor	0.167091011884
T000759	enroll__speaker_enroll_7sec_ssh_en_2	negative__speaker_negative_unregistered_speaker_0001_speaker_0001_00008	0	unregistered_impostor	0.139582380929
T000760	enroll__speaker_enroll_7sec_ssh_en_2	negative__speaker_negative_unregistered_speaker_0001_speaker_0001_00009	0	unregistered_impostor	0.151188360812
T000761	enroll__speaker_enroll_7sec_ssh_en_2	negative__speaker_negative_unregistered_speaker_0001_speaker_0001_00010	0	unregistered_impostor	0.118905249349
T000762	enroll__speaker_enroll_7sec_ssh_en_2	negative__speaker_negative_unregistered_speaker_0001_speaker_0001_00011	0	unregistered_impostor	0.055467633655
T000763	enroll__speaker_enroll_7sec_ssh_en_2	negative__speaker_negative_unregistered_speaker_0001_speaker_0001_00012	0	unregistered_impostor	0.196608691175
T000764	enroll__speaker_enroll_7sec_ssh_en_2	negative__speaker_negative_unregistered_speaker_0001_speaker_0001_00013	0	unregistered_impostor	0.198389966156
T000765	enroll__speaker_enroll_7sec_ssh_en_2	negative__speaker_negative_unregistered_speaker_0001_speaker_0001_00014	0	unregistered_impostor	0.103312362973
T000766	enroll__speaker_enroll_7sec_ssh_en_2	negative__speaker_negative_unregistered_speaker_0002_speaker_0002_00000	0	unregistered_impostor	0.167790176018
T000767	enroll__speaker_enroll_7sec_ssh_en_2	negative__speaker_negative_unregistered_speaker_0002_speaker_0002_00001	0	unregistered_impostor	0.0518703898584
T000768	enroll__speaker_enroll_7sec_ssh_en_2	negative__speaker_negative_unregistered_speaker_0002_speaker_0002_00002	0	unregistered_impostor	-0.0171005760932
T000769	enroll__speaker_enroll_7sec_ssh_en_2	negative__speaker_negative_unregistered_speaker_0002_speaker_0002_00003	0	unregistered_impostor	0.0527186278871
T000770	enroll__speaker_enroll_7sec_ssh_en_2	negative__speaker_negative_unregistered_speaker_0002_speaker_0002_00004	0	unregistered_impostor	0.0350389906699
T000771	enroll__speaker_enroll_7sec_ssh_en_2	negative__speaker_negative_unregistered_speaker_0002_speaker_0002_00005	0	unregistered_impostor	0.0299610829863
T000772	enroll__speaker_enroll_7sec_ssh_en_2	negative__speaker_negative_unregistered_speaker_0002_speaker_0002_00006	0	unregistered_impostor	0.0938882730077
T000773	enroll__speaker_enroll_7sec_ssh_en_2	negative__speaker_negative_unregistered_speaker_0002_speaker_0002_00007	0	unregistered_impostor	0.152336408287
T000774	enroll__speaker_enroll_7sec_ssh_en_2	negative__speaker_negative_unregistered_speaker_0002_speaker_0002_00008	0	unregistered_impostor	0.0662957912101
T000775	enroll__speaker_enroll_7sec_ssh_en_2	negative__speaker_negative_unregistered_speaker_0002_speaker_0002_00009	0	unregistered_impostor	0.0734895837321
T000776	enroll__speaker_enroll_7sec_ssh_en_2	negative__speaker_negative_unregistered_speaker_0002_speaker_0002_00010	0	unregistered_impostor	0.0753503869734
T000777	enroll__speaker_enroll_7sec_ssh_en_2	negative__speaker_negative_unregistered_speaker_0002_speaker_0002_00011	0	unregistered_impostor	0.103643813893
T000778	enroll__speaker_enroll_7sec_ssh_en_2	negative__speaker_negative_unregistered_speaker_0002_speaker_0002_00012	0	unregistered_impostor	0.0718493038828
T000779	enroll__speaker_enroll_7sec_ssh_en_2	negative__speaker_negative_unregistered_speaker_0002_speaker_0002_00013	0	unregistered_impostor	0.108472664109
T000780	enroll__speaker_enroll_7sec_ssh_en_2	negative__speaker_negative_unregistered_speaker_0002_speaker_0002_00014	0	unregistered_impostor	0.0363159098639
