trial_id	enroll_id	test_id	target	trial_type	score
T000001	enroll__speaker_enroll_7sec_jonah_en_0	positive__speaker_identify_3sec_positive_jonah_id_0	1	target	0.614548497774
T000002	enroll__speaker_enroll_7sec_jonah_en_0	positive__speaker_identify_3sec_positive_jonah_id_1	1	target	0.483913865172
T000003	enroll__speaker_enroll_7sec_jonah_en_0	positive__speaker_identify_3sec_positive_jonah_id_2	1	target	0.592539702274
T000004	enroll__speaker_enroll_7sec_jonah_en_0	positive__speaker_identify_3sec_positive_jonah_id_3	1	target	0.484609209651
T000005	enroll__speaker_enroll_7sec_jonah_en_0	positive__speaker_identify_3sec_positive_jonah_id_4	1	target	0.515981347552
T000006	enroll__speaker_enroll_7sec_jonah_en_0	positive__speaker_identify_3sec_positive_kim_id_0	0	registered_impostor	0.355097676947
T000007	enroll__speaker_enroll_7sec_jonah_en_0	positive__speaker_identify_3sec_positive_kim_id_1	0	registered_impostor	0.284227182688
T000008	enroll__speaker_enroll_7sec_jonah_en_0	positive__speaker_identify_3sec_positive_kim_id_2	0	registered_impostor	0.366181030153
T000009	enroll__speaker_enroll_7sec_jonah_en_0	positive__speaker_identify_3sec_positive_kim_id_3	0	registered_impostor	0.35970917136
T000010	enroll__speaker_enroll_7sec_jonah_en_0	positive__speaker_identify_3sec_positive_kim_id_4	0	registered_impostor	0.293595988948
T000011	enroll__speaker_enroll_7sec_jonah_en_0	positive__speaker_identify_3sec_positive_kiuk_id_0	0	registered_impostor	0.111836906139
T000012	enroll__speaker_enroll_7sec_jonah_en_0	positive__speaker_identify_3sec_positive_kiuk_id_1	0	registered_impostor	0.0540283796399
T000013	enroll__speaker_enroll_7sec_jonah_en_0	positive__speaker_identify_3sec_positive_kiuk_id_2	0	registered_impostor	0.141718198695
T000014	enroll__speaker_enroll_7sec_jonah_en_0	positive__speaker_identify_3sec_positive_kiuk_id_3	0	registered_impostor	0.166433583142
T000015	enroll__speaker_enroll_7sec_jonah_en_0	positive__speaker_identify_3sec_positive_kiuk_id_4	0	registered_impostor	0.0846585502333
T000016	enroll__speaker_enroll_7sec_jonah_en_0	positive__speaker_identify_3sec_positive_ssh_id_0	0	registered_impostor	0.487681991592
T000017	enroll__speaker_enroll_7sec_jonah_en_0	positive__speaker_identify_3sec_positive_ssh_id_1	0	registered_impostor	0.329424197771
T000018	enroll__speaker_enroll_7sec_jonah_en_0	positive__speaker_identify_3sec_positive_ssh_id_2	0	registered_impostor	0.499118494801
T000019	enroll__speaker_enroll_7sec_jonah_en_0	positive__speaker_identify_3sec_positive_ssh_id_3	0	registered_impostor	0.342039997902
T000020	enroll__speaker_enroll_7sec_jonah_en_0	positive__speaker_identify_3sec_positive_ssh_id_4	0	registered_impostor	0.419301633325
T000021	enroll__speaker_enroll_7sec_jonah_en_0	negative__speaker_negative_unregistered_speaker_0000_speaker_0000_00000	0	unregistered_impostor	0.349592390755
T000022	enroll__speaker_enroll_7sec_jonah_en_0	negative__speaker_negative_unregistered_speaker_0000_speaker_0000_00001	0	unregistered_impostor	0.227568271613
T000023	enroll__speaker_enroll_7sec_jonah_en_0	negative__speaker_negative_unregistered_speaker_0000_speaker_0000_00002	0	unregistered_impostor	0.142900473528
T000024	enroll__speaker_enroll_7sec_jonah_en_0	negative__speaker_negative_unregistered_speaker_0000_speaker_0000_00003	0	unregistered_impostor	0.210139317667
T000025	enroll__speaker_enroll_7sec_jonah_en_0	negative__speaker_negative_unregistered_speaker_0000_speaker_0000_00004	0	unregistered_impostor	0.194896354715
T000026	enroll__speaker_enroll_7sec_jonah_en_0	negative__speaker_negative_unregistered_speaker_0000_speaker_0000_00005	0	unregistered_impostor	0.318613757788
T000027	enroll__speaker_enroll_7sec_jonah_en_0	negative__speaker_negative_unregistered_speaker_0000_speaker_0000_00006	0	unregistered_impostor	0.233342032495
T000028	enroll__speaker_enroll_7sec_jonah_en_0	negative__speaker_negative_unregistered_speaker_0000_speaker_0000_00007	0	unregistered_impostor	0.168983710906
T000029	enroll__speaker_enroll_7sec_jonah_en_0	negative__speaker_negative_unregistered_speaker_0000_speaker_0000_00008	0	unregistered_impostor	0.198277516002
T000030	enroll__speaker_enroll_7sec_jonah_en_0	negative__speaker_negative_unregistered_speaker_0000_speaker_0000_00009	0	unregistered_impostor	0.170249688874
T000031	enroll__speaker_enroll_7sec_jonah_en_0	negative__speaker_negative_unregistered_speaker_0000_speaker_0000_00010	0	unregistered_impostor	0.159099912448
T000032	enroll__speaker_enroll_7sec_jonah_en_0	negative__speaker_negative_unregistered_speaker_0000_speaker_0000_00011	0	unregistered_impostor	0.125231124694
T000033	enroll__speaker_enroll_7sec_jonah_en_0	negative__speaker_negative_unregistered_speaker_0000_speaker_0000_00012	0	unregistered_impostor	0.0099214323761
T000034	enroll__speaker_enroll_7sec_jonah_en_0	negative__speaker_negative_unregistered_speaker_0000_speaker_0000_00013	0	unregistered_impostor	0.194538287587
T000035	enroll__speaker_enroll_7sec_jonah_en_0	negative__speaker_negative_unregistered_speaker_0000_speaker_0000_00014	0	unregistered_impostor	0.15114565359
T000036	enroll__speaker_enroll_7sec_jonah_en_0	negative__speaker_negative_unregistered_speaker_0001_speaker_0001_00000	0	unregistered_impostor	0.00700520467201
T000037	enroll__speaker_enroll_7sec_jonah_en_0	negative__speaker_negative_unregistered_speaker_0001_speaker_0001_00001	0	unregistered_impostor	0.402927418766
T000038	enroll__speaker_enroll_7sec_jonah_en_0	negative__speaker_negative_unregistered_speaker_0001_speaker_0001_00002	0	unregistered_impostor	0.24567596727
T000039	enroll__speaker_enroll_7sec_jonah_en_0	negative__speaker_negative_unregistered_speaker_0001_speaker_0001_00003	0	unregistered_impostor	0.242466618411
T000040	enroll__speaker_enroll_7sec_jonah_en_0	negative__speaker_negative_unregistered_speaker_0001_speaker_0001_00004	0	unregistered_impostor	0.230746391401
T000041	enroll__speaker_enroll_7sec_jonah_en_0	negative__speaker_negative_unregistered_speaker_0001_speaker_0001_00005	0	unregistered_impostor	0.267393929
T000042	enroll__speaker_enroll_7sec_jonah_en_0	negative__speaker_negative_unregistered_speaker_0001_speaker_0001_00006	0	unregistered_impostor	0.228938215408
T000043	enroll__speaker_enroll_7sec_jonah_en_0	negative__speaker_negative_unregistered_speaker_0001_speaker_0001_00007	0	unregistered_impostor	0.223027140711
T000044	enroll__speaker_enroll_7sec_jonah_en_0	negative__speaker_negative_unregistered_speaker_0001_speaker_0001_00008	0	unregistered_impostor	0.176432942718
T000045	enroll__speaker_enroll_7sec_jonah_en_0	negative__speaker_negative_unregistered_speaker_0001_speaker_0001_00009	0	unregistered_impostor	0.155546453799
T000046	enroll__speaker_enroll_7sec_jonah_en_0	negative__speaker_negative_unregistered_speaker_0001_speaker_0001_00010	0	unregistered_impostor	0.230965419633
T000047	enroll__speaker_enroll_7sec_jonah_en_0	negative__speaker_negative_unregistered_speaker_0001_speaker_0001_00011	0	unregistered_impostor	0.232305223459
T000048	enroll__speaker_enroll_7sec_jonah_en_0	negative__speaker_negative_unregistered_speaker_0001_speaker_0001_00012	0	unregistered_impostor	0.240008975427
T000049	enroll__speaker_enroll_7sec_jonah_en_0	negative__speaker_negative_unregistered_speaker_0001_speaker_0001_00013	0	unregistered_impostor	0.327921661794
T000050	enroll__speaker_enroll_7sec_jonah_en_0	negative__speaker_negative_unregistered_speaker_0001_speaker_0001_00014	0	unregistered_impostor	0.214332268045
T000051	enroll__speaker_enroll_7sec_jonah_en_0	negative__speaker_negative_unregistered_speaker_0002_speaker_0002_00000	0	unregistered_impostor	0.337594714413
T000052	enroll__speaker_enroll_7sec_jonah_en_0	negative__speaker_negative_unregistered_speaker_0002_speaker_0002_00001	0	unregistered_impostor	0.267047089628
T000053	enroll__speaker_enroll_7sec_jonah_en_0	negative__speaker_negative_unregistered_speaker_0002_speaker_0002_00002	0	unregistered_impostor	0.180453013371
T000054	enroll__speaker_enroll_7sec_jonah_en_0	negative__speaker_negative_unregistered_speaker_0002_speaker_0002_00003	0	unregistered_impostor	0.369533411446
T000055	enroll__speaker_enroll_7sec_jonah_en_0	negative__speaker_negative_unregistered_speaker_0002_speaker_0002_00004	0	unregistered_impostor	0.177035054611
T000056	enroll__speaker_enroll_7sec_jonah_en_0	negative__speaker_negative_unregistered_speaker_0002_speaker_0002_00005	0	unregistered_impostor	0.176174106971
T000057	enroll__speaker_enroll_7sec_jonah_en_0	negative__speaker_negative_unregistered_speaker_0002_speaker_0002_00006	0	unregistered_impostor	0.247678794001
T000058	enroll__speaker_enroll_7sec_jonah_en_0	negative__speaker_negative_unregistered_speaker_0002_speaker_0002_00007	0	unregistered_impostor	0.366266681431
T000059	enroll__speaker_enroll_7sec_jonah_en_0	negative__speaker_negative_unregistered_speaker_0002_speaker_0002_00008	0	unregistered_impostor	0.262152196969
T000060	enroll__speaker_enroll_7sec_jonah_en_0	negative__speaker_negative_unregistered_speaker_0002_speaker_0002_00009	0	unregistered_impostor	0.240957275704
T000061	enroll__speaker_enroll_7sec_jonah_en_0	negative__speaker_negative_unregistered_speaker_0002_speaker_0002_00010	0	unregistered_impostor	0.314278582704
T000062	enroll__speaker_enroll_7sec_jonah_en_0	negative__speaker_negative_unregistered_speaker_0002_speaker_0002_00011	0	unregistered_impostor	0.271067635355
T000063	enroll__speaker_enroll_7sec_jonah_en_0	negative__speaker_negative_unregistered_speaker_0002_speaker_0002_00012	0	unregistered_impostor	0.239935530963
T000064	enroll__speaker_enroll_7sec_jonah_en_0	negative__speaker_negative_unregistered_speaker_0002_speaker_0002_00013	0	unregistered_impostor	0.247161364773
T000065	enroll__speaker_enroll_7sec_jonah_en_0	negative__speaker_negative_unregistered_speaker_0002_speaker_0002_00014	0	unregistered_impostor	0.261085729898
T000066	enroll__speaker_enroll_7sec_jonah_en_1	positive__speaker_identify_3sec_positive_jonah_id_0	1	target	0.627870712347
T000067	enroll__speaker_enroll_7sec_jonah_en_1	positive__speaker_identify_3sec_positive_jonah_id_1	1	target	0.52072718208
T000068	enroll__speaker_enroll_7sec_jonah_en_1	positive__speaker_identify_3sec_positive_jonah_id_2	1	target	0.57530381032
T000069	enroll__speaker_enroll_7sec_jonah_en_1	positive__speaker_identify_3sec_positive_jonah_id_3	1	target	0.585626020811
T000070	enroll__speaker_enroll_7sec_jonah_en_1	positive__speaker_identify_3sec_positive_jonah_id_4	1	target	0.606761258691
T000071	enroll__speaker_enroll_7sec_jonah_en_1	positive__speaker_identify_3sec_positive_kim_id_0	0	registered_impostor	0.355352620345
T000072	enroll__speaker_enroll_7sec_jonah_en_1	positive__speaker_identify_3sec_positive_kim_id_1	0	registered_impostor	0.265728637715
T000073	enroll__speaker_enroll_7sec_jonah_en_1	positive__speaker_identify_3sec_positive_kim_id_2	0	registered_impostor	0.278501777571
T000074	enroll__speaker_enroll_7sec_jonah_en_1	positive__speaker_identify_3sec_positive_kim_id_3	0	registered_impostor	0.399788300055
T000075	enroll__speaker_enroll_7sec_jonah_en_1	positive__speaker_identify_3sec_positive_kim_id_4	0	registered_impostor	0.303440919999
T000076	enroll__speaker_enroll_7sec_jonah_en_1	positive__speaker_identify_3sec_positive_kiuk_id_0	0	registered_impostor	0.109947854736
T000077	enroll__speaker_enroll_7sec_jonah_en_1	positive__speaker_identify_3sec_positive_kiuk_id_1	0	registered_impostor	0.174066535932
T000078	enroll__speaker_enroll_7sec_jonah_en_1	positive__speaker_identify_3sec_positive_kiuk_id_2	0	registered_impostor	0.106046832214
T000079	enroll__speaker_enroll_7sec_jonah_en_1	positive__speaker_identify_3sec_positive_kiuk_id_3	0	registered_impostor	0.174469193994
T000080	enroll__speaker_enroll_7sec_jonah_en_1	positive__speaker_identify_3sec_positive_kiuk_id_4	0	registered_impostor	0.0995903515481
T000081	enroll__speaker_enroll_7sec_jonah_en_1	positive__speaker_identify_3sec_positive_ssh_id_0	0	registered_impostor	0.438083462438
T000082	enroll__speaker_enroll_7sec_jonah_en_1	positive__speaker_identify_3sec_positive_ssh_id_1	0	registered_impostor	0.311372462992
T000083	enroll__speaker_enroll_7sec_jonah_en_1	positive__speaker_identify_3sec_positive_ssh_id_2	0	registered_impostor	0.302590423941
T000084	enroll__speaker_enroll_7sec_jonah_en_1	positive__speaker_identify_3sec_positive_ssh_id_3	0	registered_impostor	0.325666030026
T000085	enroll__speaker_enroll_7sec_jonah_en_1	positive__speaker_identify_3sec_positive_ssh_id_4	0	registered_impostor	0.300236157509
T000086	enroll__speaker_enroll_7sec_jonah_en_1	negative__speaker_negative_unregistered_speaker_0000_speaker_0000_00000	0	unregistered_impostor	0.202402058093
T000087	enroll__speaker_enroll_7sec_jonah_en_1	negative__speaker_negative_unregistered_speaker_0000_speaker_0000_00001	0	unregistered_impostor	0.0965836555406
T000088	enroll__speaker_enroll_7sec_jonah_en_1	negative__speaker_negative_unregistered_speaker_0000_speaker_0000_00002	0	unregistered_impostor	0.114933586859
T000089	enroll__speaker_enroll_7sec_jonah_en_1	negative__speaker_negative_unregistered_speaker_0000_speaker_0000_00003	0	unregistered_impostor	0.1779824745
T000090	enroll__speaker_enroll_7sec_jonah_en_1	negative__speaker_negative_unregistered_speaker_0000_speaker_0000_00004	0	unregistered_impostor	0.133944822055
T000091	enroll__speaker_enroll_7sec_jonah_en_1	negative__speaker_negative_unregistered_speaker_0000_speaker_0000_00005	0	unregistered_impostor	0.245077401904
T000092	enroll__speaker_enroll_7sec_jonah_en_1	negative__speaker_negative_unregistered_speaker_0000_speaker_0000_00006	0	unregistered_impostor	0.1457197707
T000093	enroll__speaker_enroll_7sec_jonah_en_1	negative__speaker_negative_unregistered_speaker_0000_speaker_0000_00007	0	unregistered_impostor	0.107153615315
T000094	enroll__speaker_enroll_7sec_jonah_en_1	negative__speaker_negative_unregistered_speaker_0000_speaker_0000_00008	0	unregistered_impostor	0.103540383212
T000095	enroll__speaker_enroll_7sec_jonah_en_1	negative__speaker_negative_unregistered_speaker_0000_speaker_0000_00009	0	unregistered_impostor	0.147426338561
T000096	enroll__speaker_enroll_7sec_jonah_en_1	negative__speaker_negative_unregistered_speaker_0000_speaker_0000_00010	0	unregistered_impostor	0.166639188352
T000097	enroll__speaker_enroll_7sec_jonah_en_1	negative__speaker_negative_unregistered_speaker_0000_speaker_0000_00011	0	unregistered_impostor	0.077072847266
T000098	enroll__speaker_enroll_7sec_jonah_en_1	negative__speaker_negative_unregistered_speaker_0000_speaker_0000_00012	0	unregistered_impostor	0.0402421253243
T000099	enroll__speaker_enroll_7sec_jonah_en_1	negative__speaker_negative_unregistered_speaker_0000_speaker_0000_00013	0	unregistered_impostor	0.148141500992
T000100	enroll__speaker_enroll_7sec_jonah_en_1	negative__speaker_negative_unregistered_speaker_0000_speaker_0000_00014	0	unregistered_impostor	0.148031620644
T000101	enroll__speaker_enroll_7sec_jonah_en_1	negative__speaker_negative_unregistered_speaker_0001_speaker_0001_00000	0	unregistered_impostor	0.0466023384414
T000102	enroll__speaker_enroll_7sec_jonah_en_1	negative__speaker_negative_unregistered_speaker_0001_speaker_0001_00001	0	unregistered_impostor	0.204824314515
T000103	enroll__speaker_enroll_7sec_jonah_en_1	negative__speaker_negative_unregistered_speaker_0001_speaker_0001_00002	0	unregistered_impostor	0.188984030909
T000104	enroll__speaker_enroll_7sec_jonah_en_1	negative__speaker_negative_unregistered_speaker_0001_speaker_0001_00003	0	unregistered_impostor	0.173570119573
T000105	enroll__speaker_enroll_7sec_jonah_en_1	negative__speaker_negative_unregistered_speaker_0001_speaker_0001_00004	0	unregistered_impostor	0.125793602722
T000106	enroll__speaker_enroll_7sec_jonah_en_1	negative__speaker_negative_unregistered_speaker_0001_speaker_0001_00005	0	unregistered_impostor	0.190162981388
T000107	enroll__speaker_enroll_7sec_jonah_en_1	negative__speaker_negative_unregistered_speaker_0001_speaker_0001_00006	0	unregistered_impostor	0.169148610099
T000108	enroll__speaker_enroll_7sec_jonah_en_1	negative__speaker_negative_unregistered_speaker_0001_speaker_0001_00007	0	unregistered_impostor	0.129256109073
T000109	enroll__speaker_enroll_7sec_jonah_en_1	negative__speaker_negative_unregistered_speaker_0001_speaker_0001_00008	0	unregistered_impostor	0.131349526734
T000110	enroll__speaker_enroll_7sec_jonah_en_1	negative__speaker_negative_unregistered_speaker_0001_speaker_0001_00009	0	unregistered_impostor	0.103064256155
T000111	enroll__speaker_enroll_7sec_jonah_en_1	negative__speaker_negative_unregistered_speaker_0001_speaker_0001_00010	0	unregistered_impostor	0.168932431734
T000112	enroll__speaker_enroll_7sec_jonah_en_1	negative__speaker_negative_unregistered_speaker_0001_speaker_0001_00011	0	unregistered_impostor	0.21450239909
T000113	enroll__speaker_enroll_7sec_jonah_en_1	negative__speaker_negative_unregistered_speaker_0001_speaker_0001_00012	0	unregistered_impostor	0.219070097789
T000114	enroll__speaker_enroll_7sec_jonah_en_1	negative__speaker_negative_unregistered_speaker_0001_speaker_0001_00013	0	unregistered_impostor	0.184337506949
T000115	enroll__speaker_enroll_7sec_jonah_en_1	negative__speaker_negative_unregistered_speaker_0001_speaker_0001_00014	0	unregistered_impostor	0.198418553894
T000116	enroll__speaker_enroll_7sec_jonah_en_1	negative__speaker_negative_unregistered_speaker_0002_speaker_0002_00000	0	unregistered_impostor	0.280772381041
T000117	enroll__speaker_enroll_7sec_jonah_en_1	negative__speaker_negative_unregistered_speaker_0002_speaker_0002_00001	0	unregistered_impostor	0.242179070829
T000118	enroll__speaker_enroll_7sec_jonah_en_1	negative__speaker_negative_unregistered_speaker_0002_speaker_0002_00002	0	unregistered_impostor	0.170231428643
T000119	enroll__speaker_enroll_7sec_jonah_en_1	negative__speaker_negative_unregistered_speaker_0002_speaker_0002_00003	0	unregistered_impostor	0.294785621054
T000120	enroll__speaker_enroll_7sec_jonah_en_1	negative__speaker_negative_unregistered_speaker_0002_speaker_0002_00004	0	unregistered_impostor	0.182905366368
T000121	enroll__speaker_enroll_7sec_jonah_en_1	negative__speaker_negative_unregistered_speaker_0002_speaker_0002_00005	0	unregistered_impostor	0.161668317649
T000122	enroll__speaker_enroll_7sec_jonah_en_1	negative__speaker_negative_unregistered_speaker_0002_speaker_0002_00006	0	unregistered_impostor	0.174451210936
T000123	enroll__speaker_enroll_7sec_jonah_en_1	negative__speaker_negative_unregistered_speaker_0002_speaker_0002_00007	0	unregistered_impostor	0.276331741879
T000124	enroll__speaker_enroll_7sec_jonah_en_1	negative__speaker_negative_unregistered_speaker_0002_speaker_0002_00008	0	unregistered_impostor	0.16634821533
T000125	enroll__speaker_enroll_7sec_jonah_en_1	negative__speaker_negative_unregistered_speaker_0002_speaker_0002_00009	0	unregistered_impostor	0.181312870659
T000126	enroll__speaker_enroll_7sec_jonah_en_1	negative__speaker_negative_unregistered_speaker_0002_speaker_0002_00010	0	unregistered_impostor	0.223366869356
T000127	enroll__speaker_enroll_7sec_jonah_en_1	negative__speaker_negative_unregistered_speaker_0002_speaker_0002_00011	0	unregistered_impostor	0.213847681937
T000128	enroll__speaker_enroll_7sec_jonah_en_1	negative__speaker_negative_unregistered_speaker_0002_speaker_0002_00012	0	unregistered_impostor	0.202305836542
T000129	enroll__speaker_enroll_7sec_jonah_en_1	negative__speaker_negative_unregistered_speaker_0002_speaker_0002_00013	0	unregistered_impostor	0.215684673839
T000130	enroll__speaker_enroll_7sec_jonah_en_1	negative__speaker_negative_unregistered_speaker_0002_speaker_0002_00014	0	unregistered_impostor	0.277102580713
T000131	enroll__speaker_enroll_7sec_jonah_en_2	positive__speaker_identify_3sec_positive_jonah_id_0	1	target	0.594432153828
T000132	enroll__speaker_enroll_7sec_jonah_en_2	positive__speaker_identify_3sec_positive_jonah_id_1	1	target	0.498514457578
T000133	enroll__speaker_enroll_7sec_jonah_en_2	positive__speaker_identify_3sec_positive_jonah_id_2	1	target	0.583857804051
T000134	enroll__speaker_enroll_7sec_jonah_en_2	positive__speaker_identify_3sec_positive_jonah_id_3	1	target	0.444209112931
T000135	enroll__speaker_enroll_7sec_jonah_en_2	positive__speaker_identify_3sec_positive_jonah_id_4	1	target	0.5097367214
T000136	enroll__speaker_enroll_7sec_jonah_en_2	positive__speaker_identify_3sec_positive_kim_id_0	0	registered_impostor	0.323463578022
T000137	enroll__speaker_enroll_7sec_jonah_en_2	positive__speaker_identify_3sec_positive_kim_id_1	0	registered_impostor	0.256259076058
T000138	enroll__speaker_enroll_7sec_jonah_en_2	positive__speaker_identify_3sec_positive_kim_id_2	0	registered_impostor	0.411621737138
T000139	enroll__speaker_enroll_7sec_jonah_en_2	positive__speaker_identify_3sec_positive_kim_id_3	0	registered_impostor	0.361157241625
T000140	enroll__speaker_enroll_7sec_jonah_en_2	positive__speaker_identify_3sec_positive_kim_id_4	0	registered_impostor	0.248705669774
T000141	enroll__speaker_enroll_7sec_jonah_en_2	positive__speaker_identify_3sec_positive_kiuk_id_0	0	registered_impostor	0.191339370395
T000142	enroll__speaker_enroll_7sec_jonah_en_2	positive__speaker_identify_3sec_positive_kiuk_id_1	0	registered_impostor	0.0644600590553
T000143	enroll__speaker_enroll_7sec_jonah_en_2	positive__speaker_identify_3sec_positive_kiuk_id_2	0	registered_impostor	0.168430934773
T000144	enroll__speaker_enroll_7sec_jonah_en_2	positive__speaker_identify_3sec_positive_kiuk_id_3	0	registered_impostor	0.199182355623
T000145	enroll__speaker_enroll_7sec_jonah_en_2	positive__speaker_identify_3sec_positive_kiuk_id_4	0	registered_impostor	0.00883397113786
T000146	enroll__speaker_enroll_7sec_jonah_en_2	positive__speaker_identify_3sec_positive_ssh_id_0	0	registered_impostor	0.38283232556
T000147	enroll__speaker_enroll_7sec_jonah_en_2	positive__speaker_identify_3sec_positive_ssh_id_1	0	registered_impostor	0.296839623666
T000148	enroll__speaker_enroll_7sec_jonah_en_2	positive__speaker_identify_3sec_positive_ssh_id_2	0	registered_impostor	0.475605641114
T000149	enroll__speaker_enroll_7sec_jonah_en_2	positive__speaker_identify_3sec_positive_ssh_id_3	0	registered_impostor	0.249678836593
T000150	enroll__speaker_enroll_7sec_jonah_en_2	positive__speaker_identify_3sec_positive_ssh_id_4	0	registered_impostor	0.268156180359
T000151	enroll__speaker_enroll_7sec_jonah_en_2	negative__speaker_negative_unregistered_speaker_0000_speaker_0000_00000	0	unregistered_impostor	0.194234000261
T000152	enroll__speaker_enroll_7sec_jonah_en_2	negative__speaker_negative_unregistered_speaker_0000_speaker_0000_00001	0	unregistered_impostor	0.125120560755
T000153	enroll__speaker_enroll_7sec_jonah_en_2	negative__speaker_negative_unregistered_speaker_0000_speaker_0000_00002	0	unregistered_impostor	-0.0306530004986
T000154	enroll__speaker_enroll_7sec_jonah_en_2	negative__speaker_negative_unregistered_speaker_0000_speaker_0000_00003	0	unregistered_impostor	0.109972509209
T000155	enroll__speaker_enroll_7sec_jonah_en_2	negative__speaker_negative_unregistered_speaker_0000_speaker_0000_00004	0	unregistered_impostor	0.0908299894245
T000156	enroll__speaker_enroll_7sec_jonah_en_2	negative__speaker_negative_unregistered_speaker_0000_speaker_0000_00005	0	unregistered_impostor	0.216421463398
T000157	enroll__speaker_enroll_7sec_jonah_en_2	negative__speaker_negative_unregistered_speaker_0000_speaker_0000_00006	0	unregistered_impostor	0.118803690919
T000158	enroll__speaker_enroll_7sec_jonah_en_2	negative__speaker_negative_unregistered_speaker_0000_speaker_0000_00007	0	unregistered_impostor	0.0835224717206
T000159	enroll__speaker_enroll_7sec_jonah_en_2	negative__speaker_negative_unregistered_speaker_0000_speaker_0000_00008	0	unregistered_impostor	0.115568325937
T000160	enroll__speaker_enroll_7sec_jonah_en_2	negative__speaker_negative_unregistered_speaker_0000_speaker_0000_00009	0	unregistered_impostor	0.0685446119975
T000161	enroll__speaker_enroll_7sec_jonah_en_2	negative__speaker_negative_unregistered_speaker_0000_speaker_0000_00010	0	unregistered_impostor	0.0884759445079
T000162	enroll__speaker_enroll_7sec_jonah_en_2	negative__speaker_negative_unregistered_speaker_0000_speaker_0000_00011	0	unregistered_impostor	0.0112595828039
T000163	enroll__speaker_enroll_7sec_jonah_en_2	negative__speaker_negative_unregistered_speaker_0000_speaker_0000_00012	0	unregistered_impostor	0.00090327664003
T000164	enroll__speaker_enroll_7sec_jonah_en_2	negative__speaker_negative_unregistered_speaker_0000_speaker_0000_00013	0	unregistered_impostor	0.0378644197702
T000165	enroll__speaker_enroll_7sec_jonah_en_2	negative__speaker_negative_unregistered_speaker_0000_speaker_0000_00014	0	unregistered_impostor	0.0513719931908
T000166	enroll__speaker_enroll_7sec_jonah_en_2	negative__speaker_negative_unregistered_speaker_0001_speaker_0001_00000	0	unregistered_impostor	-0.0874681765829
T000167	enroll__speaker_enroll_7sec_jonah_en_2	negative__speaker_negative_unregistered_speaker_0001_speaker_0001_00001	0	unregistered_impostor	0.213860306837
T000168	enroll__speaker_enroll_7sec_jonah_en_2	negative__speaker_negative_unregistered_speaker_0001_speaker_0001_00002	0	unregistered_impostor	0.0911334860237
T000169	enroll__speaker_enroll_7sec_jonah_en_2	negative__speaker_negative_unregistered_speaker_0001_speaker_0001_00003	0	unregistered_impostor	0.0270365361413
T000170	enroll__speaker_enroll_7sec_jonah_en_2	negative__speaker_negative_unregistered_speaker_0001_speaker_0001_00004	0	unregistered_impostor	0.0500570804738
T000171	enroll__speaker_enroll_7sec_jonah_en_2	negative__speaker_negative_unregistered_speaker_0001_speaker_0001_00005	0	unregistered_impostor	0.110326574136
T000172	enroll__speaker_enroll_7sec_jonah_en_2	negative__speaker_negative_unregistered_speaker_0001_speaker_0001_00006	0	unregistered_impostor	0.0870984894005
T000173	enroll__speaker_enroll_7sec_jonah_en_2	negative__speaker_negative_unregistered_speaker_0001_speaker_0001_00007	0	unregistered_impostor	0.0235237751453
T000174	enroll__speaker_enroll_7sec_jonah_en_2	negative__speaker_negative_unregistered_speaker_0001_speaker_0001_00008	0	unregistered_impostor	-0.00363379584419
T000175	enroll__speaker_enroll_7sec_jonah_en_2	negative__speaker_negative_unregistered_speaker_0001_speaker_0001_00009	0	unregistered_impostor	-0.00776151268981
T000176	enroll__speaker_enroll_7sec_jonah_en_2	negative__speaker_negative_unregistered_speaker_0001_speaker_0001_00010	0	unregistered_impostor	0.167966845596
T000177	enroll__speaker_enroll_7sec_jonah_en_2	negative__speaker_negative_unregistered_speaker_0001_speaker_0001_00011	0	unregistered_impostor	0.0353069622462
T000178	enroll__speaker_enroll_7sec_jonah_en_2	negative__speaker_negative_unregistered_speaker_0001_speaker_0001_00012	0	unregistered_impostor	0.152242591133
T000179	enroll__speaker_enroll_7sec_jonah_en_2	negative__speaker_negative_unregistered_speaker_0001_speaker_0001_00013	0	unregistered_impostor	0.116361273714
T000180	enroll__speaker_enroll_7sec_jonah_en_2	negative__speaker_negative_unregistered_speaker_0001_speaker_0001_00014	0	unregistered_impostor	0.0463330215188
T000181	enroll__speaker_enroll_7sec_jonah_en_2	negative__speaker_negative_unregistered_speaker_0002_speaker_0002_00000	0	unregistered_impostor	0.186388965083
T000182	enroll__speaker_enroll_7sec_jonah_en_2	negative__speaker_negative_unregistered_speaker_0002_speaker_0002_00001	0	unregistered_impostor	0.118411834818
T000183	enroll__speaker_enroll_7sec_jonah_en_2	negative__speaker_negative_unregistered_speaker_0002_speaker_0002_00002	0	unregistered_impostor	0.12644191006
T000184	enroll__speaker_enroll_7sec_jonah_en_2	negative__speaker_negative_unregistered_speaker_0002_speaker_0002_00003	0	unregistered_impostor	0.286174937318
T000185	enroll__speaker_enroll_7sec_jonah_en_2	negative__speaker_negative_unregistered_speaker_0002_speaker_0002_00004	0	unregistered_impostor	0.0570259864503
T000186	enroll__speaker_enroll_7sec_jonah_en_2	negative__speaker_negative_unregistered_speaker_0002_speaker_0002_00005	0	unregistered_impostor	0.128595685909
T000187	enroll__speaker_enroll_7sec_jonah_en_2	negative__speaker_negative_unregistered_speaker_0002_speaker_0002_00006	0	unregistered_impostor	0.109812043465
T000188	enroll__speaker_enroll_7sec_jonah_en_2	negative__speaker_negative_unregistered_speaker_0002_speaker_0002_00007	0	unregistered_impostor	0.238823414903
T000189	enroll__speaker_enroll_7sec_jonah_en_2	negative__speaker_negative_unregistered_speaker_0002_speaker_0002_00008	0	unregistered_impostor	0.2546441559
T000190	enroll__speaker_enroll_7sec_jonah_en_2	negative__speaker_negative_unregistered_speaker_0002_speaker_0002_00009	0	unregistered_impostor	0.106090693561
T000191	enroll__speaker_enroll_7sec_jonah_en_2	negative__speaker_negative_unregistered_speaker_0002_speaker_0002_00010	0	unregistered_impostor	0.237142769562
T000192	enroll__speaker_enroll_7sec_jonah_en_2	negative__speaker_negative_unregistered_speaker_0002_speaker_0002_00011	0	unregistered_impostor	0.113332340714
T000193	enroll__speaker_enroll_7sec_jonah_en_2	negative__speaker_negative_unregistered_speaker_0002_speaker_0002_00012	0	unregistered_impostor	0.0849756955712
T000194	enroll__speaker_enroll_7sec_jonah_en_2	negative__speaker_negative_unregistered_speaker_0002_speaker_0002_00013	0	unregistered_impostor	0.120746173773
T000195	enroll__speaker_enroll_7sec_jonah_en_2	negative__speaker_negative_unregistered_speaker_0002_speaker_0002_00014	0	unregistered_impostor	0.13627816527
T000196	enroll__speaker_enroll_7sec_kim_en_0	positive__speaker_identify_3sec_positive_jonah_id_0	0	registered_impostor	0.3053251866
T000197	enroll__speaker_enroll_7sec_kim_en_0	positive__speaker_identify_3sec_positive_jonah_id_1	0	registered_impostor	0.194586864545
T000198	enroll__speaker_enroll_7sec_kim_en_0	positive__speaker_identify_3sec_positive_jonah_id_2	0	registered_impostor	0.193730281644
T000199	enroll__speaker_enroll_7sec_kim_en_0	positive__speaker_identify_3sec_positive_jonah_id_3	0	registered_impostor	0.240661586106
T000200	enroll__speaker_enroll_7sec_kim_en_0	positive__speaker_identify_3sec_positive_jonah_id_4	0	registered_impostor	0.236196671045
T000201	enroll__speaker_enroll_7sec_kim_en_0	positive__speaker_identify_3sec_positive_kim_id_0	1	target	0.68923052162
T000202	enroll__speaker_enroll_7sec_kim_en_0	positive__speaker_identify_3sec_positive_kim_id_1	1	target	0.608205557392
T000203	enroll__speaker_enroll_7sec_kim_en_0	positive__speaker_identify_3sec_positive_kim_id_2	1	target	0.647929616813
T000204	enroll__speaker_enroll_7sec_kim_en_0	positive__speaker_identify_3sec_positive_kim_id_3	1	target	0.596141839151
T000205	enroll__speaker_enroll_7sec_kim_en_0	positive__speaker_identify_3sec_positive_kim_id_4	1	target	0.542323723901
T000206	enroll__speaker_enroll_7sec_kim_en_0	positive__speaker_identify_3sec_positive_kiuk_id_0	0	registered_impostor	0.171035750561
T000207	enroll__speaker_enroll_7sec_kim_en_0	positive__speaker_identify_3sec_positive_kiuk_id_1	0	registered_impostor	0.174319626438
T000208	enroll__speaker_enroll_7sec_kim_en_0	positive__speaker_identify_3sec_positive_kiuk_id_2	0	registered_impostor	0.135697024095
T000209	enroll__speaker_enroll_7sec_kim_en_0	positive__speaker_identify_3sec_positive_kiuk_id_3	0	registered_impostor	0.0544044428718
T000210	enroll__speaker_enroll_7sec_kim_en_0	positive__speaker_identify_3sec_positive_kiuk_id_4	0	registered_impostor	0.0871430029093
T000211	enroll__speaker_enroll_7sec_kim_en_0	positive__speaker_identify_3sec_positive_ssh_id_0	0	registered_impostor	0.20850918842
T000212	enroll__speaker_enroll_7sec_kim_en_0	positive__speaker_identify_3sec_positive_ssh_id_1	0	registered_impostor	0.196347366512
T000213	enroll__speaker_enroll_7sec_kim_en_0	positive__speaker_identify_3sec_positive_ssh_id_2	0	registered_impostor	0.096833281284
T000214	enroll__speaker_enroll_7sec_kim_en_0	positive__speaker_identify_3sec_positive_ssh_id_3	0	registered_impostor	0.01042400854
T000215	enroll__speaker_enroll_7sec_kim_en_0	positive__speaker_identify_3sec_positive_ssh_id_4	0	registered_impostor	0.102791079562
T000216	enroll__speaker_enroll_7sec_kim_en_0	negative__speaker_negative_unregistered_speaker_0000_speaker_0000_00000	0	unregistered_impostor	0.0617527759658
T000217	enroll__speaker_enroll_7sec_kim_en_0	negative__speaker_negative_unregistered_speaker_0000_speaker_0000_00001	0	unregistered_impostor	-0.0385924844201
T000218	enroll__speaker_enroll_7sec_kim_en_0	negative__speaker_negative_unregistered_speaker_0000_speaker_0000_00002	0	unregistered_impostor	-0.0157463631223
T000219	enroll__speaker_enroll_7sec_kim_en_0	negative__speaker_negative_unregistered_speaker_0000_speaker_0000_00003	0	unregistered_impostor	-0.0814975726472
T000220	enroll__speaker_enroll_7sec_kim_en_0	negative__speaker_negative_unregistered_speaker_0000_speaker_0000_00004	0	unregistered_impostor	0.0756795231744
T000221	enroll__speaker_enroll_7sec_kim_en_0	negative__speaker_negative_unregistered_speaker_0000_speaker_0000_00005	0	unregistered_impostor	0.0261583462899
T000222	enroll__speaker_enroll_7sec_kim_en_0	negative__speaker_negative_unregistered_speaker_0000_speaker_0000_00006	0	unregistered_impostor	-0.044166933692
T000223	enroll__speaker_enroll_7sec_kim_en_0	negative__speaker_negative_unregistered_speaker_0000_speaker_0000_00007	0	unregistered_impostor	0.00434313441369
T000224	enroll__speaker_enroll_7sec_kim_en_0	negative__speaker_negative_unregistered_speaker_0000_speaker_0000_00008	0	unregistered_impostor	0.0301511810675
T000225	enroll__speaker_enroll_7sec_kim_en_0	negative__speaker_negative_unregistered_speaker_0000_speaker_0000_00009	0	unregistered_impostor	0.0689202481238
T000226	enroll__speaker_enroll_7sec_kim_en_0	negative__speaker_negative_unregistered_speaker_0000_speaker_0000_00010	0	unregistered_impostor	-0.00992401442917
T000227	enroll__speaker_enroll_7sec_kim_en_0	negative__speaker_negative_unregistered_speaker_0000_speaker_0000_00011	0	unregistered_impostor	-0.0208969722617
T000228	enroll__speaker_enroll_7sec_kim_en_0	negative__speaker_negative_unregistered_speaker_0000_speaker_0000_00012	0	unregistered_impostor	-0.137353081127
T000229	enroll__speaker_enroll_7sec_kim_en_0	negative__speaker_negative_unregistered_speaker_0000_speaker_0000_00013	0	unregistered_impostor	0.0900284893516
T000230	enroll__speaker_enroll_7sec_kim_en_0	negative__speaker_negative_unregistered_speaker_0000_speaker_0000_00014	0	unregistered_impostor	-0.015775350804
T000231	enroll__speaker_enroll_7sec_kim_en_0	negative__speaker_negative_unregistered_speaker_0001_speaker_0001_00000	0	unregistered_impostor	-0.103664688217
T000232	enroll__speaker_enroll_7sec_kim_en_0	negative__speaker_negative_unregistered_speaker_0001_speaker_0001_00001	0	unregistered_impostor	0.0404625014636
T000233	enroll__speaker_enroll_7sec_kim_en_0	negative__speaker_negative_unregistered_speaker_0001_speaker_0001_00002	0	unregistered_impostor	0.0714080392941
T000234	enroll__speaker_enroll_7sec_kim_en_0	negative__speaker_negative_unregistered_speaker_0001_speaker_0001_00003	0	unregistered_impostor	0.0882030183535
T000235	enroll__speaker_enroll_7sec_kim_en_0	negative__speaker_negative_unregistered_speaker_0001_speaker_0001_00004	0	unregistered_impostor	0.0189088944217
T000236	enroll__speaker_enroll_7sec_kim_en_0	negative__speaker_negative_unregistered_speaker_0001_speaker_0001_00005	0	unregistered_impostor	0.0834446407646
T000237	enroll__speaker_enroll_7sec_kim_en_0	negative__speaker_negative_unregistered_speaker_0001_speaker_0001_00006	0	unregistered_impostor	-0.00637922077768
T000238	enroll__speaker_enroll_7sec_kim_en_0	negative__speaker_negative_unregistered_speaker_0001_speaker_0001_00007	0	unregistered_impostor	0.042449915299
T000239	enroll__speaker_enroll_7sec_kim_en_0	negative__speaker_negative_unregistered_speaker_0001_speaker_0001_00008	0	unregistered_impostor	0.0187163864467
T000240	enroll__speaker_enroll_7sec_kim_en_0	negative__speaker_negative_unregistered_speaker_0001_speaker_0001_00009	0	unregistered_impostor	-0.103169153801
T000241	enroll__speaker_enroll_7sec_kim_en_0	negative__speaker_negative_unregistered_speaker_0001_speaker_0001_00010	0	unregistered_impostor	-0.0360716997558
T000242	enroll__speaker_enroll_7sec_kim_en_0	negative__speaker_negative_unregistered_speaker_0001_speaker_0001_00011	0	unregistered_impostor	0.0790145490702
T000243	enroll__speaker_enroll_7sec_kim_en_0	negative__speaker_negative_unregistered_speaker_0001_speaker_0001_00012	0	unregistered_impostor	0.0119327781338
T000244	enroll__speaker_enroll_7sec_kim_en_0	negative__speaker_negative_unregistered_speaker_0001_speaker_0001_00013	0	unregistered_impostor	0.00461891320313
T000245	enroll__speaker_enroll_7sec_kim_en_0	negative__speaker_negative_unregistered_speaker_0001_speaker_0001_00014	0	unregistered_impostor	-0.0398118219236
T000246	enroll__speaker_enroll_7sec_kim_en_0	negative__speaker_negative_unregistered_speaker_0002_speaker_0002_00000	0	unregistered_impostor	0.0777056920732
T000247	enroll__speaker_enroll_7sec_kim_en_0	negative__speaker_negative_unregistered_speaker_0002_speaker_0002_00001	0	unregistered_impostor	0.061281676387
T000248	enroll__speaker_enroll_7sec_kim_en_0	negative__speaker_negative_unregistered_speaker_0002_speaker_0002_00002	0	unregistered_impostor	0.0456683781434
T000249	enroll__speaker_enroll_7sec_kim_en_0	negative__speaker_negative_unregistered_speaker_0002_speaker_0002_00003	0	unregistered_impostor	0.0421826546403
T000250	enroll__speaker_enroll_7sec_kim_en_0	negative__speaker_negative_unregistered_speaker_0002_speaker_0002_00004	0	unregistered_impostor	-0.0510269740446
T000251	enroll__speaker_enroll_7sec_kim_en_0	negative__speaker_negative_unregistered_speaker_0002_speaker_0002_00005	0	unregistered_impostor	0.0583988003095
T000252	enroll__speaker_enroll_7sec_kim_en_0	negative__speaker_negative_unregistered_speaker_0002_speaker_0002_00006	0	unregistered_impostor	0.0161764196246
T000253	enroll__speaker_enroll_7sec_kim_en_0	negative__speaker_negative_unregistered_speaker_0002_speaker_0002_00007	0	unregistered_impostor	-0.0102887327995
T000254	enroll__speaker_enroll_7sec_kim_en_0	negative__speaker_negative_unregistered_speaker_0002_speaker_0002_00008	0	unregistered_impostor	-0.00269776052322
T000255	enroll__speaker_enroll_7sec_kim_en_0	negative__speaker_negative_unregistered_speaker_0002_speaker_0002_00009	0	unregistered_impostor	0.0273768516247
T000256	enroll__speaker_enroll_7sec_kim_en_0	negative__speaker_negative_unregistered_speaker_0002_speaker_0002_00010	0	unregistered_impostor	0.00753358311901
T000257	enroll__speaker_enroll_7sec_kim_en_0	negative__speaker_negative_unregistered_speaker_0002_speaker_0002_00011	0	unregistered_impostor	-0.0111883339317
T000258	enroll__speaker_enroll_7sec_kim_en_0	negative__speaker_negative_unregistered_speaker_0002_speaker_0002_00012	0	unregistered_impostor	0.0528519772205
T000259	enroll__speaker_enroll_7sec_kim_en_0	negative__speaker_negative_unregistered_speaker_0002_speaker_0002_00013	0	unregistered_impostor	0.0674000780141
T000260	enroll__speaker_enroll_7sec_kim_en_0	negative__speaker_negative_unregistered_speaker_0002_speaker_0002_00014	0	unregistered_impostor	0.0295183943562
T000261	enroll__speaker_enroll_7sec_kim_en_1	positive__speaker_identify_3sec_positive_jonah_id_0	0	registered_impostor	0.39695811607
T000262	enroll__speaker_enroll_7sec_kim_en_1	positive__speaker_identify_3sec_positive_jonah_id_1	0	registered_impostor	0.335325430962
T000263	enroll__speaker_enroll_7sec_kim_en_1	positive__speaker_identify_3sec_positive_jonah_id_2	0	registered_impostor	0.300518029731
T000264	enroll__speaker_enroll_7sec_kim_en_1	positive__speaker_identify_3sec_positive_jonah_id_3	0	registered_impostor	0.325948266022
T000265	enroll__speaker_enroll_7sec_kim_en_1	positive__speaker_identify_3sec_positive_jonah_id_4	0	registered_impostor	0.374279076166
T000266	enroll__speaker_enroll_7sec_kim_en_1	positive__speaker_identify_3sec_positive_kim_id_0	1	target	0.667922453308
T000267	enroll__speaker_enroll_7sec_kim_en_1	positive__speaker_identify_3sec_positive_kim_id_1	1	target	0.602711237293
T000268	enroll__speaker_enroll_7sec_kim_en_1	positive__speaker_identify_3sec_positive_kim_id_2	1	target	0.588353882129
T000269	enroll__speaker_enroll_7sec_kim_en_1	positive__speaker_identify_3sec_positive_kim_id_3	1	target	0.633638391766
T000270	enroll__speaker_enroll_7sec_kim_en_1	positive__speaker_identify_3sec_positive_kim_id_4	1	target	0.596309122727
T000271	enroll__speaker_enroll_7sec_kim_en_1	positive__speaker_identify_3sec_positive_kiuk_id_0	0	registered_impostor	0.145892337118
T000272	enroll__speaker_enroll_7sec_kim_en_1	positive__speaker_identify_3sec_positive_kiuk_id_1	0	registered_impostor	0.139034258769
T000273	enroll__speaker_enroll_7sec_kim_en_1	positive__speaker_identify_3sec_positive_kiuk_id_2	0	registered_impostor	0.116469116637
T000274	enroll__speaker_enroll_7sec_kim_en_1	positive__speaker_identify_3sec_positive_kiuk_id_3	0	registered_impostor	0.19416055617
T000275	enroll__speaker_enroll_7sec_kim_en_1	positive__speaker_identify_3sec_positive_kiuk_id_4	0	registered_impostor	0.0965835666746
T000276	enroll__speaker_enroll_7sec_kim_en_1	positive__speaker_identify_3sec_positive_ssh_id_0	0	registered_impostor	0.322873630464
T000277	enroll__speaker_enroll_7sec_kim_en_1	positive__speaker_identify_3sec_positive_ssh_id_1	0	registered_impostor	0.176391090089
T000278	enroll__speaker_enroll_7sec_kim_en_1	positive__speaker_identify_3sec_positive_ssh_id_2	0	registered_impostor	0.179264226366
T000279	enroll__speaker_enroll_7sec_kim_en_1	positive__speaker_identify_3sec_positive_ssh_id_3	0	registered_impostor	0.127703689771
T000280	enroll__speaker_enroll_7sec_kim_en_1	positive__speaker_identify_3sec_positive_ssh_id_4	0	registered_impostor	0.136670646958
T000281	enroll__speaker_enroll_7sec_kim_en_1	negative__speaker_negative_unregistered_speaker_0000_speaker_0000_00000	0	unregistered_impostor	0.129938342043
T000282	enroll__speaker_enroll_7sec_kim_en_1	negative__speaker_negative_unregistered_speaker_0000_speaker_0000_00001	0	unregistered_impostor	0.0121863840033
T000283	enroll__speaker_enroll_7sec_kim_en_1	negative__speaker_negative_unregistered_speaker_0000_speaker_0000_00002	0	unregistered_impostor	0.0433946360141
T000284	enroll__speaker_enroll_7sec_kim_en_1	negative__speaker_negative_unregistered_speaker_0000_speaker_0000_00003	0	unregistered_impostor	0.0502579501218
T000285	enroll__speaker_enroll_7sec_kim_en_1	negative__speaker_negative_unregistered_speaker_0000_speaker_0000_00004	0	unregistered_impostor	0.157991696662
T000286	enroll__speaker_enroll_7sec_kim_en_1	negative__speaker_negative_unregistered_speaker_0000_speaker_0000_00005	0	unregistered_impostor	0.113896069796
T000287	enroll__speaker_enroll_7sec_kim_en_1	negative__speaker_negative_unregistered_speaker_0000_speaker_0000_00006	0	unregistered_impostor	0.0870562675832
T000288	enroll__speaker_enroll_7sec_kim_en_1	negative__speaker_negative_unregistered_speaker_0000_speaker_0000_00007	0	unregistered_impostor	0.0906533568883
T000289	enroll__speaker_enroll_7sec_kim_en_1	negative__speaker_negative_unregistered_speaker_0000_speaker_0000_00008	0	unregistered_impostor	0.0821968997076
T000290	enroll__speaker_enroll_7sec_kim_en_1	negative__speaker_negative_unregistered_speaker_0000_speaker_0000_00009	0	unregistered_impostor	0.0568727769984
T000291	enroll__speaker_enroll_7sec_kim_en_1	negative__speaker_negative_unregistered_speaker_0000_speaker_0000_00010	0	unregistered_impostor	0.0785836149344
T000292	enroll__speaker_enroll_7sec_kim_en_1	negative__speaker_negative_unregistered_speaker_0000_speaker_0000_00011	0	unregistered_impostor	0.0245658391202
T000293	enroll__speaker_enroll_7sec_kim_en_1	negative__speaker_negative_unregistered_speaker_0000_speaker_0000_00012	0	unregistered_impostor	-0.0735766870619
T000294	enroll__speaker_enroll_7sec_kim_en_1	negative__speaker_negative_unregistered_speaker_0000_speaker_0000_00013	0	unregistered_impostor	0.0956222553056
T000295	enroll__speaker_enroll_7sec_kim_en_1	negative__speaker_negative_unregistered_speaker_0000_speaker_0000_00014	0	unregistered_impostor	0.0556174660371
T000296	enroll__speaker_enroll_7sec_kim_en_1	negative__speaker_negative_unregistered_speaker_0001_speaker_0001_00000	0	unregistered_impostor	-0.108985034347
T000297	enroll__speaker_enroll_7sec_kim_en_1	negative__speaker_negative_unregistered_speaker_0001_speaker_0001_00001	0	unregistered_impostor	0.0580441503409
T000298	enroll__speaker_enroll_7sec_kim_en_1	negative__speaker_negative_unregistered_speaker_0001_speaker_0001_00002	0	unregistered_impostor	0.13077146327
T000299	enroll__speaker_enroll_7sec_kim_en_1	negative__speaker_negative_unregistered_speaker_0001_speaker_0001_00003	0	unregistered_impostor	0.0736993829411
T000300	enroll__speaker_enroll_7sec_kim_en_1	negative__speaker_negative_unregistered_speaker_0001_speaker_0001_00004	0	unregistered_impostor	0.0655438866455
T000301	enroll__speaker_enroll_7sec_kim_en_1	negative__speaker_negative_unregistered_speaker_0001_speaker_0001_00005	0	unregistered_impostor	0.0794596952105
T000302	enroll__speaker_enroll_7sec_kim_en_1	negative__speaker_negative_unregistered_speaker_0001_speaker_0001_00006	0	unregistered_impostor	0.0159363582321
T000303	enroll__speaker_enroll_7sec_kim_en_1	negative__speaker_negative_unregistered_speaker_0001_speaker_0001_00007	0	unregistered_impostor	0.0502801554081
T000304	enroll__speaker_enroll_7sec_kim_en_1	negative__speaker_negative_unregistered_speaker_0001_speaker_0001_00008	0	unregistered_impostor	0.0532435266731
T000305	enroll__speaker_enroll_7sec_kim_en_1	negative__speaker_negative_unregistered_speaker_0001_speaker_0001_00009	0	unregistered_impostor	-0.0290747472674
T000306	enroll__speaker_enroll_7sec_kim_en_1	negative__speaker_negative_unregistered_speaker_0001_speaker_0001_00010	0	unregistered_impostor	0.00110620075018
T000307	enroll__speaker_enroll_7sec_kim_en_1	negative__speaker_negative_unregistered_speaker_0001_speaker_0001_00011	0	unregistered_impostor	0.0923305322371
T000308	enroll__speaker_enroll_7sec_kim_en_1	negative__speaker_negative_unregistered_speaker_0001_speaker_0001_00012	0	unregistered_impostor	0.0945410551104
T000309	enroll__speaker_enroll_7sec_kim_en_1	negative__speaker_negative_unregistered_speaker_0001_speaker_0001_00013	0	unregistered_impostor	0.0336623601304
T000310	enroll__speaker_enroll_7sec_kim_en_1	negative__speaker_negative_unregistered_speaker_0001_speaker_0001_00014	0	unregistered_impostor	-0.0242201594444
T000311	enroll__speaker_enroll_7sec_kim_en_1	negative__speaker_negative_unregistered_speaker_0002_speaker_0002_00000	0	unregistered_impostor	0.106516197011
T000312	enroll__speaker_enroll_7sec_kim_en_1	negative__speaker_negative_unregistered_speaker_0002_speaker_0002_00001	0	unregistered_impostor	0.0996718471265
T000313	enroll__speaker_enroll_7sec_kim_en_1	negative__speaker_negative_unregistered_speaker_0002_speaker_0002_00002	0	unregistered_impostor	0.0581825129128
T000314	enroll__speaker_enroll_7sec_kim_en_1	negative__speaker_negative_unregistered_speaker_0002_speaker_0002_00003	0	unregistered_impostor	0.122585493452
T000315	enroll__speaker_enroll_7sec_kim_en_1	negative__speaker_negative_unregistered_speaker_0002_speaker_0002_00004	0	unregistered_impostor	0.028092226614
T000316	enroll__speaker_enroll_7sec_kim_en_1	negative__speaker_negative_unregistered_speaker_0002_speaker_0002_00005	0	unregistered_impostor	0.0992511365943
T000317	enroll__speaker_enroll_7sec_kim_en_1	negative__speaker_negative_unregistered_speaker_0002_speaker_0002_00006	0	unregistered_impostor	0.068009140814
T000318	enroll__speaker_enroll_7sec_kim_en_1	negative__speaker_negative_unregistered_speaker_0002_speaker_0002_00007	0	unregistered_impostor	0.103070355634
T000319	enroll__speaker_enroll_7sec_kim_en_1	negative__speaker_negative_unregistered_speaker_0002_speaker_0002_00008	0	unregistered_impostor	0.121285798194
T000320	enroll__speaker_enroll_7sec_kim_en_1	negative__speaker_negative_unregistered_speaker_0002_speaker_0002_00009	0	unregistered_impostor	0.0334393813849
T000321	enroll__speaker_enroll_7sec_kim_en_1	negative__speaker_negative_unregistered_speaker_0002_speaker_0002_00010	0	unregistered_impostor	0.108667926424
T000322	enroll__speaker_enroll_7sec_kim_en_1	negative__speaker_negative_unregistered_speaker_0002_speaker_0002_00011	0	unregistered_impostor	0.0525909495526
T000323	enroll__speaker_enroll_7sec_kim_en_1	negative__speaker_negative_unregistered_speaker_0002_speaker_0002_00012	0	unregistered_impostor	0.0383484738141
T000324	enroll__speaker_enroll_7sec_kim_en_1	negative__speaker_negative_unregistered_speaker_0002_speaker_0002_00013	0	unregistered_impostor	0.111948773925
T000325	enroll__speaker_enroll_7sec_kim_en_1	negative__speaker_negative_unregistered_speaker_0002_speaker_0002_00014	0	unregistered_impostor	0.0632952101858
T000326	enroll__speaker_enroll_7sec_kim_en_2	positive__speaker_identify_3sec_positive_jonah_id_0	0	registered_impostor	0.337646716352
T000327	enroll__speaker_enroll_7sec_kim_en_2	positive__speaker_identify_3sec_positive_jonah_id_1	0	registered_impostor	0.19934143905
T000328	enroll__speaker_enroll_7sec_kim_en_2	positive__speaker_identify_3sec_positive_jonah_id_2	0	registered_impostor	0.239107860482
T000329	enroll__speaker_enroll_7sec_kim_en_2	positive__speaker_identify_3sec_positive_jonah_id_3	0	registered_impostor	0.168527017157
T000330	enroll__speaker_enroll_7sec_kim_en_2	positive__speaker_identify_3sec_positive_jonah_id_4	0	registered_impostor	0.221574989176
T000331	enroll__speaker_enroll_7sec_kim_en_2	positive__speaker_identify_3sec_positive_kim_id_0	1	target	0.598432147623
T000332	enroll__speaker_enroll_7sec_kim_en_2	positive__speaker_identify_3sec_positive_kim_id_1	1	target	0.54035886403
T000333	enroll__speaker_enroll_7sec_kim_en_2	positive__speaker_identify_3sec_positive_kim_id_2	1	target	0.701700658201
T000334	enroll__speaker_enroll_7sec_kim_en_2	positive__speaker_identify_3sec_positive_kim_id_3	1	target	0.61929558198
T000335	enroll__speaker_enroll_7sec_kim_en_2	positive__speaker_identify_3sec_positive_kim_id_4	1	target	0.531106843285
T000336	enroll__speaker_enroll_7sec_kim_en_2	positive__speaker_identify_3sec_positive_kiuk_id_0	0	registered_impostor	0.254543444366
T000337	enroll__speaker_enroll_7sec_kim_en_2	positive__speaker_identify_3sec_positive_kiuk_id_1	0	registered_impostor	0.15651833175
T000338	enroll__speaker_enroll_7sec_kim_en_2	positive__speaker_identify_3sec_positive_kiuk_id_2	0	registered_impostor	0.230008501121
T000339	enroll__speaker_enroll_7sec_kim_en_2	positive__speaker_identify_3sec_positive_kiuk_id_3	0	registered_impostor	0.140758776473
T000340	enroll__speaker_enroll_7sec_kim_en_2	positive__speaker_identify_3sec_positive_kiuk_id_4	0	registered_impostor	0.178053807594
T000341	enroll__speaker_enroll_7sec_kim_en_2	positive__speaker_identify_3sec_positive_ssh_id_0	0	registered_impostor	0.233276336023
T000342	enroll__speaker_enroll_7sec_kim_en_2	positive__speaker_identify_3sec_positive_ssh_id_1	0	registered_impostor	0.268257554951
T000343	enroll__speaker_enroll_7sec_kim_en_2	positive__speaker_identify_3sec_positive_ssh_id_2	0	registered_impostor	0.238509413802
T000344	enroll__speaker_enroll_7sec_kim_en_2	positive__speaker_identify_3sec_positive_ssh_id_3	0	registered_impostor	0.0710594773349
T000345	enroll__speaker_enroll_7sec_kim_en_2	positive__speaker_identify_3sec_positive_ssh_id_4	0	registered_impostor	0.190268344065
T000346	enroll__speaker_enroll_7sec_kim_en_2	negative__speaker_negative_unregistered_speaker_0000_speaker_0000_00000	0	unregistered_impostor	0.261131686364
T000347	enroll__speaker_enroll_7sec_kim_en_2	negative__speaker_negative_unregistered_speaker_0000_speaker_0000_00001	0	unregistered_impostor	0.213185617353
T000348	enroll__speaker_enroll_7sec_kim_en_2	negative__speaker_negative_unregistered_speaker_0000_speaker_0000_00002	0	unregistered_impostor	0.023475184207
T000349	enroll__speaker_enroll_7sec_kim_en_2	negative__speaker_negative_unregistered_speaker_0000_speaker_0000_00003	0	unregistered_impostor	0.00881678238053
T000350	enroll__speaker_enroll_7sec_kim_en_2	negative__speaker_negative_unregistered_speaker_0000_speaker_0000_00004	0	unregistered_impostor	0.149127807762
T000351	enroll__speaker_enroll_7sec_kim_en_2	negative__speaker_negative_unregistered_speaker_0000_speaker_0000_00005	0	unregistered_impostor	0.15991792341
T000352	enroll__speaker_enroll_7sec_kim_en_2	negative__speaker_negative_unregistered_speaker_0000_speaker_0000_00006	0	unregistered_impostor	0.0935024689766
T000353	enroll__speaker_enroll_7sec_kim_en_2	negative__speaker_negative_unregistered_speaker_0000_speaker_0000_00007	0	unregistered_impostor	0.201938809627
T000354	enroll__speaker_enroll_7sec_kim_en_2	negative__speaker_negative_unregistered_speaker_0000_speaker_0000_00008	0	unregistered_impostor	0.156880860755
T000355	enroll__speaker_enroll_7sec_kim_en_2	negative__speaker_negative_unregistered_speaker_0000_speaker_0000_00009	0	unregistered_impostor	0.183202766623
T000356	enroll__speaker_enroll_7sec_kim_en_2	negative__speaker_negative_unregistered_speaker_0000_speaker_0000_00010	0	unregistered_impostor	0.0104382155499
T000357	enroll__speaker_enroll_7sec_kim_en_2	negative__speaker_negative_unregistered_speaker_0000_speaker_0000_00011	0	unregistered_impostor	0.109340297879
T000358	enroll__speaker_enroll_7sec_kim_en_2	negative__speaker_negative_unregistered_speaker_0000_speaker_0000_00012	0	unregistered_impostor	0.0533279409792
T000359	enroll__speaker_enroll_7sec_kim_en_2	negative__speaker_negative_unregistered_speaker_0000_speaker_0000_00013	0	unregistered_impostor	0.158851014509
T000360	enroll__speaker_enroll_7sec_kim_en_2	negative__speaker_negative_unregistered_speaker_0000_speaker_0000_00014	0	unregistered_impostor	0.0549659430919
T000361	enroll__speaker_enroll_7sec_kim_en_2	negative__speaker_negative_unregistered_speaker_0001_speaker_0001_00000	0	unregistered_impostor	-0.0212370489901
T000362	enroll__speaker_enroll_7sec_kim_en_2	negative__speaker_negative_unregistered_speaker_0001_speaker_0001_00001	0	unregistered_impostor	0.20352670914
T000363	enroll__speaker_enroll_7sec_kim_en_2	negative__speaker_negative_unregistered_speaker_0001_speaker_0001_00002	0	unregistered_impostor	0.155159863425
T000364	enroll__speaker_enroll_7sec_kim_en_2	negative__speaker_negative_unregistered_speaker_0001_speaker_0001_00003	0	unregistered_impostor	0.136833840596
T000365	enroll__speaker_enroll_7sec_kim_en_2	negative__speaker_negative_unregistered_speaker_0001_speaker_0001_00004	0	unregistered_impostor	0.152392277419
T000366	enroll__speaker_enroll_7sec_kim_en_2	negative__speaker_negative_unregistered_speaker_0001_speaker_0001_00005	0	unregistered_impostor	0.221968600916
T000367	enroll__speaker_enroll_7sec_kim_en_2	negative__speaker_negative_unregistered_speaker_0001_speaker_0001_00006	0	unregistered_impostor	0.12774467377
T000368	enroll__speaker_enroll_7sec_kim_en_2	negative__speaker_negative_unregistered_speaker_0001_speaker_0001_00007	0	unregistered_impostor	0.147761525348
T000369	enroll__speaker_enroll_7sec_kim_en_2	negative__speaker_negative_unregistered_speaker_0001_speaker_0001_00008	0	unregistered_impostor	0.0979845754471
T000370	enroll__speaker_enroll_7sec_kim_en_2	negative__speaker_negative_unregistered_speaker_0001_speaker_0001_00009	0	unregistered_impostor	0.0481631413759
T000371	enroll__speaker_enroll_7sec_kim_en_2	negative__speaker_negative_unregistered_speaker_0001_speaker_0001_00010	0	unregistered_impostor	0.194239464595
T000372	enroll__speaker_enroll_7sec_kim_en_2	negative__speaker_negative_unregistered_speaker_0001_speaker_0001_00011	0	unregistered_impostor	0.129827344783
T000373	enroll__speaker_enroll_7sec_kim_en_2	negative__speaker_negative_unregistered_speaker_0001_speaker_0001_00012	0	unregistered_impostor	0.0934219057258
T000374	enroll__speaker_enroll_7sec_kim_en_2	negative__speaker_negative_unregistered_speaker_0001_speaker_0001_00013	0	unregistered_impostor	0.186828444316
T000375	enroll__speaker_enroll_7sec_kim_en_2	negative__speaker_negative_unregistered_speaker_0001_speaker_0001_00014	0	unregistered_impostor	0.0683110219073
T000376	enroll__speaker_enroll_7sec_kim_en_2	negative__speaker_negative_unregistered_speaker_0002_speaker_0002_00000	0	unregistered_impostor	0.214545229457
T000377	enroll__speaker_enroll_7sec_kim_en_2	negative__speaker_negative_unregistered_speaker_0002_speaker_0002_00001	0	unregistered_impostor	0.113531314176
T000378	enroll__speaker_enroll_7sec_kim_en_2	negative__speaker_negative_unregistered_speaker_0002_speaker_0002_00002	0	unregistered_impostor	0.109621865868
T000379	enroll__speaker_enroll_7sec_kim_en_2	negative__speaker_negative_unregistered_speaker_0002_speaker_0002_00003	0	unregistered_impostor	0.20234879633
T000380	enroll__speaker_enroll_7sec_kim_en_2	negative__speaker_negative_unregistered_speaker_0002_speaker_0002_00004	0	unregistered_impostor	0.0555138729763
T000381	enroll__speaker_enroll_7sec_kim_en_2	negative__speaker_negative_unregistered_speaker_0002_speaker_0002_00005	0	unregistered_impostor	0.168404637498
T000382	enroll__speaker_enroll_7sec_kim_en_2	negative__speaker_negative_unregistered_speaker_0002_speaker_0002_00006	0	unregistered_impostor	0.163167980324
T000383	enroll__speaker_enroll_7sec_kim_en_2	negative__speaker_negative_unregistered_speaker_0002_speaker_0002_00007	0	unregistered_impostor	0.154780492406
T000384	enroll__speaker_enroll_7sec_kim_en_2	negative__speaker_negative_unregistered_speaker_0002_speaker_0002_00008	0	unregistered_impostor	0.15406395082
T000385	enroll__speaker_enroll_7sec_kim_en_2	negative__speaker_negative_unregistered_speaker_0002_speaker_0002_00009	0	unregistered_impostor	0.100212172076
T000386	enroll__speaker_enroll_7sec_kim_en_2	negative__speaker_negative_unregistered_speaker_0002_speaker_0002_00010	0	unregistered_impostor	0.147756213522
T000387	enroll__speaker_enroll_7sec_kim_en_2	negative__speaker_negative_unregistered_speaker_0002_speaker_0002_00011	0	unregistered_impostor	0.129104025252
T000388	enroll__speaker_enroll_7sec_kim_en_2	negative__speaker_negative_unregistered_speaker_0002_speaker_0002_00012	0	unregistered_impostor	0.15381379684
T000389	enroll__speaker_enroll_7sec_kim_en_2	negative__speaker_negative_unregistered_speaker_0002_speaker_0002_00013	0	unregistered_impostor	0.161014082112
T000390	enroll__speaker_enroll_7sec_kim_en_2	negative__speaker_negative_unregistered_speaker_0002_speaker_0002_00014	0	unregistered_impostor	0.136520647192
T000391	enroll__speaker_enroll_7sec_kiuk_en_0	positive__speaker_identify_3sec_positive_jonah_id_0	0	registered_impostor	0.219172694708
T000392	enroll__speaker_enroll_7sec_kiuk_en_0	positive__speaker_identify_3sec_positive_jonah_id_1	0	registered_impostor	0.196577526065
T000393	enroll__speaker_enroll_7sec_kiuk_en_0	positive__speaker_identify_3sec_positive_jonah_id_2	0	registered_impostor	0.176674822014
T000394	enroll__speaker_enroll_7sec_kiuk_en_0	positive__speaker_identify_3sec_positive_jonah_id_3	0	registered_impostor	0.243959612357
T000395	enroll__speaker_enroll_7sec_kiuk_en_0	positive__speaker_identify_3sec_positive_jonah_id_4	0	registered_impostor	0.186091709063
T000396	enroll__speaker_enroll_7sec_kiuk_en_0	positive__speaker_identify_3sec_positive_kim_id_0	0	registered_impostor	0.164612347081
T000397	enroll__speaker_enroll_7sec_kiuk_en_0	positive__speaker_identify_3sec_positive_kim_id_1	0	registered_impostor	0.175031317311
T000398	enroll__speaker_enroll_7sec_kiuk_en_0	positive__speaker_identify_3sec_positive_kim_id_2	0	registered_impostor	0.191235276129
T000399	enroll__speaker_enroll_7sec_kiuk_en_0	positive__speaker_identify_3sec_positive_kim_id_3	0	registered_impostor	0.273096973711
T000400	enroll__speaker_enroll_7sec_kiuk_en_0	positive__speaker_identify_3sec_positive_kim_id_4	0	registered_impostor	0.107763105156
T000401	enroll__speaker_enroll_7sec_kiuk_en_0	positive__speaker_identify_3sec_positive_kiuk_id_0	1	target	0.697452092724
T000402	enroll__speaker_enroll_7sec_kiuk_en_0	positive__speaker_identify_3sec_positive_kiuk_id_1	1	target	0.635547449825
T000403	enroll__speaker_enroll_7sec_kiuk_en_0	positive__speaker_identify_3sec_positive_kiuk_id_2	1	target	0.700494802897
T000404	enroll__speaker_enroll_7sec_kiuk_en_0	positive__speaker_identify_3sec_positive_kiuk_id_3	1	target	0.220718702955
T000405	enroll__speaker_enroll_7sec_kiuk_en_0	positive__speaker_identify_3sec_positive_kiuk_id_4	1	target	0.623756807809
T000406	enroll__speaker_enroll_7sec_kiuk_en_0	positive__speaker_identify_3sec_positive_ssh_id_0	0	registered_impostor	0.434849869558
T000407	enroll__speaker_enroll_7sec_kiuk_en_0	positive__speaker_identify_3sec_positive_ssh_id_1	0	registered_impostor	0.466162617094
T000408	enroll__speaker_enroll_7sec_kiuk_en_0	positive__speaker_identify_3sec_positive_ssh_id_2	0	registered_impostor	0.359928305812
T000409	enroll__speaker_enroll_7sec_kiuk_en_0	positive__speaker_identify_3sec_positive_ssh_id_3	0	registered_impostor	0.469064203807
T000410	enroll__speaker_enroll_7sec_kiuk_en_0	positive__speaker_identify_3sec_positive_ssh_id_4	0	registered_impostor	0.490174840101
T000411	enroll__speaker_enroll_7sec_kiuk_en_0	negative__speaker_negative_unregistered_speaker_0000_speaker_0000_00000	0	unregistered_impostor	0.111645529868
T000412	enroll__speaker_enroll_7sec_kiuk_en_0	negative__speaker_negative_unregistered_speaker_0000_speaker_0000_00001	0	unregistered_impostor	0.0362168529471
T000413	enroll__speaker_enroll_7sec_kiuk_en_0	negative__speaker_negative_unregistered_speaker_0000_speaker_0000_00002	0	unregistered_impostor	-0.0653869533661
T000414	enroll__speaker_enroll_7sec_kiuk_en_0	negative__speaker_negative_unregistered_speaker_0000_speaker_0000_00003	0	unregistered_impostor	-0.0337487940118
T000415	enroll__speaker_enroll_7sec_kiuk_en_0	negative__speaker_negative_unregistered_speaker_0000_speaker_0000_00004	0	unregistered_impostor	-0.0332313429145
T000416	enroll__speaker_enroll_7sec_kiuk_en_0	negative__speaker_negative_unregistered_speaker_0000_speaker_0000_00005	0	unregistered_impostor	0.138844478562
T000417	enroll__speaker_enroll_7sec_kiuk_en_0	negative__speaker_negative_unregistered_speaker_0000_speaker_0000_00006	0	unregistered_impostor	-0.0241194703388
T000418	enroll__speaker_enroll_7sec_kiuk_en_0	negative__speaker_negative_unregistered_speaker_0000_speaker_0000_00007	0	unregistered_impostor	0.0248492110334
T000419	enroll__speaker_enroll_7sec_kiuk_en_0	negative__speaker_negative_unregistered_speaker_0000_speaker_0000_00008	0	unregistered_impostor	-0.0110078645854
T000420	enroll__speaker_enroll_7sec_kiuk_en_0	negative__speaker_negative_unregistered_speaker_0000_speaker_0000_00009	0	unregistered_impostor	0.0696344830029
T000421	enroll__speaker_enroll_7sec_kiuk_en_0	negative__speaker_negative_unregistered_speaker_0000_speaker_0000_00010	0	unregistered_impostor	0.0334434311514
T000422	enroll__speaker_enroll_7sec_kiuk_en_0	negative__speaker_negative_unregistered_speaker_0000_speaker_0000_00011	0	unregistered_impostor	0.0328116201139
T000423	enroll__speaker_enroll_7sec_kiuk_en_0	negative__speaker_negative_unregistered_speaker_0000_speaker_0000_00012	0	unregistered_impostor	-0.0289249588206
T000424	enroll__speaker_enroll_7sec_kiuk_en_0	negative__speaker_negative_unregistered_speaker_0000_speaker_0000_00013	0	unregistered_impostor	0.0784863700221
T000425	enroll__speaker_enroll_7sec_kiuk_en_0	negative__speaker_negative_unregistered_speaker_0000_speaker_0000_00014	0	unregistered_impostor	0.104408372898
T000426	enroll__speaker_enroll_7sec_kiuk_en_0	negative__speaker_negative_unregistered_speaker_0001_speaker_0001_00000	0	unregistered_impostor	0.136507073112
T000427	enroll__speaker_enroll_7sec_kiuk_en_0	negative__speaker_negative_unregistered_speaker_0001_speaker_0001_00001	0	unregistered_impostor	0.103766569168
T000428	enroll__speaker_enroll_7sec_kiuk_en_0	negative__speaker_negative_unregistered_speaker_0001_speaker_0001_00002	0	unregistered_impostor	0.018351356185
T000429	enroll__speaker_enroll_7sec_kiuk_en_0	negative__speaker_negative_unregistered_speaker_0001_speaker_0001_00003	0	unregistered_impostor	0.0621221219991
T000430	enroll__speaker_enroll_7sec_kiuk_en_0	negative__speaker_negative_unregistered_speaker_0001_speaker_0001_00004	0	unregistered_impostor	-0.0206192762827
T000431	enroll__speaker_enroll_7sec_kiuk_en_0	negative__speaker_negative_unregistered_speaker_0001_speaker_0001_00005	0	unregistered_impostor	0.0515094662365
T000432	enroll__speaker_enroll_7sec_kiuk_en_0	negative__speaker_negative_unregistered_speaker_0001_speaker_0001_00006	0	unregistered_impostor	0.0215824174316
T000433	enroll__speaker_enroll_7sec_kiuk_en_0	negative__speaker_negative_unregistered_speaker_0001_speaker_0001_00007	0	unregistered_impostor	0.0825457901769
T000434	enroll__speaker_enroll_7sec_kiuk_en_0	negative__speaker_negative_unregistered_speaker_0001_speaker_0001_00008	0	unregistered_impostor	-0.0158149434418
T000435	enroll__speaker_enroll_7sec_kiuk_en_0	negative__speaker_negative_unregistered_speaker_0001_speaker_0001_00009	0	unregistered_impostor	-0.00362793212045
T000436	enroll__speaker_enroll_7sec_kiuk_en_0	negative__speaker_negative_unregistered_speaker_0001_speaker_0001_00010	0	unregistered_impostor	0.118032643653
T000437	enroll__speaker_enroll_7sec_kiuk_en_0	negative__speaker_negative_unregistered_speaker_0001_speaker_0001_00011	0	unregistered_impostor	-0.00611372517238
T000438	enroll__speaker_enroll_7sec_kiuk_en_0	negative__speaker_negative_unregistered_speaker_0001_speaker_0001_00012	0	unregistered_impostor	0.113171263815
T000439	enroll__speaker_enroll_7sec_kiuk_en_0	negative__speaker_negative_unregistered_speaker_0001_speaker_0001_00013	0	unregistered_impostor	0.0179557259543
T000440	enroll__speaker_enroll_7sec_kiuk_en_0	negative__speaker_negative_unregistered_speaker_0001_speaker_0001_00014	0	unregistered_impostor	0.041451282398
T000441	enroll__speaker_enroll_7sec_kiuk_en_0	negative__speaker_negative_unregistered_speaker_0002_speaker_0002_00000	0	unregistered_impostor	0.0862565964228
T000442	enroll__speaker_enroll_7sec_kiuk_en_0	negative__speaker_negative_unregistered_speaker_0002_speaker_0002_00001	0	unregistered_impostor	-0.0591851157749
T000443	enroll__speaker_enroll_7sec_kiuk_en_0	negative__speaker_negative_unregistered_speaker_0002_speaker_0002_00002	0	unregistered_impostor	0.0349115960303
T000444	enroll__speaker_enroll_7sec_kiuk_en_0	negative__speaker_negative_unregistered_speaker_0002_speaker_0002_00003	0	unregistered_impostor	0.0948593598016
T000445	enroll__speaker_enroll_7sec_kiuk_en_0	negative__speaker_negative_unregistered_speaker_0002_speaker_0002_00004	0	unregistered_impostor	-0.0475925047332
T000446	enroll__speaker_enroll_7sec_kiuk_en_0	negative__speaker_negative_unregistered_speaker_0002_speaker_0002_00005	0	unregistered_impostor	0.0629161097506
T000447	enroll__speaker_enroll_7sec_kiuk_en_0	negative__speaker_negative_unregistered_speaker_0002_speaker_0002_00006	0	unregistered_impostor	0.066223150173
T000448	enroll__speaker_enroll_7sec_kiuk_en_0	negative__speaker_negative_unregistered_speaker_0002_speaker_0002_00007	0	unregistered_impostor	-0.0293972459994
T000449	enroll__speaker_enroll_7sec_kiuk_en_0	negative__speaker_negative_unregistered_speaker_0002_speaker_0002_00008	0	unregistered_impostor	0.0193423750628
T000450	enroll__speaker_enroll_7sec_kiuk_en_0	negative__speaker_negative_unregistered_speaker_0002_speaker_0002_00009	0	unregistered_impostor	0.0515849578965
T000451	enroll__speaker_enroll_7sec_kiuk_en_0	negative__speaker_negative_unregistered_speaker_0002_speaker_0002_00010	0	unregistered_impostor	0.0866152817148
T000452	enroll__speaker_enroll_7sec_kiuk_en_0	negative__speaker_negative_unregistered_speaker_0002_speaker_0002_00011	0	unregistered_impostor	-0.0253137792987
T000453	enroll__speaker_enroll_7sec_kiuk_en_0	negative__speaker_negative_unregistered_speaker_0002_speaker_0002_00012	0	unregistered_impostor	0.0898371438637
T000454	enroll__speaker_enroll_7sec_kiuk_en_0	negative__speaker_negative_unregistered_speaker_0002_speaker_0002_00013	0	unregistered_impostor	0.0156295847298
T000455	enroll__speaker_enroll_7sec_kiuk_en_0	negative__speaker_negative_unregistered_speaker_0002_speaker_0002_00014	0	unregistered_impostor	0.0354475279922
T000456	enroll__speaker_enroll_7sec_kiuk_en_1	positive__speaker_identify_3sec_positive_jonah_id_0	0	registered_impostor	0.151059679502
T000457	enroll__speaker_enroll_7sec_kiuk_en_1	positive__speaker_identify_3sec_positive_jonah_id_1	0	registered_impostor	0.123590508778
T000458	enroll__speaker_enroll_7sec_kiuk_en_1	positive__speaker_identify_3sec_positive_jonah_id_2	0	registered_impostor	0.200274300353
T000459	enroll__speaker_enroll_7sec_kiuk_en_1	positive__speaker_identify_3sec_positive_jonah_id_3	0	registered_impostor	0.207765753637
T000460	enroll__speaker_enroll_7sec_kiuk_en_1	positive__speaker_identify_3sec_positive_jonah_id_4	0	registered_impostor	0.124901745302
T000461	enroll__speaker_enroll_7sec_kiuk_en_1	positive__speaker_identify_3sec_positive_kim_id_0	0	registered_impostor	0.101935685552
T000462	enroll__speaker_enroll_7sec_kiuk_en_1	positive__speaker_identify_3sec_positive_kim_id_1	0	registered_impostor	0.147704338983
T000463	enroll__speaker_enroll_7sec_kiuk_en_1	positive__speaker_identify_3sec_positive_kim_id_2	0	registered_impostor	0.205251242433
T000464	enroll__speaker_enroll_7sec_kiuk_en_1	positive__speaker_identify_3sec_positive_kim_id_3	0	registered_impostor	0.246564331082
T000465	enroll__speaker_enroll_7sec_kiuk_en_1	positive__speaker_identify_3sec_positive_kim_id_4	0	registered_impostor	0.094446484004
T000466	enroll__speaker_enroll_7sec_kiuk_en_1	positive__speaker_identify_3sec_positive_kiuk_id_0	1	target	0.608040716868
T000467	enroll__speaker_enroll_7sec_kiuk_en_1	positive__speaker_identify_3sec_positive_kiuk_id_1	1	target	0.611795807068
T000468	enroll__speaker_enroll_7sec_kiuk_en_1	positive__speaker_identify_3sec_positive_kiuk_id_2	1	target	0.728796106719
T000469	enroll__speaker_enroll_7sec_kiuk_en_1	positive__speaker_identify_3sec_positive_kiuk_id_3	1	target	0.236692753083
T000470	enroll__speaker_enroll_7sec_kiuk_en_1	positive__speaker_identify_3sec_positive_kiuk_id_4	1	target	0.719580064144
T000471	enroll__speaker_enroll_7sec_kiuk_en_1	positive__speaker_identify_3sec_positive_ssh_id_0	0	registered_impostor	0.384141207138
T000472	enroll__speaker_enroll_7sec_kiuk_en_1	positive__speaker_identify_3sec_positive_ssh_id_1	0	registered_impostor	0.433393799676
T000473	enroll__speaker_enroll_7sec_kiuk_en_1	positive__speaker_identify_3sec_positive_ssh_id_2	0	registered_impostor	0.359642683938
T000474	enroll__speaker_enroll_7sec_kiuk_en_1	positive__speaker_identify_3sec_positive_ssh_id_3	0	registered_impostor	0.498411384699
T000475	enroll__speaker_enroll_7sec_kiuk_en_1	positive__speaker_identify_3sec_positive_ssh_id_4	0	registered_impostor	0.473032687114
T000476	enroll__speaker_enroll_7sec_kiuk_en_1	negative__speaker_negative_unregistered_speaker_0000_speaker_0000_00000	0	unregistered_impostor	0.123272455489
T000477	enroll__speaker_enroll_7sec_kiuk_en_1	negative__speaker_negative_unregistered_speaker_0000_speaker_0000_00001	0	unregistered_impostor	0.109926118749
T000478	enroll__speaker_enroll_7sec_kiuk_en_1	negative__speaker_negative_unregistered_speaker_0000_speaker_0000_00002	0	unregistered_impostor	0.0550876307393
T000479	enroll__speaker_enroll_7sec_kiuk_en_1	negative__speaker_negative_unregistered_speaker_0000_speaker_0000_00003	0	unregistered_impostor	0.0681280400123
T000480	enroll__speaker_enroll_7sec_kiuk_en_1	negative__speaker_negative_unregistered_speaker_0000_speaker_0000_00004	0	unregistered_impostor	0.0398909617292
T000481	enroll__speaker_enroll_7sec_kiuk_en_1	negative__speaker_negative_unregistered_speaker_0000_speaker_0000_00005	0	unregistered_impostor	0.165994260914
T000482	enroll__speaker_enroll_7sec_kiuk_en_1	negative__speaker_negative_unregistered_speaker_0000_speaker_0000_00006	0	unregistered_impostor	0.0243277139882
T000483	enroll__speaker_enroll_7sec_kiuk_en_1	negative__speaker_negative_unregistered_speaker_0000_speaker_0000_00007	0	unregistered_impostor	0.0807194957888
T000484	enroll__speaker_enroll_7sec_kiuk_en_1	negative__speaker_negative_unregistered_speaker_0000_speaker_0000_00008	0	unregistered_impostor	0.043087459846
T000485	enroll__speaker_enroll_7sec_kiuk_en_1	negative__speaker_negative_unregistered_speaker_0000_speaker_0000_00009	0	unregistered_impostor	0.127653778324
T000486	enroll__speaker_enroll_7sec_kiuk_en_1	negative__speaker_negative_unregistered_speaker_0000_speaker_0000_00010	0	unregistered_impostor	0.0724791668963
T000487	enroll__speaker_enroll_7sec_kiuk_en_1	negative__speaker_negative_unregistered_speaker_0000_speaker_0000_00011	0	unregistered_impostor	0.126308591724
T000488	enroll__speaker_enroll_7sec_kiuk_en_1	negative__speaker_negative_unregistered_speaker_0000_speaker_0000_00012	0	unregistered_impostor	0.0946062340471
T000489	enroll__speaker_enroll_7sec_kiuk_en_1	negative__speaker_negative_unregistered_speaker_0000_speaker_0000_00013	0	unregistered_impostor	0.171383975541
T000490	enroll__speaker_enroll_7sec_kiuk_en_1	negative__speaker_negative_unregistered_speaker_0000_speaker_0000_00014	0	unregistered_impostor	0.130514780788
T000491	enroll__speaker_enroll_7sec_kiuk_en_1	negative__speaker_negative_unregistered_speaker_0001_speaker_0001_00000	0	unregistered_impostor	0.166974535127
T000492	enroll__speaker_enroll_7sec_kiuk_en_1	negative__speaker_negative_unregistered_speaker_0001_speaker_0001_00001	0	unregistered_impostor	0.13891463867
T000493	enroll__speaker_enroll_7sec_kiuk_en_1	negative__speaker_negative_unregistered_speaker_0001_speaker_0001_00002	0	unregistered_impostor	0.0323216723943
T000494	enroll__speaker_enroll_7sec_kiuk_en_1	negative__speaker_negative_unregistered_speaker_0001_speaker_0001_00003	0	unregistered_impostor	0.0470514152712
T000495	enroll__speaker_enroll_7sec_kiuk_en_1	negative__speaker_negative_unregistered_speaker_0001_speaker_0001_00004	0	unregistered_impostor	0.016570175614
T000496	enroll__speaker_enroll_7sec_kiuk_en_1	negative__speaker_negative_unregistered_speaker_0001_speaker_0001_00005	0	unregistered_impostor	0.0871869729989
T000497	enroll__speaker_enroll_7sec_kiuk_en_1	negative__speaker_negative_unregistered_speaker_0001_speaker_0001_00006	0	unregistered_impostor	0.0501097635876
T000498	enroll__speaker_enroll_7sec_kiuk_en_1	negative__speaker_negative_unregistered_speaker_0001_speaker_0001_00007	0	unregistered_impostor	0.00686993085874
T000499	enroll__speaker_enroll_7sec_kiuk_en_1	negative__speaker_negative_unregistered_speaker_0001_speaker_0001_00008	0	unregistered_impostor	-0.0118483781339
T000500	enroll__speaker_enroll_7sec_kiuk_en_1	negative__speaker_negative_unregistered_speaker_0001_speaker_0001_00009	0	unregistered_impostor	0.0519722520351
T000501	enroll__speaker_enroll_7sec_kiuk_en_1	negative__speaker_negative_unregistered_speaker_0001_speaker_0001_00010	0	unregistered_impostor	0.17742292638
T000502	enroll__speaker_enroll_7sec_kiuk_en_1	negative__speaker_negative_unregistered_speaker_0001_speaker_0001_00011	0	unregistered_impostor	0.024992275195
T000503	enroll__speaker_enroll_7sec_kiuk_en_1	negative__speaker_negative_unregistered_speaker_0001_speaker_0001_00012	0	unregistered_impostor	0.161018556736
T000504	enroll__speaker_enroll_7sec_kiuk_en_1	negative__speaker_negative_unregistered_speaker_0001_speaker_0001_00013	0	unregistered_impostor	0.0231228103478
T000505	enroll__speaker_enroll_7sec_kiuk_en_1	negative__speaker_negative_unregistered_speaker_0001_speaker_0001_00014	0	unregistered_impostor	0.0828328841909
T000506	enroll__speaker_enroll_7sec_kiuk_en_1	negative__speaker_negative_unregistered_speaker_0002_speaker_0002_00000	0	unregistered_impostor	0.129998583904
T000507	enroll__speaker_enroll_7sec_kiuk_en_1	negative__speaker_negative_unregistered_speaker_0002_speaker_0002_00001	0	unregistered_impostor	0.0486435229257
T000508	enroll__speaker_enroll_7sec_kiuk_en_1	negative__speaker_negative_unregistered_speaker_0002_speaker_0002_00002	0	unregistered_impostor	0.0639214276524
T000509	enroll__speaker_enroll_7sec_kiuk_en_1	negative__speaker_negative_unregistered_speaker_0002_speaker_0002_00003	0	unregistered_impostor	0.176319994443
T000510	enroll__speaker_enroll_7sec_kiuk_en_1	negative__speaker_negative_unregistered_speaker_0002_speaker_0002_00004	0	unregistered_impostor	0.0630846373002
T000511	enroll__speaker_enroll_7sec_kiuk_en_1	negative__speaker_negative_unregistered_speaker_0002_speaker_0002_00005	0	unregistered_impostor	0.141924052031
T000512	enroll__speaker_enroll_7sec_kiuk_en_1	negative__speaker_negative_unregistered_speaker_0002_speaker_0002_00006	0	unregistered_impostor	0.117721656592
T000513	enroll__speaker_enroll_7sec_kiuk_en_1	negative__speaker_negative_unregistered_speaker_0002_speaker_0002_00007	0	unregistered_impostor	0.0225343173125
T000514	enroll__speaker_enroll_7sec_kiuk_en_1	negative__speaker_negative_unregistered_speaker_0002_speaker_0002_00008	0	unregistered_impostor	0.111300228539
T000515	enroll__speaker_enroll_7sec_kiuk_en_1	negative__speaker_negative_unregistered_speaker_0002_speaker_0002_00009	0	unregistered_impostor	0.166497240633
T000516	enroll__speaker_enroll_7sec_kiuk_en_1	negative__speaker_negative_unregistered_speaker_0002_speaker_0002_00010	0	unregistered_impostor	0.1424726553
T000517	enroll__speaker_enroll_7sec_kiuk_en_1	negative__speaker_negative_unregistered_speaker_0002_speaker_0002_00011	0	unregistered_impostor	0.0259192378788
T000518	enroll__speaker_enroll_7sec_kiuk_en_1	negative__speaker_negative_unregistered_speaker_0002_speaker_0002_00012	0	unregistered_impostor	0.142350685072
T000519	enroll__speaker_enroll_7sec_kiuk_en_1	negative__speaker_negative_unregistered_speaker_0002_speaker_0002_00013	0	unregistered_impostor	0.0761798803404
T000520	enroll__speaker_enroll_7sec_kiuk_en_1	negative__speaker_negative_unregistered_speaker_0002_speaker_0002_00014	0	unregistered_impostor	0.0577039787679
T000521	enroll__speaker_enroll_7sec_kiuk_en_2	positive__speaker_identify_3sec_positive_jonah_id_0	0	registered_impostor	0.27004348775
T000522	enroll__speaker_enroll_7sec_kiuk_en_2	positive__speaker_identify_3sec_positive_jonah_id_1	0	registered_impostor	0.169774512697
T000523	enroll__speaker_enroll_7sec_kiuk_en_2	positive__speaker_identify_3sec_positive_jonah_id_2	0	registered_impostor	0.283688600164
T000524	enroll__speaker_enroll_7sec_kiuk_en_2	positive__speaker_identify_3sec_positive_jonah_id_3	0	registered_impostor	0.300362241875
T000525	enroll__speaker_enroll_7sec_kiuk_en_2	positive__speaker_identify_3sec_positive_jonah_id_4	0	registered_impostor	0.190349526247
T000526	enroll__speaker_enroll_7sec_kiuk_en_2	positive__speaker_identify_3sec_positive_kim_id_0	0	registered_impostor	0.150047590102
T000527	enroll__speaker_enroll_7sec_kiuk_en_2	positive__speaker_identify_3sec_positive_kim_id_1	0	registered_impostor	0.183404146827
T000528	enroll__speaker_enroll_7sec_kiuk_en_2	positive__speaker_identify_3sec_positive_kim_id_2	0	registered_impostor	0.19475468617
T000529	enroll__speaker_enroll_7sec_kiuk_en_2	positive__speaker_identify_3sec_positive_kim_id_3	0	registered_impostor	0.312696415824
T000530	enroll__speaker_enroll_7sec_kiuk_en_2	positive__speaker_identify_3sec_positive_kim_id_4	0	registered_impostor	0.119542351523
T000531	enroll__speaker_enroll_7sec_kiuk_en_2	positive__speaker_identify_3sec_positive_kiuk_id_0	1	target	0.601760860049
T000532	enroll__speaker_enroll_7sec_kiuk_en_2	positive__speaker_identify_3sec_positive_kiuk_id_1	1	target	0.618629912621
T000533	enroll__speaker_enroll_7sec_kiuk_en_2	positive__speaker_identify_3sec_positive_kiuk_id_2	1	target	0.705716996676
T000534	enroll__speaker_enroll_7sec_kiuk_en_2	positive__speaker_identify_3sec_positive_kiuk_id_3	1	target	0.205062161402
T000535	enroll__speaker_enroll_7sec_kiuk_en_2	positive__speaker_identify_3sec_positive_kiuk_id_4	1	target	0.681693179158
T000536	enroll__speaker_enroll_7sec_kiuk_en_2	positive__speaker_identify_3sec_positive_ssh_id_0	0	registered_impostor	0.480723715669
T000537	enroll__speaker_enroll_7sec_kiuk_en_2	positive__speaker_identify_3sec_positive_ssh_id_1	0	registered_impostor	0.485137270021
T000538	enroll__speaker_enroll_7sec_kiuk_en_2	positive__speaker_identify_3sec_positive_ssh_id_2	0	registered_impostor	0.482099432616
T000539	enroll__speaker_enroll_7sec_kiuk_en_2	positive__speaker_identify_3sec_positive_ssh_id_3	0	registered_impostor	0.561753417406
T000540	enroll__speaker_enroll_7sec_kiuk_en_2	positive__speaker_identify_3sec_positive_ssh_id_4	0	registered_impostor	0.575332642494
T000541	enroll__speaker_enroll_7sec_kiuk_en_2	negative__speaker_negative_unregistered_speaker_0000_speaker_0000_00000	0	unregistered_impostor	0.196906564096
T000542	enroll__speaker_enroll_7sec_kiuk_en_2	negative__speaker_negative_unregistered_speaker_0000_speaker_0000_00001	0	unregistered_impostor	0.201877224038
T000543	enroll__speaker_enroll_7sec_kiuk_en_2	negative__speaker_negative_unregistered_speaker_0000_speaker_0000_00002	0	unregistered_impostor	0.0480963485687
T000544	enroll__speaker_enroll_7sec_kiuk_en_2	negative__speaker_negative_unregistered_speaker_0000_speaker_0000_00003	0	unregistered_impostor	0.070198171785
T000545	enroll__speaker_enroll_7sec_kiuk_en_2	negative__speaker_negative_unregistered_speaker_0000_speaker_0000_00004	0	unregistered_impostor	0.0680595280731
T000546	enroll__speaker_enroll_7sec_kiuk_en_2	negative__speaker_negative_unregistered_speaker_0000_speaker_0000_00005	0	unregistered_impostor	0.218043909117
T000547	enroll__speaker_enroll_7sec_kiuk_en_2	negative__speaker_negative_unregistered_speaker_0000_speaker_0000_00006	0	unregistered_impostor	0.0310079256623
T000548	enroll__speaker_enroll_7sec_kiuk_en_2	negative__speaker_negative_unregistered_speaker_0000_speaker_0000_00007	0	unregistered_impostor	0.132441226732
T000549	enroll__speaker_enroll_7sec_kiuk_en_2	negative__speaker_negative_unregistered_speaker_0000_speaker_0000_00008	0	unregistered_impostor	0.0664328399213
T000550	enroll__speaker_enroll_7sec_kiuk_en_2	negative__speaker_negative_unregistered_speaker_0000_speaker_0000_00009	0	unregistered_impostor	0.193751596975
T000551	enroll__speaker_enroll_7sec_kiuk_en_2	negative__speaker_negative_unregistered_speaker_0000_speaker_0000_00010	0	unregistered_impostor	0.0808837570761
T000552	enroll__speaker_enroll_7sec_kiuk_en_2	negative__speaker_negative_unregistered_speaker_0000_speaker_0000_00011	0	unregistered_impostor	0.146304798724
T000553	enroll__speaker_enroll_7sec_kiuk_en_2	negative__speaker_negative_unregistered_speaker_0000_speaker_0000_00012	0	unregistered_impostor	0.0432311235172
T000554	enroll__speaker_enroll_7sec_kiuk_en_2	negative__speaker_negative_unregistered_speaker_0000_speaker_0000_00013	0	unregistered_impostor	0.180180592325
T000555	enroll__speaker_enroll_7sec_kiuk_en_2	negative__speaker_negative_unregistered_speaker_0000_speaker_0000_00014	0	unregistered_impostor	0.10987270572
T000556	enroll__speaker_enroll_7sec_kiuk_en_2	negative__speaker_negative_unregistered_speaker_0001_speaker_0001_00000	0	unregistered_impostor	0.122843563607
T000557	enroll__speaker_enroll_7sec_kiuk_en_2	negative__speaker_negative_unregistered_speaker_0001_speaker_0001_00001	0	unregistered_impostor	0.252383943126
T000558	enroll__speaker_enroll_7sec_kiuk_en_2	negative__speaker_negative_unregistered_speaker_0001_speaker_0001_00002	0	unregistered_impostor	0.0843527922985
T000559	enroll__speaker_enroll_7sec_kiuk_en_2	negative__speaker_negative_unregistered_speaker_0001_speaker_0001_00003	0	unregistered_impostor	0.104840961469
T000560	enroll__speaker_enroll_7sec_kiuk_en_2	negative__speaker_negative_unregistered_speaker_0001_speaker_0001_00004	0	unregistered_impostor	0.0488743718434
T000561	enroll__speaker_enroll_7sec_kiuk_en_2	negative__speaker_negative_unregistered_speaker_0001_speaker_0001_00005	0	unregistered_impostor	0.171290644798
T000562	enroll__speaker_enroll_7sec_kiuk_en_2	negative__speaker_negative_unregistered_speaker_0001_speaker_0001_00006	0	unregistered_impostor	0.123564159088
T000563	enroll__speaker_enroll_7sec_kiuk_en_2	negative__speaker_negative_unregistered_speaker_0001_speaker_0001_00007	0	unregistered_impostor	0.0957445408393
T000564	enroll__speaker_enroll_7sec_kiuk_en_2	negative__speaker_negative_unregistered_speaker_0001_speaker_0001_00008	0	unregistered_impostor	0.0820301345088
T000565	enroll__speaker_enroll_7sec_kiuk_en_2	negative__speaker_negative_unregistered_speaker_0001_speaker_0001_00009	0	unregistered_impostor	0.0729887345156
T000566	enroll__speaker_enroll_7sec_kiuk_en_2	negative__speaker_negative_unregistered_speaker_0001_speaker_0001_00010	0	unregistered_impostor	0.222348011898
T000567	enroll__speaker_enroll_7sec_kiuk_en_2	negative__speaker_negative_unregistered_speaker_0001_speaker_0001_00011	0	unregistered_impostor	0.0291192479912
T000568	enroll__speaker_enroll_7sec_kiuk_en_2	negative__speaker_negative_unregistered_speaker_0001_speaker_0001_00012	0	unregistered_impostor	0.218010860602
T000569	enroll__speaker_enroll_7sec_kiuk_en_2	negative__speaker_negative_unregistered_speaker_0001_speaker_0001_00013	0	unregistered_impostor	0.127400113188
T000570	enroll__speaker_enroll_7sec_kiuk_en_2	negative__speaker_negative_unregistered_speaker_0001_speaker_0001_00014	0	unregistered_impostor	0.128766963452
T000571	enroll__speaker_enroll_7sec_kiuk_en_2	negative__speaker_negative_unregistered_speaker_0002_speaker_0002_00000	0	unregistered_impostor	0.166756988662
T000572	enroll__speaker_enroll_7sec_kiuk_en_2	negative__speaker_negative_unregistered_speaker_0002_speaker_0002_00001	0	unregistered_impostor	0.0229808820268
T000573	enroll__speaker_enroll_7sec_kiuk_en_2	negative__speaker_negative_unregistered_speaker_0002_speaker_0002_00002	0	unregistered_impostor	0.0776821911351
T000574	enroll__speaker_enroll_7sec_kiuk_en_2	negative__speaker_negative_unregistered_speaker_0002_speaker_0002_00003	0	unregistered_impostor	0.190171255835
T000575	enroll__speaker_enroll_7sec_kiuk_en_2	negative__speaker_negative_unregistered_speaker_0002_speaker_0002_00004	0	unregistered_impostor	0.0640890928284
T000576	enroll__speaker_enroll_7sec_kiuk_en_2	negative__speaker_negative_unregistered_speaker_0002_speaker_0002_00005	0	unregistered_impostor	0.127720445485
T000577	enroll__speaker_enroll_7sec_kiuk_en_2	negative__speaker_negative_unregistered_speaker_0002_speaker_0002_00006	0	unregistered_impostor	0.170365861078
T000578	enroll__speaker_enroll_7sec_kiuk_en_2	negative__speaker_negative_unregistered_speaker_0002_speaker_0002_00007	0	unregistered_impostor	0.124779046879
T000579	enroll__speaker_enroll_7sec_kiuk_en_2	negative__speaker_negative_unregistered_speaker_0002_speaker_0002_00008	0	unregistered_impostor	0.174204215019
T000580	enroll__speaker_enroll_7sec_kiuk_en_2	negative__speaker_negative_unregistered_speaker_0002_speaker_0002_00009	0	unregistered_impostor	0.178489779652
T000581	enroll__speaker_enroll_7sec_kiuk_en_2	negative__speaker_negative_unregistered_speaker_0002_speaker_0002_00010	0	unregistered_impostor	0.184368659125
T000582	enroll__speaker_enroll_7sec_kiuk_en_2	negative__speaker_negative_unregistered_speaker_0002_speaker_0002_00011	0	unregistered_impostor	0.081460758073
T000583	enroll__speaker_enroll_7sec_kiuk_en_2	negative__speaker_negative_unregistered_speaker_0002_speaker_0002_00012	0	unregistered_impostor	0.181070755754
T000584	enroll__speaker_enroll_7sec_kiuk_en_2	negative__speaker_negative_unregistered_speaker_0002_speaker_0002_00013	0	unregistered_impostor	0.111288030458
T000585	enroll__speaker_enroll_7sec_kiuk_en_2	negative__speaker_negative_unregistered_speaker_0002_speaker_0002_00014	0	unregistered_impostor	0.115411269404
T000586	enroll__speaker_enroll_7sec_ssh_en_0	positive__speaker_identify_3sec_positive_jonah_id_0	0	registered_impostor	0.451127703367
T000587	enroll__speaker_enroll_7sec_ssh_en_0	positive__speaker_identify_3sec_positive_jonah_id_1	0	registered_impostor	0.273695779426
T000588	enroll__speaker_enroll_7sec_ssh_en_0	positive__speaker_identify_3sec_positive_jonah_id_2	0	registered_impostor	0.426911036915
T000589	enroll__speaker_enroll_7sec_ssh_en_0	positive__speaker_identify_3sec_positive_jonah_id_3	0	registered_impostor	0.280301380794
T000590	enroll__speaker_enroll_7sec_ssh_en_0	positive__speaker_identify_3sec_positive_jonah_id_4	0	registered_impostor	0.238193693499
T000591	enroll__speaker_enroll_7sec_ssh_en_0	positive__speaker_identify_3sec_positive_kim_id_0	0	registered_impostor	0.184148752627
T000592	enroll__speaker_enroll_7sec_ssh_en_0	positive__speaker_identify_3sec_positive_kim_id_1	0	registered_impostor	0.161921439818
T000593	enroll__speaker_enroll_7sec_ssh_en_0	positive__speaker_identify_3sec_positive_kim_id_2	0	registered_impostor	0.267836053829
T000594	enroll__speaker_enroll_7sec_ssh_en_0	positive__speaker_identify_3sec_positive_kim_id_3	0	registered_impostor	0.243351018335
T000595	enroll__speaker_enroll_7sec_ssh_en_0	positive__speaker_identify_3sec_positive_kim_id_4	0	registered_impostor	0.147417257475
T000596	enroll__speaker_enroll_7sec_ssh_en_0	positive__speaker_identify_3sec_positive_kiuk_id_0	0	registered_impostor	0.381972579602
T000597	enroll__speaker_enroll_7sec_ssh_en_0	positive__speaker_identify_3sec_positive_kiuk_id_1	0	registered_impostor	0.31999759578
T000598	enroll__speaker_enroll_7sec_ssh_en_0	positive__speaker_identify_3sec_positive_kiuk_id_2	0	registered_impostor	0.465630809673
T000599	enroll__speaker_enroll_7sec_ssh_en_0	positive__speaker_identify_3sec_positive_kiuk_id_3	0	registered_impostor	0.172182378345
T000600	enroll__speaker_enroll_7sec_ssh_en_0	positive__speaker_identify_3sec_positive_kiuk_id_4	0	registered_impostor	0.393466685348
T000601	enroll__speaker_enroll_7sec_ssh_en_0	positive__speaker_identify_3sec_positive_ssh_id_0	1	target	0.76397416486
T000602	enroll__speaker_enroll_7sec_ssh_en_0	positive__speaker_identify_3sec_positive_ssh_id_1	1	target	0.657696180521
T000603	enroll__speaker_enroll_7sec_ssh_en_0	positive__speaker_identify_3sec_positive_ssh_id_2	1	target	0.764800534094
T000604	enroll__speaker_enroll_7sec_ssh_en_0	positive__speaker_identify_3sec_positive_ssh_id_3	1	target	0.555481048352
T000605	enroll__speaker_enroll_7sec_ssh_en_0	positive__speaker_identify_3sec_positive_ssh_id_4	1	target	0.607768776718
T000606	enroll__speaker_enroll_7sec_ssh_en_0	negative__speaker_negative_unregistered_speaker_0000_speaker_0000_00000	0	unregistered_impostor	0.307284324285
T000607	enroll__speaker_enroll_7sec_ssh_en_0	negative__speaker_negative_unregistered_speaker_0000_speaker_0000_00001	0	unregistered_impostor	0.26019468607
T000608	enroll__speaker_enroll_7sec_ssh_en_0	negative__speaker_negative_unregistered_speaker_0000_speaker_0000_00002	0	unregistered_impostor	0.265221118857
T000609	enroll__speaker_enroll_7sec_ssh_en_0	negative__speaker_negative_unregistered_speaker_0000_speaker_0000_00003	0	unregistered_impostor	0.332249551917
T000610	enroll__speaker_enroll_7sec_ssh_en_0	negative__speaker_negative_unregistered_speaker_0000_speaker_0000_00004	0	unregistered_impostor	0.305672472504
T000611	enroll__speaker_enroll_7sec_ssh_en_0	negative__speaker_negative_unregistered_speaker_0000_speaker_0000_00005	0	unregistered_impostor	0.376189198798
T000612	enroll__speaker_enroll_7sec_ssh_en_0	negative__speaker_negative_unregistered_speaker_0000_speaker_0000_00006	0	unregistered_impostor	0.263606871962
T000613	enroll__speaker_enroll_7sec_ssh_en_0	negative__speaker_negative_unregistered_speaker_0000_speaker_0000_00007	0	unregistered_impostor	0.288595244656
T000614	enroll__speaker_enroll_7sec_ssh_en_0	negative__speaker_negative_unregistered_speaker_0000_speaker_0000_00008	0	unregistered_impostor	0.195646650389
T000615	enroll__speaker_enroll_7sec_ssh_en_0	negative__speaker_negative_unregistered_speaker_0000_speaker_0000_00009	0	unregistered_impostor	0.245049311838
T000616	enroll__speaker_enroll_7sec_ssh_en_0	negative__speaker_negative_unregistered_speaker_0000_speaker_0000_00010	0	unregistered_impostor	0.210361572402
T000617	enroll__speaker_enroll_7sec_ssh_en_0	negative__speaker_negative_unregistered_speaker_0000_speaker_0000_00011	0	unregistered_impostor	0.20581212731
T000618	enroll__speaker_enroll_7sec_ssh_en_0	negative__speaker_negative_unregistered_speaker_0000_speaker_0000_00012	0	unregistered_impostor	0.215773388793
T000619	enroll__speaker_enroll_7sec_ssh_en_0	negative__speaker_negative_unregistered_speaker_0000_speaker_0000_00013	0	unregistered_impostor	0.32213230023
T000620	enroll__speaker_enroll_7sec_ssh_en_0	negative__speaker_negative_unregistered_speaker_0000_speaker_0000_00014	0	unregistered_impostor	0.238520790749
T000621	enroll__speaker_enroll_7sec_ssh_en_0	negative__speaker_negative_unregistered_speaker_0001_speaker_0001_00000	0	unregistered_impostor	0.0254846604891
T000622	enroll__speaker_enroll_7sec_ssh_en_0	negative__speaker_negative_unregistered_speaker_0001_speaker_0001_00001	0	unregistered_impostor	0.322573758809
T000623	enroll__speaker_enroll_7sec_ssh_en_0	negative__speaker_negative_unregistered_speaker_0001_speaker_0001_00002	0	unregistered_impostor	0.192708854545
T000624	enroll__speaker_enroll_7sec_ssh_en_0	negative__speaker_negative_unregistered_speaker_0001_speaker_0001_00003	0	unregistered_impostor	0.197762376976
T000625	enroll__speaker_enroll_7sec_ssh_en_0	negative__speaker_negative_unregistered_speaker_0001_speaker_0001_00004	0	unregistered_impostor	0.159341943146
T000626	enroll__speaker_enroll_7sec_ssh_en_0	negative__speaker_negative_unregistered_speaker_0001_speaker_0001_00005	0	unregistered_impostor	0.227486614062
T000627	enroll__speaker_enroll_7sec_ssh_en_0	negative__speaker_negative_unregistered_speaker_0001_speaker_0001_00006	0	unregistered_impostor	0.192398430542
T000628	enroll__speaker_enroll_7sec_ssh_en_0	negative__speaker_negative_unregistered_speaker_0001_speaker_0001_00007	0	unregistered_impostor	0.189392384333
T000629	enroll__speaker_enroll_7sec_ssh_en_0	negative__speaker_negative_unregistered_speaker_0001_speaker_0001_00008	0	unregistered_impostor	0.184961878841
T000630	enroll__speaker_enroll_7sec_ssh_en_0	negative__speaker_negative_unregistered_speaker_0001_speaker_0001_00009	0	unregistered_impostor	0.14947009767
T000631	enroll__speaker_enroll_7sec_ssh_en_0	negative__speaker_negative_unregistered_speaker_0001_speaker_0001_00010	0	unregistered_impostor	0.171522227315
T000632	enroll__speaker_enroll_7sec_ssh_en_0	negative__speaker_negative_unregistered_speaker_0001_speaker_0001_00011	0	unregistered_impostor	0.161276288542
T000633	enroll__speaker_enroll_7sec_ssh_en_0	negative__speaker_negative_unregistered_speaker_0001_speaker_0001_00012	0	unregistered_impostor	0.172618704389
T000634	enroll__speaker_enroll_7sec_ssh_en_0	negative__speaker_negative_unregistered_speaker_0001_speaker_0001_00013	0	unregistered_impostor	0.224641731769
T000635	enroll__speaker_enroll_7sec_ssh_en_0	negative__speaker_negative_unregistered_speaker_0001_speaker_0001_00014	0	unregistered_impostor	0.175408678896
T000636	enroll__speaker_enroll_7sec_ssh_en_0	negative__speaker_negative_unregistered_speaker_0002_speaker_0002_00000	0	unregistered_impostor	0.247256629405
T000637	enroll__speaker_enroll_7sec_ssh_en_0	negative__speaker_negative_unregistered_speaker_0002_speaker_0002_00001	0	unregistered_impostor	0.146272065662
T000638	enroll__speaker_enroll_7sec_ssh_en_0	negative__speaker_negative_unregistered_speaker_0002_speaker_0002_00002	0	unregistered_impostor	0.0950720804074
T000639	enroll__speaker_enroll_7sec_ssh_en_0	negative__speaker_negative_unregistered_speaker_0002_speaker_0002_00003	0	unregistered_impostor	0.300790862101
T000640	enroll__speaker_enroll_7sec_ssh_en_0	negative__speaker_negative_unregistered_speaker_0002_speaker_0002_00004	0	unregistered_impostor	0.149052979491
T000641	enroll__speaker_enroll_7sec_ssh_en_0	negative__speaker_negative_unregistered_speaker_0002_speaker_0002_00005	0	unregistered_impostor	0.132663663697
T000642	enroll__speaker_enroll_7sec_ssh_en_0	negative__speaker_negative_unregistered_speaker_0002_speaker_0002_00006	0	unregistered_impostor	0.164770068863
T000643	enroll__speaker_enroll_7sec_ssh_en_0	negative__speaker_negative_unregistered_speaker_0002_speaker_0002_00007	0	unregistered_impostor	0.274802474108
T000644	enroll__speaker_enroll_7sec_ssh_en_0	negative__speaker_negative_unregistered_speaker_0002_speaker_0002_00008	0	unregistered_impostor	0.256629435304
T000645	enroll__speaker_enroll_7sec_ssh_en_0	negative__speaker_negative_unregistered_speaker_0002_speaker_0002_00009	0	unregistered_impostor	0.257436820636
T000646	enroll__speaker_enroll_7sec_ssh_en_0	negative__speaker_negative_unregistered_speaker_0002_speaker_0002_00010	0	unregistered_impostor	0.236506611294
T000647	enroll__speaker_enroll_7sec_ssh_en_0	negative__speaker_negative_unregistered_speaker_0002_speaker_0002_00011	0	unregistered_impostor	0.12749073613
T000648	enroll__speaker_enroll_7sec_ssh_en_0	negative__speaker_negative_unregistered_speaker_0002_speaker_0002_00012	0	unregistered_impostor	0.152586768603
T000649	enroll__speaker_enroll_7sec_ssh_en_0	negative__speaker_negative_unregistered_speaker_0002_speaker_0002_00013	0	unregistered_impostor	0.171430013222
T000650	enroll__speaker_enroll_7sec_ssh_en_0	negative__speaker_negative_unregistered_speaker_0002_speaker_0002_00014	0	unregistered_impostor	0.177506981267
T000651	enroll__speaker_enroll_7sec_ssh_en_1	positive__speaker_identify_3sec_positive_jonah_id_0	0	registered_impostor	0.412997436816
T000652	enroll__speaker_enroll_7sec_ssh_en_1	positive__speaker_identify_3sec_positive_jonah_id_1	0	registered_impostor	0.32973559289
T000653	enroll__speaker_enroll_7sec_ssh_en_1	positive__speaker_identify_3sec_positive_jonah_id_2	0	registered_impostor	0.376523439571
T000654	enroll__speaker_enroll_7sec_ssh_en_1	positive__speaker_identify_3sec_positive_jonah_id_3	0	registered_impostor	0.383886375035
T000655	enroll__speaker_enroll_7sec_ssh_en_1	positive__speaker_identify_3sec_positive_jonah_id_4	0	registered_impostor	0.340127149713
T000656	enroll__speaker_enroll_7sec_ssh_en_1	positive__speaker_identify_3sec_positive_kim_id_0	0	registered_impostor	0.210033453118
T000657	enroll__speaker_enroll_7sec_ssh_en_1	positive__speaker_identify_3sec_positive_kim_id_1	0	registered_impostor	0.212724588613
T000658	enroll__speaker_enroll_7sec_ssh_en_1	positive__speaker_identify_3sec_positive_kim_id_2	0	registered_impostor	0.15241762301
T000659	enroll__speaker_enroll_7sec_ssh_en_1	positive__speaker_identify_3sec_positive_kim_id_3	0	registered_impostor	0.305643973484
T000660	enroll__speaker_enroll_7sec_ssh_en_1	positive__speaker_identify_3sec_positive_kim_id_4	0	registered_impostor	0.155722238276
T000661	enroll__speaker_enroll_7sec_ssh_en_1	positive__speaker_identify_3sec_positive_kiuk_id_0	0	registered_impostor	0.493615950809
T000662	enroll__speaker_enroll_7sec_ssh_en_1	positive__speaker_identify_3sec_positive_kiuk_id_1	0	registered_impostor	0.531308209735
T000663	enroll__speaker_enroll_7sec_ssh_en_1	positive__speaker_identify_3sec_positive_kiuk_id_2	0	registered_impostor	0.517464837202
T000664	enroll__speaker_enroll_7sec_ssh_en_1	positive__speaker_identify_3sec_positive_kiuk_id_3	0	registered_impostor	0.154150366242
T000665	enroll__speaker_enroll_7sec_ssh_en_1	positive__speaker_identify_3sec_positive_kiuk_id_4	0	registered_impostor	0.595320895721
T000666	enroll__speaker_enroll_7sec_ssh_en_1	positive__speaker_identify_3sec_positive_ssh_id_0	1	target	0.698465737428
T000667	enroll__speaker_enroll_7sec_ssh_en_1	positive__speaker_identify_3sec_positive_ssh_id_1	1	target	0.700038586352
T000668	enroll__speaker_enroll_7sec_ssh_en_1	positive__speaker_identify_3sec_positive_ssh_id_2	1	target	0.534415060012
T000669	enroll__speaker_enroll_7sec_ssh_en_1	positive__speaker_identify_3sec_positive_ssh_id_3	1	target	0.662665978403
T000670	enroll__speaker_enroll_7sec_ssh_en_1	positive__speaker_identify_3sec_positive_ssh_id_4	1	target	0.703614886971
T000671	enroll__speaker_enroll_7sec_ssh_en_1	negative__speaker_negative_unregistered_speaker_0000_speaker_0000_00000	0	unregistered_impostor	0.228833721734
T000672	enroll__speaker_enroll_7sec_ssh_en_1	negative__speaker_negative_unregistered_speaker_0000_speaker_0000_00001	0	unregistered_impostor	0.164811888446
T000673	enroll__speaker_enroll_7sec_ssh_en_1	negative__speaker_negative_unregistered_speaker_0000_speaker_0000_00002	0	unregistered_impostor	0.200356649061
T000674	enroll__speaker_enroll_7sec_ssh_en_1	negative__speaker_negative_unregistered_speaker_0000_speaker_0000_00003	0	unregistered_impostor	0.228263756306
T000675	enroll__speaker_enroll_7sec_ssh_en_1	negative__speaker_negative_unregistered_speaker_0000_speaker_0000_00004	0	unregistered_impostor	0.182238071822
T000676	enroll__speaker_enroll_7sec_ssh_en_1	negative__speaker_negative_unregistered_speaker_0000_speaker_0000_00005	0	unregistered_impostor	0.382780430953
T000677	enroll__speaker_enroll_7sec_ssh_en_1	negative__speaker_negative_unregistered_speaker_0000_speaker_0000_00006	0	unregistered_impostor	0.161733756995
T000678	enroll__speaker_enroll_7sec_ssh_en_1	negative__speaker_negative_unregistered_speaker_0000_speaker_0000_00007	0	unregistered_impostor	0.219077017986
T000679	enroll__speaker_enroll_7sec_ssh_en_1	negative__speaker_negative_unregistered_speaker_0000_speaker_0000_00008	0	unregistered_impostor	0.0754774936406
T000680	enroll__speaker_enroll_7sec_ssh_en_1	negative__speaker_negative_unregistered_speaker_0000_speaker_0000_00009	0	unregistered_impostor	0.225070082707
T000681	enroll__speaker_enroll_7sec_ssh_en_1	negative__speaker_negative_unregistered_speaker_0000_speaker_0000_00010	0	unregistered_impostor	0.207184728362
T000682	enroll__speaker_enroll_7sec_ssh_en_1	negative__speaker_negative_unregistered_speaker_0000_speaker_0000_00011	0	unregistered_impostor	0.134110735427
T000683	enroll__speaker_enroll_7sec_ssh_en_1	negative__speaker_negative_unregistered_speaker_0000_speaker_0000_00012	0	unregistered_impostor	0.190287071602
T000684	enroll__speaker_enroll_7sec_ssh_en_1	negative__speaker_negative_unregistered_speaker_0000_speaker_0000_00013	0	unregistered_impostor	0.215430845294
T000685	enroll__speaker_enroll_7sec_ssh_en_1	negative__speaker_negative_unregistered_speaker_0000_speaker_0000_00014	0	unregistered_impostor	0.20216542504
T000686	enroll__speaker_enroll_7sec_ssh_en_1	negative__speaker_negative_unregistered_speaker_0001_speaker_0001_00000	0	unregistered_impostor	0.062527847274
T000687	enroll__speaker_enroll_7sec_ssh_en_1	negative__speaker_negative_unregistered_speaker_0001_speaker_0001_00001	0	unregistered_impostor	0.198091272711
T000688	enroll__speaker_enroll_7sec_ssh_en_1	negative__speaker_negative_unregistered_speaker_0001_speaker_0001_00002	0	unregistered_impostor	0.18195960347
T000689	enroll__speaker_enroll_7sec_ssh_en_1	negative__speaker_negative_unregistered_speaker_0001_speaker_0001_00003	0	unregistered_impostor	0.179610571911
T000690	enroll__speaker_enroll_7sec_ssh_en_1	negative__speaker_negative_unregistered_speaker_0001_speaker_0001_00004	0	unregistered_impostor	0.0825511202344
T000691	enroll__speaker_enroll_7sec_ssh_en_1	negative__speaker_negative_unregistered_speaker_0001_speaker_0001_00005	0	unregistered_impostor	0.174741551788
T000692	enroll__speaker_enroll_7sec_ssh_en_1	negative__speaker_negative_unregistered_speaker_0001_speaker_0001_00006	0	unregistered_impostor	0.146637146202
T000693	enroll__speaker_enroll_7sec_ssh_en_1	negative__speaker_negative_unregistered_speaker_0001_speaker_0001_00007	0	unregistered_impostor	0.186409926982
T000694	enroll__speaker_enroll_7sec_ssh_en_1	negative__speaker_negative_unregistered_speaker_0001_speaker_0001_00008	0	unregistered_impostor	0.131894035687
T000695	enroll__speaker_enroll_7sec_ssh_en_1	negative__speaker_negative_unregistered_speaker_0001_speaker_0001_00009	0	unregistered_impostor	0.120207458848
T000696	enroll__speaker_enroll_7sec_ssh_en_1	negative__speaker_negative_unregistered_speaker_0001_speaker_0001_00010	0	unregistered_impostor	0.168513880665
T000697	enroll__speaker_enroll_7sec_ssh_en_1	negative__speaker_negative_unregistered_speaker_0001_speaker_0001_00011	0	unregistered_impostor	0.15915159836
T000698	enroll__speaker_enroll_7sec_ssh_en_1	negative__speaker_negative_unregistered_speaker_0001_speaker_0001_00012	0	unregistered_impostor	0.0911000748963
T000699	enroll__speaker_enroll_7sec_ssh_en_1	negative__speaker_negative_unregistered_speaker_0001_speaker_0001_00013	0	unregistered_impostor	0.151795977555
T000700	enroll__speaker_enroll_7sec_ssh_en_1	negative__speaker_negative_unregistered_speaker_0001_speaker_0001_00014	0	unregistered_impostor	0.123497120651
T000701	enroll__speaker_enroll_7sec_ssh_en_1	negative__speaker_negative_unregistered_speaker_0002_speaker_0002_00000	0	unregistered_impostor	0.143348142316
T000702	enroll__speaker_enroll_7sec_ssh_en_1	negative__speaker_negative_unregistered_speaker_0002_speaker_0002_00001	0	unregistered_impostor	0.0275886793381
T000703	enroll__speaker_enroll_7sec_ssh_en_1	negative__speaker_negative_unregistered_speaker_0002_speaker_0002_00002	0	unregistered_impostor	-0.0105677010805
T000704	enroll__speaker_enroll_7sec_ssh_en_1	negative__speaker_negative_unregistered_speaker_0002_speaker_0002_00003	0	unregistered_impostor	0.119466237666
T000705	enroll__speaker_enroll_7sec_ssh_en_1	negative__speaker_negative_unregistered_speaker_0002_speaker_0002_00004	0	unregistered_impostor	0.0608482509293
T000706	enroll__speaker_enroll_7sec_ssh_en_1	negative__speaker_negative_unregistered_speaker_0002_speaker_0002_00005	0	unregistered_impostor	0.0485593869121
T000707	enroll__speaker_enroll_7sec_ssh_en_1	negative__speaker_negative_unregistered_speaker_0002_speaker_0002_00006	0	unregistered_impostor	0.102120458055
T000708	enroll__speaker_enroll_7sec_ssh_en_1	negative__speaker_negative_unregistered_speaker_0002_speaker_0002_00007	0	unregistered_impostor	0.103725940303
T000709	enroll__speaker_enroll_7sec_ssh_en_1	negative__speaker_negative_unregistered_speaker_0002_speaker_0002_00008	0	unregistered_impostor	0.114476116531
T000710	enroll__speaker_enroll_7sec_ssh_en_1	negative__speaker_negative_unregistered_speaker_0002_speaker_0002_00009	0	unregistered_impostor	0.138033071905
T000711	enroll__speaker_enroll_7sec_ssh_en_1	negative__speaker_negative_unregistered_speaker_0002_speaker_0002_00010	0	unregistered_impostor	0.163017633349
T000712	enroll__speaker_enroll_7sec_ssh_en_1	negative__speaker_negative_unregistered_speaker_0002_speaker_0002_00011	0	unregistered_impostor	0.0614801166321
T000713	enroll__speaker_enroll_7sec_ssh_en_1	negative__speaker_negative_unregistered_speaker_0002_speaker_0002_00012	0	unregistered_impostor	0.0791198174688
T000714	enroll__speaker_enroll_7sec_ssh_en_1	negative__speaker_negative_unregistered_speaker_0002_speaker_0002_00013	0	unregistered_impostor	0.0717539452566
T000715	enroll__speaker_enroll_7sec_ssh_en_1	negative__speaker_negative_unregistered_speaker_0002_speaker_0002_00014	0	unregistered_impostor	0.0454463228137
T000716	enroll__speaker_enroll_7sec_ssh_en_2	positive__speaker_identify_3sec_positive_jonah_id_0	0	registered_impostor	0.333399905654
T000717	enroll__speaker_enroll_7sec_ssh_en_2	positive__speaker_identify_3sec_positive_jonah_id_1	0	registered_impostor	0.262213765822
T000718	enroll__speaker_enroll_7sec_ssh_en_2	positive__speaker_identify_3sec_positive_jonah_id_2	0	registered_impostor	0.366620989887
T000719	enroll__speaker_enroll_7sec_ssh_en_2	positive__speaker_identify_3sec_positive_jonah_id_3	0	registered_impostor	0.332516769152
T000720	enroll__speaker_enroll_7sec_ssh_en_2	positive__speaker_identify_3sec_positive_jonah_id_4	0	registered_impostor	0.233781691442
T000721	enroll__speaker_enroll_7sec_ssh_en_2	positive__speaker_identify_3sec_positive_kim_id_0	0	registered_impostor	0.118807377605
T000722	enroll__speaker_enroll_7sec_ssh_en_2	positive__speaker_identify_3sec_positive_kim_id_1	0	registered_impostor	0.130865503094
T000723	enroll__speaker_enroll_7sec_ssh_en_2	positive__speaker_identify_3sec_positive_kim_id_2	0	registered_impostor	0.149002184113
T000724	enroll__speaker_enroll_7sec_ssh_en_2	positive__speaker_identify_3sec_positive_kim_id_3	0	registered_impostor	0.249709109024
T000725	enroll__speaker_enroll_7sec_ssh_en_2	positive__speaker_identify_3sec_positive_kim_id_4	0	registered_impostor	0.118791762759
T000726	enroll__speaker_enroll_7sec_ssh_en_2	positive__speaker_identify_3sec_positive_kiuk_id_0	0	registered_impostor	0.332717136455
T000727	enroll__speaker_enroll_7sec_ssh_en_2	positive__speaker_identify_3sec_positive_kiuk_id_1	0	registered_impostor	0.396195356829
T000728	enroll__speaker_enroll_7sec_ssh_en_2	positive__speaker_identify_3sec_positive_kiuk_id_2	0	registered_impostor	0.505733180353
T000729	enroll__speaker_enroll_7sec_ssh_en_2	positive__speaker_identify_3sec_positive_kiuk_id_3	0	registered_impostor	0.216706914667
T000730	enroll__speaker_enroll_7sec_ssh_en_2	positive__speaker_identify_3sec_positive_kiuk_id_4	0	registered_impostor	0.511042324352
T000731	enroll__speaker_enroll_7sec_ssh_en_2	positive__speaker_identify_3sec_positive_ssh_id_0	1	target	0.697519767938
T000732	enroll__speaker_enroll_7sec_ssh_en_2	positive__speaker_identify_3sec_positive_ssh_id_1	1	target	0.717172080193
T000733	enroll__speaker_enroll_7sec_ssh_en_2	positive__speaker_identify_3sec_positive_ssh_id_2	1	target	0.621770743184
T000734	enroll__speaker_enroll_7sec_ssh_en_2	positive__speaker_identify_3sec_positive_ssh_id_3	1	target	0.711192635264
T000735	enroll__speaker_enroll_7sec_ssh_en_2	positive__speaker_identify_3sec_positive_ssh_id_4	1	target	0.660726159663
T000736	enroll__speaker_enroll_7sec_ssh_en_2	negative__speaker_negative_unregistered_speaker_0000_speaker_0000_00000	0	unregistered_impostor	0.137711576075
T000737	enroll__speaker_enroll_7sec_ssh_en_2	negative__speaker_negative_unregistered_speaker_0000_speaker_0000_00001	0	unregistered_impostor	0.198832007192
T000738	enroll__speaker_enroll_7sec_ssh_en_2	negative__speaker_negative_unregistered_speaker_0000_speaker_0000_00002	0	unregistered_impostor	0.166173172945
T000739	enroll__speaker_enroll_7sec_ssh_en_2	negative__speaker_negative_unregistered_speaker_0000_speaker_0000_00003	0	unregistered_impostor	0.18613574935
T000740	enroll__speaker_enroll_7sec_ssh_en_2	negative__speaker_negative_unregistered_speaker_0000_speaker_0000_00004	0	unregistered_impostor	0.135209899486
T000741	enroll__speaker_enroll_7sec_ssh_en_2	negative__speaker_negative_unregistered_speaker_0000_speaker_0000_00005	0	unregistered_impostor	0.230592963391
T000742	enroll__speaker_enroll_7sec_ssh_en_2	negative__speaker_negative_unregistered_speaker_0000_speaker_0000_00006	0	unregistered_impostor	0.144274217015
T000743	enroll__speaker_enroll_7sec_ssh_en_2	negative__speaker_negative_unregistered_speaker_0000_speaker_0000_00007	0	unregistered_impostor	0.18812194828
T000744	enroll__speaker_enroll_7sec_ssh_en_2	negative__speaker_negative_unregistered_speaker_0000_speaker_0000_00008	0	unregistered_impostor	0.0654660241246
T000745	enroll__speaker_enroll_7sec_ssh_en_2	negative__speaker_negative_unregistered_speaker_0000_speaker_0000_00009	0	unregistered_impostor	0.150073843483
T000746	enroll__speaker_enroll_7sec_ssh_en_2	negative__speaker_negative_unregistered_speaker_0000_speaker_0000_00010	0	unregistered_impostor	0.114119840945
T000747	enroll__speaker_enroll_7sec_ssh_en_2	negative__speaker_negative_unregistered_speaker_0000_speaker_0000_00011	0	unregistered_impostor	0.161085257056
T000748	enroll__speaker_enroll_7sec_ssh_en_2	negative__speaker_negative_unregistered_speaker_0000_speaker_0000_00012	0	unregistered_impostor	0.208363193823
T000749	enroll__speaker_enroll_7sec_ssh_en_2	negative__speaker_negative_unregistered_speaker_0000_speaker_0000_00013	0	unregistered_impostor	0.165599280548
T000750	enroll__speaker_enroll_7sec_ssh_en_2	negative__speaker_negative_unregistered_speaker_0000_speaker_0000_00014	0	unregistered_impostor	0.137372270995
T000751	enroll__speaker_enroll_7sec_ssh_en_2	negative__speaker_negative_unregistered_speaker_0001_speaker_0001_00000	0	unregistered_impostor	-0.108897927834
T000752	enroll__speaker_enroll_7sec_ssh_en_2	negative__speaker_negative_unregistered_speaker_0001_speaker_0001_00001	0	unregistered_impostor	0.0857954351423
T000753	enroll__speaker_enroll_7sec_ssh_en_2	negative__speaker_negative_unregistered_speaker_0001_speaker_0001_00002	0	unregistered_impostor	0.0448609466864
T000754	enroll__speaker_enroll_7sec_ssh_en_2	negative__speaker_negative_unregistered_speaker_0001_speaker_0001_00003	0	unregistered_impostor	0.0101540488256
T000755	enroll__speaker_enroll_7sec_ssh_en_2	negative__speaker_negative_unregistered_speaker_0001_speaker_0001_00004	0	unregistered_impostor	0.00402710682443
T000756	enroll__speaker_enroll_7sec_ssh_en_2	negative__speaker_negative_unregistered_speaker_0001_speaker_0001_00005	0	unregistered_impostor	0.029804640731
T000757	enroll__speaker_enroll_7sec_ssh_en_2	negative__speaker_negative_unregistered_speaker_0001_speaker_0001_00006	0	unregistered_impostor	0.0585072102472
T000758	enroll__speaker_enroll_7sec_ssh_en_2	negative__speaker_negative_unregistered_speaker_0001_speaker_0001_00007	0	unregistered_impostor	0.0579028711188
T000759	enroll__speaker_enroll_7sec_ssh_en_2	negative__speaker_negative_unregistered_speaker_0001_speaker_0001_00008	0	unregistered_impostor	0.0826116962743
T000760	enroll__speaker_enroll_7sec_ssh_en_2	negative__speaker_negative_unregistered_speaker_0001_speaker_0001_00009	0	unregistered_impostor	0.104918622227
T000761	enroll__speaker_enroll_7sec_ssh_en_2	negative__speaker_negative_unregistered_speaker_0001_speaker_0001_00010	0	unregistered_impostor	0.0722708830459
T000762	enroll__speaker_enroll_7sec_ssh_en_2	negative__speaker_negative_unregistered_speaker_0001_speaker_0001_00011	0	unregistered_impostor	0.0180047377179
T000763	enroll__speaker_enroll_7sec_ssh_en_2	negative__speaker_negative_unregistered_speaker_0001_speaker_0001_00012	0	unregistered_impostor	0.0583043215941
T000764	enroll__speaker_enroll_7sec_ssh_en_2	negative__speaker_negative_unregistered_speaker_0001_speaker_0001_00013	0	unregistered_impostor	0.0707973073604
T000765	enroll__speaker_enroll_7sec_ssh_en_2	negative__speaker_negative_unregistered_speaker_0001_speaker_0001_00014	0	unregistered_impostor	-0.00517498611282
T000766	enroll__speaker_enroll_7sec_ssh_en_2	negative__speaker_negative_unregistered_speaker_0002_speaker_0002_00000	0	unregistered_impostor	0.0708778126254
T000767	enroll__speaker_enroll_7sec_ssh_en_2	negative__speaker_negative_unregistered_speaker_0002_speaker_0002_00001	0	unregistered_impostor	-0.09549175427
T000768	enroll__speaker_enroll_7sec_ssh_en_2	negative__speaker_negative_unregistered_speaker_0002_speaker_0002_00002	0	unregistered_impostor	-0.0276036421122
T000769	enroll__speaker_enroll_7sec_ssh_en_2	negative__speaker_negative_unregistered_speaker_0002_speaker_0002_00003	0	unregistered_impostor	0.052987964986
T000770	enroll__speaker_enroll_7sec_ssh_en_2	negative__speaker_negative_unregistered_speaker_0002_speaker_0002_00004	0	unregistered_impostor	0.0751046021008
T000771	enroll__speaker_enroll_7sec_ssh_en_2	negative__speaker_negative_unregistered_speaker_0002_speaker_0002_00005	0	unregistered_impostor	-0.0644036504223
T000772	enroll__speaker_enroll_7sec_ssh_en_2	negative__speaker_negative_unregistered_speaker_0002_speaker_0002_00006	0	unregistered_impostor	0.0299317129399
T000773	enroll__speaker_enroll_7sec_ssh_en_2	negative__speaker_negative_unregistered_speaker_0002_speaker_0002_00007	0	unregistered_impostor	0.127295837135
T000774	enroll__speaker_enroll_7sec_ssh_en_2	negative__speaker_negative_unregistered_speaker_0002_speaker_0002_00008	0	unregistered_impostor	0.0940369416709
T000775	enroll__speaker_enroll_7sec_ssh_en_2	negative__speaker_negative_unregistered_speaker_0002_speaker_0002_00009	0	unregistered_impostor	0.12516039327
T000776	enroll__speaker_enroll_7sec_ssh_en_2	negative__speaker_negative_unregistered_speaker_0002_speaker_0002_00010	0	unregistered_impostor	0.0914395951687
T000777	enroll__speaker_enroll_7sec_ssh_en_2	negative__speaker_negative_unregistered_speaker_0002_speaker_0002_00011	0	unregistered_impostor	-0.0164554239411
T000778	enroll__speaker_enroll_7sec_ssh_en_2	negative__speaker_negative_unregistered_speaker_0002_speaker_0002_00012	0	unregistered_impostor	-0.0486805960402
T000779	enroll__speaker_enroll_7sec_ssh_en_2	negative__speaker_negative_unregistered_speaker_0002_speaker_0002_00013	0	unregistered_impostor	0.0100248705829
T000780	enroll__speaker_enroll_7sec_ssh_en_2	negative__speaker_negative_unregistered_speaker_0002_speaker_0002_00014	0	unregistered_impostor	0.0228456778406
