trial_id	enroll_id	test_id	target	trial_type	score
T000001	enroll__speaker_enroll_7sec_jonah_en_0	positive__speaker_identify_3sec_positive_jonah_id_0	1	target	0.0934316832817
T000002	enroll__speaker_enroll_7sec_jonah_en_0	positive__speaker_identify_3sec_positive_jonah_id_1	1	target	0.22265873836
T000003	enroll__speaker_enroll_7sec_jonah_en_0	positive__speaker_identify_3sec_positive_jonah_id_2	1	target	0.0812946590881
T000004	enroll__speaker_enroll_7sec_jonah_en_0	positive__speaker_identify_3sec_positive_jonah_id_3	1	target	0.0997953647112
T000005	enroll__speaker_enroll_7sec_jonah_en_0	positive__speaker_identify_3sec_positive_jonah_id_4	1	target	0.337535308909
T000006	enroll__speaker_enroll_7sec_jonah_en_0	positive__speaker_identify_3sec_positive_kim_id_0	0	registered_impostor	0.085713892037
T000007	enroll__speaker_enroll_7sec_jonah_en_0	positive__speaker_identify_3sec_positive_kim_id_1	0	registered_impostor	0.312926532777
T000008	enroll__speaker_enroll_7sec_jonah_en_0	positive__speaker_identify_3sec_positive_kim_id_2	0	registered_impostor	0.28777017743
T000009	enroll__speaker_enroll_7sec_jonah_en_0	positive__speaker_identify_3sec_positive_kim_id_3	0	registered_impostor	0.365471637563
T000010	enroll__speaker_enroll_7sec_jonah_en_0	positive__speaker_identify_3sec_positive_kim_id_4	0	registered_impostor	0.350607638052
T000011	enroll__speaker_enroll_7sec_jonah_en_0	positive__speaker_identify_3sec_positive_kiuk_id_0	0	registered_impostor	0.0454905059614
T000012	enroll__speaker_enroll_7sec_jonah_en_0	positive__speaker_identify_3sec_positive_kiuk_id_1	0	registered_impostor	0.112866036061
T000013	enroll__speaker_enroll_7sec_jonah_en_0	positive__speaker_identify_3sec_positive_kiuk_id_2	0	registered_impostor	0.240767210434
T000014	enroll__speaker_enroll_7sec_jonah_en_0	positive__speaker_identify_3sec_positive_kiuk_id_3	0	registered_impostor	0.183023263818
T000015	enroll__speaker_enroll_7sec_jonah_en_0	positive__speaker_identify_3sec_positive_kiuk_id_4	0	registered_impostor	0.0792892614773
T000016	enroll__speaker_enroll_7sec_jonah_en_0	positive__speaker_identify_3sec_positive_ssh_id_0	0	registered_impostor	0.1924058176
T000017	enroll__speaker_enroll_7sec_jonah_en_0	positive__speaker_identify_3sec_positive_ssh_id_1	0	registered_impostor	0.197271796994
T000018	enroll__speaker_enroll_7sec_jonah_en_0	positive__speaker_identify_3sec_positive_ssh_id_2	0	registered_impostor	0.0835043106165
T000019	enroll__speaker_enroll_7sec_jonah_en_0	positive__speaker_identify_3sec_positive_ssh_id_3	0	registered_impostor	0.0762348943225
T000020	enroll__speaker_enroll_7sec_jonah_en_0	positive__speaker_identify_3sec_positive_ssh_id_4	0	registered_impostor	0.229027840934
T000021	enroll__speaker_enroll_7sec_jonah_en_0	negative__speaker_negative_unregistered_speaker_0000_speaker_0000_00000	0	unregistered_impostor	0.231434329698
T000022	enroll__speaker_enroll_7sec_jonah_en_0	negative__speaker_negative_unregistered_speaker_0000_speaker_0000_00001	0	unregistered_impostor	0.192486974194
T000023	enroll__speaker_enroll_7sec_jonah_en_0	negative__speaker_negative_unregistered_speaker_0000_speaker_0000_00002	0	unregistered_impostor	0.205296585508
T000024	enroll__speaker_enroll_7sec_jonah_en_0	negative__speaker_negative_unregistered_speaker_0000_speaker_0000_00003	0	unregistered_impostor	0.130114738209
T000025	enroll__speaker_enroll_7sec_jonah_en_0	negative__speaker_negative_unregistered_speaker_0000_speaker_0000_00004	0	unregistered_impostor	0.149798380648
T000026	enroll__speaker_enroll_7sec_jonah_en_0	negative__speaker_negative_unregistered_speaker_0000_speaker_0000_00005	0	unregistered_impostor	0.17980247381
T000027	enroll__speaker_enroll_7sec_jonah_en_0	negative__speaker_negative_unregistered_speaker_0000_speaker_0000_00006	0	unregistered_impostor	0.231598430584
T000028	enroll__speaker_enroll_7sec_jonah_en_0	negative__speaker_negative_unregistered_speaker_0000_speaker_0000_00007	0	unregistered_impostor	0.0645765228545
T000029	enroll__speaker_enroll_7sec_jonah_en_0	negative__speaker_negative_unregistered_speaker_0000_speaker_0000_00008	0	unregistered_impostor	0.0734509169609
T000030	enroll__speaker_enroll_7sec_jonah_en_0	negative__speaker_negative_unregistered_speaker_0000_speaker_0000_00009	0	unregistered_impostor	0.134909295803
T000031	enroll__speaker_enroll_7sec_jonah_en_0	negative__speaker_negative_unregistered_speaker_0000_speaker_0000_00010	0	unregistered_impostor	0.168870987253
T000032	enroll__speaker_enroll_7sec_jonah_en_0	negative__speaker_negative_unregistered_speaker_0000_speaker_0000_00011	0	unregistered_impostor	0.23517161776
T000033	enroll__speaker_enroll_7sec_jonah_en_0	negative__speaker_negative_unregistered_speaker_0000_speaker_0000_00012	0	unregistered_impostor	0.0856949527285
T000034	enroll__speaker_enroll_7sec_jonah_en_0	negative__speaker_negative_unregistered_speaker_0000_speaker_0000_00013	0	unregistered_impostor	0.249700387558
T000035	enroll__speaker_enroll_7sec_jonah_en_0	negative__speaker_negative_unregistered_speaker_0000_speaker_0000_00014	0	unregistered_impostor	0.136540067341
T000036	enroll__speaker_enroll_7sec_jonah_en_0	negative__speaker_negative_unregistered_speaker_0001_speaker_0001_00000	0	unregistered_impostor	0.0517275902497
T000037	enroll__speaker_enroll_7sec_jonah_en_0	negative__speaker_negative_unregistered_speaker_0001_speaker_0001_00001	0	unregistered_impostor	0.269687272405
T000038	enroll__speaker_enroll_7sec_jonah_en_0	negative__speaker_negative_unregistered_speaker_0001_speaker_0001_00002	0	unregistered_impostor	0.117010254371
T000039	enroll__speaker_enroll_7sec_jonah_en_0	negative__speaker_negative_unregistered_speaker_0001_speaker_0001_00003	0	unregistered_impostor	0.0466648072677
T000040	enroll__speaker_enroll_7sec_jonah_en_0	negative__speaker_negative_unregistered_speaker_0001_speaker_0001_00004	0	unregistered_impostor	0.196647071994
T000041	enroll__speaker_enroll_7sec_jonah_en_0	negative__speaker_negative_unregistered_speaker_0001_speaker_0001_00005	0	unregistered_impostor	0.0140737708269
T000042	enroll__speaker_enroll_7sec_jonah_en_0	negative__speaker_negative_unregistered_speaker_0001_speaker_0001_00006	0	unregistered_impostor	0.107956616273
T000043	enroll__speaker_enroll_7sec_jonah_en_0	negative__speaker_negative_unregistered_speaker_0001_speaker_0001_00007	0	unregistered_impostor	0.0899938901978
T000044	enroll__speaker_enroll_7sec_jonah_en_0	negative__speaker_negative_unregistered_speaker_0001_speaker_0001_00008	0	unregistered_impostor	0.163293821629
T000045	enroll__speaker_enroll_7sec_jonah_en_0	negative__speaker_negative_unregistered_speaker_0001_speaker_0001_00009	0	unregistered_impostor	0.0971786950856
T000046	enroll__speaker_enroll_7sec_jonah_en_0	negative__speaker_negative_unregistered_speaker_0001_speaker_0001_00010	0	unregistered_impostor	0.135139829966
T000047	enroll__speaker_enroll_7sec_jonah_en_0	negative__speaker_negative_unregistered_speaker_0001_speaker_0001_00011	0	unregistered_impostor	0.141490278822
T000048	enroll__speaker_enroll_7sec_jonah_en_0	negative__speaker_negative_unregistered_speaker_0001_speaker_0001_00012	0	unregistered_impostor	0.10583293404
T000049	enroll__speaker_enroll_7sec_jonah_en_0	negative__speaker_negative_unregistered_speaker_0001_speaker_0001_00013	0	unregistered_impostor	0.131453306148
T000050	enroll__speaker_enroll_7sec_jonah_en_0	negative__speaker_negative_unregistered_speaker_0001_speaker_0001_00014	0	unregistered_impostor	0.19283101023
T000051	enroll__speaker_enroll_7sec_jonah_en_0	negative__speaker_negative_unregistered_speaker_0002_speaker_0002_00000	0	unregistered_impostor	0.190651631465
T000052	enroll__speaker_enroll_7sec_jonah_en_0	negative__speaker_negative_unregistered_speaker_0002_speaker_0002_00001	0	unregistered_impostor	0.107986350582
T000053	enroll__speaker_enroll_7sec_jonah_en_0	negative__speaker_negative_unregistered_speaker_0002_speaker_0002_00002	0	unregistered_impostor	0.118710723866
T000054	enroll__speaker_enroll_7sec_jonah_en_0	negative__speaker_negative_unregistered_speaker_0002_speaker_0002_00003	0	unregistered_impostor	0.0161509861681
T000055	enroll__speaker_enroll_7sec_jonah_en_0	negative__speaker_negative_unregistered_speaker_0002_speaker_0002_00004	0	unregistered_impostor	0.119464868528
T000056	enroll__speaker_enroll_7sec_jonah_en_0	negative__speaker_negative_unregistered_speaker_0002_speaker_0002_00005	0	unregistered_impostor	0.17683254992
T000057	enroll__speaker_enroll_7sec_jonah_en_0	negative__speaker_negative_unregistered_speaker_0002_speaker_0002_00006	0	unregistered_impostor	0.0114454945781
T000058	enroll__speaker_enroll_7sec_jonah_en_0	negative__speaker_negative_unregistered_speaker_0002_speaker_0002_00007	0	unregistered_impostor	0.141909811893
T000059	enroll__speaker_enroll_7sec_jonah_en_0	negative__speaker_negative_unregistered_speaker_0002_speaker_0002_00008	0	unregistered_impostor	0.277953606851
T000060	enroll__speaker_enroll_7sec_jonah_en_0	negative__speaker_negative_unregistered_speaker_0002_speaker_0002_00009	0	unregistered_impostor	0.0706232617838
T000061	enroll__speaker_enroll_7sec_jonah_en_0	negative__speaker_negative_unregistered_speaker_0002_speaker_0002_00010	0	unregistered_impostor	0.225287652432
T000062	enroll__speaker_enroll_7sec_jonah_en_0	negative__speaker_negative_unregistered_speaker_0002_speaker_0002_00011	0	unregistered_impostor	0.0501927187615
T000063	enroll__speaker_enroll_7sec_jonah_en_0	negative__speaker_negative_unregistered_speaker_0002_speaker_0002_00012	0	unregistered_impostor	0.172509932898
T000064	enroll__speaker_enroll_7sec_jonah_en_0	negative__speaker_negative_unregistered_speaker_0002_speaker_0002_00013	0	unregistered_impostor	0.0563580377659
T000065	enroll__speaker_enroll_7sec_jonah_en_0	negative__speaker_negative_unregistered_speaker_0002_speaker_0002_00014	0	unregistered_impostor	0.119865222926
T000066	enroll__speaker_enroll_7sec_jonah_en_1	positive__speaker_identify_3sec_positive_jonah_id_0	1	target	0.0351711158761
T000067	enroll__speaker_enroll_7sec_jonah_en_1	positive__speaker_identify_3sec_positive_jonah_id_1	1	target	0.343891691521
T000068	enroll__speaker_enroll_7sec_jonah_en_1	positive__speaker_identify_3sec_positive_jonah_id_2	1	target	0.0678269257119
T000069	enroll__speaker_enroll_7sec_jonah_en_1	positive__speaker_identify_3sec_positive_jonah_id_3	1	target	0.108747411909
T000070	enroll__speaker_enroll_7sec_jonah_en_1	positive__speaker_identify_3sec_positive_jonah_id_4	1	target	0.47790132775
T000071	enroll__speaker_enroll_7sec_jonah_en_1	positive__speaker_identify_3sec_positive_kim_id_0	0	registered_impostor	0.0524291999348
T000072	enroll__speaker_enroll_7sec_jonah_en_1	positive__speaker_identify_3sec_positive_kim_id_1	0	registered_impostor	0.265365487199
T000073	enroll__speaker_enroll_7sec_jonah_en_1	positive__speaker_identify_3sec_positive_kim_id_2	0	registered_impostor	0.374527520254
T000074	enroll__speaker_enroll_7sec_jonah_en_1	positive__speaker_identify_3sec_positive_kim_id_3	0	registered_impostor	0.416968616601
T000075	enroll__speaker_enroll_7sec_jonah_en_1	positive__speaker_identify_3sec_positive_kim_id_4	0	registered_impostor	0.266026027487
T000076	enroll__speaker_enroll_7sec_jonah_en_1	positive__speaker_identify_3sec_positive_kiuk_id_0	0	registered_impostor	-0.00714250414115
T000077	enroll__speaker_enroll_7sec_jonah_en_1	positive__speaker_identify_3sec_positive_kiuk_id_1	0	registered_impostor	0.296400102308
T000078	enroll__speaker_enroll_7sec_jonah_en_1	positive__speaker_identify_3sec_positive_kiuk_id_2	0	registered_impostor	0.241801021294
T000079	enroll__speaker_enroll_7sec_jonah_en_1	positive__speaker_identify_3sec_positive_kiuk_id_3	0	registered_impostor	0.272213338324
T000080	enroll__speaker_enroll_7sec_jonah_en_1	positive__speaker_identify_3sec_positive_kiuk_id_4	0	registered_impostor	0.260836310287
T000081	enroll__speaker_enroll_7sec_jonah_en_1	positive__speaker_identify_3sec_positive_ssh_id_0	0	registered_impostor	0.16927488908
T000082	enroll__speaker_enroll_7sec_jonah_en_1	positive__speaker_identify_3sec_positive_ssh_id_1	0	registered_impostor	0.197432807378
T000083	enroll__speaker_enroll_7sec_jonah_en_1	positive__speaker_identify_3sec_positive_ssh_id_2	0	registered_impostor	0.197124133894
T000084	enroll__speaker_enroll_7sec_jonah_en_1	positive__speaker_identify_3sec_positive_ssh_id_3	0	registered_impostor	0.12730982699
T000085	enroll__speaker_enroll_7sec_jonah_en_1	positive__speaker_identify_3sec_positive_ssh_id_4	0	registered_impostor	0.257724230549
T000086	enroll__speaker_enroll_7sec_jonah_en_1	negative__speaker_negative_unregistered_speaker_0000_speaker_0000_00000	0	unregistered_impostor	0.0829828902163
T000087	enroll__speaker_enroll_7sec_jonah_en_1	negative__speaker_negative_unregistered_speaker_0000_speaker_0000_00001	0	unregistered_impostor	0.0869954087936
T000088	enroll__speaker_enroll_7sec_jonah_en_1	negative__speaker_negative_unregistered_speaker_0000_speaker_0000_00002	0	unregistered_impostor	0.0912222070615
T000089	enroll__speaker_enroll_7sec_jonah_en_1	negative__speaker_negative_unregistered_speaker_0000_speaker_0000_00003	0	unregistered_impostor	0.112830913732
T000090	enroll__speaker_enroll_7sec_jonah_en_1	negative__speaker_negative_unregistered_speaker_0000_speaker_0000_00004	0	unregistered_impostor	0.0523713305994
T000091	enroll__speaker_enroll_7sec_jonah_en_1	negative__speaker_negative_unregistered_speaker_0000_speaker_0000_00005	0	unregistered_impostor	0.122363349481
T000092	enroll__speaker_enroll_7sec_jonah_en_1	negative__speaker_negative_unregistered_speaker_0000_speaker_0000_00006	0	unregistered_impostor	0.229682877902
T000093	enroll__speaker_enroll_7sec_jonah_en_1	negative__speaker_negative_unregistered_speaker_0000_speaker_0000_00007	0	unregistered_impostor	-0.000167870609068
T000094	enroll__speaker_enroll_7sec_jonah_en_1	negative__speaker_negative_unregistered_speaker_0000_speaker_0000_00008	0	unregistered_impostor	0.0486806744705
T000095	enroll__speaker_enroll_7sec_jonah_en_1	negative__speaker_negative_unregistered_speaker_0000_speaker_0000_00009	0	unregistered_impostor	0.0642612830054
T000096	enroll__speaker_enroll_7sec_jonah_en_1	negative__speaker_negative_unregistered_speaker_0000_speaker_0000_00010	0	unregistered_impostor	0.186955736777
T000097	enroll__speaker_enroll_7sec_jonah_en_1	negative__speaker_negative_unregistered_speaker_0000_speaker_0000_00011	0	unregistered_impostor	0.106651143439
T000098	enroll__speaker_enroll_7sec_jonah_en_1	negative__speaker_negative_unregistered_speaker_0000_speaker_0000_00012	0	unregistered_impostor	0.00132218026415
T000099	enroll__speaker_enroll_7sec_jonah_en_1	negative__speaker_negative_unregistered_speaker_0000_speaker_0000_00013	0	unregistered_impostor	0.0898100708524
T000100	enroll__speaker_enroll_7sec_jonah_en_1	negative__speaker_negative_unregistered_speaker_0000_speaker_0000_00014	0	unregistered_impostor	-0.0427824199432
T000101	enroll__speaker_enroll_7sec_jonah_en_1	negative__speaker_negative_unregistered_speaker_0001_speaker_0001_00000	0	unregistered_impostor	0.0624744881253
T000102	enroll__speaker_enroll_7sec_jonah_en_1	negative__speaker_negative_unregistered_speaker_0001_speaker_0001_00001	0	unregistered_impostor	0.227753086449
T000103	enroll__speaker_enroll_7sec_jonah_en_1	negative__speaker_negative_unregistered_speaker_0001_speaker_0001_00002	0	unregistered_impostor	0.0204108947073
T000104	enroll__speaker_enroll_7sec_jonah_en_1	negative__speaker_negative_unregistered_speaker_0001_speaker_0001_00003	0	unregistered_impostor	0.00959570639274
T000105	enroll__speaker_enroll_7sec_jonah_en_1	negative__speaker_negative_unregistered_speaker_0001_speaker_0001_00004	0	unregistered_impostor	0.0747761912572
T000106	enroll__speaker_enroll_7sec_jonah_en_1	negative__speaker_negative_unregistered_speaker_0001_speaker_0001_00005	0	unregistered_impostor	0.124571989725
T000107	enroll__speaker_enroll_7sec_jonah_en_1	negative__speaker_negative_unregistered_speaker_0001_speaker_0001_00006	0	unregistered_impostor	0.0752997581193
T000108	enroll__speaker_enroll_7sec_jonah_en_1	negative__speaker_negative_unregistered_speaker_0001_speaker_0001_00007	0	unregistered_impostor	0.0190168547742
T000109	enroll__speaker_enroll_7sec_jonah_en_1	negative__speaker_negative_unregistered_speaker_0001_speaker_0001_00008	0	unregistered_impostor	0.11164320706
T000110	enroll__speaker_enroll_7sec_jonah_en_1	negative__speaker_negative_unregistered_speaker_0001_speaker_0001_00009	0	unregistered_impostor	0.0113127344918
T000111	enroll__speaker_enroll_7sec_jonah_en_1	negative__speaker_negative_unregistered_speaker_0001_speaker_0001_00010	0	unregistered_impostor	-0.0273716446974
T000112	enroll__speaker_enroll_7sec_jonah_en_1	negative__speaker_negative_unregistered_speaker_0001_speaker_0001_00011	0	unregistered_impostor	0.0666926781159
T000113	enroll__speaker_enroll_7sec_jonah_en_1	negative__speaker_negative_unregistered_speaker_0001_speaker_0001_00012	0	unregistered_impostor	-0.017635876634
T000114	enroll__speaker_enroll_7sec_jonah_en_1	negative__speaker_negative_unregistered_speaker_0001_speaker_0001_00013	0	unregistered_impostor	0.0735266916506
T000115	enroll__speaker_enroll_7sec_jonah_en_1	negative__speaker_negative_unregistered_speaker_0001_speaker_0001_00014	0	unregistered_impostor	0.092890722282
T000116	enroll__speaker_enroll_7sec_jonah_en_1	negative__speaker_negative_unregistered_speaker_0002_speaker_0002_00000	0	unregistered_impostor	0.143758883478
T000117	enroll__speaker_enroll_7sec_jonah_en_1	negative__speaker_negative_unregistered_speaker_0002_speaker_0002_00001	0	unregistered_impostor	-0.0932251170969
T000118	enroll__speaker_enroll_7sec_jonah_en_1	negative__speaker_negative_unregistered_speaker_0002_speaker_0002_00002	0	unregistered_impostor	-0.0803217396544
T000119	enroll__speaker_enroll_7sec_jonah_en_1	negative__speaker_negative_unregistered_speaker_0002_speaker_0002_00003	0	unregistered_impostor	-0.0326423178842
T000120	enroll__speaker_enroll_7sec_jonah_en_1	negative__speaker_negative_unregistered_speaker_0002_speaker_0002_00004	0	unregistered_impostor	-0.0821424396311
T000121	enroll__speaker_enroll_7sec_jonah_en_1	negative__speaker_negative_unregistered_speaker_0002_speaker_0002_00005	0	unregistered_impostor	0.0971737226249
T000122	enroll__speaker_enroll_7sec_jonah_en_1	negative__speaker_negative_unregistered_speaker_0002_speaker_0002_00006	0	unregistered_impostor	-0.118012472582
T000123	enroll__speaker_enroll_7sec_jonah_en_1	negative__speaker_negative_unregistered_speaker_0002_speaker_0002_00007	0	unregistered_impostor	-0.11997991115
T000124	enroll__speaker_enroll_7sec_jonah_en_1	negative__speaker_negative_unregistered_speaker_0002_speaker_0002_00008	0	unregistered_impostor	0.0136158860154
T000125	enroll__speaker_enroll_7sec_jonah_en_1	negative__speaker_negative_unregistered_speaker_0002_speaker_0002_00009	0	unregistered_impostor	-0.0675936751
T000126	enroll__speaker_enroll_7sec_jonah_en_1	negative__speaker_negative_unregistered_speaker_0002_speaker_0002_00010	0	unregistered_impostor	0.0729536477352
T000127	enroll__speaker_enroll_7sec_jonah_en_1	negative__speaker_negative_unregistered_speaker_0002_speaker_0002_00011	0	unregistered_impostor	-0.0427338190858
T000128	enroll__speaker_enroll_7sec_jonah_en_1	negative__speaker_negative_unregistered_speaker_0002_speaker_0002_00012	0	unregistered_impostor	0.00468293957939
T000129	enroll__speaker_enroll_7sec_jonah_en_1	negative__speaker_negative_unregistered_speaker_0002_speaker_0002_00013	0	unregistered_impostor	-0.102328655827
T000130	enroll__speaker_enroll_7sec_jonah_en_1	negative__speaker_negative_unregistered_speaker_0002_speaker_0002_00014	0	unregistered_impostor	0.0102942775615
T000131	enroll__speaker_enroll_7sec_jonah_en_2	positive__speaker_identify_3sec_positive_jonah_id_0	1	target	0.53524972549
T000132	enroll__speaker_enroll_7sec_jonah_en_2	positive__speaker_identify_3sec_positive_jonah_id_1	1	target	0.129818467726
T000133	enroll__speaker_enroll_7sec_jonah_en_2	positive__speaker_identify_3sec_positive_jonah_id_2	1	target	0.590306008485
T000134	enroll__speaker_enroll_7sec_jonah_en_2	positive__speaker_identify_3sec_positive_jonah_id_3	1	target	0.504315568962
T000135	enroll__speaker_enroll_7sec_jonah_en_2	positive__speaker_identify_3sec_positive_jonah_id_4	1	target	0.140780686907
T000136	enroll__speaker_enroll_7sec_jonah_en_2	positive__speaker_identify_3sec_positive_kim_id_0	0	registered_impostor	0.554656418265
T000137	enroll__speaker_enroll_7sec_jonah_en_2	positive__speaker_identify_3sec_positive_kim_id_1	0	registered_impostor	0.223838387372
T000138	enroll__speaker_enroll_7sec_jonah_en_2	positive__speaker_identify_3sec_positive_kim_id_2	0	registered_impostor	0.19011688941
T000139	enroll__speaker_enroll_7sec_jonah_en_2	positive__speaker_identify_3sec_positive_kim_id_3	0	registered_impostor	0.242049477516
T000140	enroll__speaker_enroll_7sec_jonah_en_2	positive__speaker_identify_3sec_positive_kim_id_4	0	registered_impostor	0.261707813008
T000141	enroll__speaker_enroll_7sec_jonah_en_2	positive__speaker_identify_3sec_positive_kiuk_id_0	0	registered_impostor	0.558278878552
T000142	enroll__speaker_enroll_7sec_jonah_en_2	positive__speaker_identify_3sec_positive_kiuk_id_1	0	registered_impostor	0.0260984216618
T000143	enroll__speaker_enroll_7sec_jonah_en_2	positive__speaker_identify_3sec_positive_kiuk_id_2	0	registered_impostor	0.248609131099
T000144	enroll__speaker_enroll_7sec_jonah_en_2	positive__speaker_identify_3sec_positive_kiuk_id_3	0	registered_impostor	0.136964870151
T000145	enroll__speaker_enroll_7sec_jonah_en_2	positive__speaker_identify_3sec_positive_kiuk_id_4	0	registered_impostor	0.108016009229
T000146	enroll__speaker_enroll_7sec_jonah_en_2	positive__speaker_identify_3sec_positive_ssh_id_0	0	registered_impostor	0.321087864528
T000147	enroll__speaker_enroll_7sec_jonah_en_2	positive__speaker_identify_3sec_positive_ssh_id_1	0	registered_impostor	0.121451061315
T000148	enroll__speaker_enroll_7sec_jonah_en_2	positive__speaker_identify_3sec_positive_ssh_id_2	0	registered_impostor	0.117231585476
T000149	enroll__speaker_enroll_7sec_jonah_en_2	positive__speaker_identify_3sec_positive_ssh_id_3	0	registered_impostor	0.536254389658
T000150	enroll__speaker_enroll_7sec_jonah_en_2	positive__speaker_identify_3sec_positive_ssh_id_4	0	registered_impostor	0.197518605779
T000151	enroll__speaker_enroll_7sec_jonah_en_2	negative__speaker_negative_unregistered_speaker_0000_speaker_0000_00000	0	unregistered_impostor	0.170215750012
T000152	enroll__speaker_enroll_7sec_jonah_en_2	negative__speaker_negative_unregistered_speaker_0000_speaker_0000_00001	0	unregistered_impostor	0.147481534005
T000153	enroll__speaker_enroll_7sec_jonah_en_2	negative__speaker_negative_unregistered_speaker_0000_speaker_0000_00002	0	unregistered_impostor	-0.0318073453052
T000154	enroll__speaker_enroll_7sec_jonah_en_2	negative__speaker_negative_unregistered_speaker_0000_speaker_0000_00003	0	unregistered_impostor	0.182202809158
T000155	enroll__speaker_enroll_7sec_jonah_en_2	negative__speaker_negative_unregistered_speaker_0000_speaker_0000_00004	0	unregistered_impostor	0.156838172857
T000156	enroll__speaker_enroll_7sec_jonah_en_2	negative__speaker_negative_unregistered_speaker_0000_speaker_0000_00005	0	unregistered_impostor	0.0539129801219
T000157	enroll__speaker_enroll_7sec_jonah_en_2	negative__speaker_negative_unregistered_speaker_0000_speaker_0000_00006	0	unregistered_impostor	0.0742842038616
T000158	enroll__speaker_enroll_7sec_jonah_en_2	negative__speaker_negative_unregistered_speaker_0000_speaker_0000_00007	0	unregistered_impostor	0.186231826983
T000159	enroll__speaker_enroll_7sec_jonah_en_2	negative__speaker_negative_unregistered_speaker_0000_speaker_0000_00008	0	unregistered_impostor	0.0186656748162
T000160	enroll__speaker_enroll_7sec_jonah_en_2	negative__speaker_negative_unregistered_speaker_0000_speaker_0000_00009	0	unregistered_impostor	0.0407996035458
T000161	enroll__speaker_enroll_7sec_jonah_en_2	negative__speaker_negative_unregistered_speaker_0000_speaker_0000_00010	0	unregistered_impostor	0.158796679219
T000162	enroll__speaker_enroll_7sec_jonah_en_2	negative__speaker_negative_unregistered_speaker_0000_speaker_0000_00011	0	unregistered_impostor	0.0891482012038
T000163	enroll__speaker_enroll_7sec_jonah_en_2	negative__speaker_negative_unregistered_speaker_0000_speaker_0000_00012	0	unregistered_impostor	0.140906382941
T000164	enroll__speaker_enroll_7sec_jonah_en_2	negative__speaker_negative_unregistered_speaker_0000_speaker_0000_00013	0	unregistered_impostor	0.138358600976
T000165	enroll__speaker_enroll_7sec_jonah_en_2	negative__speaker_negative_unregistered_speaker_0000_speaker_0000_00014	0	unregistered_impostor	0.0815793296576
T000166	enroll__speaker_enroll_7sec_jonah_en_2	negative__speaker_negative_unregistered_speaker_0001_speaker_0001_00000	0	unregistered_impostor	0.294775868357
T000167	enroll__speaker_enroll_7sec_jonah_en_2	negative__speaker_negative_unregistered_speaker_0001_speaker_0001_00001	0	unregistered_impostor	0.20624877265
T000168	enroll__speaker_enroll_7sec_jonah_en_2	negative__speaker_negative_unregistered_speaker_0001_speaker_0001_00002	0	unregistered_impostor	0.0336437524797
T000169	enroll__speaker_enroll_7sec_jonah_en_2	negative__speaker_negative_unregistered_speaker_0001_speaker_0001_00003	0	unregistered_impostor	0.0605865302229
T000170	enroll__speaker_enroll_7sec_jonah_en_2	negative__speaker_negative_unregistered_speaker_0001_speaker_0001_00004	0	unregistered_impostor	0.108569753177
T000171	enroll__speaker_enroll_7sec_jonah_en_2	negative__speaker_negative_unregistered_speaker_0001_speaker_0001_00005	0	unregistered_impostor	0.165261303297
T000172	enroll__speaker_enroll_7sec_jonah_en_2	negative__speaker_negative_unregistered_speaker_0001_speaker_0001_00006	0	unregistered_impostor	0.16536520472
T000173	enroll__speaker_enroll_7sec_jonah_en_2	negative__speaker_negative_unregistered_speaker_0001_speaker_0001_00007	0	unregistered_impostor	0.142318264775
T000174	enroll__speaker_enroll_7sec_jonah_en_2	negative__speaker_negative_unregistered_speaker_0001_speaker_0001_00008	0	unregistered_impostor	0.113559232078
T000175	enroll__speaker_enroll_7sec_jonah_en_2	negative__speaker_negative_unregistered_speaker_0001_speaker_0001_00009	0	unregistered_impostor	0.113438997437
T000176	enroll__speaker_enroll_7sec_jonah_en_2	negative__speaker_negative_unregistered_speaker_0001_speaker_0001_00010	0	unregistered_impostor	0.178018032331
T000177	enroll__speaker_enroll_7sec_jonah_en_2	negative__speaker_negative_unregistered_speaker_0001_speaker_0001_00011	0	unregistered_impostor	0.071003950221
T000178	enroll__speaker_enroll_7sec_jonah_en_2	negative__speaker_negative_unregistered_speaker_0001_speaker_0001_00012	0	unregistered_impostor	0.113568805644
T000179	enroll__speaker_enroll_7sec_jonah_en_2	negative__speaker_negative_unregistered_speaker_0001_speaker_0001_00013	0	unregistered_impostor	0.141416470456
T000180	enroll__speaker_enroll_7sec_jonah_en_2	negative__speaker_negative_unregistered_speaker_0001_speaker_0001_00014	0	unregistered_impostor	0.0964064642922
T000181	enroll__speaker_enroll_7sec_jonah_en_2	negative__speaker_negative_unregistered_speaker_0002_speaker_0002_00000	0	unregistered_impostor	0.157558944174
T000182	enroll__speaker_enroll_7sec_jonah_en_2	negative__speaker_negative_unregistered_speaker_0002_speaker_0002_00001	0	unregistered_impostor	0.0516600443655
T000183	enroll__speaker_enroll_7sec_jonah_en_2	negative__speaker_negative_unregistered_speaker_0002_speaker_0002_00002	0	unregistered_impostor	0.120291371419
T000184	enroll__speaker_enroll_7sec_jonah_en_2	negative__speaker_negative_unregistered_speaker_0002_speaker_0002_00003	0	unregistered_impostor	0.180562372185
T000185	enroll__speaker_enroll_7sec_jonah_en_2	negative__speaker_negative_unregistered_speaker_0002_speaker_0002_00004	0	unregistered_impostor	0.104792602593
T000186	enroll__speaker_enroll_7sec_jonah_en_2	negative__speaker_negative_unregistered_speaker_0002_speaker_0002_00005	0	unregistered_impostor	0.202824143512
T000187	enroll__speaker_enroll_7sec_jonah_en_2	negative__speaker_negative_unregistered_speaker_0002_speaker_0002_00006	0	unregistered_impostor	0.072624286733
T000188	enroll__speaker_enroll_7sec_jonah_en_2	negative__speaker_negative_unregistered_speaker_0002_speaker_0002_00007	0	unregistered_impostor	0.144704171017
T000189	enroll__speaker_enroll_7sec_jonah_en_2	negative__speaker_negative_unregistered_speaker_0002_speaker_0002_00008	0	unregistered_impostor	0.0619544515935
T000190	enroll__speaker_enroll_7sec_jonah_en_2	negative__speaker_negative_unregistered_speaker_0002_speaker_0002_00009	0	unregistered_impostor	0.0808427111519
T000191	enroll__speaker_enroll_7sec_jonah_en_2	negative__speaker_negative_unregistered_speaker_0002_speaker_0002_00010	0	unregistered_impostor	0.0951832171033
T000192	enroll__speaker_enroll_7sec_jonah_en_2	negative__speaker_negative_unregistered_speaker_0002_speaker_0002_00011	0	unregistered_impostor	0.0624403437974
T000193	enroll__speaker_enroll_7sec_jonah_en_2	negative__speaker_negative_unregistered_speaker_0002_speaker_0002_00012	0	unregistered_impostor	0.118125545529
T000194	enroll__speaker_enroll_7sec_jonah_en_2	negative__speaker_negative_unregistered_speaker_0002_speaker_0002_00013	0	unregistered_impostor	0.126297098781
T000195	enroll__speaker_enroll_7sec_jonah_en_2	negative__speaker_negative_unregistered_speaker_0002_speaker_0002_00014	0	unregistered_impostor	0.0869657048476
T000196	enroll__speaker_enroll_7sec_kim_en_0	positive__speaker_identify_3sec_positive_jonah_id_0	0	registered_impostor	0.950751370235
T000197	enroll__speaker_enroll_7sec_kim_en_0	positive__speaker_identify_3sec_positive_jonah_id_1	0	registered_impostor	0.094614364633
T000198	enroll__speaker_enroll_7sec_kim_en_0	positive__speaker_identify_3sec_positive_jonah_id_2	0	registered_impostor	0.957331834212
T000199	enroll__speaker_enroll_7sec_kim_en_0	positive__speaker_identify_3sec_positive_jonah_id_3	0	registered_impostor	0.59587052891
T000200	enroll__speaker_enroll_7sec_kim_en_0	positive__speaker_identify_3sec_positive_jonah_id_4	0	registered_impostor	0.0382198467785
T000201	enroll__speaker_enroll_7sec_kim_en_0	positive__speaker_identify_3sec_positive_kim_id_0	1	target	0.77580924454
T000202	enroll__speaker_enroll_7sec_kim_en_0	positive__speaker_identify_3sec_positive_kim_id_1	1	target	0.0541293507824
T000203	enroll__speaker_enroll_7sec_kim_en_0	positive__speaker_identify_3sec_positive_kim_id_2	1	target	0.0223229692054
T000204	enroll__speaker_enroll_7sec_kim_en_0	positive__speaker_identify_3sec_positive_kim_id_3	1	target	0.207956891386
T000205	enroll__speaker_enroll_7sec_kim_en_0	positive__speaker_identify_3sec_positive_kim_id_4	1	target	0.140939287665
T000206	enroll__speaker_enroll_7sec_kim_en_0	positive__speaker_identify_3sec_positive_kiuk_id_0	0	registered_impostor	0.93452205196
T000207	enroll__speaker_enroll_7sec_kim_en_0	positive__speaker_identify_3sec_positive_kiuk_id_1	0	registered_impostor	0.0407434198042
T000208	enroll__speaker_enroll_7sec_kim_en_0	positive__speaker_identify_3sec_positive_kiuk_id_2	0	registered_impostor	0.161935899353
T000209	enroll__speaker_enroll_7sec_kim_en_0	positive__speaker_identify_3sec_positive_kiuk_id_3	0	registered_impostor	0.154453210279
T000210	enroll__speaker_enroll_7sec_kim_en_0	positive__speaker_identify_3sec_positive_kiuk_id_4	0	registered_impostor	0.0821777454223
T000211	enroll__speaker_enroll_7sec_kim_en_0	positive__speaker_identify_3sec_positive_ssh_id_0	0	registered_impostor	0.269890386957
T000212	enroll__speaker_enroll_7sec_kim_en_0	positive__speaker_identify_3sec_positive_ssh_id_1	0	registered_impostor	0.024371944857
T000213	enroll__speaker_enroll_7sec_kim_en_0	positive__speaker_identify_3sec_positive_ssh_id_2	0	registered_impostor	0.0691960496451
T000214	enroll__speaker_enroll_7sec_kim_en_0	positive__speaker_identify_3sec_positive_ssh_id_3	0	registered_impostor	0.518707170963
T000215	enroll__speaker_enroll_7sec_kim_en_0	positive__speaker_identify_3sec_positive_ssh_id_4	0	registered_impostor	0.206804051277
T000216	enroll__speaker_enroll_7sec_kim_en_0	negative__speaker_negative_unregistered_speaker_0000_speaker_0000_00000	0	unregistered_impostor	0.148199727092
T000217	enroll__speaker_enroll_7sec_kim_en_0	negative__speaker_negative_unregistered_speaker_0000_speaker_0000_00001	0	unregistered_impostor	0.0736925285703
T000218	enroll__speaker_enroll_7sec_kim_en_0	negative__speaker_negative_unregistered_speaker_0000_speaker_0000_00002	0	unregistered_impostor	-0.0942103128973
T000219	enroll__speaker_enroll_7sec_kim_en_0	negative__speaker_negative_unregistered_speaker_0000_speaker_0000_00003	0	unregistered_impostor	0.135146018355
T000220	enroll__speaker_enroll_7sec_kim_en_0	negative__speaker_negative_unregistered_speaker_0000_speaker_0000_00004	0	unregistered_impostor	0.15780588286
T000221	enroll__speaker_enroll_7sec_kim_en_0	negative__speaker_negative_unregistered_speaker_0000_speaker_0000_00005	0	unregistered_impostor	0.0112407156659
T000222	enroll__speaker_enroll_7sec_kim_en_0	negative__speaker_negative_unregistered_speaker_0000_speaker_0000_00006	0	unregistered_impostor	0.00159561137502
T000223	enroll__speaker_enroll_7sec_kim_en_0	negative__speaker_negative_unregistered_speaker_0000_speaker_0000_00007	0	unregistered_impostor	0.200528892379
T000224	enroll__speaker_enroll_7sec_kim_en_0	negative__speaker_negative_unregistered_speaker_0000_speaker_0000_00008	0	unregistered_impostor	-0.0314176365409
T000225	enroll__speaker_enroll_7sec_kim_en_0	negative__speaker_negative_unregistered_speaker_0000_speaker_0000_00009	0	unregistered_impostor	0.0640533711415
T000226	enroll__speaker_enroll_7sec_kim_en_0	negative__speaker_negative_unregistered_speaker_0000_speaker_0000_00010	0	unregistered_impostor	0.0863035227826
T000227	enroll__speaker_enroll_7sec_kim_en_0	negative__speaker_negative_unregistered_speaker_0000_speaker_0000_00011	0	unregistered_impostor	0.0602835936581
T000228	enroll__speaker_enroll_7sec_kim_en_0	negative__speaker_negative_unregistered_speaker_0000_speaker_0000_00012	0	unregistered_impostor	0.0810083697822
T000229	enroll__speaker_enroll_7sec_kim_en_0	negative__speaker_negative_unregistered_speaker_0000_speaker_0000_00013	0	unregistered_impostor	0.209236254618
T000230	enroll__speaker_enroll_7sec_kim_en_0	negative__speaker_negative_unregistered_speaker_0000_speaker_0000_00014	0	unregistered_impostor	0.0755901664118
T000231	enroll__speaker_enroll_7sec_kim_en_0	negative__speaker_negative_unregistered_speaker_0001_speaker_0001_00000	0	unregistered_impostor	0.257668675986
T000232	enroll__speaker_enroll_7sec_kim_en_0	negative__speaker_negative_unregistered_speaker_0001_speaker_0001_00001	0	unregistered_impostor	0.0891984673347
T000233	enroll__speaker_enroll_7sec_kim_en_0	negative__speaker_negative_unregistered_speaker_0001_speaker_0001_00002	0	unregistered_impostor	-0.013181735834
T000234	enroll__speaker_enroll_7sec_kim_en_0	negative__speaker_negative_unregistered_speaker_0001_speaker_0001_00003	0	unregistered_impostor	0.0824332469287
T000235	enroll__speaker_enroll_7sec_kim_en_0	negative__speaker_negative_unregistered_speaker_0001_speaker_0001_00004	0	unregistered_impostor	0.12637217677
T000236	enroll__speaker_enroll_7sec_kim_en_0	negative__speaker_negative_unregistered_speaker_0001_speaker_0001_00005	0	unregistered_impostor	0.0708339532392
T000237	enroll__speaker_enroll_7sec_kim_en_0	negative__speaker_negative_unregistered_speaker_0001_speaker_0001_00006	0	unregistered_impostor	0.170891333173
T000238	enroll__speaker_enroll_7sec_kim_en_0	negative__speaker_negative_unregistered_speaker_0001_speaker_0001_00007	0	unregistered_impostor	0.133850934536
T000239	enroll__speaker_enroll_7sec_kim_en_0	negative__speaker_negative_unregistered_speaker_0001_speaker_0001_00008	0	unregistered_impostor	0.138205621519
T000240	enroll__speaker_enroll_7sec_kim_en_0	negative__speaker_negative_unregistered_speaker_0001_speaker_0001_00009	0	unregistered_impostor	0.0625353754577
T000241	enroll__speaker_enroll_7sec_kim_en_0	negative__speaker_negative_unregistered_speaker_0001_speaker_0001_00010	0	unregistered_impostor	0.204476930023
T000242	enroll__speaker_enroll_7sec_kim_en_0	negative__speaker_negative_unregistered_speaker_0001_speaker_0001_00011	0	unregistered_impostor	0.0869374533483
T000243	enroll__speaker_enroll_7sec_kim_en_0	negative__speaker_negative_unregistered_speaker_0001_speaker_0001_00012	0	unregistered_impostor	0.146397056082
T000244	enroll__speaker_enroll_7sec_kim_en_0	negative__speaker_negative_unregistered_speaker_0001_speaker_0001_00013	0	unregistered_impostor	0.145693916144
T000245	enroll__speaker_enroll_7sec_kim_en_0	negative__speaker_negative_unregistered_speaker_0001_speaker_0001_00014	0	unregistered_impostor	0.102893589248
T000246	enroll__speaker_enroll_7sec_kim_en_0	negative__speaker_negative_unregistered_speaker_0002_speaker_0002_00000	0	unregistered_impostor	0.163780161969
T000247	enroll__speaker_enroll_7sec_kim_en_0	negative__speaker_negative_unregistered_speaker_0002_speaker_0002_00001	0	unregistered_impostor	0.0691230382577
T000248	enroll__speaker_enroll_7sec_kim_en_0	negative__speaker_negative_unregistered_speaker_0002_speaker_0002_00002	0	unregistered_impostor	0.111363714866
T000249	enroll__speaker_enroll_7sec_kim_en_0	negative__speaker_negative_unregistered_speaker_0002_speaker_0002_00003	0	unregistered_impostor	0.251516942672
T000250	enroll__speaker_enroll_7sec_kim_en_0	negative__speaker_negative_unregistered_speaker_0002_speaker_0002_00004	0	unregistered_impostor	0.0453139131139
T000251	enroll__speaker_enroll_7sec_kim_en_0	negative__speaker_negative_unregistered_speaker_0002_speaker_0002_00005	0	unregistered_impostor	0.143618776117
T000252	enroll__speaker_enroll_7sec_kim_en_0	negative__speaker_negative_unregistered_speaker_0002_speaker_0002_00006	0	unregistered_impostor	0.0845335494824
T000253	enroll__speaker_enroll_7sec_kim_en_0	negative__speaker_negative_unregistered_speaker_0002_speaker_0002_00007	0	unregistered_impostor	0.113058733571
T000254	enroll__speaker_enroll_7sec_kim_en_0	negative__speaker_negative_unregistered_speaker_0002_speaker_0002_00008	0	unregistered_impostor	0.0665860675991
T000255	enroll__speaker_enroll_7sec_kim_en_0	negative__speaker_negative_unregistered_speaker_0002_speaker_0002_00009	0	unregistered_impostor	0.09625103544
T000256	enroll__speaker_enroll_7sec_kim_en_0	negative__speaker_negative_unregistered_speaker_0002_speaker_0002_00010	0	unregistered_impostor	0.0816067110511
T000257	enroll__speaker_enroll_7sec_kim_en_0	negative__speaker_negative_unregistered_speaker_0002_speaker_0002_00011	0	unregistered_impostor	0.0687409251375
T000258	enroll__speaker_enroll_7sec_kim_en_0	negative__speaker_negative_unregistered_speaker_0002_speaker_0002_00012	0	unregistered_impostor	0.144767482201
T000259	enroll__speaker_enroll_7sec_kim_en_0	negative__speaker_negative_unregistered_speaker_0002_speaker_0002_00013	0	unregistered_impostor	0.0567018663992
T000260	enroll__speaker_enroll_7sec_kim_en_0	negative__speaker_negative_unregistered_speaker_0002_speaker_0002_00014	0	unregistered_impostor	0.0856873815671
T000261	enroll__speaker_enroll_7sec_kim_en_1	positive__speaker_identify_3sec_positive_jonah_id_0	0	registered_impostor	0.897161201485
T000262	enroll__speaker_enroll_7sec_kim_en_1	positive__speaker_identify_3sec_positive_jonah_id_1	0	registered_impostor	0.175030411384
T000263	enroll__speaker_enroll_7sec_kim_en_1	positive__speaker_identify_3sec_positive_jonah_id_2	0	registered_impostor	0.913203029633
T000264	enroll__speaker_enroll_7sec_kim_en_1	positive__speaker_identify_3sec_positive_jonah_id_3	0	registered_impostor	0.639166650477
T000265	enroll__speaker_enroll_7sec_kim_en_1	positive__speaker_identify_3sec_positive_jonah_id_4	0	registered_impostor	0.0920953766076
T000266	enroll__speaker_enroll_7sec_kim_en_1	positive__speaker_identify_3sec_positive_kim_id_0	1	target	0.808146995759
T000267	enroll__speaker_enroll_7sec_kim_en_1	positive__speaker_identify_3sec_positive_kim_id_1	1	target	0.0847549495121
T000268	enroll__speaker_enroll_7sec_kim_en_1	positive__speaker_identify_3sec_positive_kim_id_2	1	target	0.0285983332457
T000269	enroll__speaker_enroll_7sec_kim_en_1	positive__speaker_identify_3sec_positive_kim_id_3	1	target	0.168050906624
T000270	enroll__speaker_enroll_7sec_kim_en_1	positive__speaker_identify_3sec_positive_kim_id_4	1	target	0.146761301839
T000271	enroll__speaker_enroll_7sec_kim_en_1	positive__speaker_identify_3sec_positive_kiuk_id_0	0	registered_impostor	0.906786570634
T000272	enroll__speaker_enroll_7sec_kim_en_1	positive__speaker_identify_3sec_positive_kiuk_id_1	0	registered_impostor	0.0184432053648
T000273	enroll__speaker_enroll_7sec_kim_en_1	positive__speaker_identify_3sec_positive_kiuk_id_2	0	registered_impostor	0.163143770248
T000274	enroll__speaker_enroll_7sec_kim_en_1	positive__speaker_identify_3sec_positive_kiuk_id_3	0	registered_impostor	0.135418049454
T000275	enroll__speaker_enroll_7sec_kim_en_1	positive__speaker_identify_3sec_positive_kiuk_id_4	0	registered_impostor	0.109218897125
T000276	enroll__speaker_enroll_7sec_kim_en_1	positive__speaker_identify_3sec_positive_ssh_id_0	0	registered_impostor	0.257598690962
T000277	enroll__speaker_enroll_7sec_kim_en_1	positive__speaker_identify_3sec_positive_ssh_id_1	0	registered_impostor	0.0169317958456
T000278	enroll__speaker_enroll_7sec_kim_en_1	positive__speaker_identify_3sec_positive_ssh_id_2	0	registered_impostor	0.0517919492469
T000279	enroll__speaker_enroll_7sec_kim_en_1	positive__speaker_identify_3sec_positive_ssh_id_3	0	registered_impostor	0.515997876758
T000280	enroll__speaker_enroll_7sec_kim_en_1	positive__speaker_identify_3sec_positive_ssh_id_4	0	registered_impostor	0.210080783991
T000281	enroll__speaker_enroll_7sec_kim_en_1	negative__speaker_negative_unregistered_speaker_0000_speaker_0000_00000	0	unregistered_impostor	0.11324828255
T000282	enroll__speaker_enroll_7sec_kim_en_1	negative__speaker_negative_unregistered_speaker_0000_speaker_0000_00001	0	unregistered_impostor	0.0808677785204
T000283	enroll__speaker_enroll_7sec_kim_en_1	negative__speaker_negative_unregistered_speaker_0000_speaker_0000_00002	0	unregistered_impostor	-0.104170401966
T000284	enroll__speaker_enroll_7sec_kim_en_1	negative__speaker_negative_unregistered_speaker_0000_speaker_0000_00003	0	unregistered_impostor	0.122862004981
T000285	enroll__speaker_enroll_7sec_kim_en_1	negative__speaker_negative_unregistered_speaker_0000_speaker_0000_00004	0	unregistered_impostor	0.129058618113
T000286	enroll__speaker_enroll_7sec_kim_en_1	negative__speaker_negative_unregistered_speaker_0000_speaker_0000_00005	0	unregistered_impostor	0.00447097423899
T000287	enroll__speaker_enroll_7sec_kim_en_1	negative__speaker_negative_unregistered_speaker_0000_speaker_0000_00006	0	unregistered_impostor	0.0295803412757
T000288	enroll__speaker_enroll_7sec_kim_en_1	negative__speaker_negative_unregistered_speaker_0000_speaker_0000_00007	0	unregistered_impostor	0.178798107581
T000289	enroll__speaker_enroll_7sec_kim_en_1	negative__speaker_negative_unregistered_speaker_0000_speaker_0000_00008	0	unregistered_impostor	-0.0351724195345
T000290	enroll__speaker_enroll_7sec_kim_en_1	negative__speaker_negative_unregistered_speaker_0000_speaker_0000_00009	0	unregistered_impostor	0.02858522464
T000291	enroll__speaker_enroll_7sec_kim_en_1	negative__speaker_negative_unregistered_speaker_0000_speaker_0000_00010	0	unregistered_impostor	0.0882034982603
T000292	enroll__speaker_enroll_7sec_kim_en_1	negative__speaker_negative_unregistered_speaker_0000_speaker_0000_00011	0	unregistered_impostor	0.0376561555816
T000293	enroll__speaker_enroll_7sec_kim_en_1	negative__speaker_negative_unregistered_speaker_0000_speaker_0000_00012	0	unregistered_impostor	0.0760493063502
T000294	enroll__speaker_enroll_7sec_kim_en_1	negative__speaker_negative_unregistered_speaker_0000_speaker_0000_00013	0	unregistered_impostor	0.159347302912
T000295	enroll__speaker_enroll_7sec_kim_en_1	negative__speaker_negative_unregistered_speaker_0000_speaker_0000_00014	0	unregistered_impostor	0.0742173213579
T000296	enroll__speaker_enroll_7sec_kim_en_1	negative__speaker_negative_unregistered_speaker_0001_speaker_0001_00000	0	unregistered_impostor	0.315330889788
T000297	enroll__speaker_enroll_7sec_kim_en_1	negative__speaker_negative_unregistered_speaker_0001_speaker_0001_00001	0	unregistered_impostor	0.0648939550901
T000298	enroll__speaker_enroll_7sec_kim_en_1	negative__speaker_negative_unregistered_speaker_0001_speaker_0001_00002	0	unregistered_impostor	-0.0369634716842
T000299	enroll__speaker_enroll_7sec_kim_en_1	negative__speaker_negative_unregistered_speaker_0001_speaker_0001_00003	0	unregistered_impostor	0.054074195966
T000300	enroll__speaker_enroll_7sec_kim_en_1	negative__speaker_negative_unregistered_speaker_0001_speaker_0001_00004	0	unregistered_impostor	0.0668534184346
T000301	enroll__speaker_enroll_7sec_kim_en_1	negative__speaker_negative_unregistered_speaker_0001_speaker_0001_00005	0	unregistered_impostor	0.023139056374
T000302	enroll__speaker_enroll_7sec_kim_en_1	negative__speaker_negative_unregistered_speaker_0001_speaker_0001_00006	0	unregistered_impostor	0.184636130985
T000303	enroll__speaker_enroll_7sec_kim_en_1	negative__speaker_negative_unregistered_speaker_0001_speaker_0001_00007	0	unregistered_impostor	0.11253846525
T000304	enroll__speaker_enroll_7sec_kim_en_1	negative__speaker_negative_unregistered_speaker_0001_speaker_0001_00008	0	unregistered_impostor	0.106393895069
T000305	enroll__speaker_enroll_7sec_kim_en_1	negative__speaker_negative_unregistered_speaker_0001_speaker_0001_00009	0	unregistered_impostor	0.0416101776568
T000306	enroll__speaker_enroll_7sec_kim_en_1	negative__speaker_negative_unregistered_speaker_0001_speaker_0001_00010	0	unregistered_impostor	0.162143191683
T000307	enroll__speaker_enroll_7sec_kim_en_1	negative__speaker_negative_unregistered_speaker_0001_speaker_0001_00011	0	unregistered_impostor	0.0675155708508
T000308	enroll__speaker_enroll_7sec_kim_en_1	negative__speaker_negative_unregistered_speaker_0001_speaker_0001_00012	0	unregistered_impostor	0.0409940563678
T000309	enroll__speaker_enroll_7sec_kim_en_1	negative__speaker_negative_unregistered_speaker_0001_speaker_0001_00013	0	unregistered_impostor	0.0688719744147
T000310	enroll__speaker_enroll_7sec_kim_en_1	negative__speaker_negative_unregistered_speaker_0001_speaker_0001_00014	0	unregistered_impostor	0.135364152531
T000311	enroll__speaker_enroll_7sec_kim_en_1	negative__speaker_negative_unregistered_speaker_0002_speaker_0002_00000	0	unregistered_impostor	0.174826752281
T000312	enroll__speaker_enroll_7sec_kim_en_1	negative__speaker_negative_unregistered_speaker_0002_speaker_0002_00001	0	unregistered_impostor	0.0251882758428
T000313	enroll__speaker_enroll_7sec_kim_en_1	negative__speaker_negative_unregistered_speaker_0002_speaker_0002_00002	0	unregistered_impostor	0.179482336779
T000314	enroll__speaker_enroll_7sec_kim_en_1	negative__speaker_negative_unregistered_speaker_0002_speaker_0002_00003	0	unregistered_impostor	0.290028067165
T000315	enroll__speaker_enroll_7sec_kim_en_1	negative__speaker_negative_unregistered_speaker_0002_speaker_0002_00004	0	unregistered_impostor	0.0541878439441
T000316	enroll__speaker_enroll_7sec_kim_en_1	negative__speaker_negative_unregistered_speaker_0002_speaker_0002_00005	0	unregistered_impostor	0.164566869948
T000317	enroll__speaker_enroll_7sec_kim_en_1	negative__speaker_negative_unregistered_speaker_0002_speaker_0002_00006	0	unregistered_impostor	0.169520705944
T000318	enroll__speaker_enroll_7sec_kim_en_1	negative__speaker_negative_unregistered_speaker_0002_speaker_0002_00007	0	unregistered_impostor	0.126902440145
T000319	enroll__speaker_enroll_7sec_kim_en_1	negative__speaker_negative_unregistered_speaker_0002_speaker_0002_00008	0	unregistered_impostor	0.108774695001
T000320	enroll__speaker_enroll_7sec_kim_en_1	negative__speaker_negative_unregistered_speaker_0002_speaker_0002_00009	0	unregistered_impostor	0.0852402785036
T000321	enroll__speaker_enroll_7sec_kim_en_1	negative__speaker_negative_unregistered_speaker_0002_speaker_0002_00010	0	unregistered_impostor	0.097852178927
T000322	enroll__speaker_enroll_7sec_kim_en_1	negative__speaker_negative_unregistered_speaker_0002_speaker_0002_00011	0	unregistered_impostor	0.0562746607259
T000323	enroll__speaker_enroll_7sec_kim_en_1	negative__speaker_negative_unregistered_speaker_0002_speaker_0002_00012	0	unregistered_impostor	0.0864563049218
T000324	enroll__speaker_enroll_7sec_kim_en_1	negative__speaker_negative_unregistered_speaker_0002_speaker_0002_00013	0	unregistered_impostor	0.0962707863804
T000325	enroll__speaker_enroll_7sec_kim_en_1	negative__speaker_negative_unregistered_speaker_0002_speaker_0002_00014	0	unregistered_impostor	0.0567142286948
T000326	enroll__speaker_enroll_7sec_kim_en_2	positive__speaker_identify_3sec_positive_jonah_id_0	0	registered_impostor	0.952153791662
T000327	enroll__speaker_enroll_7sec_kim_en_2	positive__speaker_identify_3sec_positive_jonah_id_1	0	registered_impostor	0.12715301196
T000328	enroll__speaker_enroll_7sec_kim_en_2	positive__speaker_identify_3sec_positive_jonah_id_2	0	registered_impostor	0.964307845578
T000329	enroll__speaker_enroll_7sec_kim_en_2	positive__speaker_identify_3sec_positive_jonah_id_3	0	registered_impostor	0.636440583092
T000330	enroll__speaker_enroll_7sec_kim_en_2	positive__speaker_identify_3sec_positive_jonah_id_4	0	registered_impostor	0.0726326647536
T000331	enroll__speaker_enroll_7sec_kim_en_2	positive__speaker_identify_3sec_positive_kim_id_0	1	target	0.798979202931
T000332	enroll__speaker_enroll_7sec_kim_en_2	positive__speaker_identify_3sec_positive_kim_id_1	1	target	0.0560688921748
T000333	enroll__speaker_enroll_7sec_kim_en_2	positive__speaker_identify_3sec_positive_kim_id_2	1	target	0.0385394430449
T000334	enroll__speaker_enroll_7sec_kim_en_2	positive__speaker_identify_3sec_positive_kim_id_3	1	target	0.22254554251
T000335	enroll__speaker_enroll_7sec_kim_en_2	positive__speaker_identify_3sec_positive_kim_id_4	1	target	0.118731063447
T000336	enroll__speaker_enroll_7sec_kim_en_2	positive__speaker_identify_3sec_positive_kiuk_id_0	0	registered_impostor	0.940481719298
T000337	enroll__speaker_enroll_7sec_kim_en_2	positive__speaker_identify_3sec_positive_kiuk_id_1	0	registered_impostor	0.0592601321808
T000338	enroll__speaker_enroll_7sec_kim_en_2	positive__speaker_identify_3sec_positive_kiuk_id_2	0	registered_impostor	0.157826358058
T000339	enroll__speaker_enroll_7sec_kim_en_2	positive__speaker_identify_3sec_positive_kiuk_id_3	0	registered_impostor	0.184765985823
T000340	enroll__speaker_enroll_7sec_kim_en_2	positive__speaker_identify_3sec_positive_kiuk_id_4	0	registered_impostor	0.114071576246
T000341	enroll__speaker_enroll_7sec_kim_en_2	positive__speaker_identify_3sec_positive_ssh_id_0	0	registered_impostor	0.26855830106
T000342	enroll__speaker_enroll_7sec_kim_en_2	positive__speaker_identify_3sec_positive_ssh_id_1	0	registered_impostor	0.0343813861491
T000343	enroll__speaker_enroll_7sec_kim_en_2	positive__speaker_identify_3sec_positive_ssh_id_2	0	registered_impostor	0.0671462611403
T000344	enroll__speaker_enroll_7sec_kim_en_2	positive__speaker_identify_3sec_positive_ssh_id_3	0	registered_impostor	0.490482787469
T000345	enroll__speaker_enroll_7sec_kim_en_2	positive__speaker_identify_3sec_positive_ssh_id_4	0	registered_impostor	0.240994795505
T000346	enroll__speaker_enroll_7sec_kim_en_2	negative__speaker_negative_unregistered_speaker_0000_speaker_0000_00000	0	unregistered_impostor	0.164523390235
T000347	enroll__speaker_enroll_7sec_kim_en_2	negative__speaker_negative_unregistered_speaker_0000_speaker_0000_00001	0	unregistered_impostor	0.101804000912
T000348	enroll__speaker_enroll_7sec_kim_en_2	negative__speaker_negative_unregistered_speaker_0000_speaker_0000_00002	0	unregistered_impostor	-0.0662581947232
T000349	enroll__speaker_enroll_7sec_kim_en_2	negative__speaker_negative_unregistered_speaker_0000_speaker_0000_00003	0	unregistered_impostor	0.10430070738
T000350	enroll__speaker_enroll_7sec_kim_en_2	negative__speaker_negative_unregistered_speaker_0000_speaker_0000_00004	0	unregistered_impostor	0.177145733572
T000351	enroll__speaker_enroll_7sec_kim_en_2	negative__speaker_negative_unregistered_speaker_0000_speaker_0000_00005	0	unregistered_impostor	0.0238367993577
T000352	enroll__speaker_enroll_7sec_kim_en_2	negative__speaker_negative_unregistered_speaker_0000_speaker_0000_00006	0	unregistered_impostor	0.0206316320319
T000353	enroll__speaker_enroll_7sec_kim_en_2	negative__speaker_negative_unregistered_speaker_0000_speaker_0000_00007	0	unregistered_impostor	0.183692182716
T000354	enroll__speaker_enroll_7sec_kim_en_2	negative__speaker_negative_unregistered_speaker_0000_speaker_0000_00008	0	unregistered_impostor	-0.0266902075315
T000355	enroll__speaker_enroll_7sec_kim_en_2	negative__speaker_negative_unregistered_speaker_0000_speaker_0000_00009	0	unregistered_impostor	0.0682118640636
T000356	enroll__speaker_enroll_7sec_kim_en_2	negative__speaker_negative_unregistered_speaker_0000_speaker_0000_00010	0	unregistered_impostor	0.10779615385
T000357	enroll__speaker_enroll_7sec_kim_en_2	negative__speaker_negative_unregistered_speaker_0000_speaker_0000_00011	0	unregistered_impostor	0.0663448576506
T000358	enroll__speaker_enroll_7sec_kim_en_2	negative__speaker_negative_unregistered_speaker_0000_speaker_0000_00012	0	unregistered_impostor	0.0658898550398
T000359	enroll__speaker_enroll_7sec_kim_en_2	negative__speaker_negative_unregistered_speaker_0000_speaker_0000_00013	0	unregistered_impostor	0.212758756341
T000360	enroll__speaker_enroll_7sec_kim_en_2	negative__speaker_negative_unregistered_speaker_0000_speaker_0000_00014	0	unregistered_impostor	0.122450195809
T000361	enroll__speaker_enroll_7sec_kim_en_2	negative__speaker_negative_unregistered_speaker_0001_speaker_0001_00000	0	unregistered_impostor	0.278629251694
T000362	enroll__speaker_enroll_7sec_kim_en_2	negative__speaker_negative_unregistered_speaker_0001_speaker_0001_00001	0	unregistered_impostor	0.0883821369067
T000363	enroll__speaker_enroll_7sec_kim_en_2	negative__speaker_negative_unregistered_speaker_0001_speaker_0001_00002	0	unregistered_impostor	0.00129851658281
T000364	enroll__speaker_enroll_7sec_kim_en_2	negative__speaker_negative_unregistered_speaker_0001_speaker_0001_00003	0	unregistered_impostor	0.0692346903262
T000365	enroll__speaker_enroll_7sec_kim_en_2	negative__speaker_negative_unregistered_speaker_0001_speaker_0001_00004	0	unregistered_impostor	0.0990972509284
T000366	enroll__speaker_enroll_7sec_kim_en_2	negative__speaker_negative_unregistered_speaker_0001_speaker_0001_00005	0	unregistered_impostor	0.0583427669394
T000367	enroll__speaker_enroll_7sec_kim_en_2	negative__speaker_negative_unregistered_speaker_0001_speaker_0001_00006	0	unregistered_impostor	0.215347684093
T000368	enroll__speaker_enroll_7sec_kim_en_2	negative__speaker_negative_unregistered_speaker_0001_speaker_0001_00007	0	unregistered_impostor	0.16289147253
T000369	enroll__speaker_enroll_7sec_kim_en_2	negative__speaker_negative_unregistered_speaker_0001_speaker_0001_00008	0	unregistered_impostor	0.147194288686
T000370	enroll__speaker_enroll_7sec_kim_en_2	negative__speaker_negative_unregistered_speaker_0001_speaker_0001_00009	0	unregistered_impostor	0.0672283101343
T000371	enroll__speaker_enroll_7sec_kim_en_2	negative__speaker_negative_unregistered_speaker_0001_speaker_0001_00010	0	unregistered_impostor	0.199613870516
T000372	enroll__speaker_enroll_7sec_kim_en_2	negative__speaker_negative_unregistered_speaker_0001_speaker_0001_00011	0	unregistered_impostor	0.106335438376
T000373	enroll__speaker_enroll_7sec_kim_en_2	negative__speaker_negative_unregistered_speaker_0001_speaker_0001_00012	0	unregistered_impostor	0.10241686963
T000374	enroll__speaker_enroll_7sec_kim_en_2	negative__speaker_negative_unregistered_speaker_0001_speaker_0001_00013	0	unregistered_impostor	0.110385129138
T000375	enroll__speaker_enroll_7sec_kim_en_2	negative__speaker_negative_unregistered_speaker_0001_speaker_0001_00014	0	unregistered_impostor	0.145999906911
T000376	enroll__speaker_enroll_7sec_kim_en_2	negative__speaker_negative_unregistered_speaker_0002_speaker_0002_00000	0	unregistered_impostor	0.210163421954
T000377	enroll__speaker_enroll_7sec_kim_en_2	negative__speaker_negative_unregistered_speaker_0002_speaker_0002_00001	0	unregistered_impostor	0.0672757702268
T000378	enroll__speaker_enroll_7sec_kim_en_2	negative__speaker_negative_unregistered_speaker_0002_speaker_0002_00002	0	unregistered_impostor	0.149665504734
T000379	enroll__speaker_enroll_7sec_kim_en_2	negative__speaker_negative_unregistered_speaker_0002_speaker_0002_00003	0	unregistered_impostor	0.312811135221
T000380	enroll__speaker_enroll_7sec_kim_en_2	negative__speaker_negative_unregistered_speaker_0002_speaker_0002_00004	0	unregistered_impostor	0.081542240466
T000381	enroll__speaker_enroll_7sec_kim_en_2	negative__speaker_negative_unregistered_speaker_0002_speaker_0002_00005	0	unregistered_impostor	0.170817155119
T000382	enroll__speaker_enroll_7sec_kim_en_2	negative__speaker_negative_unregistered_speaker_0002_speaker_0002_00006	0	unregistered_impostor	0.121604158799
T000383	enroll__speaker_enroll_7sec_kim_en_2	negative__speaker_negative_unregistered_speaker_0002_speaker_0002_00007	0	unregistered_impostor	0.139799556509
T000384	enroll__speaker_enroll_7sec_kim_en_2	negative__speaker_negative_unregistered_speaker_0002_speaker_0002_00008	0	unregistered_impostor	0.136394793825
T000385	enroll__speaker_enroll_7sec_kim_en_2	negative__speaker_negative_unregistered_speaker_0002_speaker_0002_00009	0	unregistered_impostor	0.165886321765
T000386	enroll__speaker_enroll_7sec_kim_en_2	negative__speaker_negative_unregistered_speaker_0002_speaker_0002_00010	0	unregistered_impostor	0.127281258275
T000387	enroll__speaker_enroll_7sec_kim_en_2	negative__speaker_negative_unregistered_speaker_0002_speaker_0002_00011	0	unregistered_impostor	0.0792421394424
T000388	enroll__speaker_enroll_7sec_kim_en_2	negative__speaker_negative_unregistered_speaker_0002_speaker_0002_00012	0	unregistered_impostor	0.121296710036
T000389	enroll__speaker_enroll_7sec_kim_en_2	negative__speaker_negative_unregistered_speaker_0002_speaker_0002_00013	0	unregistered_impostor	0.0977086356534
T000390	enroll__speaker_enroll_7sec_kim_en_2	negative__speaker_negative_unregistered_speaker_0002_speaker_0002_00014	0	unregistered_impostor	0.0957775591208
T000391	enroll__speaker_enroll_7sec_kiuk_en_0	positive__speaker_identify_3sec_positive_jonah_id_0	0	registered_impostor	0.910355549921
T000392	enroll__speaker_enroll_7sec_kiuk_en_0	positive__speaker_identify_3sec_positive_jonah_id_1	0	registered_impostor	0.0849072815623
T000393	enroll__speaker_enroll_7sec_kiuk_en_0	positive__speaker_identify_3sec_positive_jonah_id_2	0	registered_impostor	0.929412528674
T000394	enroll__speaker_enroll_7sec_kiuk_en_0	positive__speaker_identify_3sec_positive_jonah_id_3	0	registered_impostor	0.582630066526
T000395	enroll__speaker_enroll_7sec_kiuk_en_0	positive__speaker_identify_3sec_positive_jonah_id_4	0	registered_impostor	0.050319413449
T000396	enroll__speaker_enroll_7sec_kiuk_en_0	positive__speaker_identify_3sec_positive_kim_id_0	0	registered_impostor	0.744485490847
T000397	enroll__speaker_enroll_7sec_kiuk_en_0	positive__speaker_identify_3sec_positive_kim_id_1	0	registered_impostor	0.00960894615819
T000398	enroll__speaker_enroll_7sec_kiuk_en_0	positive__speaker_identify_3sec_positive_kim_id_2	0	registered_impostor	0.0159124758094
T000399	enroll__speaker_enroll_7sec_kiuk_en_0	positive__speaker_identify_3sec_positive_kim_id_3	0	registered_impostor	0.21150166324
T000400	enroll__speaker_enroll_7sec_kiuk_en_0	positive__speaker_identify_3sec_positive_kim_id_4	0	registered_impostor	0.0812422726624
T000401	enroll__speaker_enroll_7sec_kiuk_en_0	positive__speaker_identify_3sec_positive_kiuk_id_0	1	target	0.889557349737
T000402	enroll__speaker_enroll_7sec_kiuk_en_0	positive__speaker_identify_3sec_positive_kiuk_id_1	1	target	0.0754227063399
T000403	enroll__speaker_enroll_7sec_kiuk_en_0	positive__speaker_identify_3sec_positive_kiuk_id_2	1	target	0.170167719322
T000404	enroll__speaker_enroll_7sec_kiuk_en_0	positive__speaker_identify_3sec_positive_kiuk_id_3	1	target	0.151408591963
T000405	enroll__speaker_enroll_7sec_kiuk_en_0	positive__speaker_identify_3sec_positive_kiuk_id_4	1	target	0.105815883557
T000406	enroll__speaker_enroll_7sec_kiuk_en_0	positive__speaker_identify_3sec_positive_ssh_id_0	0	registered_impostor	0.272739870701
T000407	enroll__speaker_enroll_7sec_kiuk_en_0	positive__speaker_identify_3sec_positive_ssh_id_1	0	registered_impostor	0.104630353209
T000408	enroll__speaker_enroll_7sec_kiuk_en_0	positive__speaker_identify_3sec_positive_ssh_id_2	0	registered_impostor	0.0965417117454
T000409	enroll__speaker_enroll_7sec_kiuk_en_0	positive__speaker_identify_3sec_positive_ssh_id_3	0	registered_impostor	0.492122254639
T000410	enroll__speaker_enroll_7sec_kiuk_en_0	positive__speaker_identify_3sec_positive_ssh_id_4	0	registered_impostor	0.252468821572
T000411	enroll__speaker_enroll_7sec_kiuk_en_0	negative__speaker_negative_unregistered_speaker_0000_speaker_0000_00000	0	unregistered_impostor	0.187339828588
T000412	enroll__speaker_enroll_7sec_kiuk_en_0	negative__speaker_negative_unregistered_speaker_0000_speaker_0000_00001	0	unregistered_impostor	0.0490705597385
T000413	enroll__speaker_enroll_7sec_kiuk_en_0	negative__speaker_negative_unregistered_speaker_0000_speaker_0000_00002	0	unregistered_impostor	-0.101960197611
T000414	enroll__speaker_enroll_7sec_kiuk_en_0	negative__speaker_negative_unregistered_speaker_0000_speaker_0000_00003	0	unregistered_impostor	0.100521698452
T000415	enroll__speaker_enroll_7sec_kiuk_en_0	negative__speaker_negative_unregistered_speaker_0000_speaker_0000_00004	0	unregistered_impostor	0.128033811937
T000416	enroll__speaker_enroll_7sec_kiuk_en_0	negative__speaker_negative_unregistered_speaker_0000_speaker_0000_00005	0	unregistered_impostor	-0.0110083925668
T000417	enroll__speaker_enroll_7sec_kiuk_en_0	negative__speaker_negative_unregistered_speaker_0000_speaker_0000_00006	0	unregistered_impostor	0.0420627682018
T000418	enroll__speaker_enroll_7sec_kiuk_en_0	negative__speaker_negative_unregistered_speaker_0000_speaker_0000_00007	0	unregistered_impostor	0.188032373784
T000419	enroll__speaker_enroll_7sec_kiuk_en_0	negative__speaker_negative_unregistered_speaker_0000_speaker_0000_00008	0	unregistered_impostor	-0.0194216943141
T000420	enroll__speaker_enroll_7sec_kiuk_en_0	negative__speaker_negative_unregistered_speaker_0000_speaker_0000_00009	0	unregistered_impostor	0.0586983061627
T000421	enroll__speaker_enroll_7sec_kiuk_en_0	negative__speaker_negative_unregistered_speaker_0000_speaker_0000_00010	0	unregistered_impostor	0.0979681143847
T000422	enroll__speaker_enroll_7sec_kiuk_en_0	negative__speaker_negative_unregistered_speaker_0000_speaker_0000_00011	0	unregistered_impostor	0.0648782159415
T000423	enroll__speaker_enroll_7sec_kiuk_en_0	negative__speaker_negative_unregistered_speaker_0000_speaker_0000_00012	0	unregistered_impostor	0.0371861699399
T000424	enroll__speaker_enroll_7sec_kiuk_en_0	negative__speaker_negative_unregistered_speaker_0000_speaker_0000_00013	0	unregistered_impostor	0.167848095032
T000425	enroll__speaker_enroll_7sec_kiuk_en_0	negative__speaker_negative_unregistered_speaker_0000_speaker_0000_00014	0	unregistered_impostor	0.0532701336548
T000426	enroll__speaker_enroll_7sec_kiuk_en_0	negative__speaker_negative_unregistered_speaker_0001_speaker_0001_00000	0	unregistered_impostor	0.226208532349
T000427	enroll__speaker_enroll_7sec_kiuk_en_0	negative__speaker_negative_unregistered_speaker_0001_speaker_0001_00001	0	unregistered_impostor	0.100095381374
T000428	enroll__speaker_enroll_7sec_kiuk_en_0	negative__speaker_negative_unregistered_speaker_0001_speaker_0001_00002	0	unregistered_impostor	-0.0610066115502
T000429	enroll__speaker_enroll_7sec_kiuk_en_0	negative__speaker_negative_unregistered_speaker_0001_speaker_0001_00003	0	unregistered_impostor	0.0674886703853
T000430	enroll__speaker_enroll_7sec_kiuk_en_0	negative__speaker_negative_unregistered_speaker_0001_speaker_0001_00004	0	unregistered_impostor	0.0961424456074
T000431	enroll__speaker_enroll_7sec_kiuk_en_0	negative__speaker_negative_unregistered_speaker_0001_speaker_0001_00005	0	unregistered_impostor	0.0943402005825
T000432	enroll__speaker_enroll_7sec_kiuk_en_0	negative__speaker_negative_unregistered_speaker_0001_speaker_0001_00006	0	unregistered_impostor	0.164042609742
T000433	enroll__speaker_enroll_7sec_kiuk_en_0	negative__speaker_negative_unregistered_speaker_0001_speaker_0001_00007	0	unregistered_impostor	0.139379874719
T000434	enroll__speaker_enroll_7sec_kiuk_en_0	negative__speaker_negative_unregistered_speaker_0001_speaker_0001_00008	0	unregistered_impostor	0.127322601154
T000435	enroll__speaker_enroll_7sec_kiuk_en_0	negative__speaker_negative_unregistered_speaker_0001_speaker_0001_00009	0	unregistered_impostor	0.0703206089666
T000436	enroll__speaker_enroll_7sec_kiuk_en_0	negative__speaker_negative_unregistered_speaker_0001_speaker_0001_00010	0	unregistered_impostor	0.15228736645
T000437	enroll__speaker_enroll_7sec_kiuk_en_0	negative__speaker_negative_unregistered_speaker_0001_speaker_0001_00011	0	unregistered_impostor	0.0690675625964
T000438	enroll__speaker_enroll_7sec_kiuk_en_0	negative__speaker_negative_unregistered_speaker_0001_speaker_0001_00012	0	unregistered_impostor	0.122549340142
T000439	enroll__speaker_enroll_7sec_kiuk_en_0	negative__speaker_negative_unregistered_speaker_0001_speaker_0001_00013	0	unregistered_impostor	0.142032668312
T000440	enroll__speaker_enroll_7sec_kiuk_en_0	negative__speaker_negative_unregistered_speaker_0001_speaker_0001_00014	0	unregistered_impostor	0.0850781204997
T000441	enroll__speaker_enroll_7sec_kiuk_en_0	negative__speaker_negative_unregistered_speaker_0002_speaker_0002_00000	0	unregistered_impostor	0.192997800883
T000442	enroll__speaker_enroll_7sec_kiuk_en_0	negative__speaker_negative_unregistered_speaker_0002_speaker_0002_00001	0	unregistered_impostor	0.100098120654
T000443	enroll__speaker_enroll_7sec_kiuk_en_0	negative__speaker_negative_unregistered_speaker_0002_speaker_0002_00002	0	unregistered_impostor	0.13092926808
T000444	enroll__speaker_enroll_7sec_kiuk_en_0	negative__speaker_negative_unregistered_speaker_0002_speaker_0002_00003	0	unregistered_impostor	0.302675190336
T000445	enroll__speaker_enroll_7sec_kiuk_en_0	negative__speaker_negative_unregistered_speaker_0002_speaker_0002_00004	0	unregistered_impostor	0.0627648682176
T000446	enroll__speaker_enroll_7sec_kiuk_en_0	negative__speaker_negative_unregistered_speaker_0002_speaker_0002_00005	0	unregistered_impostor	0.156830085464
T000447	enroll__speaker_enroll_7sec_kiuk_en_0	negative__speaker_negative_unregistered_speaker_0002_speaker_0002_00006	0	unregistered_impostor	0.103918908272
T000448	enroll__speaker_enroll_7sec_kiuk_en_0	negative__speaker_negative_unregistered_speaker_0002_speaker_0002_00007	0	unregistered_impostor	0.146368478812
T000449	enroll__speaker_enroll_7sec_kiuk_en_0	negative__speaker_negative_unregistered_speaker_0002_speaker_0002_00008	0	unregistered_impostor	0.0814865519974
T000450	enroll__speaker_enroll_7sec_kiuk_en_0	negative__speaker_negative_unregistered_speaker_0002_speaker_0002_00009	0	unregistered_impostor	0.12624656311
T000451	enroll__speaker_enroll_7sec_kiuk_en_0	negative__speaker_negative_unregistered_speaker_0002_speaker_0002_00010	0	unregistered_impostor	0.115102859133
T000452	enroll__speaker_enroll_7sec_kiuk_en_0	negative__speaker_negative_unregistered_speaker_0002_speaker_0002_00011	0	unregistered_impostor	0.04196105014
T000453	enroll__speaker_enroll_7sec_kiuk_en_0	negative__speaker_negative_unregistered_speaker_0002_speaker_0002_00012	0	unregistered_impostor	0.17626150483
T000454	enroll__speaker_enroll_7sec_kiuk_en_0	negative__speaker_negative_unregistered_speaker_0002_speaker_0002_00013	0	unregistered_impostor	0.0606348247249
T000455	enroll__speaker_enroll_7sec_kiuk_en_0	negative__speaker_negative_unregistered_speaker_0002_speaker_0002_00014	0	unregistered_impostor	0.0924343430512
T000456	enroll__speaker_enroll_7sec_kiuk_en_1	positive__speaker_identify_3sec_positive_jonah_id_0	0	registered_impostor	0.445106783344
T000457	enroll__speaker_enroll_7sec_kiuk_en_1	positive__speaker_identify_3sec_positive_jonah_id_1	0	registered_impostor	0.112631781461
T000458	enroll__speaker_enroll_7sec_kiuk_en_1	positive__speaker_identify_3sec_positive_jonah_id_2	0	registered_impostor	0.468208096117
T000459	enroll__speaker_enroll_7sec_kiuk_en_1	positive__speaker_identify_3sec_positive_jonah_id_3	0	registered_impostor	0.455088427987
T000460	enroll__speaker_enroll_7sec_kiuk_en_1	positive__speaker_identify_3sec_positive_jonah_id_4	0	registered_impostor	0.274038941739
T000461	enroll__speaker_enroll_7sec_kiuk_en_1	positive__speaker_identify_3sec_positive_kim_id_0	0	registered_impostor	0.388666860884
T000462	enroll__speaker_enroll_7sec_kiuk_en_1	positive__speaker_identify_3sec_positive_kim_id_1	0	registered_impostor	0.0852194729117
T000463	enroll__speaker_enroll_7sec_kiuk_en_1	positive__speaker_identify_3sec_positive_kim_id_2	0	registered_impostor	0.0555679407032
T000464	enroll__speaker_enroll_7sec_kiuk_en_1	positive__speaker_identify_3sec_positive_kim_id_3	0	registered_impostor	0.219247402478
T000465	enroll__speaker_enroll_7sec_kiuk_en_1	positive__speaker_identify_3sec_positive_kim_id_4	0	registered_impostor	0.18321211756
T000466	enroll__speaker_enroll_7sec_kiuk_en_1	positive__speaker_identify_3sec_positive_kiuk_id_0	1	target	0.421165755665
T000467	enroll__speaker_enroll_7sec_kiuk_en_1	positive__speaker_identify_3sec_positive_kiuk_id_1	1	target	0.198810937334
T000468	enroll__speaker_enroll_7sec_kiuk_en_1	positive__speaker_identify_3sec_positive_kiuk_id_2	1	target	0.239034172416
T000469	enroll__speaker_enroll_7sec_kiuk_en_1	positive__speaker_identify_3sec_positive_kiuk_id_3	1	target	0.360930011163
T000470	enroll__speaker_enroll_7sec_kiuk_en_1	positive__speaker_identify_3sec_positive_kiuk_id_4	1	target	0.243260622643
T000471	enroll__speaker_enroll_7sec_kiuk_en_1	positive__speaker_identify_3sec_positive_ssh_id_0	0	registered_impostor	0.355855659294
T000472	enroll__speaker_enroll_7sec_kiuk_en_1	positive__speaker_identify_3sec_positive_ssh_id_1	0	registered_impostor	0.152070567243
T000473	enroll__speaker_enroll_7sec_kiuk_en_1	positive__speaker_identify_3sec_positive_ssh_id_2	0	registered_impostor	0.122404282737
T000474	enroll__speaker_enroll_7sec_kiuk_en_1	positive__speaker_identify_3sec_positive_ssh_id_3	0	registered_impostor	0.323688727395
T000475	enroll__speaker_enroll_7sec_kiuk_en_1	positive__speaker_identify_3sec_positive_ssh_id_4	0	registered_impostor	0.258148561886
T000476	enroll__speaker_enroll_7sec_kiuk_en_1	negative__speaker_negative_unregistered_speaker_0000_speaker_0000_00000	0	unregistered_impostor	0.0585660974905
T000477	enroll__speaker_enroll_7sec_kiuk_en_1	negative__speaker_negative_unregistered_speaker_0000_speaker_0000_00001	0	unregistered_impostor	0.0215069384121
T000478	enroll__speaker_enroll_7sec_kiuk_en_1	negative__speaker_negative_unregistered_speaker_0000_speaker_0000_00002	0	unregistered_impostor	-0.151346688725
T000479	enroll__speaker_enroll_7sec_kiuk_en_1	negative__speaker_negative_unregistered_speaker_0000_speaker_0000_00003	0	unregistered_impostor	0.0701773101675
T000480	enroll__speaker_enroll_7sec_kiuk_en_1	negative__speaker_negative_unregistered_speaker_0000_speaker_0000_00004	0	unregistered_impostor	0.160583828189
T000481	enroll__speaker_enroll_7sec_kiuk_en_1	negative__speaker_negative_unregistered_speaker_0000_speaker_0000_00005	0	unregistered_impostor	0.11528894549
T000482	enroll__speaker_enroll_7sec_kiuk_en_1	negative__speaker_negative_unregistered_speaker_0000_speaker_0000_00006	0	unregistered_impostor	0.162903690511
T000483	enroll__speaker_enroll_7sec_kiuk_en_1	negative__speaker_negative_unregistered_speaker_0000_speaker_0000_00007	0	unregistered_impostor	0.171590654604
T000484	enroll__speaker_enroll_7sec_kiuk_en_1	negative__speaker_negative_unregistered_speaker_0000_speaker_0000_00008	0	unregistered_impostor	-0.0211708879719
T000485	enroll__speaker_enroll_7sec_kiuk_en_1	negative__speaker_negative_unregistered_speaker_0000_speaker_0000_00009	0	unregistered_impostor	0.112619197073
T000486	enroll__speaker_enroll_7sec_kiuk_en_1	negative__speaker_negative_unregistered_speaker_0000_speaker_0000_00010	0	unregistered_impostor	0.10013758642
T000487	enroll__speaker_enroll_7sec_kiuk_en_1	negative__speaker_negative_unregistered_speaker_0000_speaker_0000_00011	0	unregistered_impostor	0.12337234442
T000488	enroll__speaker_enroll_7sec_kiuk_en_1	negative__speaker_negative_unregistered_speaker_0000_speaker_0000_00012	0	unregistered_impostor	0.0562068909746
T000489	enroll__speaker_enroll_7sec_kiuk_en_1	negative__speaker_negative_unregistered_speaker_0000_speaker_0000_00013	0	unregistered_impostor	0.231657032038
T000490	enroll__speaker_enroll_7sec_kiuk_en_1	negative__speaker_negative_unregistered_speaker_0000_speaker_0000_00014	0	unregistered_impostor	0.065424537932
T000491	enroll__speaker_enroll_7sec_kiuk_en_1	negative__speaker_negative_unregistered_speaker_0001_speaker_0001_00000	0	unregistered_impostor	0.291269178509
T000492	enroll__speaker_enroll_7sec_kiuk_en_1	negative__speaker_negative_unregistered_speaker_0001_speaker_0001_00001	0	unregistered_impostor	0.322965153599
T000493	enroll__speaker_enroll_7sec_kiuk_en_1	negative__speaker_negative_unregistered_speaker_0001_speaker_0001_00002	0	unregistered_impostor	0.023329389897
T000494	enroll__speaker_enroll_7sec_kiuk_en_1	negative__speaker_negative_unregistered_speaker_0001_speaker_0001_00003	0	unregistered_impostor	0.0736227169884
T000495	enroll__speaker_enroll_7sec_kiuk_en_1	negative__speaker_negative_unregistered_speaker_0001_speaker_0001_00004	0	unregistered_impostor	0.0755749265637
T000496	enroll__speaker_enroll_7sec_kiuk_en_1	negative__speaker_negative_unregistered_speaker_0001_speaker_0001_00005	0	unregistered_impostor	0.203160876521
T000497	enroll__speaker_enroll_7sec_kiuk_en_1	negative__speaker_negative_unregistered_speaker_0001_speaker_0001_00006	0	unregistered_impostor	0.21045730381
T000498	enroll__speaker_enroll_7sec_kiuk_en_1	negative__speaker_negative_unregistered_speaker_0001_speaker_0001_00007	0	unregistered_impostor	0.131972345521
T000499	enroll__speaker_enroll_7sec_kiuk_en_1	negative__speaker_negative_unregistered_speaker_0001_speaker_0001_00008	0	unregistered_impostor	0.199126515963
T000500	enroll__speaker_enroll_7sec_kiuk_en_1	negative__speaker_negative_unregistered_speaker_0001_speaker_0001_00009	0	unregistered_impostor	0.119631627799
T000501	enroll__speaker_enroll_7sec_kiuk_en_1	negative__speaker_negative_unregistered_speaker_0001_speaker_0001_00010	0	unregistered_impostor	0.189850742414
T000502	enroll__speaker_enroll_7sec_kiuk_en_1	negative__speaker_negative_unregistered_speaker_0001_speaker_0001_00011	0	unregistered_impostor	0.145745001662
T000503	enroll__speaker_enroll_7sec_kiuk_en_1	negative__speaker_negative_unregistered_speaker_0001_speaker_0001_00012	0	unregistered_impostor	0.0511566951636
T000504	enroll__speaker_enroll_7sec_kiuk_en_1	negative__speaker_negative_unregistered_speaker_0001_speaker_0001_00013	0	unregistered_impostor	0.193255557191
T000505	enroll__speaker_enroll_7sec_kiuk_en_1	negative__speaker_negative_unregistered_speaker_0001_speaker_0001_00014	0	unregistered_impostor	0.211537718273
T000506	enroll__speaker_enroll_7sec_kiuk_en_1	negative__speaker_negative_unregistered_speaker_0002_speaker_0002_00000	0	unregistered_impostor	0.254963540241
T000507	enroll__speaker_enroll_7sec_kiuk_en_1	negative__speaker_negative_unregistered_speaker_0002_speaker_0002_00001	0	unregistered_impostor	-0.0588210757574
T000508	enroll__speaker_enroll_7sec_kiuk_en_1	negative__speaker_negative_unregistered_speaker_0002_speaker_0002_00002	0	unregistered_impostor	0.100540594929
T000509	enroll__speaker_enroll_7sec_kiuk_en_1	negative__speaker_negative_unregistered_speaker_0002_speaker_0002_00003	0	unregistered_impostor	0.260234393053
T000510	enroll__speaker_enroll_7sec_kiuk_en_1	negative__speaker_negative_unregistered_speaker_0002_speaker_0002_00004	0	unregistered_impostor	0.0858370068687
T000511	enroll__speaker_enroll_7sec_kiuk_en_1	negative__speaker_negative_unregistered_speaker_0002_speaker_0002_00005	0	unregistered_impostor	0.223757985632
T000512	enroll__speaker_enroll_7sec_kiuk_en_1	negative__speaker_negative_unregistered_speaker_0002_speaker_0002_00006	0	unregistered_impostor	0.092847022205
T000513	enroll__speaker_enroll_7sec_kiuk_en_1	negative__speaker_negative_unregistered_speaker_0002_speaker_0002_00007	0	unregistered_impostor	0.0904692857711
T000514	enroll__speaker_enroll_7sec_kiuk_en_1	negative__speaker_negative_unregistered_speaker_0002_speaker_0002_00008	0	unregistered_impostor	0.129354492881
T000515	enroll__speaker_enroll_7sec_kiuk_en_1	negative__speaker_negative_unregistered_speaker_0002_speaker_0002_00009	0	unregistered_impostor	0.205338617827
T000516	enroll__speaker_enroll_7sec_kiuk_en_1	negative__speaker_negative_unregistered_speaker_0002_speaker_0002_00010	0	unregistered_impostor	0.149555581851
T000517	enroll__speaker_enroll_7sec_kiuk_en_1	negative__speaker_negative_unregistered_speaker_0002_speaker_0002_00011	0	unregistered_impostor	0.051304944705
T000518	enroll__speaker_enroll_7sec_kiuk_en_1	negative__speaker_negative_unregistered_speaker_0002_speaker_0002_00012	0	unregistered_impostor	0.22477102465
T000519	enroll__speaker_enroll_7sec_kiuk_en_1	negative__speaker_negative_unregistered_speaker_0002_speaker_0002_00013	0	unregistered_impostor	-0.0524118696204
T000520	enroll__speaker_enroll_7sec_kiuk_en_1	negative__speaker_negative_unregistered_speaker_0002_speaker_0002_00014	0	unregistered_impostor	0.156539830134
T000521	enroll__speaker_enroll_7sec_kiuk_en_2	positive__speaker_identify_3sec_positive_jonah_id_0	0	registered_impostor	0.859374438051
T000522	enroll__speaker_enroll_7sec_kiuk_en_2	positive__speaker_identify_3sec_positive_jonah_id_1	0	registered_impostor	0.097262261166
T000523	enroll__speaker_enroll_7sec_kiuk_en_2	positive__speaker_identify_3sec_positive_jonah_id_2	0	registered_impostor	0.869391927937
T000524	enroll__speaker_enroll_7sec_kiuk_en_2	positive__speaker_identify_3sec_positive_jonah_id_3	0	registered_impostor	0.57135219097
T000525	enroll__speaker_enroll_7sec_kiuk_en_2	positive__speaker_identify_3sec_positive_jonah_id_4	0	registered_impostor	0.0384095162168
T000526	enroll__speaker_enroll_7sec_kiuk_en_2	positive__speaker_identify_3sec_positive_kim_id_0	0	registered_impostor	0.757077316604
T000527	enroll__speaker_enroll_7sec_kiuk_en_2	positive__speaker_identify_3sec_positive_kim_id_1	0	registered_impostor	0.108758457885
T000528	enroll__speaker_enroll_7sec_kiuk_en_2	positive__speaker_identify_3sec_positive_kim_id_2	0	registered_impostor	0.037852047886
T000529	enroll__speaker_enroll_7sec_kiuk_en_2	positive__speaker_identify_3sec_positive_kim_id_3	0	registered_impostor	0.155421075608
T000530	enroll__speaker_enroll_7sec_kiuk_en_2	positive__speaker_identify_3sec_positive_kim_id_4	0	registered_impostor	0.130690796917
T000531	enroll__speaker_enroll_7sec_kiuk_en_2	positive__speaker_identify_3sec_positive_kiuk_id_0	1	target	0.875681436297
T000532	enroll__speaker_enroll_7sec_kiuk_en_2	positive__speaker_identify_3sec_positive_kiuk_id_1	1	target	0.0760363338815
T000533	enroll__speaker_enroll_7sec_kiuk_en_2	positive__speaker_identify_3sec_positive_kiuk_id_2	1	target	0.190926143776
T000534	enroll__speaker_enroll_7sec_kiuk_en_2	positive__speaker_identify_3sec_positive_kiuk_id_3	1	target	0.1402591108
T000535	enroll__speaker_enroll_7sec_kiuk_en_2	positive__speaker_identify_3sec_positive_kiuk_id_4	1	target	0.12264703552
T000536	enroll__speaker_enroll_7sec_kiuk_en_2	positive__speaker_identify_3sec_positive_ssh_id_0	0	registered_impostor	0.25524707251
T000537	enroll__speaker_enroll_7sec_kiuk_en_2	positive__speaker_identify_3sec_positive_ssh_id_1	0	registered_impostor	0.0346653848959
T000538	enroll__speaker_enroll_7sec_kiuk_en_2	positive__speaker_identify_3sec_positive_ssh_id_2	0	registered_impostor	0.0881518969661
T000539	enroll__speaker_enroll_7sec_kiuk_en_2	positive__speaker_identify_3sec_positive_ssh_id_3	0	registered_impostor	0.478755527499
T000540	enroll__speaker_enroll_7sec_kiuk_en_2	positive__speaker_identify_3sec_positive_ssh_id_4	0	registered_impostor	0.216711270209
T000541	enroll__speaker_enroll_7sec_kiuk_en_2	negative__speaker_negative_unregistered_speaker_0000_speaker_0000_00000	0	unregistered_impostor	0.133957791848
T000542	enroll__speaker_enroll_7sec_kiuk_en_2	negative__speaker_negative_unregistered_speaker_0000_speaker_0000_00001	0	unregistered_impostor	0.105519827501
T000543	enroll__speaker_enroll_7sec_kiuk_en_2	negative__speaker_negative_unregistered_speaker_0000_speaker_0000_00002	0	unregistered_impostor	-0.0931431185242
T000544	enroll__speaker_enroll_7sec_kiuk_en_2	negative__speaker_negative_unregistered_speaker_0000_speaker_0000_00003	0	unregistered_impostor	0.170160881202
T000545	enroll__speaker_enroll_7sec_kiuk_en_2	negative__speaker_negative_unregistered_speaker_0000_speaker_0000_00004	0	unregistered_impostor	0.168793429253
T000546	enroll__speaker_enroll_7sec_kiuk_en_2	negative__speaker_negative_unregistered_speaker_0000_speaker_0000_00005	0	unregistered_impostor	0.0200317015869
T000547	enroll__speaker_enroll_7sec_kiuk_en_2	negative__speaker_negative_unregistered_speaker_0000_speaker_0000_00006	0	unregistered_impostor	-0.00388730372518
T000548	enroll__speaker_enroll_7sec_kiuk_en_2	negative__speaker_negative_unregistered_speaker_0000_speaker_0000_00007	0	unregistered_impostor	0.164190629789
T000549	enroll__speaker_enroll_7sec_kiuk_en_2	negative__speaker_negative_unregistered_speaker_0000_speaker_0000_00008	0	unregistered_impostor	-0.0188727517924
T000550	enroll__speaker_enroll_7sec_kiuk_en_2	negative__speaker_negative_unregistered_speaker_0000_speaker_0000_00009	0	unregistered_impostor	0.0338319329957
T000551	enroll__speaker_enroll_7sec_kiuk_en_2	negative__speaker_negative_unregistered_speaker_0000_speaker_0000_00010	0	unregistered_impostor	0.107875688309
T000552	enroll__speaker_enroll_7sec_kiuk_en_2	negative__speaker_negative_unregistered_speaker_0000_speaker_0000_00011	0	unregistered_impostor	0.0201950726654
T000553	enroll__speaker_enroll_7sec_kiuk_en_2	negative__speaker_negative_unregistered_speaker_0000_speaker_0000_00012	0	unregistered_impostor	0.0991071180215
T000554	enroll__speaker_enroll_7sec_kiuk_en_2	negative__speaker_negative_unregistered_speaker_0000_speaker_0000_00013	0	unregistered_impostor	0.169055048776
T000555	enroll__speaker_enroll_7sec_kiuk_en_2	negative__speaker_negative_unregistered_speaker_0000_speaker_0000_00014	0	unregistered_impostor	0.0638234017895
T000556	enroll__speaker_enroll_7sec_kiuk_en_2	negative__speaker_negative_unregistered_speaker_0001_speaker_0001_00000	0	unregistered_impostor	0.337010703971
T000557	enroll__speaker_enroll_7sec_kiuk_en_2	negative__speaker_negative_unregistered_speaker_0001_speaker_0001_00001	0	unregistered_impostor	0.0856156217756
T000558	enroll__speaker_enroll_7sec_kiuk_en_2	negative__speaker_negative_unregistered_speaker_0001_speaker_0001_00002	0	unregistered_impostor	0.00537666053616
T000559	enroll__speaker_enroll_7sec_kiuk_en_2	negative__speaker_negative_unregistered_speaker_0001_speaker_0001_00003	0	unregistered_impostor	0.10249070393
T000560	enroll__speaker_enroll_7sec_kiuk_en_2	negative__speaker_negative_unregistered_speaker_0001_speaker_0001_00004	0	unregistered_impostor	0.0980862984369
T000561	enroll__speaker_enroll_7sec_kiuk_en_2	negative__speaker_negative_unregistered_speaker_0001_speaker_0001_00005	0	unregistered_impostor	0.0167676525424
T000562	enroll__speaker_enroll_7sec_kiuk_en_2	negative__speaker_negative_unregistered_speaker_0001_speaker_0001_00006	0	unregistered_impostor	0.138208329188
T000563	enroll__speaker_enroll_7sec_kiuk_en_2	negative__speaker_negative_unregistered_speaker_0001_speaker_0001_00007	0	unregistered_impostor	0.143460170557
T000564	enroll__speaker_enroll_7sec_kiuk_en_2	negative__speaker_negative_unregistered_speaker_0001_speaker_0001_00008	0	unregistered_impostor	0.155785123897
T000565	enroll__speaker_enroll_7sec_kiuk_en_2	negative__speaker_negative_unregistered_speaker_0001_speaker_0001_00009	0	unregistered_impostor	0.0839425601599
T000566	enroll__speaker_enroll_7sec_kiuk_en_2	negative__speaker_negative_unregistered_speaker_0001_speaker_0001_00010	0	unregistered_impostor	0.136295953371
T000567	enroll__speaker_enroll_7sec_kiuk_en_2	negative__speaker_negative_unregistered_speaker_0001_speaker_0001_00011	0	unregistered_impostor	0.081715818796
T000568	enroll__speaker_enroll_7sec_kiuk_en_2	negative__speaker_negative_unregistered_speaker_0001_speaker_0001_00012	0	unregistered_impostor	0.101767623694
T000569	enroll__speaker_enroll_7sec_kiuk_en_2	negative__speaker_negative_unregistered_speaker_0001_speaker_0001_00013	0	unregistered_impostor	0.123853540352
T000570	enroll__speaker_enroll_7sec_kiuk_en_2	negative__speaker_negative_unregistered_speaker_0001_speaker_0001_00014	0	unregistered_impostor	0.119501372551
T000571	enroll__speaker_enroll_7sec_kiuk_en_2	negative__speaker_negative_unregistered_speaker_0002_speaker_0002_00000	0	unregistered_impostor	0.19171814971
T000572	enroll__speaker_enroll_7sec_kiuk_en_2	negative__speaker_negative_unregistered_speaker_0002_speaker_0002_00001	0	unregistered_impostor	0.0061234849033
T000573	enroll__speaker_enroll_7sec_kiuk_en_2	negative__speaker_negative_unregistered_speaker_0002_speaker_0002_00002	0	unregistered_impostor	0.0927192141053
T000574	enroll__speaker_enroll_7sec_kiuk_en_2	negative__speaker_negative_unregistered_speaker_0002_speaker_0002_00003	0	unregistered_impostor	0.247662149334
T000575	enroll__speaker_enroll_7sec_kiuk_en_2	negative__speaker_negative_unregistered_speaker_0002_speaker_0002_00004	0	unregistered_impostor	0.0322733375566
T000576	enroll__speaker_enroll_7sec_kiuk_en_2	negative__speaker_negative_unregistered_speaker_0002_speaker_0002_00005	0	unregistered_impostor	0.125213033936
T000577	enroll__speaker_enroll_7sec_kiuk_en_2	negative__speaker_negative_unregistered_speaker_0002_speaker_0002_00006	0	unregistered_impostor	0.123850168513
T000578	enroll__speaker_enroll_7sec_kiuk_en_2	negative__speaker_negative_unregistered_speaker_0002_speaker_0002_00007	0	unregistered_impostor	0.120046955342
T000579	enroll__speaker_enroll_7sec_kiuk_en_2	negative__speaker_negative_unregistered_speaker_0002_speaker_0002_00008	0	unregistered_impostor	0.025619049244
T000580	enroll__speaker_enroll_7sec_kiuk_en_2	negative__speaker_negative_unregistered_speaker_0002_speaker_0002_00009	0	unregistered_impostor	0.0654530655788
T000581	enroll__speaker_enroll_7sec_kiuk_en_2	negative__speaker_negative_unregistered_speaker_0002_speaker_0002_00010	0	unregistered_impostor	0.106025740827
T000582	enroll__speaker_enroll_7sec_kiuk_en_2	negative__speaker_negative_unregistered_speaker_0002_speaker_0002_00011	0	unregistered_impostor	0.0432222545728
T000583	enroll__speaker_enroll_7sec_kiuk_en_2	negative__speaker_negative_unregistered_speaker_0002_speaker_0002_00012	0	unregistered_impostor	0.0869988362028
T000584	enroll__speaker_enroll_7sec_kiuk_en_2	negative__speaker_negative_unregistered_speaker_0002_speaker_0002_00013	0	unregistered_impostor	0.0863226626579
T000585	enroll__speaker_enroll_7sec_kiuk_en_2	negative__speaker_negative_unregistered_speaker_0002_speaker_0002_00014	0	unregistered_impostor	0.0357256866833
T000586	enroll__speaker_enroll_7sec_ssh_en_0	positive__speaker_identify_3sec_positive_jonah_id_0	0	registered_impostor	0.956985833322
T000587	enroll__speaker_enroll_7sec_ssh_en_0	positive__speaker_identify_3sec_positive_jonah_id_1	0	registered_impostor	0.120657129494
T000588	enroll__speaker_enroll_7sec_ssh_en_0	positive__speaker_identify_3sec_positive_jonah_id_2	0	registered_impostor	0.956148122998
T000589	enroll__speaker_enroll_7sec_ssh_en_0	positive__speaker_identify_3sec_positive_jonah_id_3	0	registered_impostor	0.590300540461
T000590	enroll__speaker_enroll_7sec_ssh_en_0	positive__speaker_identify_3sec_positive_jonah_id_4	0	registered_impostor	0.0582644075255
T000591	enroll__speaker_enroll_7sec_ssh_en_0	positive__speaker_identify_3sec_positive_kim_id_0	0	registered_impostor	0.754588611158
T000592	enroll__speaker_enroll_7sec_ssh_en_0	positive__speaker_identify_3sec_positive_kim_id_1	0	registered_impostor	0.079580731738
T000593	enroll__speaker_enroll_7sec_ssh_en_0	positive__speaker_identify_3sec_positive_kim_id_2	0	registered_impostor	0.023720739734
T000594	enroll__speaker_enroll_7sec_ssh_en_0	positive__speaker_identify_3sec_positive_kim_id_3	0	registered_impostor	0.19854034215
T000595	enroll__speaker_enroll_7sec_ssh_en_0	positive__speaker_identify_3sec_positive_kim_id_4	0	registered_impostor	0.121378196865
T000596	enroll__speaker_enroll_7sec_ssh_en_0	positive__speaker_identify_3sec_positive_kiuk_id_0	0	registered_impostor	0.930576966247
T000597	enroll__speaker_enroll_7sec_ssh_en_0	positive__speaker_identify_3sec_positive_kiuk_id_1	0	registered_impostor	0.0518751217717
T000598	enroll__speaker_enroll_7sec_ssh_en_0	positive__speaker_identify_3sec_positive_kiuk_id_2	0	registered_impostor	0.184306816518
T000599	enroll__speaker_enroll_7sec_ssh_en_0	positive__speaker_identify_3sec_positive_kiuk_id_3	0	registered_impostor	0.144734178175
T000600	enroll__speaker_enroll_7sec_ssh_en_0	positive__speaker_identify_3sec_positive_kiuk_id_4	0	registered_impostor	0.0845719618994
T000601	enroll__speaker_enroll_7sec_ssh_en_0	positive__speaker_identify_3sec_positive_ssh_id_0	1	target	0.275074710913
T000602	enroll__speaker_enroll_7sec_ssh_en_0	positive__speaker_identify_3sec_positive_ssh_id_1	1	target	0.0283619904079
T000603	enroll__speaker_enroll_7sec_ssh_en_0	positive__speaker_identify_3sec_positive_ssh_id_2	1	target	0.0725910399281
T000604	enroll__speaker_enroll_7sec_ssh_en_0	positive__speaker_identify_3sec_positive_ssh_id_3	1	target	0.512305899377
T000605	enroll__speaker_enroll_7sec_ssh_en_0	positive__speaker_identify_3sec_positive_ssh_id_4	1	target	0.178459400055
T000606	enroll__speaker_enroll_7sec_ssh_en_0	negative__speaker_negative_unregistered_speaker_0000_speaker_0000_00000	0	unregistered_impostor	0.18045127603
T000607	enroll__speaker_enroll_7sec_ssh_en_0	negative__speaker_negative_unregistered_speaker_0000_speaker_0000_00001	0	unregistered_impostor	0.0667242476984
T000608	enroll__speaker_enroll_7sec_ssh_en_0	negative__speaker_negative_unregistered_speaker_0000_speaker_0000_00002	0	unregistered_impostor	-0.0735511428197
T000609	enroll__speaker_enroll_7sec_ssh_en_0	negative__speaker_negative_unregistered_speaker_0000_speaker_0000_00003	0	unregistered_impostor	0.106161435871
T000610	enroll__speaker_enroll_7sec_ssh_en_0	negative__speaker_negative_unregistered_speaker_0000_speaker_0000_00004	0	unregistered_impostor	0.158923354849
T000611	enroll__speaker_enroll_7sec_ssh_en_0	negative__speaker_negative_unregistered_speaker_0000_speaker_0000_00005	0	unregistered_impostor	0.0337962230711
T000612	enroll__speaker_enroll_7sec_ssh_en_0	negative__speaker_negative_unregistered_speaker_0000_speaker_0000_00006	0	unregistered_impostor	0.0281532794803
T000613	enroll__speaker_enroll_7sec_ssh_en_0	negative__speaker_negative_unregistered_speaker_0000_speaker_0000_00007	0	unregistered_impostor	0.191627002301
T000614	enroll__speaker_enroll_7sec_ssh_en_0	negative__speaker_negative_unregistered_speaker_0000_speaker_0000_00008	0	unregistered_impostor	-0.0310914320914
T000615	enroll__speaker_enroll_7sec_ssh_en_0	negative__speaker_negative_unregistered_speaker_0000_speaker_0000_00009	0	unregistered_impostor	0.0495305852742
T000616	enroll__speaker_enroll_7sec_ssh_en_0	negative__speaker_negative_unregistered_speaker_0000_speaker_0000_00010	0	unregistered_impostor	0.109978591707
T000617	enroll__speaker_enroll_7sec_ssh_en_0	negative__speaker_negative_unregistered_speaker_0000_speaker_0000_00011	0	unregistered_impostor	0.0576788483625
T000618	enroll__speaker_enroll_7sec_ssh_en_0	negative__speaker_negative_unregistered_speaker_0000_speaker_0000_00012	0	unregistered_impostor	0.0633706893472
T000619	enroll__speaker_enroll_7sec_ssh_en_0	negative__speaker_negative_unregistered_speaker_0000_speaker_0000_00013	0	unregistered_impostor	0.197987088915
T000620	enroll__speaker_enroll_7sec_ssh_en_0	negative__speaker_negative_unregistered_speaker_0000_speaker_0000_00014	0	unregistered_impostor	0.116835657409
T000621	enroll__speaker_enroll_7sec_ssh_en_0	negative__speaker_negative_unregistered_speaker_0001_speaker_0001_00000	0	unregistered_impostor	0.305550450999
T000622	enroll__speaker_enroll_7sec_ssh_en_0	negative__speaker_negative_unregistered_speaker_0001_speaker_0001_00001	0	unregistered_impostor	0.126750044068
T000623	enroll__speaker_enroll_7sec_ssh_en_0	negative__speaker_negative_unregistered_speaker_0001_speaker_0001_00002	0	unregistered_impostor	0.00490984869976
T000624	enroll__speaker_enroll_7sec_ssh_en_0	negative__speaker_negative_unregistered_speaker_0001_speaker_0001_00003	0	unregistered_impostor	0.0866020671541
T000625	enroll__speaker_enroll_7sec_ssh_en_0	negative__speaker_negative_unregistered_speaker_0001_speaker_0001_00004	0	unregistered_impostor	0.164760748822
T000626	enroll__speaker_enroll_7sec_ssh_en_0	negative__speaker_negative_unregistered_speaker_0001_speaker_0001_00005	0	unregistered_impostor	0.0821149596196
T000627	enroll__speaker_enroll_7sec_ssh_en_0	negative__speaker_negative_unregistered_speaker_0001_speaker_0001_00006	0	unregistered_impostor	0.178462456264
T000628	enroll__speaker_enroll_7sec_ssh_en_0	negative__speaker_negative_unregistered_speaker_0001_speaker_0001_00007	0	unregistered_impostor	0.178619130071
T000629	enroll__speaker_enroll_7sec_ssh_en_0	negative__speaker_negative_unregistered_speaker_0001_speaker_0001_00008	0	unregistered_impostor	0.171939452894
T000630	enroll__speaker_enroll_7sec_ssh_en_0	negative__speaker_negative_unregistered_speaker_0001_speaker_0001_00009	0	unregistered_impostor	0.0558276450062
T000631	enroll__speaker_enroll_7sec_ssh_en_0	negative__speaker_negative_unregistered_speaker_0001_speaker_0001_00010	0	unregistered_impostor	0.232760450509
T000632	enroll__speaker_enroll_7sec_ssh_en_0	negative__speaker_negative_unregistered_speaker_0001_speaker_0001_00011	0	unregistered_impostor	0.100283209813
T000633	enroll__speaker_enroll_7sec_ssh_en_0	negative__speaker_negative_unregistered_speaker_0001_speaker_0001_00012	0	unregistered_impostor	0.152103106018
T000634	enroll__speaker_enroll_7sec_ssh_en_0	negative__speaker_negative_unregistered_speaker_0001_speaker_0001_00013	0	unregistered_impostor	0.179437839791
T000635	enroll__speaker_enroll_7sec_ssh_en_0	negative__speaker_negative_unregistered_speaker_0001_speaker_0001_00014	0	unregistered_impostor	0.109395449049
T000636	enroll__speaker_enroll_7sec_ssh_en_0	negative__speaker_negative_unregistered_speaker_0002_speaker_0002_00000	0	unregistered_impostor	0.178358669814
T000637	enroll__speaker_enroll_7sec_ssh_en_0	negative__speaker_negative_unregistered_speaker_0002_speaker_0002_00001	0	unregistered_impostor	0.104538227443
T000638	enroll__speaker_enroll_7sec_ssh_en_0	negative__speaker_negative_unregistered_speaker_0002_speaker_0002_00002	0	unregistered_impostor	0.134935935548
T000639	enroll__speaker_enroll_7sec_ssh_en_0	negative__speaker_negative_unregistered_speaker_0002_speaker_0002_00003	0	unregistered_impostor	0.272094343054
T000640	enroll__speaker_enroll_7sec_ssh_en_0	negative__speaker_negative_unregistered_speaker_0002_speaker_0002_00004	0	unregistered_impostor	0.0765278437573
T000641	enroll__speaker_enroll_7sec_ssh_en_0	negative__speaker_negative_unregistered_speaker_0002_speaker_0002_00005	0	unregistered_impostor	0.155755536179
T000642	enroll__speaker_enroll_7sec_ssh_en_0	negative__speaker_negative_unregistered_speaker_0002_speaker_0002_00006	0	unregistered_impostor	0.139176167857
T000643	enroll__speaker_enroll_7sec_ssh_en_0	negative__speaker_negative_unregistered_speaker_0002_speaker_0002_00007	0	unregistered_impostor	0.148070900598
T000644	enroll__speaker_enroll_7sec_ssh_en_0	negative__speaker_negative_unregistered_speaker_0002_speaker_0002_00008	0	unregistered_impostor	0.133806842391
T000645	enroll__speaker_enroll_7sec_ssh_en_0	negative__speaker_negative_unregistered_speaker_0002_speaker_0002_00009	0	unregistered_impostor	0.123706752084
T000646	enroll__speaker_enroll_7sec_ssh_en_0	negative__speaker_negative_unregistered_speaker_0002_speaker_0002_00010	0	unregistered_impostor	0.111919178251
T000647	enroll__speaker_enroll_7sec_ssh_en_0	negative__speaker_negative_unregistered_speaker_0002_speaker_0002_00011	0	unregistered_impostor	0.0802212700627
T000648	enroll__speaker_enroll_7sec_ssh_en_0	negative__speaker_negative_unregistered_speaker_0002_speaker_0002_00012	0	unregistered_impostor	0.152659328955
T000649	enroll__speaker_enroll_7sec_ssh_en_0	negative__speaker_negative_unregistered_speaker_0002_speaker_0002_00013	0	unregistered_impostor	0.0942544695387
T000650	enroll__speaker_enroll_7sec_ssh_en_0	negative__speaker_negative_unregistered_speaker_0002_speaker_0002_00014	0	unregistered_impostor	0.109556388342
T000651	enroll__speaker_enroll_7sec_ssh_en_1	positive__speaker_identify_3sec_positive_jonah_id_0	0	registered_impostor	0.330719525933
T000652	enroll__speaker_enroll_7sec_ssh_en_1	positive__speaker_identify_3sec_positive_jonah_id_1	0	registered_impostor	0.0145317280599
T000653	enroll__speaker_enroll_7sec_ssh_en_1	positive__speaker_identify_3sec_positive_jonah_id_2	0	registered_impostor	0.362898728292
T000654	enroll__speaker_enroll_7sec_ssh_en_1	positive__speaker_identify_3sec_positive_jonah_id_3	0	registered_impostor	0.333955390082
T000655	enroll__speaker_enroll_7sec_ssh_en_1	positive__speaker_identify_3sec_positive_jonah_id_4	0	registered_impostor	0.0460212034147
T000656	enroll__speaker_enroll_7sec_ssh_en_1	positive__speaker_identify_3sec_positive_kim_id_0	0	registered_impostor	0.383597388532
T000657	enroll__speaker_enroll_7sec_ssh_en_1	positive__speaker_identify_3sec_positive_kim_id_1	0	registered_impostor	0.0415867927381
T000658	enroll__speaker_enroll_7sec_ssh_en_1	positive__speaker_identify_3sec_positive_kim_id_2	0	registered_impostor	-0.0229352668375
T000659	enroll__speaker_enroll_7sec_ssh_en_1	positive__speaker_identify_3sec_positive_kim_id_3	0	registered_impostor	0.080565609218
T000660	enroll__speaker_enroll_7sec_ssh_en_1	positive__speaker_identify_3sec_positive_kim_id_4	0	registered_impostor	0.0108741883586
T000661	enroll__speaker_enroll_7sec_ssh_en_1	positive__speaker_identify_3sec_positive_kiuk_id_0	0	registered_impostor	0.314477101405
T000662	enroll__speaker_enroll_7sec_ssh_en_1	positive__speaker_identify_3sec_positive_kiuk_id_1	0	registered_impostor	0.191397036904
T000663	enroll__speaker_enroll_7sec_ssh_en_1	positive__speaker_identify_3sec_positive_kiuk_id_2	0	registered_impostor	0.276094876171
T000664	enroll__speaker_enroll_7sec_ssh_en_1	positive__speaker_identify_3sec_positive_kiuk_id_3	0	registered_impostor	0.441088395311
T000665	enroll__speaker_enroll_7sec_ssh_en_1	positive__speaker_identify_3sec_positive_kiuk_id_4	0	registered_impostor	0.296192489946
T000666	enroll__speaker_enroll_7sec_ssh_en_1	positive__speaker_identify_3sec_positive_ssh_id_0	1	target	0.262066415097
T000667	enroll__speaker_enroll_7sec_ssh_en_1	positive__speaker_identify_3sec_positive_ssh_id_1	1	target	0.304250877052
T000668	enroll__speaker_enroll_7sec_ssh_en_1	positive__speaker_identify_3sec_positive_ssh_id_2	1	target	0.0684337801785
T000669	enroll__speaker_enroll_7sec_ssh_en_1	positive__speaker_identify_3sec_positive_ssh_id_3	1	target	0.384005664787
T000670	enroll__speaker_enroll_7sec_ssh_en_1	positive__speaker_identify_3sec_positive_ssh_id_4	1	target	0.339321273518
T000671	enroll__speaker_enroll_7sec_ssh_en_1	negative__speaker_negative_unregistered_speaker_0000_speaker_0000_00000	0	unregistered_impostor	0.218534437067
T000672	enroll__speaker_enroll_7sec_ssh_en_1	negative__speaker_negative_unregistered_speaker_0000_speaker_0000_00001	0	unregistered_impostor	0.0998967515252
T000673	enroll__speaker_enroll_7sec_ssh_en_1	negative__speaker_negative_unregistered_speaker_0000_speaker_0000_00002	0	unregistered_impostor	-0.020030648463
T000674	enroll__speaker_enroll_7sec_ssh_en_1	negative__speaker_negative_unregistered_speaker_0000_speaker_0000_00003	0	unregistered_impostor	-0.00191424080365
T000675	enroll__speaker_enroll_7sec_ssh_en_1	negative__speaker_negative_unregistered_speaker_0000_speaker_0000_00004	0	unregistered_impostor	0.125664441007
T000676	enroll__speaker_enroll_7sec_ssh_en_1	negative__speaker_negative_unregistered_speaker_0000_speaker_0000_00005	0	unregistered_impostor	0.142539247899
T000677	enroll__speaker_enroll_7sec_ssh_en_1	negative__speaker_negative_unregistered_speaker_0000_speaker_0000_00006	0	unregistered_impostor	0.0696731613231
T000678	enroll__speaker_enroll_7sec_ssh_en_1	negative__speaker_negative_unregistered_speaker_0000_speaker_0000_00007	0	unregistered_impostor	0.168137753946
T000679	enroll__speaker_enroll_7sec_ssh_en_1	negative__speaker_negative_unregistered_speaker_0000_speaker_0000_00008	0	unregistered_impostor	0.0450485518984
T000680	enroll__speaker_enroll_7sec_ssh_en_1	negative__speaker_negative_unregistered_speaker_0000_speaker_0000_00009	0	unregistered_impostor	-0.0271550218202
T000681	enroll__speaker_enroll_7sec_ssh_en_1	negative__speaker_negative_unregistered_speaker_0000_speaker_0000_00010	0	unregistered_impostor	0.0200288967182
T000682	enroll__speaker_enroll_7sec_ssh_en_1	negative__speaker_negative_unregistered_speaker_0000_speaker_0000_00011	0	unregistered_impostor	0.178993167984
T000683	enroll__speaker_enroll_7sec_ssh_en_1	negative__speaker_negative_unregistered_speaker_0000_speaker_0000_00012	0	unregistered_impostor	0.0237778603536
T000684	enroll__speaker_enroll_7sec_ssh_en_1	negative__speaker_negative_unregistered_speaker_0000_speaker_0000_00013	0	unregistered_impostor	0.178683378585
T000685	enroll__speaker_enroll_7sec_ssh_en_1	negative__speaker_negative_unregistered_speaker_0000_speaker_0000_00014	0	unregistered_impostor	0.124956726749
T000686	enroll__speaker_enroll_7sec_ssh_en_1	negative__speaker_negative_unregistered_speaker_0001_speaker_0001_00000	0	unregistered_impostor	0.297011324857
T000687	enroll__speaker_enroll_7sec_ssh_en_1	negative__speaker_negative_unregistered_speaker_0001_speaker_0001_00001	0	unregistered_impostor	0.234307358654
T000688	enroll__speaker_enroll_7sec_ssh_en_1	negative__speaker_negative_unregistered_speaker_0001_speaker_0001_00002	0	unregistered_impostor	0.0992636084804
T000689	enroll__speaker_enroll_7sec_ssh_en_1	negative__speaker_negative_unregistered_speaker_0001_speaker_0001_00003	0	unregistered_impostor	0.154978009664
T000690	enroll__speaker_enroll_7sec_ssh_en_1	negative__speaker_negative_unregistered_speaker_0001_speaker_0001_00004	0	unregistered_impostor	0.151334499595
T000691	enroll__speaker_enroll_7sec_ssh_en_1	negative__speaker_negative_unregistered_speaker_0001_speaker_0001_00005	0	unregistered_impostor	0.14402414999
T000692	enroll__speaker_enroll_7sec_ssh_en_1	negative__speaker_negative_unregistered_speaker_0001_speaker_0001_00006	0	unregistered_impostor	0.255992741526
T000693	enroll__speaker_enroll_7sec_ssh_en_1	negative__speaker_negative_unregistered_speaker_0001_speaker_0001_00007	0	unregistered_impostor	0.208578575711
T000694	enroll__speaker_enroll_7sec_ssh_en_1	negative__speaker_negative_unregistered_speaker_0001_speaker_0001_00008	0	unregistered_impostor	0.229644245702
T000695	enroll__speaker_enroll_7sec_ssh_en_1	negative__speaker_negative_unregistered_speaker_0001_speaker_0001_00009	0	unregistered_impostor	0.184539428165
T000696	enroll__speaker_enroll_7sec_ssh_en_1	negative__speaker_negative_unregistered_speaker_0001_speaker_0001_00010	0	unregistered_impostor	0.216251653767
T000697	enroll__speaker_enroll_7sec_ssh_en_1	negative__speaker_negative_unregistered_speaker_0001_speaker_0001_00011	0	unregistered_impostor	0.236661555776
T000698	enroll__speaker_enroll_7sec_ssh_en_1	negative__speaker_negative_unregistered_speaker_0001_speaker_0001_00012	0	unregistered_impostor	0.222766244186
T000699	enroll__speaker_enroll_7sec_ssh_en_1	negative__speaker_negative_unregistered_speaker_0001_speaker_0001_00013	0	unregistered_impostor	0.207050146907
T000700	enroll__speaker_enroll_7sec_ssh_en_1	negative__speaker_negative_unregistered_speaker_0001_speaker_0001_00014	0	unregistered_impostor	0.23181733883
T000701	enroll__speaker_enroll_7sec_ssh_en_1	negative__speaker_negative_unregistered_speaker_0002_speaker_0002_00000	0	unregistered_impostor	0.232281562725
T000702	enroll__speaker_enroll_7sec_ssh_en_1	negative__speaker_negative_unregistered_speaker_0002_speaker_0002_00001	0	unregistered_impostor	0.149505011809
T000703	enroll__speaker_enroll_7sec_ssh_en_1	negative__speaker_negative_unregistered_speaker_0002_speaker_0002_00002	0	unregistered_impostor	0.273664554796
T000704	enroll__speaker_enroll_7sec_ssh_en_1	negative__speaker_negative_unregistered_speaker_0002_speaker_0002_00003	0	unregistered_impostor	0.42136971984
T000705	enroll__speaker_enroll_7sec_ssh_en_1	negative__speaker_negative_unregistered_speaker_0002_speaker_0002_00004	0	unregistered_impostor	0.22875287895
T000706	enroll__speaker_enroll_7sec_ssh_en_1	negative__speaker_negative_unregistered_speaker_0002_speaker_0002_00005	0	unregistered_impostor	0.300857987904
T000707	enroll__speaker_enroll_7sec_ssh_en_1	negative__speaker_negative_unregistered_speaker_0002_speaker_0002_00006	0	unregistered_impostor	0.321607190666
T000708	enroll__speaker_enroll_7sec_ssh_en_1	negative__speaker_negative_unregistered_speaker_0002_speaker_0002_00007	0	unregistered_impostor	0.264308783946
T000709	enroll__speaker_enroll_7sec_ssh_en_1	negative__speaker_negative_unregistered_speaker_0002_speaker_0002_00008	0	unregistered_impostor	0.181867971519
T000710	enroll__speaker_enroll_7sec_ssh_en_1	negative__speaker_negative_unregistered_speaker_0002_speaker_0002_00009	0	unregistered_impostor	0.254355550584
T000711	enroll__speaker_enroll_7sec_ssh_en_1	negative__speaker_negative_unregistered_speaker_0002_speaker_0002_00010	0	unregistered_impostor	0.201527349974
T000712	enroll__speaker_enroll_7sec_ssh_en_1	negative__speaker_negative_unregistered_speaker_0002_speaker_0002_00011	0	unregistered_impostor	0.261285157052
T000713	enroll__speaker_enroll_7sec_ssh_en_1	negative__speaker_negative_unregistered_speaker_0002_speaker_0002_00012	0	unregistered_impostor	0.279789347386
T000714	enroll__speaker_enroll_7sec_ssh_en_1	negative__speaker_negative_unregistered_speaker_0002_speaker_0002_00013	0	unregistered_impostor	0.265462535054
T000715	enroll__speaker_enroll_7sec_ssh_en_1	negative__speaker_negative_unregistered_speaker_0002_speaker_0002_00014	0	unregistered_impostor	0.277754022188
T000716	enroll__speaker_enroll_7sec_ssh_en_2	positive__speaker_identify_3sec_positive_jonah_id_0	0	registered_impostor	0.210253965218
T000717	enroll__speaker_enroll_7sec_ssh_en_2	positive__speaker_identify_3sec_positive_jonah_id_1	0	registered_impostor	0.178200581171
T000718	enroll__speaker_enroll_7sec_ssh_en_2	positive__speaker_identify_3sec_positive_jonah_id_2	0	registered_impostor	0.259741838756
T000719	enroll__speaker_enroll_7sec_ssh_en_2	positive__speaker_identify_3sec_positive_jonah_id_3	0	registered_impostor	0.163183832155
T000720	enroll__speaker_enroll_7sec_ssh_en_2	positive__speaker_identify_3sec_positive_jonah_id_4	0	registered_impostor	0.276293350911
T000721	enroll__speaker_enroll_7sec_ssh_en_2	positive__speaker_identify_3sec_positive_kim_id_0	0	registered_impostor	0.252099733761
T000722	enroll__speaker_enroll_7sec_ssh_en_2	positive__speaker_identify_3sec_positive_kim_id_1	0	registered_impostor	0.138203338851
T000723	enroll__speaker_enroll_7sec_ssh_en_2	positive__speaker_identify_3sec_positive_kim_id_2	0	registered_impostor	0.245096415738
T000724	enroll__speaker_enroll_7sec_ssh_en_2	positive__speaker_identify_3sec_positive_kim_id_3	0	registered_impostor	0.242609577708
T000725	enroll__speaker_enroll_7sec_ssh_en_2	positive__speaker_identify_3sec_positive_kim_id_4	0	registered_impostor	0.254425272217
T000726	enroll__speaker_enroll_7sec_ssh_en_2	positive__speaker_identify_3sec_positive_kiuk_id_0	0	registered_impostor	0.243485547674
T000727	enroll__speaker_enroll_7sec_ssh_en_2	positive__speaker_identify_3sec_positive_kiuk_id_1	0	registered_impostor	0.173965399382
T000728	enroll__speaker_enroll_7sec_ssh_en_2	positive__speaker_identify_3sec_positive_kiuk_id_2	0	registered_impostor	0.377900759326
T000729	enroll__speaker_enroll_7sec_ssh_en_2	positive__speaker_identify_3sec_positive_kiuk_id_3	0	registered_impostor	0.350429778448
T000730	enroll__speaker_enroll_7sec_ssh_en_2	positive__speaker_identify_3sec_positive_kiuk_id_4	0	registered_impostor	0.272625251804
T000731	enroll__speaker_enroll_7sec_ssh_en_2	positive__speaker_identify_3sec_positive_ssh_id_0	1	target	0.401940794156
T000732	enroll__speaker_enroll_7sec_ssh_en_2	positive__speaker_identify_3sec_positive_ssh_id_1	1	target	0.403968622788
T000733	enroll__speaker_enroll_7sec_ssh_en_2	positive__speaker_identify_3sec_positive_ssh_id_2	1	target	0.325925609746
T000734	enroll__speaker_enroll_7sec_ssh_en_2	positive__speaker_identify_3sec_positive_ssh_id_3	1	target	0.34133745438
T000735	enroll__speaker_enroll_7sec_ssh_en_2	positive__speaker_identify_3sec_positive_ssh_id_4	1	target	0.439741838355
T000736	enroll__speaker_enroll_7sec_ssh_en_2	negative__speaker_negative_unregistered_speaker_0000_speaker_0000_00000	0	unregistered_impostor	0.199742767813
T000737	enroll__speaker_enroll_7sec_ssh_en_2	negative__speaker_negative_unregistered_speaker_0000_speaker_0000_00001	0	unregistered_impostor	0.257178232135
T000738	enroll__speaker_enroll_7sec_ssh_en_2	negative__speaker_negative_unregistered_speaker_0000_speaker_0000_00002	0	unregistered_impostor	0.106401494509
T000739	enroll__speaker_enroll_7sec_ssh_en_2	negative__speaker_negative_unregistered_speaker_0000_speaker_0000_00003	0	unregistered_impostor	0.128267208387
T000740	enroll__speaker_enroll_7sec_ssh_en_2	negative__speaker_negative_unregistered_speaker_0000_speaker_0000_00004	0	unregistered_impostor	0.150775910537
T000741	enroll__speaker_enroll_7sec_ssh_en_2	negative__speaker_negative_unregistered_speaker_0000_speaker_0000_00005	0	unregistered_impostor	0.161081985269
T000742	enroll__speaker_enroll_7sec_ssh_en_2	negative__speaker_negative_unregistered_speaker_0000_speaker_0000_00006	0	unregistered_impostor	0.0619083131791
T000743	enroll__speaker_enroll_7sec_ssh_en_2	negative__speaker_negative_unregistered_speaker_0000_speaker_0000_00007	0	unregistered_impostor	0.17994683721
T000744	enroll__speaker_enroll_7sec_ssh_en_2	negative__speaker_negative_unregistered_speaker_0000_speaker_0000_00008	0	unregistered_impostor	0.00845115865112
T000745	enroll__speaker_enroll_7sec_ssh_en_2	negative__speaker_negative_unregistered_speaker_0000_speaker_0000_00009	0	unregistered_impostor	0.0436151151782
T000746	enroll__speaker_enroll_7sec_ssh_en_2	negative__speaker_negative_unregistered_speaker_0000_speaker_0000_00010	0	unregistered_impostor	0.171056327414
T000747	enroll__speaker_enroll_7sec_ssh_en_2	negative__speaker_negative_unregistered_speaker_0000_speaker_0000_00011	0	unregistered_impostor	0.268966221958
T000748	enroll__speaker_enroll_7sec_ssh_en_2	negative__speaker_negative_unregistered_speaker_0000_speaker_0000_00012	0	unregistered_impostor	0.166491252463
T000749	enroll__speaker_enroll_7sec_ssh_en_2	negative__speaker_negative_unregistered_speaker_0000_speaker_0000_00013	0	unregistered_impostor	0.276605785071
T000750	enroll__speaker_enroll_7sec_ssh_en_2	negative__speaker_negative_unregistered_speaker_0000_speaker_0000_00014	0	unregistered_impostor	0.0718397132239
T000751	enroll__speaker_enroll_7sec_ssh_en_2	negative__speaker_negative_unregistered_speaker_0001_speaker_0001_00000	0	unregistered_impostor	0.178759493484
T000752	enroll__speaker_enroll_7sec_ssh_en_2	negative__speaker_negative_unregistered_speaker_0001_speaker_0001_00001	0	unregistered_impostor	0.166897175293
T000753	enroll__speaker_enroll_7sec_ssh_en_2	negative__speaker_negative_unregistered_speaker_0001_speaker_0001_00002	0	unregistered_impostor	-0.0166469740022
T000754	enroll__speaker_enroll_7sec_ssh_en_2	negative__speaker_negative_unregistered_speaker_0001_speaker_0001_00003	0	unregistered_impostor	-0.042621533716
T000755	enroll__speaker_enroll_7sec_ssh_en_2	negative__speaker_negative_unregistered_speaker_0001_speaker_0001_00004	0	unregistered_impostor	0.00564063612097
T000756	enroll__speaker_enroll_7sec_ssh_en_2	negative__speaker_negative_unregistered_speaker_0001_speaker_0001_00005	0	unregistered_impostor	0.0216470931622
T000757	enroll__speaker_enroll_7sec_ssh_en_2	negative__speaker_negative_unregistered_speaker_0001_speaker_0001_00006	0	unregistered_impostor	0.0748239768527
T000758	enroll__speaker_enroll_7sec_ssh_en_2	negative__speaker_negative_unregistered_speaker_0001_speaker_0001_00007	0	unregistered_impostor	0.139940641017
T000759	enroll__speaker_enroll_7sec_ssh_en_2	negative__speaker_negative_unregistered_speaker_0001_speaker_0001_00008	0	unregistered_impostor	0.134410651957
T000760	enroll__speaker_enroll_7sec_ssh_en_2	negative__speaker_negative_unregistered_speaker_0001_speaker_0001_00009	0	unregistered_impostor	0.0685669264484
T000761	enroll__speaker_enroll_7sec_ssh_en_2	negative__speaker_negative_unregistered_speaker_0001_speaker_0001_00010	0	unregistered_impostor	0.113325251417
T000762	enroll__speaker_enroll_7sec_ssh_en_2	negative__speaker_negative_unregistered_speaker_0001_speaker_0001_00011	0	unregistered_impostor	0.0159103252268
T000763	enroll__speaker_enroll_7sec_ssh_en_2	negative__speaker_negative_unregistered_speaker_0001_speaker_0001_00012	0	unregistered_impostor	0.0450540201935
T000764	enroll__speaker_enroll_7sec_ssh_en_2	negative__speaker_negative_unregistered_speaker_0001_speaker_0001_00013	0	unregistered_impostor	0.128726440108
T000765	enroll__speaker_enroll_7sec_ssh_en_2	negative__speaker_negative_unregistered_speaker_0001_speaker_0001_00014	0	unregistered_impostor	0.0651383550635
T000766	enroll__speaker_enroll_7sec_ssh_en_2	negative__speaker_negative_unregistered_speaker_0002_speaker_0002_00000	0	unregistered_impostor	0.200873807446
T000767	enroll__speaker_enroll_7sec_ssh_en_2	negative__speaker_negative_unregistered_speaker_0002_speaker_0002_00001	0	unregistered_impostor	-0.0199772977385
T000768	enroll__speaker_enroll_7sec_ssh_en_2	negative__speaker_negative_unregistered_speaker_0002_speaker_0002_00002	0	unregistered_impostor	0.122559039536
T000769	enroll__speaker_enroll_7sec_ssh_en_2	negative__speaker_negative_unregistered_speaker_0002_speaker_0002_00003	0	unregistered_impostor	0.134311327186
T000770	enroll__speaker_enroll_7sec_ssh_en_2	negative__speaker_negative_unregistered_speaker_0002_speaker_0002_00004	0	unregistered_impostor	0.00406693662819
T000771	enroll__speaker_enroll_7sec_ssh_en_2	negative__speaker_negative_unregistered_speaker_0002_speaker_0002_00005	0	unregistered_impostor	0.213540470897
T000772	enroll__speaker_enroll_7sec_ssh_en_2	negative__speaker_negative_unregistered_speaker_0002_speaker_0002_00006	0	unregistered_impostor	-0.00780803834115
T000773	enroll__speaker_enroll_7sec_ssh_en_2	negative__speaker_negative_unregistered_speaker_0002_speaker_0002_00007	0	unregistered_impostor	0.116346647273
T000774	enroll__speaker_enroll_7sec_ssh_en_2	negative__speaker_negative_unregistered_speaker_0002_speaker_0002_00008	0	unregistered_impostor	-0.00257628034614
T000775	enroll__speaker_enroll_7sec_ssh_en_2	negative__speaker_negative_unregistered_speaker_0002_speaker_0002_00009	0	unregistered_impostor	0.151468999427
T000776	enroll__speaker_enroll_7sec_ssh_en_2	negative__speaker_negative_unregistered_speaker_0002_speaker_0002_00010	0	unregistered_impostor	0.109213542513
T000777	enroll__speaker_enroll_7sec_ssh_en_2	negative__speaker_negative_unregistered_speaker_0002_speaker_0002_00011	0	unregistered_impostor	-0.0478492798989
T000778	enroll__speaker_enroll_7sec_ssh_en_2	negative__speaker_negative_unregistered_speaker_0002_speaker_0002_00012	0	unregistered_impostor	0.00674368731845
T000779	enroll__speaker_enroll_7sec_ssh_en_2	negative__speaker_negative_unregistered_speaker_0002_speaker_0002_00013	0	unregistered_impostor	0.108412116707
T000780	enroll__speaker_enroll_7sec_ssh_en_2	negative__speaker_negative_unregistered_speaker_0002_speaker_0002_00014	0	unregistered_impostor	0.053777231171
