trial_id	enroll_id	test_id	target	trial_type	score
T000001	enroll__speaker_enroll_7sec_jonah_en_0	positive__speaker_identify_3sec_positive_jonah_id_0	1	target	0.263195955935
T000002	enroll__speaker_enroll_7sec_jonah_en_0	positive__speaker_identify_3sec_positive_jonah_id_1	1	target	0.219399544895
T000003	enroll__speaker_enroll_7sec_jonah_en_0	positive__speaker_identify_3sec_positive_jonah_id_2	1	target	0.276922779308
T000004	enroll__speaker_enroll_7sec_jonah_en_0	positive__speaker_identify_3sec_positive_jonah_id_3	1	target	0.307880191092
T000005	enroll__speaker_enroll_7sec_jonah_en_0	positive__speaker_identify_3sec_positive_jonah_id_4	1	target	0.28794153057
T000006	enroll__speaker_enroll_7sec_jonah_en_0	positive__speaker_identify_3sec_positive_kim_id_0	0	registered_impostor	0.246329582001
T000007	enroll__speaker_enroll_7sec_jonah_en_0	positive__speaker_identify_3sec_positive_kim_id_1	0	registered_impostor	0.266499264046
T000008	enroll__speaker_enroll_7sec_jonah_en_0	positive__speaker_identify_3sec_positive_kim_id_2	0	registered_impostor	0.266038250956
T000009	enroll__speaker_enroll_7sec_jonah_en_0	positive__speaker_identify_3sec_positive_kim_id_3	0	registered_impostor	0.277505311821
T000010	enroll__speaker_enroll_7sec_jonah_en_0	positive__speaker_identify_3sec_positive_kim_id_4	0	registered_impostor	0.28882247
T000011	enroll__speaker_enroll_7sec_jonah_en_0	positive__speaker_identify_3sec_positive_kiuk_id_0	0	registered_impostor	0.258270221427
T000012	enroll__speaker_enroll_7sec_jonah_en_0	positive__speaker_identify_3sec_positive_kiuk_id_1	0	registered_impostor	0.249943926037
T000013	enroll__speaker_enroll_7sec_jonah_en_0	positive__speaker_identify_3sec_positive_kiuk_id_2	0	registered_impostor	0.274132589069
T000014	enroll__speaker_enroll_7sec_jonah_en_0	positive__speaker_identify_3sec_positive_kiuk_id_3	0	registered_impostor	0.257841694223
T000015	enroll__speaker_enroll_7sec_jonah_en_0	positive__speaker_identify_3sec_positive_kiuk_id_4	0	registered_impostor	0.292683077951
T000016	enroll__speaker_enroll_7sec_jonah_en_0	positive__speaker_identify_3sec_positive_ssh_id_0	0	registered_impostor	0.286920051351
T000017	enroll__speaker_enroll_7sec_jonah_en_0	positive__speaker_identify_3sec_positive_ssh_id_1	0	registered_impostor	0.244586134053
T000018	enroll__speaker_enroll_7sec_jonah_en_0	positive__speaker_identify_3sec_positive_ssh_id_2	0	registered_impostor	0.241286799229
T000019	enroll__speaker_enroll_7sec_jonah_en_0	positive__speaker_identify_3sec_positive_ssh_id_3	0	registered_impostor	0.298541636507
T000020	enroll__speaker_enroll_7sec_jonah_en_0	positive__speaker_identify_3sec_positive_ssh_id_4	0	registered_impostor	0.306516903243
T000021	enroll__speaker_enroll_7sec_jonah_en_0	negative__speaker_negative_unregistered_speaker_0000_speaker_0000_00000	0	unregistered_impostor	0.237078354618
T000022	enroll__speaker_enroll_7sec_jonah_en_0	negative__speaker_negative_unregistered_speaker_0000_speaker_0000_00001	0	unregistered_impostor	0.239425436857
T000023	enroll__speaker_enroll_7sec_jonah_en_0	negative__speaker_negative_unregistered_speaker_0000_speaker_0000_00002	0	unregistered_impostor	0.131431501935
T000024	enroll__speaker_enroll_7sec_jonah_en_0	negative__speaker_negative_unregistered_speaker_0000_speaker_0000_00003	0	unregistered_impostor	0.15409043504
T000025	enroll__speaker_enroll_7sec_jonah_en_0	negative__speaker_negative_unregistered_speaker_0000_speaker_0000_00004	0	unregistered_impostor	0.246219207437
T000026	enroll__speaker_enroll_7sec_jonah_en_0	negative__speaker_negative_unregistered_speaker_0000_speaker_0000_00005	0	unregistered_impostor	0.26331481034
T000027	enroll__speaker_enroll_7sec_jonah_en_0	negative__speaker_negative_unregistered_speaker_0000_speaker_0000_00006	0	unregistered_impostor	0.228052425233
T000028	enroll__speaker_enroll_7sec_jonah_en_0	negative__speaker_negative_unregistered_speaker_0000_speaker_0000_00007	0	unregistered_impostor	0.140697095359
T000029	enroll__speaker_enroll_7sec_jonah_en_0	negative__speaker_negative_unregistered_speaker_0000_speaker_0000_00008	0	unregistered_impostor	0.242947669243
T000030	enroll__speaker_enroll_7sec_jonah_en_0	negative__speaker_negative_unregistered_speaker_0000_speaker_0000_00009	0	unregistered_impostor	0.179817890232
T000031	enroll__speaker_enroll_7sec_jonah_en_0	negative__speaker_negative_unregistered_speaker_0000_speaker_0000_00010	0	unregistered_impostor	0.282881660185
T000032	enroll__speaker_enroll_7sec_jonah_en_0	negative__speaker_negative_unregistered_speaker_0000_speaker_0000_00011	0	unregistered_impostor	0.144833045883
T000033	enroll__speaker_enroll_7sec_jonah_en_0	negative__speaker_negative_unregistered_speaker_0000_speaker_0000_00012	0	unregistered_impostor	0.0927831520624
T000034	enroll__speaker_enroll_7sec_jonah_en_0	negative__speaker_negative_unregistered_speaker_0000_speaker_0000_00013	0	unregistered_impostor	0.203190898901
T000035	enroll__speaker_enroll_7sec_jonah_en_0	negative__speaker_negative_unregistered_speaker_0000_speaker_0000_00014	0	unregistered_impostor	0.171073681456
T000036	enroll__speaker_enroll_7sec_jonah_en_0	negative__speaker_negative_unregistered_speaker_0001_speaker_0001_00000	0	unregistered_impostor	0.113280396033
T000037	enroll__speaker_enroll_7sec_jonah_en_0	negative__speaker_negative_unregistered_speaker_0001_speaker_0001_00001	0	unregistered_impostor	0.266241818392
T000038	enroll__speaker_enroll_7sec_jonah_en_0	negative__speaker_negative_unregistered_speaker_0001_speaker_0001_00002	0	unregistered_impostor	0.198405827077
T000039	enroll__speaker_enroll_7sec_jonah_en_0	negative__speaker_negative_unregistered_speaker_0001_speaker_0001_00003	0	unregistered_impostor	0.191560869411
T000040	enroll__speaker_enroll_7sec_jonah_en_0	negative__speaker_negative_unregistered_speaker_0001_speaker_0001_00004	0	unregistered_impostor	0.227316852375
T000041	enroll__speaker_enroll_7sec_jonah_en_0	negative__speaker_negative_unregistered_speaker_0001_speaker_0001_00005	0	unregistered_impostor	0.211300937461
T000042	enroll__speaker_enroll_7sec_jonah_en_0	negative__speaker_negative_unregistered_speaker_0001_speaker_0001_00006	0	unregistered_impostor	0.195946567654
T000043	enroll__speaker_enroll_7sec_jonah_en_0	negative__speaker_negative_unregistered_speaker_0001_speaker_0001_00007	0	unregistered_impostor	0.168286687247
T000044	enroll__speaker_enroll_7sec_jonah_en_0	negative__speaker_negative_unregistered_speaker_0001_speaker_0001_00008	0	unregistered_impostor	0.21128526718
T000045	enroll__speaker_enroll_7sec_jonah_en_0	negative__speaker_negative_unregistered_speaker_0001_speaker_0001_00009	0	unregistered_impostor	0.170900922688
T000046	enroll__speaker_enroll_7sec_jonah_en_0	negative__speaker_negative_unregistered_speaker_0001_speaker_0001_00010	0	unregistered_impostor	0.279036426648
T000047	enroll__speaker_enroll_7sec_jonah_en_0	negative__speaker_negative_unregistered_speaker_0001_speaker_0001_00011	0	unregistered_impostor	0.165052705215
T000048	enroll__speaker_enroll_7sec_jonah_en_0	negative__speaker_negative_unregistered_speaker_0001_speaker_0001_00012	0	unregistered_impostor	0.327132433436
T000049	enroll__speaker_enroll_7sec_jonah_en_0	negative__speaker_negative_unregistered_speaker_0001_speaker_0001_00013	0	unregistered_impostor	0.355565778958
T000050	enroll__speaker_enroll_7sec_jonah_en_0	negative__speaker_negative_unregistered_speaker_0001_speaker_0001_00014	0	unregistered_impostor	0.272038795306
T000051	enroll__speaker_enroll_7sec_jonah_en_0	negative__speaker_negative_unregistered_speaker_0002_speaker_0002_00000	0	unregistered_impostor	0.364194781639
T000052	enroll__speaker_enroll_7sec_jonah_en_0	negative__speaker_negative_unregistered_speaker_0002_speaker_0002_00001	0	unregistered_impostor	0.288998261573
T000053	enroll__speaker_enroll_7sec_jonah_en_0	negative__speaker_negative_unregistered_speaker_0002_speaker_0002_00002	0	unregistered_impostor	0.167188827118
T000054	enroll__speaker_enroll_7sec_jonah_en_0	negative__speaker_negative_unregistered_speaker_0002_speaker_0002_00003	0	unregistered_impostor	0.280629874072
T000055	enroll__speaker_enroll_7sec_jonah_en_0	negative__speaker_negative_unregistered_speaker_0002_speaker_0002_00004	0	unregistered_impostor	0.180133736826
T000056	enroll__speaker_enroll_7sec_jonah_en_0	negative__speaker_negative_unregistered_speaker_0002_speaker_0002_00005	0	unregistered_impostor	0.271666855156
T000057	enroll__speaker_enroll_7sec_jonah_en_0	negative__speaker_negative_unregistered_speaker_0002_speaker_0002_00006	0	unregistered_impostor	0.285469531577
T000058	enroll__speaker_enroll_7sec_jonah_en_0	negative__speaker_negative_unregistered_speaker_0002_speaker_0002_00007	0	unregistered_impostor	0.309832176622
T000059	enroll__speaker_enroll_7sec_jonah_en_0	negative__speaker_negative_unregistered_speaker_0002_speaker_0002_00008	0	unregistered_impostor	0.286928352623
T000060	enroll__speaker_enroll_7sec_jonah_en_0	negative__speaker_negative_unregistered_speaker_0002_speaker_0002_00009	0	unregistered_impostor	0.264103856676
T000061	enroll__speaker_enroll_7sec_jonah_en_0	negative__speaker_negative_unregistered_speaker_0002_speaker_0002_00010	0	unregistered_impostor	0.289365985714
T000062	enroll__speaker_enroll_7sec_jonah_en_0	negative__speaker_negative_unregistered_speaker_0002_speaker_0002_00011	0	unregistered_impostor	0.236188011685
T000063	enroll__speaker_enroll_7sec_jonah_en_0	negative__speaker_negative_unregistered_speaker_0002_speaker_0002_00012	0	unregistered_impostor	0.265706611839
T000064	enroll__speaker_enroll_7sec_jonah_en_0	negative__speaker_negative_unregistered_speaker_0002_speaker_0002_00013	0	unregistered_impostor	0.302428694546
T000065	enroll__speaker_enroll_7sec_jonah_en_0	negative__speaker_negative_unregistered_speaker_0002_speaker_0002_00014	0	unregistered_impostor	0.22369203531
T000066	enroll__speaker_enroll_7sec_jonah_en_1	positive__speaker_identify_3sec_positive_jonah_id_0	1	target	0.245529061697
T000067	enroll__speaker_enroll_7sec_jonah_en_1	positive__speaker_identify_3sec_positive_jonah_id_1	1	target	0.207233937334
T000068	enroll__speaker_enroll_7sec_jonah_en_1	positive__speaker_identify_3sec_positive_jonah_id_2	1	target	0.276063608583
T000069	enroll__speaker_enroll_7sec_jonah_en_1	positive__speaker_identify_3sec_positive_jonah_id_3	1	target	0.303346134266
T000070	enroll__speaker_enroll_7sec_jonah_en_1	positive__speaker_identify_3sec_positive_jonah_id_4	1	target	0.291568940829
T000071	enroll__speaker_enroll_7sec_jonah_en_1	positive__speaker_identify_3sec_positive_kim_id_0	0	registered_impostor	0.241576629785
T000072	enroll__speaker_enroll_7sec_jonah_en_1	positive__speaker_identify_3sec_positive_kim_id_1	0	registered_impostor	0.25825635462
T000073	enroll__speaker_enroll_7sec_jonah_en_1	positive__speaker_identify_3sec_positive_kim_id_2	0	registered_impostor	0.253500441608
T000074	enroll__speaker_enroll_7sec_jonah_en_1	positive__speaker_identify_3sec_positive_kim_id_3	0	registered_impostor	0.275529691498
T000075	enroll__speaker_enroll_7sec_jonah_en_1	positive__speaker_identify_3sec_positive_kim_id_4	0	registered_impostor	0.276556288652
T000076	enroll__speaker_enroll_7sec_jonah_en_1	positive__speaker_identify_3sec_positive_kiuk_id_0	0	registered_impostor	0.2400416701
T000077	enroll__speaker_enroll_7sec_jonah_en_1	positive__speaker_identify_3sec_positive_kiuk_id_1	0	registered_impostor	0.24067657828
T000078	enroll__speaker_enroll_7sec_jonah_en_1	positive__speaker_identify_3sec_positive_kiuk_id_2	0	registered_impostor	0.269551953803
T000079	enroll__speaker_enroll_7sec_jonah_en_1	positive__speaker_identify_3sec_positive_kiuk_id_3	0	registered_impostor	0.252912088194
T000080	enroll__speaker_enroll_7sec_jonah_en_1	positive__speaker_identify_3sec_positive_kiuk_id_4	0	registered_impostor	0.28868530291
T000081	enroll__speaker_enroll_7sec_jonah_en_1	positive__speaker_identify_3sec_positive_ssh_id_0	0	registered_impostor	0.284933465988
T000082	enroll__speaker_enroll_7sec_jonah_en_1	positive__speaker_identify_3sec_positive_ssh_id_1	0	registered_impostor	0.231500559274
T000083	enroll__speaker_enroll_7sec_jonah_en_1	positive__speaker_identify_3sec_positive_ssh_id_2	0	registered_impostor	0.22671870379
T000084	enroll__speaker_enroll_7sec_jonah_en_1	positive__speaker_identify_3sec_positive_ssh_id_3	0	registered_impostor	0.300852284027
T000085	enroll__speaker_enroll_7sec_jonah_en_1	positive__speaker_identify_3sec_positive_ssh_id_4	0	registered_impostor	0.297308971486
T000086	enroll__speaker_enroll_7sec_jonah_en_1	negative__speaker_negative_unregistered_speaker_0000_speaker_0000_00000	0	unregistered_impostor	0.165687933137
T000087	enroll__speaker_enroll_7sec_jonah_en_1	negative__speaker_negative_unregistered_speaker_0000_speaker_0000_00001	0	unregistered_impostor	0.172113552316
T000088	enroll__speaker_enroll_7sec_jonah_en_1	negative__speaker_negative_unregistered_speaker_0000_speaker_0000_00002	0	unregistered_impostor	0.0761940607041
T000089	enroll__speaker_enroll_7sec_jonah_en_1	negative__speaker_negative_unregistered_speaker_0000_speaker_0000_00003	0	unregistered_impostor	0.12009635661
T000090	enroll__speaker_enroll_7sec_jonah_en_1	negative__speaker_negative_unregistered_speaker_0000_speaker_0000_00004	0	unregistered_impostor	0.235721006207
T000091	enroll__speaker_enroll_7sec_jonah_en_1	negative__speaker_negative_unregistered_speaker_0000_speaker_0000_00005	0	unregistered_impostor	0.198594972824
T000092	enroll__speaker_enroll_7sec_jonah_en_1	negative__speaker_negative_unregistered_speaker_0000_speaker_0000_00006	0	unregistered_impostor	0.204823617007
T000093	enroll__speaker_enroll_7sec_jonah_en_1	negative__speaker_negative_unregistered_speaker_0000_speaker_0000_00007	0	unregistered_impostor	0.113593734159
T000094	enroll__speaker_enroll_7sec_jonah_en_1	negative__speaker_negative_unregistered_speaker_0000_speaker_0000_00008	0	unregistered_impostor	0.206443035097
T000095	enroll__speaker_enroll_7sec_jonah_en_1	negative__speaker_negative_unregistered_speaker_0000_speaker_0000_00009	0	unregistered_impostor	0.138019873579
T000096	enroll__speaker_enroll_7sec_jonah_en_1	negative__speaker_negative_unregistered_speaker_0000_speaker_0000_00010	0	unregistered_impostor	0.258846394591
T000097	enroll__speaker_enroll_7sec_jonah_en_1	negative__speaker_negative_unregistered_speaker_0000_speaker_0000_00011	0	unregistered_impostor	0.123214253737
T000098	enroll__speaker_enroll_7sec_jonah_en_1	negative__speaker_negative_unregistered_speaker_0000_speaker_0000_00012	0	unregistered_impostor	0.0932366968514
T000099	enroll__speaker_enroll_7sec_jonah_en_1	negative__speaker_negative_unregistered_speaker_0000_speaker_0000_00013	0	unregistered_impostor	0.180090393125
T000100	enroll__speaker_enroll_7sec_jonah_en_1	negative__speaker_negative_unregistered_speaker_0000_speaker_0000_00014	0	unregistered_impostor	0.164880603804
T000101	enroll__speaker_enroll_7sec_jonah_en_1	negative__speaker_negative_unregistered_speaker_0001_speaker_0001_00000	0	unregistered_impostor	0.142720306438
T000102	enroll__speaker_enroll_7sec_jonah_en_1	negative__speaker_negative_unregistered_speaker_0001_speaker_0001_00001	0	unregistered_impostor	0.201034060627
T000103	enroll__speaker_enroll_7sec_jonah_en_1	negative__speaker_negative_unregistered_speaker_0001_speaker_0001_00002	0	unregistered_impostor	0.152048440142
T000104	enroll__speaker_enroll_7sec_jonah_en_1	negative__speaker_negative_unregistered_speaker_0001_speaker_0001_00003	0	unregistered_impostor	0.154019878713
T000105	enroll__speaker_enroll_7sec_jonah_en_1	negative__speaker_negative_unregistered_speaker_0001_speaker_0001_00004	0	unregistered_impostor	0.187752840078
T000106	enroll__speaker_enroll_7sec_jonah_en_1	negative__speaker_negative_unregistered_speaker_0001_speaker_0001_00005	0	unregistered_impostor	0.185067111908
T000107	enroll__speaker_enroll_7sec_jonah_en_1	negative__speaker_negative_unregistered_speaker_0001_speaker_0001_00006	0	unregistered_impostor	0.15889887925
T000108	enroll__speaker_enroll_7sec_jonah_en_1	negative__speaker_negative_unregistered_speaker_0001_speaker_0001_00007	0	unregistered_impostor	0.124989870592
T000109	enroll__speaker_enroll_7sec_jonah_en_1	negative__speaker_negative_unregistered_speaker_0001_speaker_0001_00008	0	unregistered_impostor	0.182586734268
T000110	enroll__speaker_enroll_7sec_jonah_en_1	negative__speaker_negative_unregistered_speaker_0001_speaker_0001_00009	0	unregistered_impostor	0.148634146823
T000111	enroll__speaker_enroll_7sec_jonah_en_1	negative__speaker_negative_unregistered_speaker_0001_speaker_0001_00010	0	unregistered_impostor	0.225135327805
T000112	enroll__speaker_enroll_7sec_jonah_en_1	negative__speaker_negative_unregistered_speaker_0001_speaker_0001_00011	0	unregistered_impostor	0.138926744235
T000113	enroll__speaker_enroll_7sec_jonah_en_1	negative__speaker_negative_unregistered_speaker_0001_speaker_0001_00012	0	unregistered_impostor	0.279948914599
T000114	enroll__speaker_enroll_7sec_jonah_en_1	negative__speaker_negative_unregistered_speaker_0001_speaker_0001_00013	0	unregistered_impostor	0.29934285892
T000115	enroll__speaker_enroll_7sec_jonah_en_1	negative__speaker_negative_unregistered_speaker_0001_speaker_0001_00014	0	unregistered_impostor	0.246015352345
T000116	enroll__speaker_enroll_7sec_jonah_en_1	negative__speaker_negative_unregistered_speaker_0002_speaker_0002_00000	0	unregistered_impostor	0.287065231609
T000117	enroll__speaker_enroll_7sec_jonah_en_1	negative__speaker_negative_unregistered_speaker_0002_speaker_0002_00001	0	unregistered_impostor	0.285604103068
T000118	enroll__speaker_enroll_7sec_jonah_en_1	negative__speaker_negative_unregistered_speaker_0002_speaker_0002_00002	0	unregistered_impostor	0.141887156521
T000119	enroll__speaker_enroll_7sec_jonah_en_1	negative__speaker_negative_unregistered_speaker_0002_speaker_0002_00003	0	unregistered_impostor	0.247346314207
T000120	enroll__speaker_enroll_7sec_jonah_en_1	negative__speaker_negative_unregistered_speaker_0002_speaker_0002_00004	0	unregistered_impostor	0.16238790514
T000121	enroll__speaker_enroll_7sec_jonah_en_1	negative__speaker_negative_unregistered_speaker_0002_speaker_0002_00005	0	unregistered_impostor	0.210359737531
T000122	enroll__speaker_enroll_7sec_jonah_en_1	negative__speaker_negative_unregistered_speaker_0002_speaker_0002_00006	0	unregistered_impostor	0.268529573874
T000123	enroll__speaker_enroll_7sec_jonah_en_1	negative__speaker_negative_unregistered_speaker_0002_speaker_0002_00007	0	unregistered_impostor	0.265295165963
T000124	enroll__speaker_enroll_7sec_jonah_en_1	negative__speaker_negative_unregistered_speaker_0002_speaker_0002_00008	0	unregistered_impostor	0.229099353475
T000125	enroll__speaker_enroll_7sec_jonah_en_1	negative__speaker_negative_unregistered_speaker_0002_speaker_0002_00009	0	unregistered_impostor	0.236319047768
T000126	enroll__speaker_enroll_7sec_jonah_en_1	negative__speaker_negative_unregistered_speaker_0002_speaker_0002_00010	0	unregistered_impostor	0.261068575864
T000127	enroll__speaker_enroll_7sec_jonah_en_1	negative__speaker_negative_unregistered_speaker_0002_speaker_0002_00011	0	unregistered_impostor	0.178555029865
T000128	enroll__speaker_enroll_7sec_jonah_en_1	negative__speaker_negative_unregistered_speaker_0002_speaker_0002_00012	0	unregistered_impostor	0.212387671372
T000129	enroll__speaker_enroll_7sec_jonah_en_1	negative__speaker_negative_unregistered_speaker_0002_speaker_0002_00013	0	unregistered_impostor	0.246790323546
T000130	enroll__speaker_enroll_7sec_jonah_en_1	negative__speaker_negative_unregistered_speaker_0002_speaker_0002_00014	0	unregistered_impostor	0.180225498721
T000131	enroll__speaker_enroll_7sec_jonah_en_2	positive__speaker_identify_3sec_positive_jonah_id_0	1	target	0.359062099001
T000132	enroll__speaker_enroll_7sec_jonah_en_2	positive__speaker_identify_3sec_positive_jonah_id_1	1	target	0.308390643176
T000133	enroll__speaker_enroll_7sec_jonah_en_2	positive__speaker_identify_3sec_positive_jonah_id_2	1	target	0.382423471415
T000134	enroll__speaker_enroll_7sec_jonah_en_2	positive__speaker_identify_3sec_positive_jonah_id_3	1	target	0.402844721356
T000135	enroll__speaker_enroll_7sec_jonah_en_2	positive__speaker_identify_3sec_positive_jonah_id_4	1	target	0.395149129238
T000136	enroll__speaker_enroll_7sec_jonah_en_2	positive__speaker_identify_3sec_positive_kim_id_0	0	registered_impostor	0.356234080528
T000137	enroll__speaker_enroll_7sec_jonah_en_2	positive__speaker_identify_3sec_positive_kim_id_1	0	registered_impostor	0.36113835158
T000138	enroll__speaker_enroll_7sec_jonah_en_2	positive__speaker_identify_3sec_positive_kim_id_2	0	registered_impostor	0.355768199908
T000139	enroll__speaker_enroll_7sec_jonah_en_2	positive__speaker_identify_3sec_positive_kim_id_3	0	registered_impostor	0.372486022425
T000140	enroll__speaker_enroll_7sec_jonah_en_2	positive__speaker_identify_3sec_positive_kim_id_4	0	registered_impostor	0.386832758623
T000141	enroll__speaker_enroll_7sec_jonah_en_2	positive__speaker_identify_3sec_positive_kiuk_id_0	0	registered_impostor	0.356122908833
T000142	enroll__speaker_enroll_7sec_jonah_en_2	positive__speaker_identify_3sec_positive_kiuk_id_1	0	registered_impostor	0.349993427711
T000143	enroll__speaker_enroll_7sec_jonah_en_2	positive__speaker_identify_3sec_positive_kiuk_id_2	0	registered_impostor	0.374124434858
T000144	enroll__speaker_enroll_7sec_jonah_en_2	positive__speaker_identify_3sec_positive_kiuk_id_3	0	registered_impostor	0.360955753326
T000145	enroll__speaker_enroll_7sec_jonah_en_2	positive__speaker_identify_3sec_positive_kiuk_id_4	0	registered_impostor	0.39237270554
T000146	enroll__speaker_enroll_7sec_jonah_en_2	positive__speaker_identify_3sec_positive_ssh_id_0	0	registered_impostor	0.373252555492
T000147	enroll__speaker_enroll_7sec_jonah_en_2	positive__speaker_identify_3sec_positive_ssh_id_1	0	registered_impostor	0.34016825655
T000148	enroll__speaker_enroll_7sec_jonah_en_2	positive__speaker_identify_3sec_positive_ssh_id_2	0	registered_impostor	0.328546325439
T000149	enroll__speaker_enroll_7sec_jonah_en_2	positive__speaker_identify_3sec_positive_ssh_id_3	0	registered_impostor	0.402186069673
T000150	enroll__speaker_enroll_7sec_jonah_en_2	positive__speaker_identify_3sec_positive_ssh_id_4	0	registered_impostor	0.386771899873
T000151	enroll__speaker_enroll_7sec_jonah_en_2	negative__speaker_negative_unregistered_speaker_0000_speaker_0000_00000	0	unregistered_impostor	0.214309569931
T000152	enroll__speaker_enroll_7sec_jonah_en_2	negative__speaker_negative_unregistered_speaker_0000_speaker_0000_00001	0	unregistered_impostor	0.193502574301
T000153	enroll__speaker_enroll_7sec_jonah_en_2	negative__speaker_negative_unregistered_speaker_0000_speaker_0000_00002	0	unregistered_impostor	0.0582023289656
T000154	enroll__speaker_enroll_7sec_jonah_en_2	negative__speaker_negative_unregistered_speaker_0000_speaker_0000_00003	0	unregistered_impostor	0.086940575743
T000155	enroll__speaker_enroll_7sec_jonah_en_2	negative__speaker_negative_unregistered_speaker_0000_speaker_0000_00004	0	unregistered_impostor	0.214166475258
T000156	enroll__speaker_enroll_7sec_jonah_en_2	negative__speaker_negative_unregistered_speaker_0000_speaker_0000_00005	0	unregistered_impostor	0.207693237584
T000157	enroll__speaker_enroll_7sec_jonah_en_2	negative__speaker_negative_unregistered_speaker_0000_speaker_0000_00006	0	unregistered_impostor	0.181284151571
T000158	enroll__speaker_enroll_7sec_jonah_en_2	negative__speaker_negative_unregistered_speaker_0000_speaker_0000_00007	0	unregistered_impostor	0.0891483604329
T000159	enroll__speaker_enroll_7sec_jonah_en_2	negative__speaker_negative_unregistered_speaker_0000_speaker_0000_00008	0	unregistered_impostor	0.186538607773
T000160	enroll__speaker_enroll_7sec_jonah_en_2	negative__speaker_negative_unregistered_speaker_0000_speaker_0000_00009	0	unregistered_impostor	0.13701319347
T000161	enroll__speaker_enroll_7sec_jonah_en_2	negative__speaker_negative_unregistered_speaker_0000_speaker_0000_00010	0	unregistered_impostor	0.243688398021
T000162	enroll__speaker_enroll_7sec_jonah_en_2	negative__speaker_negative_unregistered_speaker_0000_speaker_0000_00011	0	unregistered_impostor	0.0944648433518
T000163	enroll__speaker_enroll_7sec_jonah_en_2	negative__speaker_negative_unregistered_speaker_0000_speaker_0000_00012	0	unregistered_impostor	0.0547771836864
T000164	enroll__speaker_enroll_7sec_jonah_en_2	negative__speaker_negative_unregistered_speaker_0000_speaker_0000_00013	0	unregistered_impostor	0.184310559996
T000165	enroll__speaker_enroll_7sec_jonah_en_2	negative__speaker_negative_unregistered_speaker_0000_speaker_0000_00014	0	unregistered_impostor	0.0984388771871
T000166	enroll__speaker_enroll_7sec_jonah_en_2	negative__speaker_negative_unregistered_speaker_0001_speaker_0001_00000	0	unregistered_impostor	0.0863896140022
T000167	enroll__speaker_enroll_7sec_jonah_en_2	negative__speaker_negative_unregistered_speaker_0001_speaker_0001_00001	0	unregistered_impostor	0.184355676676
T000168	enroll__speaker_enroll_7sec_jonah_en_2	negative__speaker_negative_unregistered_speaker_0001_speaker_0001_00002	0	unregistered_impostor	0.112009103262
T000169	enroll__speaker_enroll_7sec_jonah_en_2	negative__speaker_negative_unregistered_speaker_0001_speaker_0001_00003	0	unregistered_impostor	0.116405809859
T000170	enroll__speaker_enroll_7sec_jonah_en_2	negative__speaker_negative_unregistered_speaker_0001_speaker_0001_00004	0	unregistered_impostor	0.139505805138
T000171	enroll__speaker_enroll_7sec_jonah_en_2	negative__speaker_negative_unregistered_speaker_0001_speaker_0001_00005	0	unregistered_impostor	0.1341212293
T000172	enroll__speaker_enroll_7sec_jonah_en_2	negative__speaker_negative_unregistered_speaker_0001_speaker_0001_00006	0	unregistered_impostor	0.124693957141
T000173	enroll__speaker_enroll_7sec_jonah_en_2	negative__speaker_negative_unregistered_speaker_0001_speaker_0001_00007	0	unregistered_impostor	0.0827793915913
T000174	enroll__speaker_enroll_7sec_jonah_en_2	negative__speaker_negative_unregistered_speaker_0001_speaker_0001_00008	0	unregistered_impostor	0.128315415248
T000175	enroll__speaker_enroll_7sec_jonah_en_2	negative__speaker_negative_unregistered_speaker_0001_speaker_0001_00009	0	unregistered_impostor	0.0799515134924
T000176	enroll__speaker_enroll_7sec_jonah_en_2	negative__speaker_negative_unregistered_speaker_0001_speaker_0001_00010	0	unregistered_impostor	0.199926078213
T000177	enroll__speaker_enroll_7sec_jonah_en_2	negative__speaker_negative_unregistered_speaker_0001_speaker_0001_00011	0	unregistered_impostor	0.0802198106389
T000178	enroll__speaker_enroll_7sec_jonah_en_2	negative__speaker_negative_unregistered_speaker_0001_speaker_0001_00012	0	unregistered_impostor	0.254352094238
T000179	enroll__speaker_enroll_7sec_jonah_en_2	negative__speaker_negative_unregistered_speaker_0001_speaker_0001_00013	0	unregistered_impostor	0.256082187271
T000180	enroll__speaker_enroll_7sec_jonah_en_2	negative__speaker_negative_unregistered_speaker_0001_speaker_0001_00014	0	unregistered_impostor	0.196260661112
T000181	enroll__speaker_enroll_7sec_jonah_en_2	negative__speaker_negative_unregistered_speaker_0002_speaker_0002_00000	0	unregistered_impostor	0.278237273006
T000182	enroll__speaker_enroll_7sec_jonah_en_2	negative__speaker_negative_unregistered_speaker_0002_speaker_0002_00001	0	unregistered_impostor	0.22567768658
T000183	enroll__speaker_enroll_7sec_jonah_en_2	negative__speaker_negative_unregistered_speaker_0002_speaker_0002_00002	0	unregistered_impostor	0.0870297778043
T000184	enroll__speaker_enroll_7sec_jonah_en_2	negative__speaker_negative_unregistered_speaker_0002_speaker_0002_00003	0	unregistered_impostor	0.230627752389
T000185	enroll__speaker_enroll_7sec_jonah_en_2	negative__speaker_negative_unregistered_speaker_0002_speaker_0002_00004	0	unregistered_impostor	0.0655222902041
T000186	enroll__speaker_enroll_7sec_jonah_en_2	negative__speaker_negative_unregistered_speaker_0002_speaker_0002_00005	0	unregistered_impostor	0.200971704421
T000187	enroll__speaker_enroll_7sec_jonah_en_2	negative__speaker_negative_unregistered_speaker_0002_speaker_0002_00006	0	unregistered_impostor	0.21160737963
T000188	enroll__speaker_enroll_7sec_jonah_en_2	negative__speaker_negative_unregistered_speaker_0002_speaker_0002_00007	0	unregistered_impostor	0.226309926639
T000189	enroll__speaker_enroll_7sec_jonah_en_2	negative__speaker_negative_unregistered_speaker_0002_speaker_0002_00008	0	unregistered_impostor	0.232459753535
T000190	enroll__speaker_enroll_7sec_jonah_en_2	negative__speaker_negative_unregistered_speaker_0002_speaker_0002_00009	0	unregistered_impostor	0.154985559205
T000191	enroll__speaker_enroll_7sec_jonah_en_2	negative__speaker_negative_unregistered_speaker_0002_speaker_0002_00010	0	unregistered_impostor	0.208410827105
T000192	enroll__speaker_enroll_7sec_jonah_en_2	negative__speaker_negative_unregistered_speaker_0002_speaker_0002_00011	0	unregistered_impostor	0.154785499601
T000193	enroll__speaker_enroll_7sec_jonah_en_2	negative__speaker_negative_unregistered_speaker_0002_speaker_0002_00012	0	unregistered_impostor	0.165779834783
T000194	enroll__speaker_enroll_7sec_jonah_en_2	negative__speaker_negative_unregistered_speaker_0002_speaker_0002_00013	0	unregistered_impostor	0.2238293818
T000195	enroll__speaker_enroll_7sec_jonah_en_2	negative__speaker_negative_unregistered_speaker_0002_speaker_0002_00014	0	unregistered_impostor	0.123151087756
T000196	enroll__speaker_enroll_7sec_kim_en_0	positive__speaker_identify_3sec_positive_jonah_id_0	0	registered_impostor	0.134777013246
T000197	enroll__speaker_enroll_7sec_kim_en_0	positive__speaker_identify_3sec_positive_jonah_id_1	0	registered_impostor	0.11364160241
T000198	enroll__speaker_enroll_7sec_kim_en_0	positive__speaker_identify_3sec_positive_jonah_id_2	0	registered_impostor	0.174411745867
T000199	enroll__speaker_enroll_7sec_kim_en_0	positive__speaker_identify_3sec_positive_jonah_id_3	0	registered_impostor	0.198150366208
T000200	enroll__speaker_enroll_7sec_kim_en_0	positive__speaker_identify_3sec_positive_jonah_id_4	0	registered_impostor	0.190816096282
T000201	enroll__speaker_enroll_7sec_kim_en_0	positive__speaker_identify_3sec_positive_kim_id_0	1	target	0.133089699257
T000202	enroll__speaker_enroll_7sec_kim_en_0	positive__speaker_identify_3sec_positive_kim_id_1	1	target	0.133124229432
T000203	enroll__speaker_enroll_7sec_kim_en_0	positive__speaker_identify_3sec_positive_kim_id_2	1	target	0.157567294882
T000204	enroll__speaker_enroll_7sec_kim_en_0	positive__speaker_identify_3sec_positive_kim_id_3	1	target	0.15538404823
T000205	enroll__speaker_enroll_7sec_kim_en_0	positive__speaker_identify_3sec_positive_kim_id_4	1	target	0.154768633988
T000206	enroll__speaker_enroll_7sec_kim_en_0	positive__speaker_identify_3sec_positive_kiuk_id_0	0	registered_impostor	0.139899614464
T000207	enroll__speaker_enroll_7sec_kim_en_0	positive__speaker_identify_3sec_positive_kiuk_id_1	0	registered_impostor	0.144117731045
T000208	enroll__speaker_enroll_7sec_kim_en_0	positive__speaker_identify_3sec_positive_kiuk_id_2	0	registered_impostor	0.154232784346
T000209	enroll__speaker_enroll_7sec_kim_en_0	positive__speaker_identify_3sec_positive_kiuk_id_3	0	registered_impostor	0.14994166339
T000210	enroll__speaker_enroll_7sec_kim_en_0	positive__speaker_identify_3sec_positive_kiuk_id_4	0	registered_impostor	0.18431798101
T000211	enroll__speaker_enroll_7sec_kim_en_0	positive__speaker_identify_3sec_positive_ssh_id_0	0	registered_impostor	0.168511474528
T000212	enroll__speaker_enroll_7sec_kim_en_0	positive__speaker_identify_3sec_positive_ssh_id_1	0	registered_impostor	0.12987196135
T000213	enroll__speaker_enroll_7sec_kim_en_0	positive__speaker_identify_3sec_positive_ssh_id_2	0	registered_impostor	0.12647070749
T000214	enroll__speaker_enroll_7sec_kim_en_0	positive__speaker_identify_3sec_positive_ssh_id_3	0	registered_impostor	0.188616862999
T000215	enroll__speaker_enroll_7sec_kim_en_0	positive__speaker_identify_3sec_positive_ssh_id_4	0	registered_impostor	0.178496613012
T000216	enroll__speaker_enroll_7sec_kim_en_0	negative__speaker_negative_unregistered_speaker_0000_speaker_0000_00000	0	unregistered_impostor	0.0213875032588
T000217	enroll__speaker_enroll_7sec_kim_en_0	negative__speaker_negative_unregistered_speaker_0000_speaker_0000_00001	0	unregistered_impostor	0.0104213100699
T000218	enroll__speaker_enroll_7sec_kim_en_0	negative__speaker_negative_unregistered_speaker_0000_speaker_0000_00002	0	unregistered_impostor	0.00457007243895
T000219	enroll__speaker_enroll_7sec_kim_en_0	negative__speaker_negative_unregistered_speaker_0000_speaker_0000_00003	0	unregistered_impostor	-0.032785121163
T000220	enroll__speaker_enroll_7sec_kim_en_0	negative__speaker_negative_unregistered_speaker_0000_speaker_0000_00004	0	unregistered_impostor	0.0593724675476
T000221	enroll__speaker_enroll_7sec_kim_en_0	negative__speaker_negative_unregistered_speaker_0000_speaker_0000_00005	0	unregistered_impostor	0.0516617997134
T000222	enroll__speaker_enroll_7sec_kim_en_0	negative__speaker_negative_unregistered_speaker_0000_speaker_0000_00006	0	unregistered_impostor	0.0536403070698
T000223	enroll__speaker_enroll_7sec_kim_en_0	negative__speaker_negative_unregistered_speaker_0000_speaker_0000_00007	0	unregistered_impostor	0.011298412032
T000224	enroll__speaker_enroll_7sec_kim_en_0	negative__speaker_negative_unregistered_speaker_0000_speaker_0000_00008	0	unregistered_impostor	0.0569530863087
T000225	enroll__speaker_enroll_7sec_kim_en_0	negative__speaker_negative_unregistered_speaker_0000_speaker_0000_00009	0	unregistered_impostor	0.0608997853981
T000226	enroll__speaker_enroll_7sec_kim_en_0	negative__speaker_negative_unregistered_speaker_0000_speaker_0000_00010	0	unregistered_impostor	0.100843654304
T000227	enroll__speaker_enroll_7sec_kim_en_0	negative__speaker_negative_unregistered_speaker_0000_speaker_0000_00011	0	unregistered_impostor	0.0407651515995
T000228	enroll__speaker_enroll_7sec_kim_en_0	negative__speaker_negative_unregistered_speaker_0000_speaker_0000_00012	0	unregistered_impostor	-0.0516124689989
T000229	enroll__speaker_enroll_7sec_kim_en_0	negative__speaker_negative_unregistered_speaker_0000_speaker_0000_00013	0	unregistered_impostor	0.0769640101698
T000230	enroll__speaker_enroll_7sec_kim_en_0	negative__speaker_negative_unregistered_speaker_0000_speaker_0000_00014	0	unregistered_impostor	0.00691621321815
T000231	enroll__speaker_enroll_7sec_kim_en_0	negative__speaker_negative_unregistered_speaker_0001_speaker_0001_00000	0	unregistered_impostor	-0.0201659145473
T000232	enroll__speaker_enroll_7sec_kim_en_0	negative__speaker_negative_unregistered_speaker_0001_speaker_0001_00001	0	unregistered_impostor	0.100055070889
T000233	enroll__speaker_enroll_7sec_kim_en_0	negative__speaker_negative_unregistered_speaker_0001_speaker_0001_00002	0	unregistered_impostor	0.0916909899735
T000234	enroll__speaker_enroll_7sec_kim_en_0	negative__speaker_negative_unregistered_speaker_0001_speaker_0001_00003	0	unregistered_impostor	0.0602074880564
T000235	enroll__speaker_enroll_7sec_kim_en_0	negative__speaker_negative_unregistered_speaker_0001_speaker_0001_00004	0	unregistered_impostor	0.0930343494012
T000236	enroll__speaker_enroll_7sec_kim_en_0	negative__speaker_negative_unregistered_speaker_0001_speaker_0001_00005	0	unregistered_impostor	0.115454084915
T000237	enroll__speaker_enroll_7sec_kim_en_0	negative__speaker_negative_unregistered_speaker_0001_speaker_0001_00006	0	unregistered_impostor	0.0801190188673
T000238	enroll__speaker_enroll_7sec_kim_en_0	negative__speaker_negative_unregistered_speaker_0001_speaker_0001_00007	0	unregistered_impostor	0.0580062802799
T000239	enroll__speaker_enroll_7sec_kim_en_0	negative__speaker_negative_unregistered_speaker_0001_speaker_0001_00008	0	unregistered_impostor	0.0736410417342
T000240	enroll__speaker_enroll_7sec_kim_en_0	negative__speaker_negative_unregistered_speaker_0001_speaker_0001_00009	0	unregistered_impostor	0.0182076801648
T000241	enroll__speaker_enroll_7sec_kim_en_0	negative__speaker_negative_unregistered_speaker_0001_speaker_0001_00010	0	unregistered_impostor	0.0546023425462
T000242	enroll__speaker_enroll_7sec_kim_en_0	negative__speaker_negative_unregistered_speaker_0001_speaker_0001_00011	0	unregistered_impostor	0.051302833969
T000243	enroll__speaker_enroll_7sec_kim_en_0	negative__speaker_negative_unregistered_speaker_0001_speaker_0001_00012	0	unregistered_impostor	0.130603680199
T000244	enroll__speaker_enroll_7sec_kim_en_0	negative__speaker_negative_unregistered_speaker_0001_speaker_0001_00013	0	unregistered_impostor	0.103783033285
T000245	enroll__speaker_enroll_7sec_kim_en_0	negative__speaker_negative_unregistered_speaker_0001_speaker_0001_00014	0	unregistered_impostor	0.100994883207
T000246	enroll__speaker_enroll_7sec_kim_en_0	negative__speaker_negative_unregistered_speaker_0002_speaker_0002_00000	0	unregistered_impostor	0.0352667739446
T000247	enroll__speaker_enroll_7sec_kim_en_0	negative__speaker_negative_unregistered_speaker_0002_speaker_0002_00001	0	unregistered_impostor	0.0875663171268
T000248	enroll__speaker_enroll_7sec_kim_en_0	negative__speaker_negative_unregistered_speaker_0002_speaker_0002_00002	0	unregistered_impostor	0.00533147918133
T000249	enroll__speaker_enroll_7sec_kim_en_0	negative__speaker_negative_unregistered_speaker_0002_speaker_0002_00003	0	unregistered_impostor	0.133863018245
T000250	enroll__speaker_enroll_7sec_kim_en_0	negative__speaker_negative_unregistered_speaker_0002_speaker_0002_00004	0	unregistered_impostor	-0.0400021581651
T000251	enroll__speaker_enroll_7sec_kim_en_0	negative__speaker_negative_unregistered_speaker_0002_speaker_0002_00005	0	unregistered_impostor	0.0789410531788
T000252	enroll__speaker_enroll_7sec_kim_en_0	negative__speaker_negative_unregistered_speaker_0002_speaker_0002_00006	0	unregistered_impostor	0.0306587427038
T000253	enroll__speaker_enroll_7sec_kim_en_0	negative__speaker_negative_unregistered_speaker_0002_speaker_0002_00007	0	unregistered_impostor	0.0507153917339
T000254	enroll__speaker_enroll_7sec_kim_en_0	negative__speaker_negative_unregistered_speaker_0002_speaker_0002_00008	0	unregistered_impostor	0.0778729667089
T000255	enroll__speaker_enroll_7sec_kim_en_0	negative__speaker_negative_unregistered_speaker_0002_speaker_0002_00009	0	unregistered_impostor	0.046142536081
T000256	enroll__speaker_enroll_7sec_kim_en_0	negative__speaker_negative_unregistered_speaker_0002_speaker_0002_00010	0	unregistered_impostor	0.0585985872373
T000257	enroll__speaker_enroll_7sec_kim_en_0	negative__speaker_negative_unregistered_speaker_0002_speaker_0002_00011	0	unregistered_impostor	0.0180218058823
T000258	enroll__speaker_enroll_7sec_kim_en_0	negative__speaker_negative_unregistered_speaker_0002_speaker_0002_00012	0	unregistered_impostor	0.0229438259538
T000259	enroll__speaker_enroll_7sec_kim_en_0	negative__speaker_negative_unregistered_speaker_0002_speaker_0002_00013	0	unregistered_impostor	0.0716364934837
T000260	enroll__speaker_enroll_7sec_kim_en_0	negative__speaker_negative_unregistered_speaker_0002_speaker_0002_00014	0	unregistered_impostor	0.00278076154358
T000261	enroll__speaker_enroll_7sec_kim_en_1	positive__speaker_identify_3sec_positive_jonah_id_0	0	registered_impostor	0.066965221879
T000262	enroll__speaker_enroll_7sec_kim_en_1	positive__speaker_identify_3sec_positive_jonah_id_1	0	registered_impostor	0.0488746586204
T000263	enroll__speaker_enroll_7sec_kim_en_1	positive__speaker_identify_3sec_positive_jonah_id_2	0	registered_impostor	0.11498137451
T000264	enroll__speaker_enroll_7sec_kim_en_1	positive__speaker_identify_3sec_positive_jonah_id_3	0	registered_impostor	0.145619395522
T000265	enroll__speaker_enroll_7sec_kim_en_1	positive__speaker_identify_3sec_positive_jonah_id_4	0	registered_impostor	0.140552178013
T000266	enroll__speaker_enroll_7sec_kim_en_1	positive__speaker_identify_3sec_positive_kim_id_0	1	target	0.0693665955074
T000267	enroll__speaker_enroll_7sec_kim_en_1	positive__speaker_identify_3sec_positive_kim_id_1	1	target	0.0826618174239
T000268	enroll__speaker_enroll_7sec_kim_en_1	positive__speaker_identify_3sec_positive_kim_id_2	1	target	0.0925806488903
T000269	enroll__speaker_enroll_7sec_kim_en_1	positive__speaker_identify_3sec_positive_kim_id_3	1	target	0.0931589247227
T000270	enroll__speaker_enroll_7sec_kim_en_1	positive__speaker_identify_3sec_positive_kim_id_4	1	target	0.090694003991
T000271	enroll__speaker_enroll_7sec_kim_en_1	positive__speaker_identify_3sec_positive_kiuk_id_0	0	registered_impostor	0.0709461646626
T000272	enroll__speaker_enroll_7sec_kim_en_1	positive__speaker_identify_3sec_positive_kiuk_id_1	0	registered_impostor	0.090126197162
T000273	enroll__speaker_enroll_7sec_kim_en_1	positive__speaker_identify_3sec_positive_kiuk_id_2	0	registered_impostor	0.104488042253
T000274	enroll__speaker_enroll_7sec_kim_en_1	positive__speaker_identify_3sec_positive_kiuk_id_3	0	registered_impostor	0.0958666485497
T000275	enroll__speaker_enroll_7sec_kim_en_1	positive__speaker_identify_3sec_positive_kiuk_id_4	0	registered_impostor	0.12576916024
T000276	enroll__speaker_enroll_7sec_kim_en_1	positive__speaker_identify_3sec_positive_ssh_id_0	0	registered_impostor	0.113166147068
T000277	enroll__speaker_enroll_7sec_kim_en_1	positive__speaker_identify_3sec_positive_ssh_id_1	0	registered_impostor	0.0815895606661
T000278	enroll__speaker_enroll_7sec_kim_en_1	positive__speaker_identify_3sec_positive_ssh_id_2	0	registered_impostor	0.0644729845806
T000279	enroll__speaker_enroll_7sec_kim_en_1	positive__speaker_identify_3sec_positive_ssh_id_3	0	registered_impostor	0.138745166475
T000280	enroll__speaker_enroll_7sec_kim_en_1	positive__speaker_identify_3sec_positive_ssh_id_4	0	registered_impostor	0.126804699176
T000281	enroll__speaker_enroll_7sec_kim_en_1	negative__speaker_negative_unregistered_speaker_0000_speaker_0000_00000	0	unregistered_impostor	0.0343611067961
T000282	enroll__speaker_enroll_7sec_kim_en_1	negative__speaker_negative_unregistered_speaker_0000_speaker_0000_00001	0	unregistered_impostor	0.0148110340352
T000283	enroll__speaker_enroll_7sec_kim_en_1	negative__speaker_negative_unregistered_speaker_0000_speaker_0000_00002	0	unregistered_impostor	0.0426841440294
T000284	enroll__speaker_enroll_7sec_kim_en_1	negative__speaker_negative_unregistered_speaker_0000_speaker_0000_00003	0	unregistered_impostor	0.0386856936002
T000285	enroll__speaker_enroll_7sec_kim_en_1	negative__speaker_negative_unregistered_speaker_0000_speaker_0000_00004	0	unregistered_impostor	0.0808072996805
T000286	enroll__speaker_enroll_7sec_kim_en_1	negative__speaker_negative_unregistered_speaker_0000_speaker_0000_00005	0	unregistered_impostor	0.0725833095487
T000287	enroll__speaker_enroll_7sec_kim_en_1	negative__speaker_negative_unregistered_speaker_0000_speaker_0000_00006	0	unregistered_impostor	0.0897007383696
T000288	enroll__speaker_enroll_7sec_kim_en_1	negative__speaker_negative_unregistered_speaker_0000_speaker_0000_00007	0	unregistered_impostor	0.0367160023941
T000289	enroll__speaker_enroll_7sec_kim_en_1	negative__speaker_negative_unregistered_speaker_0000_speaker_0000_00008	0	unregistered_impostor	0.0656684216609
T000290	enroll__speaker_enroll_7sec_kim_en_1	negative__speaker_negative_unregistered_speaker_0000_speaker_0000_00009	0	unregistered_impostor	0.0705994402623
T000291	enroll__speaker_enroll_7sec_kim_en_1	negative__speaker_negative_unregistered_speaker_0000_speaker_0000_00010	0	unregistered_impostor	0.144867493425
T000292	enroll__speaker_enroll_7sec_kim_en_1	negative__speaker_negative_unregistered_speaker_0000_speaker_0000_00011	0	unregistered_impostor	0.0568691427224
T000293	enroll__speaker_enroll_7sec_kim_en_1	negative__speaker_negative_unregistered_speaker_0000_speaker_0000_00012	0	unregistered_impostor	-0.0136340212453
T000294	enroll__speaker_enroll_7sec_kim_en_1	negative__speaker_negative_unregistered_speaker_0000_speaker_0000_00013	0	unregistered_impostor	0.0928060305623
T000295	enroll__speaker_enroll_7sec_kim_en_1	negative__speaker_negative_unregistered_speaker_0000_speaker_0000_00014	0	unregistered_impostor	0.0480760537786
T000296	enroll__speaker_enroll_7sec_kim_en_1	negative__speaker_negative_unregistered_speaker_0001_speaker_0001_00000	0	unregistered_impostor	-0.0296749188581
T000297	enroll__speaker_enroll_7sec_kim_en_1	negative__speaker_negative_unregistered_speaker_0001_speaker_0001_00001	0	unregistered_impostor	0.0689159463746
T000298	enroll__speaker_enroll_7sec_kim_en_1	negative__speaker_negative_unregistered_speaker_0001_speaker_0001_00002	0	unregistered_impostor	0.100432182329
T000299	enroll__speaker_enroll_7sec_kim_en_1	negative__speaker_negative_unregistered_speaker_0001_speaker_0001_00003	0	unregistered_impostor	0.050813892149
T000300	enroll__speaker_enroll_7sec_kim_en_1	negative__speaker_negative_unregistered_speaker_0001_speaker_0001_00004	0	unregistered_impostor	0.0736199248888
T000301	enroll__speaker_enroll_7sec_kim_en_1	negative__speaker_negative_unregistered_speaker_0001_speaker_0001_00005	0	unregistered_impostor	0.0945988493894
T000302	enroll__speaker_enroll_7sec_kim_en_1	negative__speaker_negative_unregistered_speaker_0001_speaker_0001_00006	0	unregistered_impostor	0.0516761163008
T000303	enroll__speaker_enroll_7sec_kim_en_1	negative__speaker_negative_unregistered_speaker_0001_speaker_0001_00007	0	unregistered_impostor	0.0333558216052
T000304	enroll__speaker_enroll_7sec_kim_en_1	negative__speaker_negative_unregistered_speaker_0001_speaker_0001_00008	0	unregistered_impostor	0.0496929355514
T000305	enroll__speaker_enroll_7sec_kim_en_1	negative__speaker_negative_unregistered_speaker_0001_speaker_0001_00009	0	unregistered_impostor	-0.00141714371662
T000306	enroll__speaker_enroll_7sec_kim_en_1	negative__speaker_negative_unregistered_speaker_0001_speaker_0001_00010	0	unregistered_impostor	0.0269707307069
T000307	enroll__speaker_enroll_7sec_kim_en_1	negative__speaker_negative_unregistered_speaker_0001_speaker_0001_00011	0	unregistered_impostor	0.016515870619
T000308	enroll__speaker_enroll_7sec_kim_en_1	negative__speaker_negative_unregistered_speaker_0001_speaker_0001_00012	0	unregistered_impostor	0.0930759639437
T000309	enroll__speaker_enroll_7sec_kim_en_1	negative__speaker_negative_unregistered_speaker_0001_speaker_0001_00013	0	unregistered_impostor	0.0596576150966
T000310	enroll__speaker_enroll_7sec_kim_en_1	negative__speaker_negative_unregistered_speaker_0001_speaker_0001_00014	0	unregistered_impostor	0.0486688759757
T000311	enroll__speaker_enroll_7sec_kim_en_1	negative__speaker_negative_unregistered_speaker_0002_speaker_0002_00000	0	unregistered_impostor	0.0458417567777
T000312	enroll__speaker_enroll_7sec_kim_en_1	negative__speaker_negative_unregistered_speaker_0002_speaker_0002_00001	0	unregistered_impostor	0.0979233265027
T000313	enroll__speaker_enroll_7sec_kim_en_1	negative__speaker_negative_unregistered_speaker_0002_speaker_0002_00002	0	unregistered_impostor	-0.00911789741088
T000314	enroll__speaker_enroll_7sec_kim_en_1	negative__speaker_negative_unregistered_speaker_0002_speaker_0002_00003	0	unregistered_impostor	0.109236169398
T000315	enroll__speaker_enroll_7sec_kim_en_1	negative__speaker_negative_unregistered_speaker_0002_speaker_0002_00004	0	unregistered_impostor	-0.0136916745526
T000316	enroll__speaker_enroll_7sec_kim_en_1	negative__speaker_negative_unregistered_speaker_0002_speaker_0002_00005	0	unregistered_impostor	0.0647128861582
T000317	enroll__speaker_enroll_7sec_kim_en_1	negative__speaker_negative_unregistered_speaker_0002_speaker_0002_00006	0	unregistered_impostor	0.0538829201626
T000318	enroll__speaker_enroll_7sec_kim_en_1	negative__speaker_negative_unregistered_speaker_0002_speaker_0002_00007	0	unregistered_impostor	0.0318392059527
T000319	enroll__speaker_enroll_7sec_kim_en_1	negative__speaker_negative_unregistered_speaker_0002_speaker_0002_00008	0	unregistered_impostor	0.0361359224998
T000320	enroll__speaker_enroll_7sec_kim_en_1	negative__speaker_negative_unregistered_speaker_0002_speaker_0002_00009	0	unregistered_impostor	0.0326186514086
T000321	enroll__speaker_enroll_7sec_kim_en_1	negative__speaker_negative_unregistered_speaker_0002_speaker_0002_00010	0	unregistered_impostor	0.043534967721
T000322	enroll__speaker_enroll_7sec_kim_en_1	negative__speaker_negative_unregistered_speaker_0002_speaker_0002_00011	0	unregistered_impostor	0.000993271588839
T000323	enroll__speaker_enroll_7sec_kim_en_1	negative__speaker_negative_unregistered_speaker_0002_speaker_0002_00012	0	unregistered_impostor	0.00266444997583
T000324	enroll__speaker_enroll_7sec_kim_en_1	negative__speaker_negative_unregistered_speaker_0002_speaker_0002_00013	0	unregistered_impostor	0.053192160932
T000325	enroll__speaker_enroll_7sec_kim_en_1	negative__speaker_negative_unregistered_speaker_0002_speaker_0002_00014	0	unregistered_impostor	0.0320299873169
T000326	enroll__speaker_enroll_7sec_kim_en_2	positive__speaker_identify_3sec_positive_jonah_id_0	0	registered_impostor	0.210692031775
T000327	enroll__speaker_enroll_7sec_kim_en_2	positive__speaker_identify_3sec_positive_jonah_id_1	0	registered_impostor	0.141281303638
T000328	enroll__speaker_enroll_7sec_kim_en_2	positive__speaker_identify_3sec_positive_jonah_id_2	0	registered_impostor	0.234001550489
T000329	enroll__speaker_enroll_7sec_kim_en_2	positive__speaker_identify_3sec_positive_jonah_id_3	0	registered_impostor	0.27944642295
T000330	enroll__speaker_enroll_7sec_kim_en_2	positive__speaker_identify_3sec_positive_jonah_id_4	0	registered_impostor	0.252482117083
T000331	enroll__speaker_enroll_7sec_kim_en_2	positive__speaker_identify_3sec_positive_kim_id_0	1	target	0.199945208355
T000332	enroll__speaker_enroll_7sec_kim_en_2	positive__speaker_identify_3sec_positive_kim_id_1	1	target	0.21562077851
T000333	enroll__speaker_enroll_7sec_kim_en_2	positive__speaker_identify_3sec_positive_kim_id_2	1	target	0.198517825309
T000334	enroll__speaker_enroll_7sec_kim_en_2	positive__speaker_identify_3sec_positive_kim_id_3	1	target	0.228884453288
T000335	enroll__speaker_enroll_7sec_kim_en_2	positive__speaker_identify_3sec_positive_kim_id_4	1	target	0.22415777136
T000336	enroll__speaker_enroll_7sec_kim_en_2	positive__speaker_identify_3sec_positive_kiuk_id_0	0	registered_impostor	0.198747997599
T000337	enroll__speaker_enroll_7sec_kim_en_2	positive__speaker_identify_3sec_positive_kiuk_id_1	0	registered_impostor	0.195193614779
T000338	enroll__speaker_enroll_7sec_kim_en_2	positive__speaker_identify_3sec_positive_kiuk_id_2	0	registered_impostor	0.223108323716
T000339	enroll__speaker_enroll_7sec_kim_en_2	positive__speaker_identify_3sec_positive_kiuk_id_3	0	registered_impostor	0.223841476574
T000340	enroll__speaker_enroll_7sec_kim_en_2	positive__speaker_identify_3sec_positive_kiuk_id_4	0	registered_impostor	0.254228115376
T000341	enroll__speaker_enroll_7sec_kim_en_2	positive__speaker_identify_3sec_positive_ssh_id_0	0	registered_impostor	0.221647735378
T000342	enroll__speaker_enroll_7sec_kim_en_2	positive__speaker_identify_3sec_positive_ssh_id_1	0	registered_impostor	0.190461972587
T000343	enroll__speaker_enroll_7sec_kim_en_2	positive__speaker_identify_3sec_positive_ssh_id_2	0	registered_impostor	0.177449246347
T000344	enroll__speaker_enroll_7sec_kim_en_2	positive__speaker_identify_3sec_positive_ssh_id_3	0	registered_impostor	0.253659924302
T000345	enroll__speaker_enroll_7sec_kim_en_2	positive__speaker_identify_3sec_positive_ssh_id_4	0	registered_impostor	0.253529952762
T000346	enroll__speaker_enroll_7sec_kim_en_2	negative__speaker_negative_unregistered_speaker_0000_speaker_0000_00000	0	unregistered_impostor	0.202669898177
T000347	enroll__speaker_enroll_7sec_kim_en_2	negative__speaker_negative_unregistered_speaker_0000_speaker_0000_00001	0	unregistered_impostor	0.153187860429
T000348	enroll__speaker_enroll_7sec_kim_en_2	negative__speaker_negative_unregistered_speaker_0000_speaker_0000_00002	0	unregistered_impostor	0.0602734823496
T000349	enroll__speaker_enroll_7sec_kim_en_2	negative__speaker_negative_unregistered_speaker_0000_speaker_0000_00003	0	unregistered_impostor	0.0653954425769
T000350	enroll__speaker_enroll_7sec_kim_en_2	negative__speaker_negative_unregistered_speaker_0000_speaker_0000_00004	0	unregistered_impostor	0.145331000263
T000351	enroll__speaker_enroll_7sec_kim_en_2	negative__speaker_negative_unregistered_speaker_0000_speaker_0000_00005	0	unregistered_impostor	0.190091148065
T000352	enroll__speaker_enroll_7sec_kim_en_2	negative__speaker_negative_unregistered_speaker_0000_speaker_0000_00006	0	unregistered_impostor	0.11141544395
T000353	enroll__speaker_enroll_7sec_kim_en_2	negative__speaker_negative_unregistered_speaker_0000_speaker_0000_00007	0	unregistered_impostor	0.0980763198371
T000354	enroll__speaker_enroll_7sec_kim_en_2	negative__speaker_negative_unregistered_speaker_0000_speaker_0000_00008	0	unregistered_impostor	0.136671181272
T000355	enroll__speaker_enroll_7sec_kim_en_2	negative__speaker_negative_unregistered_speaker_0000_speaker_0000_00009	0	unregistered_impostor	0.139070599055
T000356	enroll__speaker_enroll_7sec_kim_en_2	negative__speaker_negative_unregistered_speaker_0000_speaker_0000_00010	0	unregistered_impostor	0.191899121608
T000357	enroll__speaker_enroll_7sec_kim_en_2	negative__speaker_negative_unregistered_speaker_0000_speaker_0000_00011	0	unregistered_impostor	0.0810855290453
T000358	enroll__speaker_enroll_7sec_kim_en_2	negative__speaker_negative_unregistered_speaker_0000_speaker_0000_00012	0	unregistered_impostor	0.0393897654051
T000359	enroll__speaker_enroll_7sec_kim_en_2	negative__speaker_negative_unregistered_speaker_0000_speaker_0000_00013	0	unregistered_impostor	0.145787302996
T000360	enroll__speaker_enroll_7sec_kim_en_2	negative__speaker_negative_unregistered_speaker_0000_speaker_0000_00014	0	unregistered_impostor	0.054223932852
T000361	enroll__speaker_enroll_7sec_kim_en_2	negative__speaker_negative_unregistered_speaker_0001_speaker_0001_00000	0	unregistered_impostor	-0.0321540733227
T000362	enroll__speaker_enroll_7sec_kim_en_2	negative__speaker_negative_unregistered_speaker_0001_speaker_0001_00001	0	unregistered_impostor	0.155191270727
T000363	enroll__speaker_enroll_7sec_kim_en_2	negative__speaker_negative_unregistered_speaker_0001_speaker_0001_00002	0	unregistered_impostor	0.109638281385
T000364	enroll__speaker_enroll_7sec_kim_en_2	negative__speaker_negative_unregistered_speaker_0001_speaker_0001_00003	0	unregistered_impostor	0.0972937144782
T000365	enroll__speaker_enroll_7sec_kim_en_2	negative__speaker_negative_unregistered_speaker_0001_speaker_0001_00004	0	unregistered_impostor	0.0937934646251
T000366	enroll__speaker_enroll_7sec_kim_en_2	negative__speaker_negative_unregistered_speaker_0001_speaker_0001_00005	0	unregistered_impostor	0.125246271983
T000367	enroll__speaker_enroll_7sec_kim_en_2	negative__speaker_negative_unregistered_speaker_0001_speaker_0001_00006	0	unregistered_impostor	0.0962763255875
T000368	enroll__speaker_enroll_7sec_kim_en_2	negative__speaker_negative_unregistered_speaker_0001_speaker_0001_00007	0	unregistered_impostor	0.0749025829004
T000369	enroll__speaker_enroll_7sec_kim_en_2	negative__speaker_negative_unregistered_speaker_0001_speaker_0001_00008	0	unregistered_impostor	0.0765886658127
T000370	enroll__speaker_enroll_7sec_kim_en_2	negative__speaker_negative_unregistered_speaker_0001_speaker_0001_00009	0	unregistered_impostor	0.0306610063179
T000371	enroll__speaker_enroll_7sec_kim_en_2	negative__speaker_negative_unregistered_speaker_0001_speaker_0001_00010	0	unregistered_impostor	0.144735875273
T000372	enroll__speaker_enroll_7sec_kim_en_2	negative__speaker_negative_unregistered_speaker_0001_speaker_0001_00011	0	unregistered_impostor	0.0490143231706
T000373	enroll__speaker_enroll_7sec_kim_en_2	negative__speaker_negative_unregistered_speaker_0001_speaker_0001_00012	0	unregistered_impostor	0.189383400579
T000374	enroll__speaker_enroll_7sec_kim_en_2	negative__speaker_negative_unregistered_speaker_0001_speaker_0001_00013	0	unregistered_impostor	0.187322268466
T000375	enroll__speaker_enroll_7sec_kim_en_2	negative__speaker_negative_unregistered_speaker_0001_speaker_0001_00014	0	unregistered_impostor	0.116534976321
T000376	enroll__speaker_enroll_7sec_kim_en_2	negative__speaker_negative_unregistered_speaker_0002_speaker_0002_00000	0	unregistered_impostor	0.204834885587
T000377	enroll__speaker_enroll_7sec_kim_en_2	negative__speaker_negative_unregistered_speaker_0002_speaker_0002_00001	0	unregistered_impostor	0.168053511786
T000378	enroll__speaker_enroll_7sec_kim_en_2	negative__speaker_negative_unregistered_speaker_0002_speaker_0002_00002	0	unregistered_impostor	0.0541620807931
T000379	enroll__speaker_enroll_7sec_kim_en_2	negative__speaker_negative_unregistered_speaker_0002_speaker_0002_00003	0	unregistered_impostor	0.214145536582
T000380	enroll__speaker_enroll_7sec_kim_en_2	negative__speaker_negative_unregistered_speaker_0002_speaker_0002_00004	0	unregistered_impostor	0.0293365632556
T000381	enroll__speaker_enroll_7sec_kim_en_2	negative__speaker_negative_unregistered_speaker_0002_speaker_0002_00005	0	unregistered_impostor	0.175021928037
T000382	enroll__speaker_enroll_7sec_kim_en_2	negative__speaker_negative_unregistered_speaker_0002_speaker_0002_00006	0	unregistered_impostor	0.143528597604
T000383	enroll__speaker_enroll_7sec_kim_en_2	negative__speaker_negative_unregistered_speaker_0002_speaker_0002_00007	0	unregistered_impostor	0.128397116208
T000384	enroll__speaker_enroll_7sec_kim_en_2	negative__speaker_negative_unregistered_speaker_0002_speaker_0002_00008	0	unregistered_impostor	0.189279016653
T000385	enroll__speaker_enroll_7sec_kim_en_2	negative__speaker_negative_unregistered_speaker_0002_speaker_0002_00009	0	unregistered_impostor	0.107625177657
T000386	enroll__speaker_enroll_7sec_kim_en_2	negative__speaker_negative_unregistered_speaker_0002_speaker_0002_00010	0	unregistered_impostor	0.133833654213
T000387	enroll__speaker_enroll_7sec_kim_en_2	negative__speaker_negative_unregistered_speaker_0002_speaker_0002_00011	0	unregistered_impostor	0.0871564630515
T000388	enroll__speaker_enroll_7sec_kim_en_2	negative__speaker_negative_unregistered_speaker_0002_speaker_0002_00012	0	unregistered_impostor	0.126991618726
T000389	enroll__speaker_enroll_7sec_kim_en_2	negative__speaker_negative_unregistered_speaker_0002_speaker_0002_00013	0	unregistered_impostor	0.164085344139
T000390	enroll__speaker_enroll_7sec_kim_en_2	negative__speaker_negative_unregistered_speaker_0002_speaker_0002_00014	0	unregistered_impostor	0.0855551869756
T000391	enroll__speaker_enroll_7sec_kiuk_en_0	positive__speaker_identify_3sec_positive_jonah_id_0	0	registered_impostor	0.384704393778
T000392	enroll__speaker_enroll_7sec_kiuk_en_0	positive__speaker_identify_3sec_positive_jonah_id_1	0	registered_impostor	0.352949992449
T000393	enroll__speaker_enroll_7sec_kiuk_en_0	positive__speaker_identify_3sec_positive_jonah_id_2	0	registered_impostor	0.386612884782
T000394	enroll__speaker_enroll_7sec_kiuk_en_0	positive__speaker_identify_3sec_positive_jonah_id_3	0	registered_impostor	0.430795263817
T000395	enroll__speaker_enroll_7sec_kiuk_en_0	positive__speaker_identify_3sec_positive_jonah_id_4	0	registered_impostor	0.42271751299
T000396	enroll__speaker_enroll_7sec_kiuk_en_0	positive__speaker_identify_3sec_positive_kim_id_0	0	registered_impostor	0.375176800956
T000397	enroll__speaker_enroll_7sec_kiuk_en_0	positive__speaker_identify_3sec_positive_kim_id_1	0	registered_impostor	0.357866226293
T000398	enroll__speaker_enroll_7sec_kiuk_en_0	positive__speaker_identify_3sec_positive_kim_id_2	0	registered_impostor	0.375045074281
T000399	enroll__speaker_enroll_7sec_kiuk_en_0	positive__speaker_identify_3sec_positive_kim_id_3	0	registered_impostor	0.374838500615
T000400	enroll__speaker_enroll_7sec_kiuk_en_0	positive__speaker_identify_3sec_positive_kim_id_4	0	registered_impostor	0.387370228215
T000401	enroll__speaker_enroll_7sec_kiuk_en_0	positive__speaker_identify_3sec_positive_kiuk_id_0	1	target	0.366888194771
T000402	enroll__speaker_enroll_7sec_kiuk_en_0	positive__speaker_identify_3sec_positive_kiuk_id_1	1	target	0.37280004296
T000403	enroll__speaker_enroll_7sec_kiuk_en_0	positive__speaker_identify_3sec_positive_kiuk_id_2	1	target	0.394239231278
T000404	enroll__speaker_enroll_7sec_kiuk_en_0	positive__speaker_identify_3sec_positive_kiuk_id_3	1	target	0.377990357664
T000405	enroll__speaker_enroll_7sec_kiuk_en_0	positive__speaker_identify_3sec_positive_kiuk_id_4	1	target	0.410212922802
T000406	enroll__speaker_enroll_7sec_kiuk_en_0	positive__speaker_identify_3sec_positive_ssh_id_0	0	registered_impostor	0.413464314576
T000407	enroll__speaker_enroll_7sec_kiuk_en_0	positive__speaker_identify_3sec_positive_ssh_id_1	0	registered_impostor	0.367053616296
T000408	enroll__speaker_enroll_7sec_kiuk_en_0	positive__speaker_identify_3sec_positive_ssh_id_2	0	registered_impostor	0.342645286647
T000409	enroll__speaker_enroll_7sec_kiuk_en_0	positive__speaker_identify_3sec_positive_ssh_id_3	0	registered_impostor	0.406803553654
T000410	enroll__speaker_enroll_7sec_kiuk_en_0	positive__speaker_identify_3sec_positive_ssh_id_4	0	registered_impostor	0.407758758859
T000411	enroll__speaker_enroll_7sec_kiuk_en_0	negative__speaker_negative_unregistered_speaker_0000_speaker_0000_00000	0	unregistered_impostor	0.191167295436
T000412	enroll__speaker_enroll_7sec_kiuk_en_0	negative__speaker_negative_unregistered_speaker_0000_speaker_0000_00001	0	unregistered_impostor	0.177234748929
T000413	enroll__speaker_enroll_7sec_kiuk_en_0	negative__speaker_negative_unregistered_speaker_0000_speaker_0000_00002	0	unregistered_impostor	0.0639074029528
T000414	enroll__speaker_enroll_7sec_kiuk_en_0	negative__speaker_negative_unregistered_speaker_0000_speaker_0000_00003	0	unregistered_impostor	0.110250582231
T000415	enroll__speaker_enroll_7sec_kiuk_en_0	negative__speaker_negative_unregistered_speaker_0000_speaker_0000_00004	0	unregistered_impostor	0.226255262687
T000416	enroll__speaker_enroll_7sec_kiuk_en_0	negative__speaker_negative_unregistered_speaker_0000_speaker_0000_00005	0	unregistered_impostor	0.217152609082
T000417	enroll__speaker_enroll_7sec_kiuk_en_0	negative__speaker_negative_unregistered_speaker_0000_speaker_0000_00006	0	unregistered_impostor	0.0875026760968
T000418	enroll__speaker_enroll_7sec_kiuk_en_0	negative__speaker_negative_unregistered_speaker_0000_speaker_0000_00007	0	unregistered_impostor	0.0874276913913
T000419	enroll__speaker_enroll_7sec_kiuk_en_0	negative__speaker_negative_unregistered_speaker_0000_speaker_0000_00008	0	unregistered_impostor	0.13458209573
T000420	enroll__speaker_enroll_7sec_kiuk_en_0	negative__speaker_negative_unregistered_speaker_0000_speaker_0000_00009	0	unregistered_impostor	0.16915913352
T000421	enroll__speaker_enroll_7sec_kiuk_en_0	negative__speaker_negative_unregistered_speaker_0000_speaker_0000_00010	0	unregistered_impostor	0.196212721331
T000422	enroll__speaker_enroll_7sec_kiuk_en_0	negative__speaker_negative_unregistered_speaker_0000_speaker_0000_00011	0	unregistered_impostor	0.131547990259
T000423	enroll__speaker_enroll_7sec_kiuk_en_0	negative__speaker_negative_unregistered_speaker_0000_speaker_0000_00012	0	unregistered_impostor	0.0714034411627
T000424	enroll__speaker_enroll_7sec_kiuk_en_0	negative__speaker_negative_unregistered_speaker_0000_speaker_0000_00013	0	unregistered_impostor	0.117719582418
T000425	enroll__speaker_enroll_7sec_kiuk_en_0	negative__speaker_negative_unregistered_speaker_0000_speaker_0000_00014	0	unregistered_impostor	0.0899364313408
T000426	enroll__speaker_enroll_7sec_kiuk_en_0	negative__speaker_negative_unregistered_speaker_0001_speaker_0001_00000	0	unregistered_impostor	0.184831830786
T000427	enroll__speaker_enroll_7sec_kiuk_en_0	negative__speaker_negative_unregistered_speaker_0001_speaker_0001_00001	0	unregistered_impostor	0.183500549755
T000428	enroll__speaker_enroll_7sec_kiuk_en_0	negative__speaker_negative_unregistered_speaker_0001_speaker_0001_00002	0	unregistered_impostor	0.113272965691
T000429	enroll__speaker_enroll_7sec_kiuk_en_0	negative__speaker_negative_unregistered_speaker_0001_speaker_0001_00003	0	unregistered_impostor	0.146527635112
T000430	enroll__speaker_enroll_7sec_kiuk_en_0	negative__speaker_negative_unregistered_speaker_0001_speaker_0001_00004	0	unregistered_impostor	0.143310448071
T000431	enroll__speaker_enroll_7sec_kiuk_en_0	negative__speaker_negative_unregistered_speaker_0001_speaker_0001_00005	0	unregistered_impostor	0.121949533142
T000432	enroll__speaker_enroll_7sec_kiuk_en_0	negative__speaker_negative_unregistered_speaker_0001_speaker_0001_00006	0	unregistered_impostor	0.110097708303
T000433	enroll__speaker_enroll_7sec_kiuk_en_0	negative__speaker_negative_unregistered_speaker_0001_speaker_0001_00007	0	unregistered_impostor	0.108818787953
T000434	enroll__speaker_enroll_7sec_kiuk_en_0	negative__speaker_negative_unregistered_speaker_0001_speaker_0001_00008	0	unregistered_impostor	0.14611706336
T000435	enroll__speaker_enroll_7sec_kiuk_en_0	negative__speaker_negative_unregistered_speaker_0001_speaker_0001_00009	0	unregistered_impostor	0.070987126156
T000436	enroll__speaker_enroll_7sec_kiuk_en_0	negative__speaker_negative_unregistered_speaker_0001_speaker_0001_00010	0	unregistered_impostor	0.188450717947
T000437	enroll__speaker_enroll_7sec_kiuk_en_0	negative__speaker_negative_unregistered_speaker_0001_speaker_0001_00011	0	unregistered_impostor	0.0771927462923
T000438	enroll__speaker_enroll_7sec_kiuk_en_0	negative__speaker_negative_unregistered_speaker_0001_speaker_0001_00012	0	unregistered_impostor	0.162376593909
T000439	enroll__speaker_enroll_7sec_kiuk_en_0	negative__speaker_negative_unregistered_speaker_0001_speaker_0001_00013	0	unregistered_impostor	0.201956168555
T000440	enroll__speaker_enroll_7sec_kiuk_en_0	negative__speaker_negative_unregistered_speaker_0001_speaker_0001_00014	0	unregistered_impostor	0.106308069592
T000441	enroll__speaker_enroll_7sec_kiuk_en_0	negative__speaker_negative_unregistered_speaker_0002_speaker_0002_00000	0	unregistered_impostor	0.211751625029
T000442	enroll__speaker_enroll_7sec_kiuk_en_0	negative__speaker_negative_unregistered_speaker_0002_speaker_0002_00001	0	unregistered_impostor	0.152138735966
T000443	enroll__speaker_enroll_7sec_kiuk_en_0	negative__speaker_negative_unregistered_speaker_0002_speaker_0002_00002	0	unregistered_impostor	0.13961618622
T000444	enroll__speaker_enroll_7sec_kiuk_en_0	negative__speaker_negative_unregistered_speaker_0002_speaker_0002_00003	0	unregistered_impostor	0.201799492413
T000445	enroll__speaker_enroll_7sec_kiuk_en_0	negative__speaker_negative_unregistered_speaker_0002_speaker_0002_00004	0	unregistered_impostor	0.0285006835319
T000446	enroll__speaker_enroll_7sec_kiuk_en_0	negative__speaker_negative_unregistered_speaker_0002_speaker_0002_00005	0	unregistered_impostor	0.121480002851
T000447	enroll__speaker_enroll_7sec_kiuk_en_0	negative__speaker_negative_unregistered_speaker_0002_speaker_0002_00006	0	unregistered_impostor	0.153140817157
T000448	enroll__speaker_enroll_7sec_kiuk_en_0	negative__speaker_negative_unregistered_speaker_0002_speaker_0002_00007	0	unregistered_impostor	0.0995825854208
T000449	enroll__speaker_enroll_7sec_kiuk_en_0	negative__speaker_negative_unregistered_speaker_0002_speaker_0002_00008	0	unregistered_impostor	0.16008414867
T000450	enroll__speaker_enroll_7sec_kiuk_en_0	negative__speaker_negative_unregistered_speaker_0002_speaker_0002_00009	0	unregistered_impostor	0.113234128526
T000451	enroll__speaker_enroll_7sec_kiuk_en_0	negative__speaker_negative_unregistered_speaker_0002_speaker_0002_00010	0	unregistered_impostor	0.146035976116
T000452	enroll__speaker_enroll_7sec_kiuk_en_0	negative__speaker_negative_unregistered_speaker_0002_speaker_0002_00011	0	unregistered_impostor	0.143092249438
T000453	enroll__speaker_enroll_7sec_kiuk_en_0	negative__speaker_negative_unregistered_speaker_0002_speaker_0002_00012	0	unregistered_impostor	0.11448947073
T000454	enroll__speaker_enroll_7sec_kiuk_en_0	negative__speaker_negative_unregistered_speaker_0002_speaker_0002_00013	0	unregistered_impostor	0.204031570778
T000455	enroll__speaker_enroll_7sec_kiuk_en_0	negative__speaker_negative_unregistered_speaker_0002_speaker_0002_00014	0	unregistered_impostor	0.104676600471
T000456	enroll__speaker_enroll_7sec_kiuk_en_1	positive__speaker_identify_3sec_positive_jonah_id_0	0	registered_impostor	0.384907784659
T000457	enroll__speaker_enroll_7sec_kiuk_en_1	positive__speaker_identify_3sec_positive_jonah_id_1	0	registered_impostor	0.325472762155
T000458	enroll__speaker_enroll_7sec_kiuk_en_1	positive__speaker_identify_3sec_positive_jonah_id_2	0	registered_impostor	0.389074757939
T000459	enroll__speaker_enroll_7sec_kiuk_en_1	positive__speaker_identify_3sec_positive_jonah_id_3	0	registered_impostor	0.432861941405
T000460	enroll__speaker_enroll_7sec_kiuk_en_1	positive__speaker_identify_3sec_positive_jonah_id_4	0	registered_impostor	0.430277805506
T000461	enroll__speaker_enroll_7sec_kiuk_en_1	positive__speaker_identify_3sec_positive_kim_id_0	0	registered_impostor	0.380999464482
T000462	enroll__speaker_enroll_7sec_kiuk_en_1	positive__speaker_identify_3sec_positive_kim_id_1	0	registered_impostor	0.370840544466
T000463	enroll__speaker_enroll_7sec_kiuk_en_1	positive__speaker_identify_3sec_positive_kim_id_2	0	registered_impostor	0.374339602515
T000464	enroll__speaker_enroll_7sec_kiuk_en_1	positive__speaker_identify_3sec_positive_kim_id_3	0	registered_impostor	0.380037111563
T000465	enroll__speaker_enroll_7sec_kiuk_en_1	positive__speaker_identify_3sec_positive_kim_id_4	0	registered_impostor	0.376835890838
T000466	enroll__speaker_enroll_7sec_kiuk_en_1	positive__speaker_identify_3sec_positive_kiuk_id_0	1	target	0.367844012467
T000467	enroll__speaker_enroll_7sec_kiuk_en_1	positive__speaker_identify_3sec_positive_kiuk_id_1	1	target	0.376422027478
T000468	enroll__speaker_enroll_7sec_kiuk_en_1	positive__speaker_identify_3sec_positive_kiuk_id_2	1	target	0.40570764279
T000469	enroll__speaker_enroll_7sec_kiuk_en_1	positive__speaker_identify_3sec_positive_kiuk_id_3	1	target	0.384222831075
T000470	enroll__speaker_enroll_7sec_kiuk_en_1	positive__speaker_identify_3sec_positive_kiuk_id_4	1	target	0.421976423025
T000471	enroll__speaker_enroll_7sec_kiuk_en_1	positive__speaker_identify_3sec_positive_ssh_id_0	0	registered_impostor	0.409195153874
T000472	enroll__speaker_enroll_7sec_kiuk_en_1	positive__speaker_identify_3sec_positive_ssh_id_1	0	registered_impostor	0.376912921071
T000473	enroll__speaker_enroll_7sec_kiuk_en_1	positive__speaker_identify_3sec_positive_ssh_id_2	0	registered_impostor	0.330434194222
T000474	enroll__speaker_enroll_7sec_kiuk_en_1	positive__speaker_identify_3sec_positive_ssh_id_3	0	registered_impostor	0.408498142296
T000475	enroll__speaker_enroll_7sec_kiuk_en_1	positive__speaker_identify_3sec_positive_ssh_id_4	0	registered_impostor	0.404648108026
T000476	enroll__speaker_enroll_7sec_kiuk_en_1	negative__speaker_negative_unregistered_speaker_0000_speaker_0000_00000	0	unregistered_impostor	0.177081046852
T000477	enroll__speaker_enroll_7sec_kiuk_en_1	negative__speaker_negative_unregistered_speaker_0000_speaker_0000_00001	0	unregistered_impostor	0.163869148218
T000478	enroll__speaker_enroll_7sec_kiuk_en_1	negative__speaker_negative_unregistered_speaker_0000_speaker_0000_00002	0	unregistered_impostor	0.079858734252
T000479	enroll__speaker_enroll_7sec_kiuk_en_1	negative__speaker_negative_unregistered_speaker_0000_speaker_0000_00003	0	unregistered_impostor	0.145696650178
T000480	enroll__speaker_enroll_7sec_kiuk_en_1	negative__speaker_negative_unregistered_speaker_0000_speaker_0000_00004	0	unregistered_impostor	0.177146875808
T000481	enroll__speaker_enroll_7sec_kiuk_en_1	negative__speaker_negative_unregistered_speaker_0000_speaker_0000_00005	0	unregistered_impostor	0.173802459393
T000482	enroll__speaker_enroll_7sec_kiuk_en_1	negative__speaker_negative_unregistered_speaker_0000_speaker_0000_00006	0	unregistered_impostor	0.100206218248
T000483	enroll__speaker_enroll_7sec_kiuk_en_1	negative__speaker_negative_unregistered_speaker_0000_speaker_0000_00007	0	unregistered_impostor	0.106178740086
T000484	enroll__speaker_enroll_7sec_kiuk_en_1	negative__speaker_negative_unregistered_speaker_0000_speaker_0000_00008	0	unregistered_impostor	0.132294287639
T000485	enroll__speaker_enroll_7sec_kiuk_en_1	negative__speaker_negative_unregistered_speaker_0000_speaker_0000_00009	0	unregistered_impostor	0.148506356625
T000486	enroll__speaker_enroll_7sec_kiuk_en_1	negative__speaker_negative_unregistered_speaker_0000_speaker_0000_00010	0	unregistered_impostor	0.185951380061
T000487	enroll__speaker_enroll_7sec_kiuk_en_1	negative__speaker_negative_unregistered_speaker_0000_speaker_0000_00011	0	unregistered_impostor	0.104596280839
T000488	enroll__speaker_enroll_7sec_kiuk_en_1	negative__speaker_negative_unregistered_speaker_0000_speaker_0000_00012	0	unregistered_impostor	0.107412632473
T000489	enroll__speaker_enroll_7sec_kiuk_en_1	negative__speaker_negative_unregistered_speaker_0000_speaker_0000_00013	0	unregistered_impostor	0.123270418752
T000490	enroll__speaker_enroll_7sec_kiuk_en_1	negative__speaker_negative_unregistered_speaker_0000_speaker_0000_00014	0	unregistered_impostor	0.0699278306826
T000491	enroll__speaker_enroll_7sec_kiuk_en_1	negative__speaker_negative_unregistered_speaker_0001_speaker_0001_00000	0	unregistered_impostor	0.143596118669
T000492	enroll__speaker_enroll_7sec_kiuk_en_1	negative__speaker_negative_unregistered_speaker_0001_speaker_0001_00001	0	unregistered_impostor	0.0981427617663
T000493	enroll__speaker_enroll_7sec_kiuk_en_1	negative__speaker_negative_unregistered_speaker_0001_speaker_0001_00002	0	unregistered_impostor	0.0679159441023
T000494	enroll__speaker_enroll_7sec_kiuk_en_1	negative__speaker_negative_unregistered_speaker_0001_speaker_0001_00003	0	unregistered_impostor	0.0895207816424
T000495	enroll__speaker_enroll_7sec_kiuk_en_1	negative__speaker_negative_unregistered_speaker_0001_speaker_0001_00004	0	unregistered_impostor	0.0897318695966
T000496	enroll__speaker_enroll_7sec_kiuk_en_1	negative__speaker_negative_unregistered_speaker_0001_speaker_0001_00005	0	unregistered_impostor	0.0602786050724
T000497	enroll__speaker_enroll_7sec_kiuk_en_1	negative__speaker_negative_unregistered_speaker_0001_speaker_0001_00006	0	unregistered_impostor	0.0522690936059
T000498	enroll__speaker_enroll_7sec_kiuk_en_1	negative__speaker_negative_unregistered_speaker_0001_speaker_0001_00007	0	unregistered_impostor	0.038241794897
T000499	enroll__speaker_enroll_7sec_kiuk_en_1	negative__speaker_negative_unregistered_speaker_0001_speaker_0001_00008	0	unregistered_impostor	0.0589390260499
T000500	enroll__speaker_enroll_7sec_kiuk_en_1	negative__speaker_negative_unregistered_speaker_0001_speaker_0001_00009	0	unregistered_impostor	0.0439892435149
T000501	enroll__speaker_enroll_7sec_kiuk_en_1	negative__speaker_negative_unregistered_speaker_0001_speaker_0001_00010	0	unregistered_impostor	0.150091579302
T000502	enroll__speaker_enroll_7sec_kiuk_en_1	negative__speaker_negative_unregistered_speaker_0001_speaker_0001_00011	0	unregistered_impostor	0.0378830386218
T000503	enroll__speaker_enroll_7sec_kiuk_en_1	negative__speaker_negative_unregistered_speaker_0001_speaker_0001_00012	0	unregistered_impostor	0.0995984454991
T000504	enroll__speaker_enroll_7sec_kiuk_en_1	negative__speaker_negative_unregistered_speaker_0001_speaker_0001_00013	0	unregistered_impostor	0.135219072983
T000505	enroll__speaker_enroll_7sec_kiuk_en_1	negative__speaker_negative_unregistered_speaker_0001_speaker_0001_00014	0	unregistered_impostor	0.0368917978936
T000506	enroll__speaker_enroll_7sec_kiuk_en_1	negative__speaker_negative_unregistered_speaker_0002_speaker_0002_00000	0	unregistered_impostor	0.182652385092
T000507	enroll__speaker_enroll_7sec_kiuk_en_1	negative__speaker_negative_unregistered_speaker_0002_speaker_0002_00001	0	unregistered_impostor	0.130780443073
T000508	enroll__speaker_enroll_7sec_kiuk_en_1	negative__speaker_negative_unregistered_speaker_0002_speaker_0002_00002	0	unregistered_impostor	0.115802529341
T000509	enroll__speaker_enroll_7sec_kiuk_en_1	negative__speaker_negative_unregistered_speaker_0002_speaker_0002_00003	0	unregistered_impostor	0.202810859825
T000510	enroll__speaker_enroll_7sec_kiuk_en_1	negative__speaker_negative_unregistered_speaker_0002_speaker_0002_00004	0	unregistered_impostor	0.0314734784873
T000511	enroll__speaker_enroll_7sec_kiuk_en_1	negative__speaker_negative_unregistered_speaker_0002_speaker_0002_00005	0	unregistered_impostor	0.130132340594
T000512	enroll__speaker_enroll_7sec_kiuk_en_1	negative__speaker_negative_unregistered_speaker_0002_speaker_0002_00006	0	unregistered_impostor	0.128871913436
T000513	enroll__speaker_enroll_7sec_kiuk_en_1	negative__speaker_negative_unregistered_speaker_0002_speaker_0002_00007	0	unregistered_impostor	0.0797035561215
T000514	enroll__speaker_enroll_7sec_kiuk_en_1	negative__speaker_negative_unregistered_speaker_0002_speaker_0002_00008	0	unregistered_impostor	0.155741003191
T000515	enroll__speaker_enroll_7sec_kiuk_en_1	negative__speaker_negative_unregistered_speaker_0002_speaker_0002_00009	0	unregistered_impostor	0.104516720447
T000516	enroll__speaker_enroll_7sec_kiuk_en_1	negative__speaker_negative_unregistered_speaker_0002_speaker_0002_00010	0	unregistered_impostor	0.162175588679
T000517	enroll__speaker_enroll_7sec_kiuk_en_1	negative__speaker_negative_unregistered_speaker_0002_speaker_0002_00011	0	unregistered_impostor	0.124927220804
T000518	enroll__speaker_enroll_7sec_kiuk_en_1	negative__speaker_negative_unregistered_speaker_0002_speaker_0002_00012	0	unregistered_impostor	0.0916793646698
T000519	enroll__speaker_enroll_7sec_kiuk_en_1	negative__speaker_negative_unregistered_speaker_0002_speaker_0002_00013	0	unregistered_impostor	0.182128245473
T000520	enroll__speaker_enroll_7sec_kiuk_en_1	negative__speaker_negative_unregistered_speaker_0002_speaker_0002_00014	0	unregistered_impostor	0.0743027719066
T000521	enroll__speaker_enroll_7sec_kiuk_en_2	positive__speaker_identify_3sec_positive_jonah_id_0	0	registered_impostor	0.35623926782
T000522	enroll__speaker_enroll_7sec_kiuk_en_2	positive__speaker_identify_3sec_positive_jonah_id_1	0	registered_impostor	0.316102029265
T000523	enroll__speaker_enroll_7sec_kiuk_en_2	positive__speaker_identify_3sec_positive_jonah_id_2	0	registered_impostor	0.375227086707
T000524	enroll__speaker_enroll_7sec_kiuk_en_2	positive__speaker_identify_3sec_positive_jonah_id_3	0	registered_impostor	0.386975470516
T000525	enroll__speaker_enroll_7sec_kiuk_en_2	positive__speaker_identify_3sec_positive_jonah_id_4	0	registered_impostor	0.384095289936
T000526	enroll__speaker_enroll_7sec_kiuk_en_2	positive__speaker_identify_3sec_positive_kim_id_0	0	registered_impostor	0.338735764237
T000527	enroll__speaker_enroll_7sec_kiuk_en_2	positive__speaker_identify_3sec_positive_kim_id_1	0	registered_impostor	0.35265306176
T000528	enroll__speaker_enroll_7sec_kiuk_en_2	positive__speaker_identify_3sec_positive_kim_id_2	0	registered_impostor	0.34370794576
T000529	enroll__speaker_enroll_7sec_kiuk_en_2	positive__speaker_identify_3sec_positive_kim_id_3	0	registered_impostor	0.34751975912
T000530	enroll__speaker_enroll_7sec_kiuk_en_2	positive__speaker_identify_3sec_positive_kim_id_4	0	registered_impostor	0.360246007687
T000531	enroll__speaker_enroll_7sec_kiuk_en_2	positive__speaker_identify_3sec_positive_kiuk_id_0	1	target	0.358430514216
T000532	enroll__speaker_enroll_7sec_kiuk_en_2	positive__speaker_identify_3sec_positive_kiuk_id_1	1	target	0.344678376101
T000533	enroll__speaker_enroll_7sec_kiuk_en_2	positive__speaker_identify_3sec_positive_kiuk_id_2	1	target	0.374683263732
T000534	enroll__speaker_enroll_7sec_kiuk_en_2	positive__speaker_identify_3sec_positive_kiuk_id_3	1	target	0.349808843654
T000535	enroll__speaker_enroll_7sec_kiuk_en_2	positive__speaker_identify_3sec_positive_kiuk_id_4	1	target	0.369822237455
T000536	enroll__speaker_enroll_7sec_kiuk_en_2	positive__speaker_identify_3sec_positive_ssh_id_0	0	registered_impostor	0.381748176209
T000537	enroll__speaker_enroll_7sec_kiuk_en_2	positive__speaker_identify_3sec_positive_ssh_id_1	0	registered_impostor	0.348174628953
T000538	enroll__speaker_enroll_7sec_kiuk_en_2	positive__speaker_identify_3sec_positive_ssh_id_2	0	registered_impostor	0.329159195468
T000539	enroll__speaker_enroll_7sec_kiuk_en_2	positive__speaker_identify_3sec_positive_ssh_id_3	0	registered_impostor	0.373224836714
T000540	enroll__speaker_enroll_7sec_kiuk_en_2	positive__speaker_identify_3sec_positive_ssh_id_4	0	registered_impostor	0.373770236309
T000541	enroll__speaker_enroll_7sec_kiuk_en_2	negative__speaker_negative_unregistered_speaker_0000_speaker_0000_00000	0	unregistered_impostor	0.189811044852
T000542	enroll__speaker_enroll_7sec_kiuk_en_2	negative__speaker_negative_unregistered_speaker_0000_speaker_0000_00001	0	unregistered_impostor	0.2112333494
T000543	enroll__speaker_enroll_7sec_kiuk_en_2	negative__speaker_negative_unregistered_speaker_0000_speaker_0000_00002	0	unregistered_impostor	0.110771417601
T000544	enroll__speaker_enroll_7sec_kiuk_en_2	negative__speaker_negative_unregistered_speaker_0000_speaker_0000_00003	0	unregistered_impostor	0.164907120292
T000545	enroll__speaker_enroll_7sec_kiuk_en_2	negative__speaker_negative_unregistered_speaker_0000_speaker_0000_00004	0	unregistered_impostor	0.224620147582
T000546	enroll__speaker_enroll_7sec_kiuk_en_2	negative__speaker_negative_unregistered_speaker_0000_speaker_0000_00005	0	unregistered_impostor	0.228857559518
T000547	enroll__speaker_enroll_7sec_kiuk_en_2	negative__speaker_negative_unregistered_speaker_0000_speaker_0000_00006	0	unregistered_impostor	0.129008232531
T000548	enroll__speaker_enroll_7sec_kiuk_en_2	negative__speaker_negative_unregistered_speaker_0000_speaker_0000_00007	0	unregistered_impostor	0.105463731125
T000549	enroll__speaker_enroll_7sec_kiuk_en_2	negative__speaker_negative_unregistered_speaker_0000_speaker_0000_00008	0	unregistered_impostor	0.164580937012
T000550	enroll__speaker_enroll_7sec_kiuk_en_2	negative__speaker_negative_unregistered_speaker_0000_speaker_0000_00009	0	unregistered_impostor	0.174670490458
T000551	enroll__speaker_enroll_7sec_kiuk_en_2	negative__speaker_negative_unregistered_speaker_0000_speaker_0000_00010	0	unregistered_impostor	0.202519907473
T000552	enroll__speaker_enroll_7sec_kiuk_en_2	negative__speaker_negative_unregistered_speaker_0000_speaker_0000_00011	0	unregistered_impostor	0.121947815614
T000553	enroll__speaker_enroll_7sec_kiuk_en_2	negative__speaker_negative_unregistered_speaker_0000_speaker_0000_00012	0	unregistered_impostor	0.110594601593
T000554	enroll__speaker_enroll_7sec_kiuk_en_2	negative__speaker_negative_unregistered_speaker_0000_speaker_0000_00013	0	unregistered_impostor	0.154425487654
T000555	enroll__speaker_enroll_7sec_kiuk_en_2	negative__speaker_negative_unregistered_speaker_0000_speaker_0000_00014	0	unregistered_impostor	0.101995259522
T000556	enroll__speaker_enroll_7sec_kiuk_en_2	negative__speaker_negative_unregistered_speaker_0001_speaker_0001_00000	0	unregistered_impostor	0.0985346226088
T000557	enroll__speaker_enroll_7sec_kiuk_en_2	negative__speaker_negative_unregistered_speaker_0001_speaker_0001_00001	0	unregistered_impostor	0.130536423603
T000558	enroll__speaker_enroll_7sec_kiuk_en_2	negative__speaker_negative_unregistered_speaker_0001_speaker_0001_00002	0	unregistered_impostor	0.0657985120091
T000559	enroll__speaker_enroll_7sec_kiuk_en_2	negative__speaker_negative_unregistered_speaker_0001_speaker_0001_00003	0	unregistered_impostor	0.0784312985849
T000560	enroll__speaker_enroll_7sec_kiuk_en_2	negative__speaker_negative_unregistered_speaker_0001_speaker_0001_00004	0	unregistered_impostor	0.0842062252965
T000561	enroll__speaker_enroll_7sec_kiuk_en_2	negative__speaker_negative_unregistered_speaker_0001_speaker_0001_00005	0	unregistered_impostor	0.0708014357791
T000562	enroll__speaker_enroll_7sec_kiuk_en_2	negative__speaker_negative_unregistered_speaker_0001_speaker_0001_00006	0	unregistered_impostor	0.067209787897
T000563	enroll__speaker_enroll_7sec_kiuk_en_2	negative__speaker_negative_unregistered_speaker_0001_speaker_0001_00007	0	unregistered_impostor	0.0544644876139
T000564	enroll__speaker_enroll_7sec_kiuk_en_2	negative__speaker_negative_unregistered_speaker_0001_speaker_0001_00008	0	unregistered_impostor	0.083402410278
T000565	enroll__speaker_enroll_7sec_kiuk_en_2	negative__speaker_negative_unregistered_speaker_0001_speaker_0001_00009	0	unregistered_impostor	0.040865971873
T000566	enroll__speaker_enroll_7sec_kiuk_en_2	negative__speaker_negative_unregistered_speaker_0001_speaker_0001_00010	0	unregistered_impostor	0.159011491806
T000567	enroll__speaker_enroll_7sec_kiuk_en_2	negative__speaker_negative_unregistered_speaker_0001_speaker_0001_00011	0	unregistered_impostor	0.0269824606341
T000568	enroll__speaker_enroll_7sec_kiuk_en_2	negative__speaker_negative_unregistered_speaker_0001_speaker_0001_00012	0	unregistered_impostor	0.1233333406
T000569	enroll__speaker_enroll_7sec_kiuk_en_2	negative__speaker_negative_unregistered_speaker_0001_speaker_0001_00013	0	unregistered_impostor	0.17106205364
T000570	enroll__speaker_enroll_7sec_kiuk_en_2	negative__speaker_negative_unregistered_speaker_0001_speaker_0001_00014	0	unregistered_impostor	0.0657976988632
T000571	enroll__speaker_enroll_7sec_kiuk_en_2	negative__speaker_negative_unregistered_speaker_0002_speaker_0002_00000	0	unregistered_impostor	0.225561340255
T000572	enroll__speaker_enroll_7sec_kiuk_en_2	negative__speaker_negative_unregistered_speaker_0002_speaker_0002_00001	0	unregistered_impostor	0.144300062495
T000573	enroll__speaker_enroll_7sec_kiuk_en_2	negative__speaker_negative_unregistered_speaker_0002_speaker_0002_00002	0	unregistered_impostor	0.113788046649
T000574	enroll__speaker_enroll_7sec_kiuk_en_2	negative__speaker_negative_unregistered_speaker_0002_speaker_0002_00003	0	unregistered_impostor	0.163122920883
T000575	enroll__speaker_enroll_7sec_kiuk_en_2	negative__speaker_negative_unregistered_speaker_0002_speaker_0002_00004	0	unregistered_impostor	0.0841319642096
T000576	enroll__speaker_enroll_7sec_kiuk_en_2	negative__speaker_negative_unregistered_speaker_0002_speaker_0002_00005	0	unregistered_impostor	0.120964428361
T000577	enroll__speaker_enroll_7sec_kiuk_en_2	negative__speaker_negative_unregistered_speaker_0002_speaker_0002_00006	0	unregistered_impostor	0.133126299783
T000578	enroll__speaker_enroll_7sec_kiuk_en_2	negative__speaker_negative_unregistered_speaker_0002_speaker_0002_00007	0	unregistered_impostor	0.111482030722
T000579	enroll__speaker_enroll_7sec_kiuk_en_2	negative__speaker_negative_unregistered_speaker_0002_speaker_0002_00008	0	unregistered_impostor	0.156880183584
T000580	enroll__speaker_enroll_7sec_kiuk_en_2	negative__speaker_negative_unregistered_speaker_0002_speaker_0002_00009	0	unregistered_impostor	0.154177443093
T000581	enroll__speaker_enroll_7sec_kiuk_en_2	negative__speaker_negative_unregistered_speaker_0002_speaker_0002_00010	0	unregistered_impostor	0.172558843494
T000582	enroll__speaker_enroll_7sec_kiuk_en_2	negative__speaker_negative_unregistered_speaker_0002_speaker_0002_00011	0	unregistered_impostor	0.123925419252
T000583	enroll__speaker_enroll_7sec_kiuk_en_2	negative__speaker_negative_unregistered_speaker_0002_speaker_0002_00012	0	unregistered_impostor	0.11181522325
T000584	enroll__speaker_enroll_7sec_kiuk_en_2	negative__speaker_negative_unregistered_speaker_0002_speaker_0002_00013	0	unregistered_impostor	0.182814432884
T000585	enroll__speaker_enroll_7sec_kiuk_en_2	negative__speaker_negative_unregistered_speaker_0002_speaker_0002_00014	0	unregistered_impostor	0.101014321682
T000586	enroll__speaker_enroll_7sec_ssh_en_0	positive__speaker_identify_3sec_positive_jonah_id_0	0	registered_impostor	0.334377884766
T000587	enroll__speaker_enroll_7sec_ssh_en_0	positive__speaker_identify_3sec_positive_jonah_id_1	0	registered_impostor	0.299880325514
T000588	enroll__speaker_enroll_7sec_ssh_en_0	positive__speaker_identify_3sec_positive_jonah_id_2	0	registered_impostor	0.324829127816
T000589	enroll__speaker_enroll_7sec_ssh_en_0	positive__speaker_identify_3sec_positive_jonah_id_3	0	registered_impostor	0.377091614045
T000590	enroll__speaker_enroll_7sec_ssh_en_0	positive__speaker_identify_3sec_positive_jonah_id_4	0	registered_impostor	0.347713797808
T000591	enroll__speaker_enroll_7sec_ssh_en_0	positive__speaker_identify_3sec_positive_kim_id_0	0	registered_impostor	0.321759190999
T000592	enroll__speaker_enroll_7sec_ssh_en_0	positive__speaker_identify_3sec_positive_kim_id_1	0	registered_impostor	0.32532492715
T000593	enroll__speaker_enroll_7sec_ssh_en_0	positive__speaker_identify_3sec_positive_kim_id_2	0	registered_impostor	0.311159838054
T000594	enroll__speaker_enroll_7sec_ssh_en_0	positive__speaker_identify_3sec_positive_kim_id_3	0	registered_impostor	0.322761180307
T000595	enroll__speaker_enroll_7sec_ssh_en_0	positive__speaker_identify_3sec_positive_kim_id_4	0	registered_impostor	0.326489117553
T000596	enroll__speaker_enroll_7sec_ssh_en_0	positive__speaker_identify_3sec_positive_kiuk_id_0	0	registered_impostor	0.330986535494
T000597	enroll__speaker_enroll_7sec_ssh_en_0	positive__speaker_identify_3sec_positive_kiuk_id_1	0	registered_impostor	0.315954887454
T000598	enroll__speaker_enroll_7sec_ssh_en_0	positive__speaker_identify_3sec_positive_kiuk_id_2	0	registered_impostor	0.349751000307
T000599	enroll__speaker_enroll_7sec_ssh_en_0	positive__speaker_identify_3sec_positive_kiuk_id_3	0	registered_impostor	0.344208118565
T000600	enroll__speaker_enroll_7sec_ssh_en_0	positive__speaker_identify_3sec_positive_kiuk_id_4	0	registered_impostor	0.34570108613
T000601	enroll__speaker_enroll_7sec_ssh_en_0	positive__speaker_identify_3sec_positive_ssh_id_0	1	target	0.374577276038
T000602	enroll__speaker_enroll_7sec_ssh_en_0	positive__speaker_identify_3sec_positive_ssh_id_1	1	target	0.314329779187
T000603	enroll__speaker_enroll_7sec_ssh_en_0	positive__speaker_identify_3sec_positive_ssh_id_2	1	target	0.299731256496
T000604	enroll__speaker_enroll_7sec_ssh_en_0	positive__speaker_identify_3sec_positive_ssh_id_3	1	target	0.324815649244
T000605	enroll__speaker_enroll_7sec_ssh_en_0	positive__speaker_identify_3sec_positive_ssh_id_4	1	target	0.349672763589
T000606	enroll__speaker_enroll_7sec_ssh_en_0	negative__speaker_negative_unregistered_speaker_0000_speaker_0000_00000	0	unregistered_impostor	0.354281356826
T000607	enroll__speaker_enroll_7sec_ssh_en_0	negative__speaker_negative_unregistered_speaker_0000_speaker_0000_00001	0	unregistered_impostor	0.306462533179
T000608	enroll__speaker_enroll_7sec_ssh_en_0	negative__speaker_negative_unregistered_speaker_0000_speaker_0000_00002	0	unregistered_impostor	0.234008417632
T000609	enroll__speaker_enroll_7sec_ssh_en_0	negative__speaker_negative_unregistered_speaker_0000_speaker_0000_00003	0	unregistered_impostor	0.292164509843
T000610	enroll__speaker_enroll_7sec_ssh_en_0	negative__speaker_negative_unregistered_speaker_0000_speaker_0000_00004	0	unregistered_impostor	0.352846735681
T000611	enroll__speaker_enroll_7sec_ssh_en_0	negative__speaker_negative_unregistered_speaker_0000_speaker_0000_00005	0	unregistered_impostor	0.375301164558
T000612	enroll__speaker_enroll_7sec_ssh_en_0	negative__speaker_negative_unregistered_speaker_0000_speaker_0000_00006	0	unregistered_impostor	0.307030669959
T000613	enroll__speaker_enroll_7sec_ssh_en_0	negative__speaker_negative_unregistered_speaker_0000_speaker_0000_00007	0	unregistered_impostor	0.219630617152
T000614	enroll__speaker_enroll_7sec_ssh_en_0	negative__speaker_negative_unregistered_speaker_0000_speaker_0000_00008	0	unregistered_impostor	0.301189933586
T000615	enroll__speaker_enroll_7sec_ssh_en_0	negative__speaker_negative_unregistered_speaker_0000_speaker_0000_00009	0	unregistered_impostor	0.244698590735
T000616	enroll__speaker_enroll_7sec_ssh_en_0	negative__speaker_negative_unregistered_speaker_0000_speaker_0000_00010	0	unregistered_impostor	0.32980123128
T000617	enroll__speaker_enroll_7sec_ssh_en_0	negative__speaker_negative_unregistered_speaker_0000_speaker_0000_00011	0	unregistered_impostor	0.266465160863
T000618	enroll__speaker_enroll_7sec_ssh_en_0	negative__speaker_negative_unregistered_speaker_0000_speaker_0000_00012	0	unregistered_impostor	0.212798881992
T000619	enroll__speaker_enroll_7sec_ssh_en_0	negative__speaker_negative_unregistered_speaker_0000_speaker_0000_00013	0	unregistered_impostor	0.262961975508
T000620	enroll__speaker_enroll_7sec_ssh_en_0	negative__speaker_negative_unregistered_speaker_0000_speaker_0000_00014	0	unregistered_impostor	0.188953562135
T000621	enroll__speaker_enroll_7sec_ssh_en_0	negative__speaker_negative_unregistered_speaker_0001_speaker_0001_00000	0	unregistered_impostor	0.0720290576459
T000622	enroll__speaker_enroll_7sec_ssh_en_0	negative__speaker_negative_unregistered_speaker_0001_speaker_0001_00001	0	unregistered_impostor	0.216879245089
T000623	enroll__speaker_enroll_7sec_ssh_en_0	negative__speaker_negative_unregistered_speaker_0001_speaker_0001_00002	0	unregistered_impostor	0.187602270142
T000624	enroll__speaker_enroll_7sec_ssh_en_0	negative__speaker_negative_unregistered_speaker_0001_speaker_0001_00003	0	unregistered_impostor	0.202200787726
T000625	enroll__speaker_enroll_7sec_ssh_en_0	negative__speaker_negative_unregistered_speaker_0001_speaker_0001_00004	0	unregistered_impostor	0.173983632068
T000626	enroll__speaker_enroll_7sec_ssh_en_0	negative__speaker_negative_unregistered_speaker_0001_speaker_0001_00005	0	unregistered_impostor	0.212791266656
T000627	enroll__speaker_enroll_7sec_ssh_en_0	negative__speaker_negative_unregistered_speaker_0001_speaker_0001_00006	0	unregistered_impostor	0.193975295015
T000628	enroll__speaker_enroll_7sec_ssh_en_0	negative__speaker_negative_unregistered_speaker_0001_speaker_0001_00007	0	unregistered_impostor	0.184791883925
T000629	enroll__speaker_enroll_7sec_ssh_en_0	negative__speaker_negative_unregistered_speaker_0001_speaker_0001_00008	0	unregistered_impostor	0.218258092877
T000630	enroll__speaker_enroll_7sec_ssh_en_0	negative__speaker_negative_unregistered_speaker_0001_speaker_0001_00009	0	unregistered_impostor	0.179805072097
T000631	enroll__speaker_enroll_7sec_ssh_en_0	negative__speaker_negative_unregistered_speaker_0001_speaker_0001_00010	0	unregistered_impostor	0.185300535564
T000632	enroll__speaker_enroll_7sec_ssh_en_0	negative__speaker_negative_unregistered_speaker_0001_speaker_0001_00011	0	unregistered_impostor	0.158479049352
T000633	enroll__speaker_enroll_7sec_ssh_en_0	negative__speaker_negative_unregistered_speaker_0001_speaker_0001_00012	0	unregistered_impostor	0.257946923798
T000634	enroll__speaker_enroll_7sec_ssh_en_0	negative__speaker_negative_unregistered_speaker_0001_speaker_0001_00013	0	unregistered_impostor	0.295376872499
T000635	enroll__speaker_enroll_7sec_ssh_en_0	negative__speaker_negative_unregistered_speaker_0001_speaker_0001_00014	0	unregistered_impostor	0.202302403118
T000636	enroll__speaker_enroll_7sec_ssh_en_0	negative__speaker_negative_unregistered_speaker_0002_speaker_0002_00000	0	unregistered_impostor	0.273811150984
T000637	enroll__speaker_enroll_7sec_ssh_en_0	negative__speaker_negative_unregistered_speaker_0002_speaker_0002_00001	0	unregistered_impostor	0.157080855731
T000638	enroll__speaker_enroll_7sec_ssh_en_0	negative__speaker_negative_unregistered_speaker_0002_speaker_0002_00002	0	unregistered_impostor	0.0923213338233
T000639	enroll__speaker_enroll_7sec_ssh_en_0	negative__speaker_negative_unregistered_speaker_0002_speaker_0002_00003	0	unregistered_impostor	0.215166085817
T000640	enroll__speaker_enroll_7sec_ssh_en_0	negative__speaker_negative_unregistered_speaker_0002_speaker_0002_00004	0	unregistered_impostor	0.0878334402604
T000641	enroll__speaker_enroll_7sec_ssh_en_0	negative__speaker_negative_unregistered_speaker_0002_speaker_0002_00005	0	unregistered_impostor	0.203680858073
T000642	enroll__speaker_enroll_7sec_ssh_en_0	negative__speaker_negative_unregistered_speaker_0002_speaker_0002_00006	0	unregistered_impostor	0.185918136206
T000643	enroll__speaker_enroll_7sec_ssh_en_0	negative__speaker_negative_unregistered_speaker_0002_speaker_0002_00007	0	unregistered_impostor	0.227911042209
T000644	enroll__speaker_enroll_7sec_ssh_en_0	negative__speaker_negative_unregistered_speaker_0002_speaker_0002_00008	0	unregistered_impostor	0.242062630358
T000645	enroll__speaker_enroll_7sec_ssh_en_0	negative__speaker_negative_unregistered_speaker_0002_speaker_0002_00009	0	unregistered_impostor	0.192178751726
T000646	enroll__speaker_enroll_7sec_ssh_en_0	negative__speaker_negative_unregistered_speaker_0002_speaker_0002_00010	0	unregistered_impostor	0.161895043383
T000647	enroll__speaker_enroll_7sec_ssh_en_0	negative__speaker_negative_unregistered_speaker_0002_speaker_0002_00011	0	unregistered_impostor	0.176114195129
T000648	enroll__speaker_enroll_7sec_ssh_en_0	negative__speaker_negative_unregistered_speaker_0002_speaker_0002_00012	0	unregistered_impostor	0.140213227647
T000649	enroll__speaker_enroll_7sec_ssh_en_0	negative__speaker_negative_unregistered_speaker_0002_speaker_0002_00013	0	unregistered_impostor	0.242444602966
T000650	enroll__speaker_enroll_7sec_ssh_en_0	negative__speaker_negative_unregistered_speaker_0002_speaker_0002_00014	0	unregistered_impostor	0.162443475583
T000651	enroll__speaker_enroll_7sec_ssh_en_1	positive__speaker_identify_3sec_positive_jonah_id_0	0	registered_impostor	0.251526576376
T000652	enroll__speaker_enroll_7sec_ssh_en_1	positive__speaker_identify_3sec_positive_jonah_id_1	0	registered_impostor	0.245354545271
T000653	enroll__speaker_enroll_7sec_ssh_en_1	positive__speaker_identify_3sec_positive_jonah_id_2	0	registered_impostor	0.264276691865
T000654	enroll__speaker_enroll_7sec_ssh_en_1	positive__speaker_identify_3sec_positive_jonah_id_3	0	registered_impostor	0.309290402614
T000655	enroll__speaker_enroll_7sec_ssh_en_1	positive__speaker_identify_3sec_positive_jonah_id_4	0	registered_impostor	0.285148880391
T000656	enroll__speaker_enroll_7sec_ssh_en_1	positive__speaker_identify_3sec_positive_kim_id_0	0	registered_impostor	0.253919765388
T000657	enroll__speaker_enroll_7sec_ssh_en_1	positive__speaker_identify_3sec_positive_kim_id_1	0	registered_impostor	0.256411325425
T000658	enroll__speaker_enroll_7sec_ssh_en_1	positive__speaker_identify_3sec_positive_kim_id_2	0	registered_impostor	0.260262440488
T000659	enroll__speaker_enroll_7sec_ssh_en_1	positive__speaker_identify_3sec_positive_kim_id_3	0	registered_impostor	0.262482724132
T000660	enroll__speaker_enroll_7sec_ssh_en_1	positive__speaker_identify_3sec_positive_kim_id_4	0	registered_impostor	0.262040015587
T000661	enroll__speaker_enroll_7sec_ssh_en_1	positive__speaker_identify_3sec_positive_kiuk_id_0	0	registered_impostor	0.25134988955
T000662	enroll__speaker_enroll_7sec_ssh_en_1	positive__speaker_identify_3sec_positive_kiuk_id_1	0	registered_impostor	0.252045463063
T000663	enroll__speaker_enroll_7sec_ssh_en_1	positive__speaker_identify_3sec_positive_kiuk_id_2	0	registered_impostor	0.286341151303
T000664	enroll__speaker_enroll_7sec_ssh_en_1	positive__speaker_identify_3sec_positive_kiuk_id_3	0	registered_impostor	0.268412243239
T000665	enroll__speaker_enroll_7sec_ssh_en_1	positive__speaker_identify_3sec_positive_kiuk_id_4	0	registered_impostor	0.281567714193
T000666	enroll__speaker_enroll_7sec_ssh_en_1	positive__speaker_identify_3sec_positive_ssh_id_0	1	target	0.306981652384
T000667	enroll__speaker_enroll_7sec_ssh_en_1	positive__speaker_identify_3sec_positive_ssh_id_1	1	target	0.245188574641
T000668	enroll__speaker_enroll_7sec_ssh_en_1	positive__speaker_identify_3sec_positive_ssh_id_2	1	target	0.246171347626
T000669	enroll__speaker_enroll_7sec_ssh_en_1	positive__speaker_identify_3sec_positive_ssh_id_3	1	target	0.26823099051
T000670	enroll__speaker_enroll_7sec_ssh_en_1	positive__speaker_identify_3sec_positive_ssh_id_4	1	target	0.291012319567
T000671	enroll__speaker_enroll_7sec_ssh_en_1	negative__speaker_negative_unregistered_speaker_0000_speaker_0000_00000	0	unregistered_impostor	0.287429286179
T000672	enroll__speaker_enroll_7sec_ssh_en_1	negative__speaker_negative_unregistered_speaker_0000_speaker_0000_00001	0	unregistered_impostor	0.243090458485
T000673	enroll__speaker_enroll_7sec_ssh_en_1	negative__speaker_negative_unregistered_speaker_0000_speaker_0000_00002	0	unregistered_impostor	0.227992180652
T000674	enroll__speaker_enroll_7sec_ssh_en_1	negative__speaker_negative_unregistered_speaker_0000_speaker_0000_00003	0	unregistered_impostor	0.249497948651
T000675	enroll__speaker_enroll_7sec_ssh_en_1	negative__speaker_negative_unregistered_speaker_0000_speaker_0000_00004	0	unregistered_impostor	0.271099823242
T000676	enroll__speaker_enroll_7sec_ssh_en_1	negative__speaker_negative_unregistered_speaker_0000_speaker_0000_00005	0	unregistered_impostor	0.297404006665
T000677	enroll__speaker_enroll_7sec_ssh_en_1	negative__speaker_negative_unregistered_speaker_0000_speaker_0000_00006	0	unregistered_impostor	0.246085423517
T000678	enroll__speaker_enroll_7sec_ssh_en_1	negative__speaker_negative_unregistered_speaker_0000_speaker_0000_00007	0	unregistered_impostor	0.180908976888
T000679	enroll__speaker_enroll_7sec_ssh_en_1	negative__speaker_negative_unregistered_speaker_0000_speaker_0000_00008	0	unregistered_impostor	0.225914158003
T000680	enroll__speaker_enroll_7sec_ssh_en_1	negative__speaker_negative_unregistered_speaker_0000_speaker_0000_00009	0	unregistered_impostor	0.202350287125
T000681	enroll__speaker_enroll_7sec_ssh_en_1	negative__speaker_negative_unregistered_speaker_0000_speaker_0000_00010	0	unregistered_impostor	0.280612039169
T000682	enroll__speaker_enroll_7sec_ssh_en_1	negative__speaker_negative_unregistered_speaker_0000_speaker_0000_00011	0	unregistered_impostor	0.231468464363
T000683	enroll__speaker_enroll_7sec_ssh_en_1	negative__speaker_negative_unregistered_speaker_0000_speaker_0000_00012	0	unregistered_impostor	0.181267121552
T000684	enroll__speaker_enroll_7sec_ssh_en_1	negative__speaker_negative_unregistered_speaker_0000_speaker_0000_00013	0	unregistered_impostor	0.233069761158
T000685	enroll__speaker_enroll_7sec_ssh_en_1	negative__speaker_negative_unregistered_speaker_0000_speaker_0000_00014	0	unregistered_impostor	0.223505191492
T000686	enroll__speaker_enroll_7sec_ssh_en_1	negative__speaker_negative_unregistered_speaker_0001_speaker_0001_00000	0	unregistered_impostor	0.0626607978299
T000687	enroll__speaker_enroll_7sec_ssh_en_1	negative__speaker_negative_unregistered_speaker_0001_speaker_0001_00001	0	unregistered_impostor	0.16863805231
T000688	enroll__speaker_enroll_7sec_ssh_en_1	negative__speaker_negative_unregistered_speaker_0001_speaker_0001_00002	0	unregistered_impostor	0.138945484227
T000689	enroll__speaker_enroll_7sec_ssh_en_1	negative__speaker_negative_unregistered_speaker_0001_speaker_0001_00003	0	unregistered_impostor	0.145248699925
T000690	enroll__speaker_enroll_7sec_ssh_en_1	negative__speaker_negative_unregistered_speaker_0001_speaker_0001_00004	0	unregistered_impostor	0.132657415216
T000691	enroll__speaker_enroll_7sec_ssh_en_1	negative__speaker_negative_unregistered_speaker_0001_speaker_0001_00005	0	unregistered_impostor	0.146837140364
T000692	enroll__speaker_enroll_7sec_ssh_en_1	negative__speaker_negative_unregistered_speaker_0001_speaker_0001_00006	0	unregistered_impostor	0.107999323059
T000693	enroll__speaker_enroll_7sec_ssh_en_1	negative__speaker_negative_unregistered_speaker_0001_speaker_0001_00007	0	unregistered_impostor	0.132586876683
T000694	enroll__speaker_enroll_7sec_ssh_en_1	negative__speaker_negative_unregistered_speaker_0001_speaker_0001_00008	0	unregistered_impostor	0.164485656528
T000695	enroll__speaker_enroll_7sec_ssh_en_1	negative__speaker_negative_unregistered_speaker_0001_speaker_0001_00009	0	unregistered_impostor	0.122428658135
T000696	enroll__speaker_enroll_7sec_ssh_en_1	negative__speaker_negative_unregistered_speaker_0001_speaker_0001_00010	0	unregistered_impostor	0.130176235397
T000697	enroll__speaker_enroll_7sec_ssh_en_1	negative__speaker_negative_unregistered_speaker_0001_speaker_0001_00011	0	unregistered_impostor	0.105474936448
T000698	enroll__speaker_enroll_7sec_ssh_en_1	negative__speaker_negative_unregistered_speaker_0001_speaker_0001_00012	0	unregistered_impostor	0.20207661766
T000699	enroll__speaker_enroll_7sec_ssh_en_1	negative__speaker_negative_unregistered_speaker_0001_speaker_0001_00013	0	unregistered_impostor	0.204822243891
T000700	enroll__speaker_enroll_7sec_ssh_en_1	negative__speaker_negative_unregistered_speaker_0001_speaker_0001_00014	0	unregistered_impostor	0.143393950776
T000701	enroll__speaker_enroll_7sec_ssh_en_1	negative__speaker_negative_unregistered_speaker_0002_speaker_0002_00000	0	unregistered_impostor	0.193353453389
T000702	enroll__speaker_enroll_7sec_ssh_en_1	negative__speaker_negative_unregistered_speaker_0002_speaker_0002_00001	0	unregistered_impostor	0.132209677255
T000703	enroll__speaker_enroll_7sec_ssh_en_1	negative__speaker_negative_unregistered_speaker_0002_speaker_0002_00002	0	unregistered_impostor	0.0510044599583
T000704	enroll__speaker_enroll_7sec_ssh_en_1	negative__speaker_negative_unregistered_speaker_0002_speaker_0002_00003	0	unregistered_impostor	0.137727348122
T000705	enroll__speaker_enroll_7sec_ssh_en_1	negative__speaker_negative_unregistered_speaker_0002_speaker_0002_00004	0	unregistered_impostor	0.0703807240796
T000706	enroll__speaker_enroll_7sec_ssh_en_1	negative__speaker_negative_unregistered_speaker_0002_speaker_0002_00005	0	unregistered_impostor	0.132427398027
T000707	enroll__speaker_enroll_7sec_ssh_en_1	negative__speaker_negative_unregistered_speaker_0002_speaker_0002_00006	0	unregistered_impostor	0.11413024817
T000708	enroll__speaker_enroll_7sec_ssh_en_1	negative__speaker_negative_unregistered_speaker_0002_speaker_0002_00007	0	unregistered_impostor	0.160911271853
T000709	enroll__speaker_enroll_7sec_ssh_en_1	negative__speaker_negative_unregistered_speaker_0002_speaker_0002_00008	0	unregistered_impostor	0.142594231194
T000710	enroll__speaker_enroll_7sec_ssh_en_1	negative__speaker_negative_unregistered_speaker_0002_speaker_0002_00009	0	unregistered_impostor	0.158906649694
T000711	enroll__speaker_enroll_7sec_ssh_en_1	negative__speaker_negative_unregistered_speaker_0002_speaker_0002_00010	0	unregistered_impostor	0.133107939323
T000712	enroll__speaker_enroll_7sec_ssh_en_1	negative__speaker_negative_unregistered_speaker_0002_speaker_0002_00011	0	unregistered_impostor	0.103624504685
T000713	enroll__speaker_enroll_7sec_ssh_en_1	negative__speaker_negative_unregistered_speaker_0002_speaker_0002_00012	0	unregistered_impostor	0.0735463131888
T000714	enroll__speaker_enroll_7sec_ssh_en_1	negative__speaker_negative_unregistered_speaker_0002_speaker_0002_00013	0	unregistered_impostor	0.159037836655
T000715	enroll__speaker_enroll_7sec_ssh_en_1	negative__speaker_negative_unregistered_speaker_0002_speaker_0002_00014	0	unregistered_impostor	0.104313510554
T000716	enroll__speaker_enroll_7sec_ssh_en_2	positive__speaker_identify_3sec_positive_jonah_id_0	0	registered_impostor	0.309891634222
T000717	enroll__speaker_enroll_7sec_ssh_en_2	positive__speaker_identify_3sec_positive_jonah_id_1	0	registered_impostor	0.303022406372
T000718	enroll__speaker_enroll_7sec_ssh_en_2	positive__speaker_identify_3sec_positive_jonah_id_2	0	registered_impostor	0.317319727021
T000719	enroll__speaker_enroll_7sec_ssh_en_2	positive__speaker_identify_3sec_positive_jonah_id_3	0	registered_impostor	0.350645049142
T000720	enroll__speaker_enroll_7sec_ssh_en_2	positive__speaker_identify_3sec_positive_jonah_id_4	0	registered_impostor	0.32564887138
T000721	enroll__speaker_enroll_7sec_ssh_en_2	positive__speaker_identify_3sec_positive_kim_id_0	0	registered_impostor	0.3041821621
T000722	enroll__speaker_enroll_7sec_ssh_en_2	positive__speaker_identify_3sec_positive_kim_id_1	0	registered_impostor	0.320523058074
T000723	enroll__speaker_enroll_7sec_ssh_en_2	positive__speaker_identify_3sec_positive_kim_id_2	0	registered_impostor	0.318262468736
T000724	enroll__speaker_enroll_7sec_ssh_en_2	positive__speaker_identify_3sec_positive_kim_id_3	0	registered_impostor	0.321871083115
T000725	enroll__speaker_enroll_7sec_ssh_en_2	positive__speaker_identify_3sec_positive_kim_id_4	0	registered_impostor	0.317764103874
T000726	enroll__speaker_enroll_7sec_ssh_en_2	positive__speaker_identify_3sec_positive_kiuk_id_0	0	registered_impostor	0.324146409835
T000727	enroll__speaker_enroll_7sec_ssh_en_2	positive__speaker_identify_3sec_positive_kiuk_id_1	0	registered_impostor	0.304501429044
T000728	enroll__speaker_enroll_7sec_ssh_en_2	positive__speaker_identify_3sec_positive_kiuk_id_2	0	registered_impostor	0.327325994879
T000729	enroll__speaker_enroll_7sec_ssh_en_2	positive__speaker_identify_3sec_positive_kiuk_id_3	0	registered_impostor	0.304047345648
T000730	enroll__speaker_enroll_7sec_ssh_en_2	positive__speaker_identify_3sec_positive_kiuk_id_4	0	registered_impostor	0.329657038847
T000731	enroll__speaker_enroll_7sec_ssh_en_2	positive__speaker_identify_3sec_positive_ssh_id_0	1	target	0.34830230795
T000732	enroll__speaker_enroll_7sec_ssh_en_2	positive__speaker_identify_3sec_positive_ssh_id_1	1	target	0.297125369585
T000733	enroll__speaker_enroll_7sec_ssh_en_2	positive__speaker_identify_3sec_positive_ssh_id_2	1	target	0.311683754213
T000734	enroll__speaker_enroll_7sec_ssh_en_2	positive__speaker_identify_3sec_positive_ssh_id_3	1	target	0.313463484883
T000735	enroll__speaker_enroll_7sec_ssh_en_2	positive__speaker_identify_3sec_positive_ssh_id_4	1	target	0.348536400566
T000736	enroll__speaker_enroll_7sec_ssh_en_2	negative__speaker_negative_unregistered_speaker_0000_speaker_0000_00000	0	unregistered_impostor	0.262773681359
T000737	enroll__speaker_enroll_7sec_ssh_en_2	negative__speaker_negative_unregistered_speaker_0000_speaker_0000_00001	0	unregistered_impostor	0.284250403174
T000738	enroll__speaker_enroll_7sec_ssh_en_2	negative__speaker_negative_unregistered_speaker_0000_speaker_0000_00002	0	unregistered_impostor	0.233754810375
T000739	enroll__speaker_enroll_7sec_ssh_en_2	negative__speaker_negative_unregistered_speaker_0000_speaker_0000_00003	0	unregistered_impostor	0.268784071324
T000740	enroll__speaker_enroll_7sec_ssh_en_2	negative__speaker_negative_unregistered_speaker_0000_speaker_0000_00004	0	unregistered_impostor	0.286727701369
T000741	enroll__speaker_enroll_7sec_ssh_en_2	negative__speaker_negative_unregistered_speaker_0000_speaker_0000_00005	0	unregistered_impostor	0.301599461793
T000742	enroll__speaker_enroll_7sec_ssh_en_2	negative__speaker_negative_unregistered_speaker_0000_speaker_0000_00006	0	unregistered_impostor	0.276924319377
T000743	enroll__speaker_enroll_7sec_ssh_en_2	negative__speaker_negative_unregistered_speaker_0000_speaker_0000_00007	0	unregistered_impostor	0.190146221757
T000744	enroll__speaker_enroll_7sec_ssh_en_2	negative__speaker_negative_unregistered_speaker_0000_speaker_0000_00008	0	unregistered_impostor	0.228317362314
T000745	enroll__speaker_enroll_7sec_ssh_en_2	negative__speaker_negative_unregistered_speaker_0000_speaker_0000_00009	0	unregistered_impostor	0.236231777134
T000746	enroll__speaker_enroll_7sec_ssh_en_2	negative__speaker_negative_unregistered_speaker_0000_speaker_0000_00010	0	unregistered_impostor	0.273097308376
T000747	enroll__speaker_enroll_7sec_ssh_en_2	negative__speaker_negative_unregistered_speaker_0000_speaker_0000_00011	0	unregistered_impostor	0.226711119974
T000748	enroll__speaker_enroll_7sec_ssh_en_2	negative__speaker_negative_unregistered_speaker_0000_speaker_0000_00012	0	unregistered_impostor	0.198371010042
T000749	enroll__speaker_enroll_7sec_ssh_en_2	negative__speaker_negative_unregistered_speaker_0000_speaker_0000_00013	0	unregistered_impostor	0.236976355292
T000750	enroll__speaker_enroll_7sec_ssh_en_2	negative__speaker_negative_unregistered_speaker_0000_speaker_0000_00014	0	unregistered_impostor	0.20574151341
T000751	enroll__speaker_enroll_7sec_ssh_en_2	negative__speaker_negative_unregistered_speaker_0001_speaker_0001_00000	0	unregistered_impostor	-0.00691068897515
T000752	enroll__speaker_enroll_7sec_ssh_en_2	negative__speaker_negative_unregistered_speaker_0001_speaker_0001_00001	0	unregistered_impostor	0.20209914171
T000753	enroll__speaker_enroll_7sec_ssh_en_2	negative__speaker_negative_unregistered_speaker_0001_speaker_0001_00002	0	unregistered_impostor	0.159038096021
T000754	enroll__speaker_enroll_7sec_ssh_en_2	negative__speaker_negative_unregistered_speaker_0001_speaker_0001_00003	0	unregistered_impostor	0.14747943546
T000755	enroll__speaker_enroll_7sec_ssh_en_2	negative__speaker_negative_unregistered_speaker_0001_speaker_0001_00004	0	unregistered_impostor	0.156679882911
T000756	enroll__speaker_enroll_7sec_ssh_en_2	negative__speaker_negative_unregistered_speaker_0001_speaker_0001_00005	0	unregistered_impostor	0.179788584302
T000757	enroll__speaker_enroll_7sec_ssh_en_2	negative__speaker_negative_unregistered_speaker_0001_speaker_0001_00006	0	unregistered_impostor	0.156780285575
T000758	enroll__speaker_enroll_7sec_ssh_en_2	negative__speaker_negative_unregistered_speaker_0001_speaker_0001_00007	0	unregistered_impostor	0.165680310311
T000759	enroll__speaker_enroll_7sec_ssh_en_2	negative__speaker_negative_unregistered_speaker_0001_speaker_0001_00008	0	unregistered_impostor	0.188692954334
T000760	enroll__speaker_enroll_7sec_ssh_en_2	negative__speaker_negative_unregistered_speaker_0001_speaker_0001_00009	0	unregistered_impostor	0.162828691116
T000761	enroll__speaker_enroll_7sec_ssh_en_2	negative__speaker_negative_unregistered_speaker_0001_speaker_0001_00010	0	unregistered_impostor	0.173139885157
T000762	enroll__speaker_enroll_7sec_ssh_en_2	negative__speaker_negative_unregistered_speaker_0001_speaker_0001_00011	0	unregistered_impostor	0.114048298186
T000763	enroll__speaker_enroll_7sec_ssh_en_2	negative__speaker_negative_unregistered_speaker_0001_speaker_0001_00012	0	unregistered_impostor	0.204484884837
T000764	enroll__speaker_enroll_7sec_ssh_en_2	negative__speaker_negative_unregistered_speaker_0001_speaker_0001_00013	0	unregistered_impostor	0.236476143496
T000765	enroll__speaker_enroll_7sec_ssh_en_2	negative__speaker_negative_unregistered_speaker_0001_speaker_0001_00014	0	unregistered_impostor	0.173342815071
T000766	enroll__speaker_enroll_7sec_ssh_en_2	negative__speaker_negative_unregistered_speaker_0002_speaker_0002_00000	0	unregistered_impostor	0.236145971642
T000767	enroll__speaker_enroll_7sec_ssh_en_2	negative__speaker_negative_unregistered_speaker_0002_speaker_0002_00001	0	unregistered_impostor	0.132364869332
T000768	enroll__speaker_enroll_7sec_ssh_en_2	negative__speaker_negative_unregistered_speaker_0002_speaker_0002_00002	0	unregistered_impostor	0.0822391978893
T000769	enroll__speaker_enroll_7sec_ssh_en_2	negative__speaker_negative_unregistered_speaker_0002_speaker_0002_00003	0	unregistered_impostor	0.127175021474
T000770	enroll__speaker_enroll_7sec_ssh_en_2	negative__speaker_negative_unregistered_speaker_0002_speaker_0002_00004	0	unregistered_impostor	0.111595443923
T000771	enroll__speaker_enroll_7sec_ssh_en_2	negative__speaker_negative_unregistered_speaker_0002_speaker_0002_00005	0	unregistered_impostor	0.131578100851
T000772	enroll__speaker_enroll_7sec_ssh_en_2	negative__speaker_negative_unregistered_speaker_0002_speaker_0002_00006	0	unregistered_impostor	0.123260100446
T000773	enroll__speaker_enroll_7sec_ssh_en_2	negative__speaker_negative_unregistered_speaker_0002_speaker_0002_00007	0	unregistered_impostor	0.17292369547
T000774	enroll__speaker_enroll_7sec_ssh_en_2	negative__speaker_negative_unregistered_speaker_0002_speaker_0002_00008	0	unregistered_impostor	0.177768864484
T000775	enroll__speaker_enroll_7sec_ssh_en_2	negative__speaker_negative_unregistered_speaker_0002_speaker_0002_00009	0	unregistered_impostor	0.187862985553
T000776	enroll__speaker_enroll_7sec_ssh_en_2	negative__speaker_negative_unregistered_speaker_0002_speaker_0002_00010	0	unregistered_impostor	0.162655113759
T000777	enroll__speaker_enroll_7sec_ssh_en_2	negative__speaker_negative_unregistered_speaker_0002_speaker_0002_00011	0	unregistered_impostor	0.129330437451
T000778	enroll__speaker_enroll_7sec_ssh_en_2	negative__speaker_negative_unregistered_speaker_0002_speaker_0002_00012	0	unregistered_impostor	0.0975324303428
T000779	enroll__speaker_enroll_7sec_ssh_en_2	negative__speaker_negative_unregistered_speaker_0002_speaker_0002_00013	0	unregistered_impostor	0.181005353604
T000780	enroll__speaker_enroll_7sec_ssh_en_2	negative__speaker_negative_unregistered_speaker_0002_speaker_0002_00014	0	unregistered_impostor	0.126604297497
