rank,operator_id,operator_type,kernel_id,kernel_name,fusion_family,fusion_pattern,input_shapes,output_shapes,weight_shapes,call_count,total_exclusive_ms,mean_ms,p50_ms,p95_ms,end_to_end_share_pct,cumulative_end_to_end_share_pct,operator_exclusive_share_pct,cumulative_operator_exclusive_share_pct,in_top_bottleneck_set
1,0,QLINEAR_CONV,3,fused_quant_qlinear_conv_o4i4_combined_hybrid,FUSION_CONV_BIAS_ACT,QuantizeLinear-QLinearConvInputPack,"[[1,1,80,98],[],[],[32,1,3,3],[32],[32],[],[],[32]]","[[1,32,80,98]]","[[],[],[32,1,3,3],[32],[32],[],[],[32]]",60,4771.502033,79.52503388333334,79.467005,80.45344075,23.00130036642898,23.00130036642898,23.235584979006436,23.235584979006436,True
2,10,QLINEAR_CONV,3,fused_quant_qlinear_conv_o4i4_combined_hybrid,FUSION_CONV_BIAS_ACT,QuantizeLinear-QLinearConvInputPack,"[[1,32,40,98],[],[],[32,32,3,3],[32],[32],[],[],[32]]","[[1,32,40,98]]","[[],[],[32,32,3,3],[32],[32],[],[],[32]]",60,1009.861094,16.83101823333333,16.845781,17.0609242,4.8680935669349985,27.869393933363977,4.917678564180841,28.15326354318728,True
3,2,QLINEAR_CONV,1,qlinear_conv_o4i4_v4,,,"[[1,32,80,98],[],[],[32,32,3,3],[32],[32],[],[],[32]]","[[1,32,40,98]]","[[],[],[32,32,3,3],[32],[32],[],[],[32]]",60,953.933281,15.898888016666666,15.859401,16.273127300000002,4.598490323186266,32.46788425655024,4.645329219537593,32.79859276272487,True
4,6,QLINEAR_CONV,1,qlinear_conv_o4i4_v4,,,"[[1,32,40,98],[],[],[32,32,3,3],[32],[32],[],[],[32]]","[[1,32,40,98]]","[[],[],[32,32,3,3],[32],[32],[],[],[32]]",60,941.075677,15.684594616666667,15.627578,16.09458865,4.536509502566003,37.00439375911625,4.582717080152088,37.38130984287696,True
5,12,QLINEAR_CONV,1,qlinear_conv_o4i4_v4,,,"[[1,32,40,98],[],[],[32,32,3,3],[32],[32],[],[],[32]]","[[1,32,40,98]]","[[],[],[32,32,3,3],[32],[32],[],[],[32]]",60,939.621038,15.660350633333334,15.6027605,15.968481899999999,4.529497331486053,41.5338910906023,4.575633485119639,41.9569433279966,True
6,25,QLINEAR_CONV,3,fused_quant_qlinear_conv_o4i4_combined_hybrid,FUSION_CONV_BIAS_ACT,QuantizeLinear-QLinearConvInputPack,"[[1,32,20,98],[],[],[32,32,3,3],[32],[32],[],[],[32]]","[[1,32,20,98]]","[[],[],[32,32,3,3],[32],[32],[],[],[32]]",60,521.062503,8.68437505,8.6723955,8.740893100000001,2.5118118064912287,44.045702897093534,2.5373963972133335,44.49433972520993,True
7,825,QLINEAR_CONV,1,qlinear_conv_o4i4_v4,,,"[[1,1024,49],[],[],[512,1024,1],[512],[512],[],[],[512]]","[[1,512,49]]","[[],[],[512,1024,1],[512],[512],[],[],[512]]",60,513.82792,8.563798666666665,8.5416405,8.806960949999999,2.476937082461354,46.52263997955489,2.502166449301421,46.99650617451135,True
8,582,QLINEAR_CONV,1,qlinear_conv_o4i4_v4,,,"[[1,1024,49],[],[],[512,1024,1],[512],[512],[],[]]","[[1,512,49]]","[[],[],[512,1024,1],[512],[512],[],[]]",60,508.505312,8.475088533333333,8.449374500000001,8.648547200000001,2.451279144039858,48.97391912359475,2.476247166518221,49.47275334102957,True
9,27,QLINEAR_CONV,1,qlinear_conv_o4i4_v4,,,"[[1,32,20,98],[],[],[32,32,3,3],[32],[32],[],[],[32]]","[[1,32,20,98]]","[[],[],[32,32,3,3],[32],[32],[],[],[32]]",60,490.673285,8.177888083333334,8.1264585,8.35298225,2.365318830844436,51.339237954439184,2.3894112863612276,51.862164627390804,True
10,21,QLINEAR_CONV,1,qlinear_conv_o4i4_v4,,,"[[1,32,20,98],[],[],[32,32,3,3],[32],[32],[],[],[32]]","[[1,32,20,98]]","[[],[],[32,32,3,3],[32],[32],[],[],[32]]",60,487.962917,8.132715283333333,8.108385,8.30377095,2.3522533457958295,53.691491300235015,2.37621272004965,54.238377347440455,True
11,17,QLINEAR_CONV,1,qlinear_conv_o4i4_v4,,,"[[1,32,40,98],[],[],[32,32,3,3],[32],[32],[],[],[32]]","[[1,32,20,98]]","[[],[],[32,32,3,3],[32],[32],[],[],[32]]",60,479.756144,7.995935733333334,7.928933,8.243913299999999,2.312692123877327,56.00418342411234,2.3362485389330754,56.57462588637353,True
12,3,QLINEAR_CONV,1,qlinear_conv_o4i4_v4,,,"[[1,32,80,98],[],[],[32,32,1,1],[32],[32],[],[],[32]]","[[1,32,40,98]]","[[],[],[32,32,1,1],[32],[32],[],[],[32]]",60,338.199116,5.636651933333334,5.6114584999999995,5.829400250000001,1.6303083173760762,57.63449174148842,1.6469141677598977,58.22154005413343,True
13,31,QLINEAR_CONV,3,fused_quant_qlinear_conv_o4i4_combined_hybrid,FUSION_CONV_BIAS_ACT,QuantizeLinear-QLinearConvInputPack,"[[1,32,20,98],[],[],[32,32,3,3],[32],[32],[],[],[32]]","[[1,32,10,98]]","[[],[],[32,32,3,3],[32],[32],[],[],[32]]",60,278.903959,4.648399316666667,4.64164,4.715250650000001,1.3444725979319714,58.978964339420386,1.3581670081048516,59.57970706223828,True
14,35,QLINEAR_CONV,3,fused_quant_qlinear_conv_o4i4_combined_hybrid,FUSION_CONV_BIAS_ACT,QuantizeLinear-QLinearConvInputPack,"[[1,320,98],[],[],[128,320,5],[128],[128],[],[],[128]]","[[1,128,49]]","[[],[],[128,320,5],[128],[128],[],[],[128]]",60,270.934477,4.515574616666667,4.510937500000001,4.576908850000001,1.306055250945828,60.28501959036621,1.3193583531008346,60.89906541533911,True
15,18,QLINEAR_CONV,1,qlinear_conv_o4i4_v4,,,"[[1,32,40,98],[],[],[32,32,1,1],[32],[32],[],[],[32]]","[[1,32,20,98]]","[[],[],[32,32,1,1],[32],[32],[],[],[32]]",60,167.547443,2.7924573833333333,2.780234,2.8517054,0.807672098935924,61.092691689302136,0.8158988140248241,61.714964229363936,True
16,219,QLINEAR_CONV,1,qlinear_conv_o4i4_v4,,,"[[1,512,49],[],[],[256,512,1],[256],[256],[],[]]","[[1,256,49]]","[[],[],[256,512,1],[256],[256],[],[]]",60,132.712188,2.2118698,2.211094,2.23484155,0.639746745859553,61.73243843516169,0.6462630217271623,62.3612272510911,True
17,810,QLINEAR_CONV,1,qlinear_conv_o4i4_v4,,,"[[1,992,49],[],[],[128,992,1],[128],[128],[],[],[128]]","[[1,128,49]]","[[],[],[128,992,1],[128],[128],[],[],[128]]",60,124.710623,2.078510383333333,2.0821354999999997,2.1174346,0.601174740924078,62.33361317608577,0.6072981334725409,62.96852538456364,True
18,567,QLINEAR_CONV,1,qlinear_conv_o4i4_v4,,,"[[1,992,49],[],[],[128,992,1],[128],[128],[],[],[128]]","[[1,128,49]]","[[],[],[128,992,1],[128],[128],[],[],[128]]",60,124.474109,2.074568483333333,2.0755475,2.10375195,0.6000346115649702,62.93364778765074,0.6061463910845639,63.574671775648206,True
19,552,QLINEAR_CONV,1,qlinear_conv_o4i4_v4,,,"[[1,960,49],[],[],[128,960,1],[128],[128],[],[],[128]]","[[1,128,49]]","[[],[],[128,960,1],[128],[128],[],[],[128]]",60,120.452346,2.0075391000000002,2.017318,2.0411857,0.5806474713886034,63.51429525903934,0.5865617790890892,64.1612335547373,True
20,795,QLINEAR_CONV,1,qlinear_conv_o4i4_v4,,,"[[1,960,49],[],[],[128,960,1],[128],[128],[],[],[128]]","[[1,128,49]]","[[],[],[128,960,1],[128],[128],[],[],[128]]",60,120.161875,2.0026979166666665,1.9937755,2.05077075,0.579247239203323,64.09354249824267,0.5851472845425588,64.74638083927985,True
21,537,QLINEAR_CONV,1,qlinear_conv_o4i4_v4,,,"[[1,928,49],[],[],[128,928,1],[128],[128],[],[],[128]]","[[1,128,49]]","[[],[],[128,928,1],[128],[128],[],[],[128]]",60,117.285785,1.9547630833333334,1.9572655,1.98801565,0.565382881708899,64.65892537995157,0.5711417087008036,65.31752254798066,True
22,780,QLINEAR_CONV,1,qlinear_conv_o4i4_v4,,,"[[1,928,49],[],[],[128,928,1],[128],[128],[],[],[128]]","[[1,128,49]]","[[],[],[128,928,1],[128],[128],[],[],[128]]",60,116.611304,1.9435217333333334,1.928073,1.9892338,0.5621315072014266,65.221056887153,0.5678572166302067,65.88537976461086,True
23,765,QLINEAR_CONV,1,qlinear_conv_o4i4_v4,,,"[[1,896,49],[],[],[128,896,1],[128],[128],[],[],[128]]","[[1,128,49]]","[[],[],[128,896,1],[128],[128],[],[],[128]]",60,112.650937,1.8775156166666667,1.861198,1.9304303,0.543040329979184,65.76409721713217,0.5485715821821595,66.43395134679302,True
24,522,QLINEAR_CONV,1,qlinear_conv_o4i4_v4,,,"[[1,896,49],[],[],[128,896,1],[128],[128],[],[],[128]]","[[1,128,49]]","[[],[],[128,896,1],[128],[128],[],[],[128]]",60,112.288434,1.8714739,1.8469535000000001,1.91573205,0.5412928633891952,66.30539008052138,0.5468063164014072,66.98075766319442,True
25,750,QLINEAR_CONV,1,qlinear_conv_o4i4_v4,,,"[[1,864,49],[],[],[128,864,1],[128],[128],[],[],[128]]","[[1,128,49]]","[[],[],[128,864,1],[128],[128],[],[],[128]]",60,109.444372,1.8240728666666668,1.8313535,1.8655574499999998,0.5275828987134352,66.83297297923481,0.5329567059790442,67.51371436917347,True
26,507,QLINEAR_CONV,1,qlinear_conv_o4i4_v4,,,"[[1,864,49],[],[],[128,864,1],[128],[128],[],[],[128]]","[[1,128,49]]","[[],[],[128,864,1],[128],[128],[],[],[128]]",60,109.033181,1.8172196833333334,1.801979,1.8553313500000002,0.5256007288152437,67.35857370805006,0.530954346269874,68.04466871544335,True
27,735,QLINEAR_CONV,1,qlinear_conv_o4i4_v4,,,"[[1,832,49],[],[],[128,832,1],[128],[128],[],[],[128]]","[[1,128,49]]","[[],[],[128,832,1],[128],[128],[],[],[128]]",60,105.067548,1.7511258,1.7349995,1.79553675,0.5064841665367041,67.86505787458677,0.5116430682006665,68.55631178364402,True
28,492,QLINEAR_CONV,1,qlinear_conv_o4i4_v4,,,"[[1,832,49],[],[],[128,832,1],[128],[128],[],[],[128]]","[[1,128,49]]","[[],[],[128,832,1],[128],[128],[],[],[128]]",60,105.057031,1.7509505166666666,1.7461455,1.7825343,0.5064334687324737,68.37149134331924,0.511591854003222,69.06790363764725,True
29,477,QLINEAR_CONV,1,qlinear_conv_o4i4_v4,,,"[[1,800,49],[],[],[128,800,1],[128],[128],[],[],[128]]","[[1,128,49]]","[[],[],[128,800,1],[128],[128],[],[],[128]]",60,101.551822,1.6925303666666667,1.671146,1.7422688499999999,0.4895364068642178,68.86102775018345,0.4945226835354332,69.56242632118268,True
30,720,QLINEAR_CONV,1,qlinear_conv_o4i4_v4,,,"[[1,800,49],[],[],[128,800,1],[128],[128],[],[],[128]]","[[1,128,49]]","[[],[],[128,800,1],[128],[128],[],[],[128]]",60,101.364317,1.6894052833333333,1.6788020000000001,1.7385829,0.48863252821230074,69.34966027839576,0.49360959823622197,70.0560359194189,True
31,462,QLINEAR_CONV,1,qlinear_conv_o4i4_v4,,,"[[1,768,49],[],[],[128,768,1],[128],[128],[],[],[128]]","[[1,128,49]]","[[],[],[128,768,1],[128],[128],[],[],[128]]",60,97.18698,1.6197830000000002,1.6016925,1.6609945999999998,0.46849543460859416,69.81815571300436,0.47326739400406304,70.52930331342297,True
32,705,QLINEAR_CONV,1,qlinear_conv_o4i4_v4,,,"[[1,768,49],[],[],[128,768,1],[128],[128],[],[],[128]]","[[1,128,49]]","[[],[],[128,768,1],[128],[128],[],[],[128]]",60,96.873383,1.6145563833333334,1.596901,1.64953365,0.46698372220836376,70.28513943521273,0.47174028373726096,71.00104359716023,True
33,690,QLINEAR_CONV,1,qlinear_conv_o4i4_v4,,,"[[1,736,49],[],[],[128,736,1],[128],[128],[],[],[128]]","[[1,128,49]]","[[],[],[128,736,1],[128],[128],[],[],[128]]",60,94.312031,1.5718671833333333,1.5811199999999999,1.61311725,0.4546365773703865,70.7397760125831,0.45926737444254784,71.46031097160278,True
34,447,QLINEAR_CONV,1,qlinear_conv_o4i4_v4,,,"[[1,736,49],[],[],[128,736,1],[128],[128],[],[],[128]]","[[1,128,49]]","[[],[],[128,736,1],[128],[128],[],[],[128]]",60,93.808328,1.5634721333333335,1.5454945,1.6039218,0.45220844804793353,71.19198446063103,0.4568145128950234,71.9171254844978,True
35,675,QLINEAR_CONV,1,qlinear_conv_o4i4_v4,,,"[[1,704,49],[],[],[128,704,1],[128],[128],[],[],[128]]","[[1,128,49]]","[[],[],[128,704,1],[128],[128],[],[],[128]]",60,89.682443,1.4947073833333335,1.4749474999999999,1.5302631000000002,0.43231938177362317,71.62430384240466,0.43672286232711344,72.35384834682492,True
36,432,QLINEAR_CONV,1,qlinear_conv_o4i4_v4,,,"[[1,704,49],[],[],[128,704,1],[128],[128],[],[],[128]]","[[1,128,49]]","[[],[],[128,704,1],[128],[128],[],[],[128]]",60,89.520677,1.4920112833333334,1.476302,1.5283041000000002,0.431539579453653,72.05584342185831,0.4359351171655861,72.7897834639905,True
37,417,QLINEAR_CONV,1,qlinear_conv_o4i4_v4,,,"[[1,672,49],[],[],[128,672,1],[128],[128],[],[],[128]]","[[1,128,49]]","[[],[],[128,672,1],[128],[128],[],[],[128]]",60,86.088546,1.4348090999999998,1.4220315000000001,1.46645025,0.4149947942933503,72.47083821615166,0.4192218115947106,73.20900527558521,True
38,660,QLINEAR_CONV,1,qlinear_conv_o4i4_v4,,,"[[1,672,49],[],[],[128,672,1],[128],[128],[],[],[128]]","[[1,128,49]]","[[],[],[128,672,1],[128],[128],[],[],[128]]",60,86.022346,1.4337057666666666,1.4204945,1.46668165,0.4146756733805378,72.8855138895322,0.4188994402083061,73.62790471579352,True
39,645,QLINEAR_CONV,1,qlinear_conv_o4i4_v4,,,"[[1,640,49],[],[],[128,640,1],[128],[128],[],[],[128]]","[[1,128,49]]","[[],[],[128,640,1],[128],[128],[],[],[128]]",60,82.276874,1.3712812333333335,1.352083,1.40219315,0.39662040988274916,73.28213429941495,0.40066027100318014,74.0285649867967,True
40,402,QLINEAR_CONV,1,qlinear_conv_o4i4_v4,,,"[[1,640,49],[],[],[128,640,1],[128],[128],[],[],[128]]","[[1,128,49]]","[[],[],[128,640,1],[128],[128],[],[],[128]]",60,82.149065,1.3691510833333331,1.3512505,1.40111535,0.3960042992370445,73.678138598652,0.400037884832108,74.4286028716288,True
41,16,QUANTIZE_LINEAR,1,quantize_linear_stride_optimized,,,"[[1,32,40,98],[],[]]","[[1,32,40,98]]","[[],[]]",60,78.958651,1.3159775166666667,1.279661,1.5262268499999998,0.3806247247970182,74.05876332344901,0.38450165848189033,74.81310453011069,True
42,387,QLINEAR_CONV,1,qlinear_conv_o4i4_v4,,,"[[1,608,49],[],[],[128,608,1],[128],[128],[],[],[128]]","[[1,128,49]]","[[],[],[128,608,1],[128],[128],[],[],[128]]",60,78.409789,1.3068298166666668,1.2944005,1.34002615,0.37797890391411654,74.43674222736313,0.3818288880304589,75.19493341814115,True
43,630,QLINEAR_CONV,1,qlinear_conv_o4i4_v4,,,"[[1,608,49],[],[],[128,608,1],[128],[128],[],[],[128]]","[[1,128,49]]","[[],[],[128,608,1],[128],[128],[],[],[128]]",60,78.352661,1.3058776833333332,1.2916925,1.3403692500000002,0.37770351509980915,74.81444574246294,0.3815506941851037,75.57648411232626,True
44,615,QLINEAR_CONV,1,qlinear_conv_o4i4_v4,,,"[[1,576,49],[],[],[128,576,1],[128],[128],[],[],[128]]","[[1,128,49]]","[[],[],[128,576,1],[128],[128],[],[],[128]]",60,74.31047099999999,1.23850785,1.224375,1.27950515,0.35821790539344195,75.17266364785638,0.361866609677392,75.93835072200365,True
45,372,QLINEAR_CONV,1,qlinear_conv_o4i4_v4,,,"[[1,576,49],[],[],[128,576,1],[128],[128],[],[],[128]]","[[1,128,49]]","[[],[],[128,576,1],[128],[128],[],[],[128]]",60,74.308958,1.2384826333333334,1.2240885000000001,1.280109,0.3582106118898002,75.53087425974618,0.36185924188422536,76.30020996388787,True
46,357,QLINEAR_CONV,1,qlinear_conv_o4i4_v4,,,"[[1,544,49],[],[],[128,544,1],[128],[128],[],[],[128]]","[[1,128,49]]","[[],[],[128,544,1],[128],[128],[],[],[128]]",60,70.897086,1.1816181000000001,1.166692,1.20872925,0.3417634864058218,75.87263774615201,0.34524459072297486,76.64545455461084,True
47,600,QLINEAR_CONV,1,qlinear_conv_o4i4_v4,,,"[[1,544,49],[],[],[128,544,1],[128],[128],[],[],[128]]","[[1,128,49]]","[[],[],[128,544,1],[128],[128],[],[],[128]]",60,70.489636,1.1748272666666668,1.1652345,1.2204213499999998,0.33979935021359453,76.2124370963656,0.3432604484058974,76.98871500301674,True
48,585,QLINEAR_CONV,1,qlinear_conv_o4i4_v4,,,"[[1,512,49],[],[],[128,512,1],[128],[128],[],[],[128]]","[[1,128,49]]","[[],[],[128,512,1],[128],[128],[],[],[128]]",60,67.658909,1.1276484833333333,1.1128905,1.16716635,0.3261536676733687,76.53859076403897,0.3294757748783638,77.3181907778951,True
49,342,QLINEAR_CONV,1,qlinear_conv_o4i4_v4,,,"[[1,512,49],[],[],[128,512,1],[128],[128],[],[],[128]]","[[1,128,49]]","[[],[],[128,512,1],[128],[128],[],[],[128]]",60,66.473387,1.1078897833333334,1.0964580000000002,1.13994035,0.32043879059180846,76.85902955463078,0.32370268770686733,77.64189346560197,True
50,204,QLINEAR_CONV,1,qlinear_conv_o4i4_v4,,,"[[1,480,49],[],[],[128,480,1],[128],[128],[],[],[128]]","[[1,128,49]]","[[],[],[128,480,1],[128],[128],[],[],[128]]",60,65.748436,1.0958072666666667,1.045234,1.2822189,0.31694412254249843,77.17597367717327,0.3201724239765751,77.96206588957854,True
51,327,QLINEAR_CONV,1,qlinear_conv_o4i4_v4,,,"[[1,480,49],[],[],[128,480,1],[128],[128],[],[],[128]]","[[1,128,49]]","[[],[],[128,480,1],[128],[128],[],[],[128]]",60,63.161559,1.05269265,1.040078,1.0787526,0.3044739329718998,77.48044761014518,0.3075752166510769,78.26964110622961,True
52,189,QLINEAR_CONV,1,qlinear_conv_o4i4_v4,,,"[[1,448,49],[],[],[128,448,1],[128],[128],[],[],[128]]","[[1,128,49]]","[[],[],[128,448,1],[128],[128],[],[],[128]]",60,59.268758,0.9878126333333334,0.975703,1.0307994,0.2857084615441451,77.76615607168932,0.28861860554281515,78.55825971177242,True
53,312,QLINEAR_CONV,1,qlinear_conv_o4i4_v4,,,"[[1,448,49],[],[],[128,448,1],[128],[128],[],[],[128]]","[[1,128,49]]","[[],[],[128,448,1],[128],[128],[],[],[128]]",60,59.164068,0.9860678,0.975781,1.0148096500000001,0.28520379736948737,78.05135986905881,0.28810880100440595,78.84636851277683,True
54,174,QLINEAR_CONV,1,qlinear_conv_o4i4_v4,,,"[[1,416,49],[],[],[128,416,1],[128],[128],[],[],[128]]","[[1,128,49]]","[[],[],[128,416,1],[128],[128],[],[],[128]]",60,55.712711,0.9285451833333334,0.9128385,0.96741655,0.26856633216885645,78.31992620122767,0.27130187138103784,79.11767038415788,True
55,297,QLINEAR_CONV,1,qlinear_conv_o4i4_v4,,,"[[1,416,49],[],[],[128,416,1],[128],[128],[],[],[128]]","[[1,128,49]]","[[],[],[128,416,1],[128],[128],[],[],[128]]",60,55.666044,0.9277674,0.9134635,0.9622709500000001,0.26834137120755397,78.58826757243523,0.27107461903225627,79.38874500319014,True
56,282,QLINEAR_CONV,1,qlinear_conv_o4i4_v4,,,"[[1,384,49],[],[],[128,384,1],[128],[128],[],[],[128]]","[[1,128,49]]","[[],[],[128,384,1],[128],[128],[],[],[128]]",60,51.499322,0.8583220333333333,0.850599,0.88739355,0.2482554478227221,78.83652302025796,0.25078410622406533,79.6395291094142,True
57,159,QLINEAR_CONV,1,qlinear_conv_o4i4_v4,,,"[[1,384,49],[],[],[128,384,1],[128],[128],[],[],[128]]","[[1,128,49]]","[[],[],[128,384,1],[128],[128],[],[],[128]]",60,51.392446,0.8565407666666667,0.848125,0.8904161,0.24774024590916094,79.08426326616711,0.250263656612383,79.88979276602659,True
58,1,DEQUANTIZE_LINEAR,4,fused_dequant_relu_quant_neon,FUSION_CONV_BIAS_ACT,DequantizeLinear-Relu-QuantizeLinear,"[[1,32,80,98],[],[],[],[]]","[[1,32,80,98]]","[[],[],[],[]]",60,49.177135,0.8196189166666666,0.8137765,0.8418754,0.23706121164203797,79.32132447780916,0.2394758487817607,80.12926861480835,True
59,144,QLINEAR_CONV,1,qlinear_conv_o4i4_v4,,,"[[1,352,49],[],[],[128,352,1],[128],[128],[],[],[128]]","[[1,128,49]]","[[],[],[128,352,1],[128],[128],[],[],[128]]",60,48.149426,0.8024904333333333,0.790338,0.84795865,0.2321070812162735,79.55343155902543,0.23447125701211705,80.36373987182047,True
60,267,QLINEAR_CONV,1,qlinear_conv_o4i4_v4,,,"[[1,352,49],[],[],[128,352,1],[128],[128],[],[],[128]]","[[1,128,49]]","[[],[],[128,352,1],[128],[128],[],[],[128]]",60,47.734588,0.7955764666666667,0.78862,0.8309771999999999,0.23010733074453169,79.78353888976996,0.23245113765874423,80.59619100947921,True
61,129,QLINEAR_CONV,1,qlinear_conv_o4i4_v4,,,"[[1,320,49],[],[],[128,320,1],[128],[128],[],[],[128]]","[[1,128,49]]","[[],[],[128,320,1],[128],[128],[],[],[128]]",60,44.342971,0.7390495166666666,0.726172,0.77285425,0.21375784565464723,79.9972967354246,0.21593512142848498,80.8121261309077,True
62,252,QLINEAR_CONV,1,qlinear_conv_o4i4_v4,,,"[[1,320,49],[],[],[128,320,1],[128],[128],[],[],[128]]","[[1,128,49]]","[[],[],[128,320,1],[128],[128],[],[],[128]]",60,44.006771,0.7334461833333333,0.727474,0.7677680499999999,0.212137174191089,80.20943390961568,0.2142979422727569,81.02642407318045,True
63,237,QLINEAR_CONV,1,qlinear_conv_o4i4_v4,,,"[[1,288,49],[],[],[128,288,1],[128],[128],[],[],[128]]","[[1,128,49]]","[[],[],[128,288,1],[128],[128],[],[],[128]]",60,40.608434,0.6768072333333334,0.664661,0.7153066499999999,0.19575529495416377,80.40518920456985,0.1977492019380167,81.22417327511847,False
64,114,QLINEAR_CONV,1,qlinear_conv_o4i4_v4,,,"[[1,288,49],[],[],[128,288,1],[128],[128],[],[],[128]]","[[1,128,49]]","[[],[],[128,288,1],[128],[128],[],[],[128]]",60,40.257232,0.6709538666666667,0.665989,0.7004317,0.19406230548555994,80.59925151005541,0.19603896816689825,81.42021224328538,False
65,222,QLINEAR_CONV,1,qlinear_conv_o4i4_v4,,,"[[1,256,49],[],[],[128,256,1],[128],[128],[],[],[128]]","[[1,128,49]]","[[],[],[128,256,1],[128],[128],[],[],[128]]",60,36.921303,0.61535505,0.6098175,0.64977035,0.17798126760704563,80.77723277766246,0.1797941334738912,81.60000637675927,False
66,99,QLINEAR_CONV,1,qlinear_conv_o4i4_v4,,,"[[1,256,49],[],[],[128,256,1],[128],[128],[],[],[128]]","[[1,128,49]]","[[],[],[128,256,1],[128],[128],[],[],[128]]",60,36.756977,0.6126162833333333,0.6073695,0.6430255500000001,0.17718912465963138,80.9544219023221,0.17899392198684724,81.77900029874611,False
67,14,ADD,1,add_stride_optimized,,,"[[1,32,40,98],[1,32,40,98]]","[[1,32,40,98]]",[],60,35.573074,0.5928845666666667,0.5896874999999999,0.6458227,0.17148205206081804,81.12590395438292,0.1732287187923083,81.95222901753841,False
68,8,ADD,1,add_stride_optimized,,,"[[1,32,40,98],[1,32,40,98]]","[[1,32,40,98]]",[],60,35.520262,0.5920043666666667,0.5885940000000001,0.6420787,0.17122746877309217,81.29713142315602,0.17297154239262863,82.12520055993105,False
69,84,QLINEAR_CONV,1,qlinear_conv_o4i4_v4,,,"[[1,224,49],[],[],[128,224,1],[128],[128],[],[],[128]]","[[1,128,49]]","[[],[],[128,224,1],[128],[128],[],[],[128]]",60,33.16146,0.5526909999999999,0.545078,0.58447665,0.1598567278760541,81.45698815103208,0.16148498240782846,82.28668554233887,False
70,828,CONCAT,5,fused_statistics_pooling_optimized,FUSION_STATS_POOLING,StatisticsPoolingMeanStd,"[[1,512,49],[],[]]","[[1,1024]]","[[],[]]",60,30.972766,0.5162127666666667,0.5148445,0.5852346,0.14930600239044664,81.60629415342252,0.15082679027496942,82.43751233261385,False
71,69,QLINEAR_CONV,1,qlinear_conv_o4i4_v4,,,"[[1,192,49],[],[],[128,192,1],[128],[128],[],[],[128]]","[[1,128,49]]","[[],[],[128,192,1],[128],[128],[],[],[128]]",60,29.407875,0.49013125,0.48466200000000004,0.52611745,0.1417623551944943,81.74805650861703,0.1432063056640636,82.58071863827792,False
72,829,QLINEAR_CONV,3,fused_quant_qlinear_conv_o4i4_combined_hybrid,FUSION_CONV_BIAS_ACT,QuantizeLinear-QLinearConvInputPack,"[[1,1024,1],[],[],[192,1024,1],[192],[192],[],[]]","[[1,192,1]]","[[],[],[192,1024,1],[192],[192],[],[]]",60,28.239738,0.4706623,0.46122399999999997,0.51869585,0.13613128350672932,81.88418779212375,0.13751787750393635,82.71823651578185,False
73,54,QLINEAR_CONV,1,qlinear_conv_o4i4_v4,,,"[[1,160,49],[],[],[128,160,1],[128],[128],[],[],[128]]","[[1,128,49]]","[[],[],[128,160,1],[128],[128],[],[],[128]]",60,25.594735,0.42657891666666664,0.421458,0.46299239999999997,0.12338089420534312,82.0075686863291,0.12463761641399478,82.84287413219585,False
74,588,QLINEAR_CONV,3,fused_quant_qlinear_conv_o4i4_combined_hybrid,FUSION_CONV_BIAS_ACT,QuantizeLinear-QLinearConvInputPack,"[[1,128,49],[],[],[32,128,3],[32],[32],[],[]]","[[1,32,49]]","[[],[],[32,128,3],[32],[32],[],[]]",60,25.283802,0.4213967,0.415261,0.46123965,0.12188202377054666,82.12945071009965,0.12312347891718332,82.96599761111302,False
75,4,DEQUANTIZE_LINEAR,4,fused_dequant_relu_quant_neon,FUSION_CONV_BIAS_ACT,DequantizeLinear-Relu-QuantizeLinear,"[[1,32,40,98],[],[],[],[]]","[[1,32,40,98]]","[[],[],[],[]]",60,24.832448,0.41387413333333334,0.41096350000000004,0.43560725,0.11970624581765289,82.2491569559173,0.1209255391174971,83.08692315023052,False
76,540,QLINEAR_CONV,3,fused_quant_qlinear_conv_o4i4_combined_hybrid,FUSION_CONV_BIAS_ACT,QuantizeLinear-QLinearConvInputPack,"[[1,128,49],[],[],[32,128,3],[32],[32],[],[]]","[[1,32,49]]","[[],[],[32,128,3],[32],[32],[],[]]",60,24.749844,0.4124974,0.403203,0.45903344999999995,0.11930804847804621,82.36846500439535,0.12052328585461854,83.20744643608514,False
77,783,QLINEAR_CONV,3,fused_quant_qlinear_conv_o4i4_combined_hybrid,FUSION_CONV_BIAS_ACT,QuantizeLinear-QLinearConvInputPack,"[[1,128,49],[],[],[32,128,3],[32],[32],[],[]]","[[1,32,49]]","[[],[],[32,128,3],[32],[32],[],[]]",60,24.695464,0.41159106666666667,0.40445299999999995,0.45283845,0.11904590655601081,82.48751091095136,0.12025847383055996,83.3277049099157,False
78,723,QLINEAR_CONV,3,fused_quant_qlinear_conv_o4i4_combined_hybrid,FUSION_CONV_BIAS_ACT,QuantizeLinear-QLinearConvInputPack,"[[1,128,49],[],[],[32,128,3],[32],[32],[],[]]","[[1,32,49]]","[[],[],[32,128,3],[32],[32],[],[]]",60,24.654066,0.4109011,0.400651,0.4454839,0.11884634511267832,82.60635725606403,0.12005687971191382,83.4477617896276,False
79,768,QLINEAR_CONV,3,fused_quant_qlinear_conv_o4i4_combined_hybrid,FUSION_CONV_BIAS_ACT,QuantizeLinear-QLinearConvInputPack,"[[1,128,49],[],[],[32,128,3],[32],[32],[],[]]","[[1,32,49]]","[[],[],[32,128,3],[32],[32],[],[]]",60,24.64089,0.4106815,0.4023955,0.46001595,0.11878282944580193,82.72514008550984,0.11999271709277083,83.56775450672038,False
80,570,QLINEAR_CONV,3,fused_quant_qlinear_conv_o4i4_combined_hybrid,FUSION_CONV_BIAS_ACT,QuantizeLinear-QLinearConvInputPack,"[[1,128,49],[],[],[32,128,3],[32],[32],[],[]]","[[1,32,49]]","[[],[],[32,128,3],[32],[32],[],[]]",60,24.62245,0.41037416666666665,0.40304700000000004,0.45425279999999996,0.11869393836374358,82.84383402387358,0.11990292059178442,83.68765742731216,False
81,510,QLINEAR_CONV,3,fused_quant_qlinear_conv_o4i4_combined_hybrid,FUSION_CONV_BIAS_ACT,QuantizeLinear-QLinearConvInputPack,"[[1,128,49],[],[],[32,128,3],[32],[32],[],[]]","[[1,32,49]]","[[],[],[32,128,3],[32],[32],[],[]]",60,24.603592,0.41005986666666666,0.401875,0.45492984999999997,0.11860303228861037,82.96243705616219,0.1198110885735848,83.80746851588574,False
82,225,QLINEAR_CONV,3,fused_quant_qlinear_conv_o4i4_combined_hybrid,FUSION_CONV_BIAS_ACT,QuantizeLinear-QLinearConvInputPack,"[[1,128,49],[],[],[32,128,3],[32],[32],[],[]]","[[1,32,49]]","[[],[],[32,128,3],[32],[32],[],[]]",60,24.599317,0.40998861666666664,0.40492150000000005,0.44311219999999996,0.11858242440489024,83.08101948056708,0.11979027078390383,83.92725878666965,False
83,753,QLINEAR_CONV,3,fused_quant_qlinear_conv_o4i4_combined_hybrid,FUSION_CONV_BIAS_ACT,QuantizeLinear-QLinearConvInputPack,"[[1,128,49],[],[],[32,128,3],[32],[32],[],[]]","[[1,32,49]]","[[],[],[32,128,3],[32],[32],[],[]]",60,24.560624999999998,0.40934374999999995,0.401042,0.44806955,0.11839590739041077,83.19941538795749,0.11960185396090135,84.04686064063056,False
84,11,DEQUANTIZE_LINEAR,4,fused_dequant_relu_quant_neon,FUSION_CONV_BIAS_ACT,DequantizeLinear-Relu-QuantizeLinear,"[[1,32,40,98],[],[],[],[]]","[[1,32,40,98]]","[[],[],[],[]]",60,24.463493,0.40772488333333334,0.405521,0.4286642,0.11792767699005877,83.31734306494755,0.1191288543007164,84.16598949493127,False
85,813,QLINEAR_CONV,3,fused_quant_qlinear_conv_o4i4_combined_hybrid,FUSION_CONV_BIAS_ACT,QuantizeLinear-QLinearConvInputPack,"[[1,128,49],[],[],[32,128,3],[32],[32],[],[]]","[[1,32,49]]","[[],[],[32,128,3],[32],[32],[],[]]",60,24.456985,0.40761641666666665,0.40336,0.45118505,0.1178963048012282,83.43523936974879,0.11909716256381729,84.28508665749509,False
86,798,QLINEAR_CONV,3,fused_quant_qlinear_conv_o4i4_combined_hybrid,FUSION_CONV_BIAS_ACT,QuantizeLinear-QLinearConvInputPack,"[[1,128,49],[],[],[32,128,3],[32],[32],[],[]]","[[1,32,49]]","[[],[],[32,128,3],[32],[32],[],[]]",60,24.443182,0.40738636666666667,0.4023695,0.45064085,0.11782976664473951,83.55306913639353,0.11902994666885443,84.40411660416395,False
87,618,QLINEAR_CONV,3,fused_quant_qlinear_conv_o4i4_combined_hybrid,FUSION_CONV_BIAS_ACT,QuantizeLinear-QLinearConvInputPack,"[[1,128,49],[],[],[32,128,3],[32],[32],[],[]]","[[1,32,49]]","[[],[],[32,128,3],[32],[32],[],[]]",60,24.436923,0.40728205,0.398282,0.445104,0.11779959477475019,83.67086873116828,0.11899946747689813,84.52311607164084,False
88,603,QLINEAR_CONV,3,fused_quant_qlinear_conv_o4i4_combined_hybrid,FUSION_CONV_BIAS_ACT,QuantizeLinear-QLinearConvInputPack,"[[1,128,49],[],[],[32,128,3],[32],[32],[],[]]","[[1,32,49]]","[[],[],[32,128,3],[32],[32],[],[]]",60,24.420362,0.40700603333333335,0.39789050000000004,0.4491219,0.11771976152041352,83.7885884926887,0.11891882106405458,84.6420348927049,False
89,663,QLINEAR_CONV,3,fused_quant_qlinear_conv_o4i4_combined_hybrid,FUSION_CONV_BIAS_ACT,QuantizeLinear-QLinearConvInputPack,"[[1,128,49],[],[],[32,128,3],[32],[32],[],[]]","[[1,32,49]]","[[],[],[32,128,3],[32],[32],[],[]]",60,24.416356,0.4069392666666667,0.3976305,0.4445158,0.11770045036668653,83.90628894305539,0.11889931321248454,84.76093420591738,False
90,450,QLINEAR_CONV,3,fused_quant_qlinear_conv_o4i4_combined_hybrid,FUSION_CONV_BIAS_ACT,QuantizeLinear-QLinearConvInputPack,"[[1,128,49],[],[],[32,128,3],[32],[32],[],[]]","[[1,32,49]]","[[],[],[32,128,3],[32],[32],[],[]]",60,24.407919,0.40679865,0.3984895,0.44993770000000005,0.11765977932225453,84.02394872237764,0.11885822790452237,84.8797924338219,False
91,480,QLINEAR_CONV,3,fused_quant_qlinear_conv_o4i4_combined_hybrid,FUSION_CONV_BIAS_ACT,QuantizeLinear-QLinearConvInputPack,"[[1,128,49],[],[],[32,128,3],[32],[32],[],[]]","[[1,32,49]]","[[],[],[32,128,3],[32],[32],[],[]]",60,24.400464,0.4066744,0.4009375,0.4466141,0.11762384206538115,84.14157256444302,0.11882192460111382,84.99861435842301,False
92,435,QLINEAR_CONV,3,fused_quant_qlinear_conv_o4i4_combined_hybrid,FUSION_CONV_BIAS_ACT,QuantizeLinear-QLinearConvInputPack,"[[1,128,49],[],[],[32,128,3],[32],[32],[],[]]","[[1,32,49]]","[[],[],[32,128,3],[32],[32],[],[]]",60,24.398539,0.40664231666666667,0.39846349999999997,0.44002865,0.11761456249201009,84.25918712693503,0.11881255050868439,85.11742690893169,False
93,360,QLINEAR_CONV,3,fused_quant_qlinear_conv_o4i4_combined_hybrid,FUSION_CONV_BIAS_ACT,QuantizeLinear-QLinearConvInputPack,"[[1,128,49],[],[],[32,128,3],[32],[32],[],[]]","[[1,32,49]]","[[],[],[32,128,3],[32],[32],[],[]]",60,24.396147,0.40660245,0.3979165,0.44201565,0.117603031718242,84.37679015865328,0.11880090228577986,85.23622781121747,False
94,465,QLINEAR_CONV,3,fused_quant_qlinear_conv_o4i4_combined_hybrid,FUSION_CONV_BIAS_ACT,QuantizeLinear-QLinearConvInputPack,"[[1,128,49],[],[],[32,128,3],[32],[32],[],[]]","[[1,32,49]]","[[],[],[32,128,3],[32],[32],[],[]]",60,24.393128,0.40655213333333334,0.4,0.4407005,0.11758847845486163,84.49437863710814,0.11878620078705546,85.35501401200453,False
95,555,QLINEAR_CONV,3,fused_quant_qlinear_conv_o4i4_combined_hybrid,FUSION_CONV_BIAS_ACT,QuantizeLinear-QLinearConvInputPack,"[[1,128,49],[],[],[32,128,3],[32],[32],[],[]]","[[1,32,49]]","[[],[],[32,128,3],[32],[32],[],[]]",60,24.361149,0.40601915,0.402083,0.4458623,0.11743432184351979,84.61181295895166,0.11863047398092508,85.47364448598546,False
96,678,QLINEAR_CONV,3,fused_quant_qlinear_conv_o4i4_combined_hybrid,FUSION_CONV_BIAS_ACT,QuantizeLinear-QLinearConvInputPack,"[[1,128,49],[],[],[32,128,3],[32],[32],[],[]]","[[1,32,49]]","[[],[],[32,128,3],[32],[32],[],[]]",60,24.330831,0.40551385,0.39882850000000003,0.4451847,0.11728817217834381,84.72910113113001,0.11848283567740525,85.59212732166287,False
97,708,QLINEAR_CONV,3,fused_quant_qlinear_conv_o4i4_combined_hybrid,FUSION_CONV_BIAS_ACT,QuantizeLinear-QLinearConvInputPack,"[[1,128,49],[],[],[32,128,3],[32],[32],[],[]]","[[1,32,49]]","[[],[],[32,128,3],[32],[32],[],[]]",60,24.31755,0.4052925,0.40007800000000004,0.44697665,0.11722415035291991,84.84632528148293,0.11841816174412977,85.710545483407,False
98,525,QLINEAR_CONV,3,fused_quant_qlinear_conv_o4i4_combined_hybrid,FUSION_CONV_BIAS_ACT,QuantizeLinear-QLinearConvInputPack,"[[1,128,49],[],[],[32,128,3],[32],[32],[],[]]","[[1,32,49]]","[[],[],[32,128,3],[32],[32],[],[]]",60,24.309633,0.40516055,0.401979,0.4170469499999999,0.11718598599843749,84.96351126748137,0.11837960865853814,85.82892509206555,False
99,738,QLINEAR_CONV,3,fused_quant_qlinear_conv_o4i4_combined_hybrid,FUSION_CONV_BIAS_ACT,QuantizeLinear-QLinearConvInputPack,"[[1,128,49],[],[],[32,128,3],[32],[32],[],[]]","[[1,32,49]]","[[],[],[32,128,3],[32],[32],[],[]]",60,24.302864,0.4050477333333333,0.40096299999999996,0.4458316,0.11715335564407453,85.08066462312544,0.11834664594079534,85.94727173800634,False
100,495,QLINEAR_CONV,3,fused_quant_qlinear_conv_o4i4_combined_hybrid,FUSION_CONV_BIAS_ACT,QuantizeLinear-QLinearConvInputPack,"[[1,128,49],[],[],[32,128,3],[32],[32],[],[]]","[[1,32,49]]","[[],[],[32,128,3],[32],[32],[],[]]",60,24.276564,0.4046094,0.4001305,0.44312264999999995,0.1170265749793167,85.19769119810476,0.11821857392474644,86.06549031193109,False
101,330,QLINEAR_CONV,3,fused_quant_qlinear_conv_o4i4_combined_hybrid,FUSION_CONV_BIAS_ACT,QuantizeLinear-QLinearConvInputPack,"[[1,128,49],[],[],[32,128,3],[32],[32],[],[]]","[[1,32,49]]","[[],[],[32,128,3],[32],[32],[],[]]",60,24.267083,0.4044513833333333,0.397396,0.43459105000000003,0.11698087127275512,85.31467206937752,0.11817240469340956,86.1836627166245,False
102,405,QLINEAR_CONV,3,fused_quant_qlinear_conv_o4i4_combined_hybrid,FUSION_CONV_BIAS_ACT,QuantizeLinear-QLinearConvInputPack,"[[1,128,49],[],[],[32,128,3],[32],[32],[],[]]","[[1,32,49]]","[[],[],[32,128,3],[32],[32],[],[]]",60,24.263493,0.40439155,0.3991925,0.4377552,0.11696356547098781,85.4316356348485,0.11815492261973595,86.30181763924423,False
103,693,QLINEAR_CONV,3,fused_quant_qlinear_conv_o4i4_combined_hybrid,FUSION_CONV_BIAS_ACT,QuantizeLinear-QLinearConvInputPack,"[[1,128,49],[],[],[32,128,3],[32],[32],[],[]]","[[1,32,49]]","[[],[],[32,128,3],[32],[32],[],[]]",60,24.218544,0.4036424,0.39950549999999996,0.43818524999999997,0.11674688622763423,85.54838252107614,0.11793603634409401,86.41975367558832,False
104,375,QLINEAR_CONV,3,fused_quant_qlinear_conv_o4i4_combined_hybrid,FUSION_CONV_BIAS_ACT,QuantizeLinear-QLinearConvInputPack,"[[1,128,49],[],[],[32,128,3],[32],[32],[],[]]","[[1,32,49]]","[[],[],[32,128,3],[32],[32],[],[]]",60,24.214689,0.40357815,0.39742200000000005,0.4382372,0.11672830297810412,85.66511082405424,0.1179172638109431,86.53767093939926,False
105,420,QLINEAR_CONV,3,fused_quant_qlinear_conv_o4i4_combined_hybrid,FUSION_CONV_BIAS_ACT,QuantizeLinear-QLinearConvInputPack,"[[1,128,49],[],[],[32,128,3],[32],[32],[],[]]","[[1,32,49]]","[[],[],[32,128,3],[32],[32],[],[]]",60,24.211880999999998,0.40353134999999996,0.3977345,0.44155009999999995,0.11671476685237636,85.78182559090662,0.11790358981014215,86.6555745292094,False
106,390,QLINEAR_CONV,3,fused_quant_qlinear_conv_o4i4_combined_hybrid,FUSION_CONV_BIAS_ACT,QuantizeLinear-QLinearConvInputPack,"[[1,128,49],[],[],[32,128,3],[32],[32],[],[]]","[[1,32,49]]","[[],[],[32,128,3],[32],[32],[],[]]",60,24.198391,0.40330651666666667,0.396901,0.4375236,0.11664973753041502,85.89847532843703,0.11783789811826001,86.77341242732766,False
107,633,QLINEAR_CONV,3,fused_quant_qlinear_conv_o4i4_combined_hybrid,FUSION_CONV_BIAS_ACT,QuantizeLinear-QLinearConvInputPack,"[[1,128,49],[],[],[32,128,3],[32],[32],[],[]]","[[1,32,49]]","[[],[],[32,128,3],[32],[32],[],[]]",60,24.144584,0.4024097333333333,0.3971875,0.4378746,0.11639035778788177,86.01486568622491,0.11757587640846742,86.89098830373612,False
108,648,QLINEAR_CONV,3,fused_quant_qlinear_conv_o4i4_combined_hybrid,FUSION_CONV_BIAS_ACT,QuantizeLinear-QLinearConvInputPack,"[[1,128,49],[],[],[32,128,3],[32],[32],[],[]]","[[1,32,49]]","[[],[],[32,128,3],[32],[32],[],[]]",60,24.102033,0.40170055,0.398229,0.43739345,0.11618523824164183,86.13105092446655,0.11736866757368043,87.00835697130981,False
109,240,QLINEAR_CONV,3,fused_quant_qlinear_conv_o4i4_combined_hybrid,FUSION_CONV_BIAS_ACT,QuantizeLinear-QLinearConvInputPack,"[[1,128,49],[],[],[32,128,3],[32],[32],[],[]]","[[1,32,49]]","[[],[],[32,128,3],[32],[32],[],[]]",60,24.097758,0.40162929999999997,0.395807,0.43784695,0.11616463035792168,86.24721555482446,0.11734784978399948,87.1257048210938,False
110,345,QLINEAR_CONV,3,fused_quant_qlinear_conv_o4i4_combined_hybrid,FUSION_CONV_BIAS_ACT,QuantizeLinear-QLinearConvInputPack,"[[1,128,49],[],[],[32,128,3],[32],[32],[],[]]","[[1,32,49]]","[[],[],[32,128,3],[32],[32],[],[]]",60,24.085731,0.40142885,0.3971355,0.4330444,0.11610665351172236,86.36332220833619,0.11728928240236373,87.24299410349617,False
111,255,QLINEAR_CONV,3,fused_quant_qlinear_conv_o4i4_combined_hybrid,FUSION_CONV_BIAS_ACT,QuantizeLinear-QLinearConvInputPack,"[[1,128,49],[],[],[32,128,3],[32],[32],[],[]]","[[1,32,49]]","[[],[],[32,128,3],[32],[32],[],[]]",60,24.081561,0.40135935,0.395833,0.43266940000000004,0.11608655178654972,86.47940876012274,0.11726897592681529,87.36026307942299,False
112,285,QLINEAR_CONV,3,fused_quant_qlinear_conv_o4i4_combined_hybrid,FUSION_CONV_BIAS_ACT,QuantizeLinear-QLinearConvInputPack,"[[1,128,49],[],[],[32,128,3],[32],[32],[],[]]","[[1,32,49]]","[[],[],[32,128,3],[32],[32],[],[]]",60,24.009734,0.40016223333333334,0.3965365,0.42654125,0.11574030559614817,86.59514906571889,0.11691920297256636,87.47718228239556,False
113,315,QLINEAR_CONV,3,fused_quant_qlinear_conv_o4i4_combined_hybrid,FUSION_CONV_BIAS_ACT,QuantizeLinear-QLinearConvInputPack,"[[1,128,49],[],[],[32,128,3],[32],[32],[],[]]","[[1,32,49]]","[[],[],[32,128,3],[32],[32],[],[]]",60,24.002397,0.40003995,0.39637999999999995,0.42568225000000004,0.11570493716507105,86.71085400288396,0.1168834742888496,87.59406575668442,False
114,300,QLINEAR_CONV,3,fused_quant_qlinear_conv_o4i4_combined_hybrid,FUSION_CONV_BIAS_ACT,QuantizeLinear-QLinearConvInputPack,"[[1,128,49],[],[],[32,128,3],[32],[32],[],[]]","[[1,32,49]]","[[],[],[32,128,3],[32],[32],[],[]]",60,24.000258,0.4000043,0.3966925,0.4263256,0.1156946259923746,86.82654862887634,0.11687305808952152,87.71093881477394,False
115,270,QLINEAR_CONV,3,fused_quant_qlinear_conv_o4i4_combined_hybrid,FUSION_CONV_BIAS_ACT,QuantizeLinear-QLinearConvInputPack,"[[1,128,49],[],[],[32,128,3],[32],[32],[],[]]","[[1,32,49]]","[[],[],[32,128,3],[32],[32],[],[]]",60,23.919948,0.3986658,0.39591200000000004,0.42481575,0.11530748701189164,86.94185611588823,0.11648197582302383,87.82742079059696,False
116,7,DEQUANTIZE_LINEAR,1,dequantize_linear_neon_combined,,,"[[1,32,40,98],[],[]]","[[1,32,40,98]]","[[],[]]",60,23.636666,0.39394443333333334,0.39026,0.4117347,0.11394190981516435,87.0557980257034,0.11510248925076631,87.94252327984772,False
117,13,DEQUANTIZE_LINEAR,1,dequantize_linear_neon_combined,,,"[[1,32,40,98],[],[]]","[[1,32,40,98]]","[[],[]]",60,23.443488,0.3907248,0.38888,0.40228175,0.1130106841400089,87.1688087098434,0.11416177837942412,88.05668505822715,False
118,5,DEQUANTIZE_LINEAR,1,dequantize_linear_neon_combined,,,"[[1,32,40,98],[],[]]","[[1,32,40,98]]","[[],[]]",60,23.415939,0.39026565,0.384219,0.4226852,0.11287788259881448,87.28168659244221,0.11402762416002747,88.17071268238718,False
119,581,BATCH_NORMALIZATION,2,fused_bn_relu_quant_v2_spatial2,FUSION_BN_RELU_QUANT,BatchNormalization-Relu-QuantizeLinear,"[[1,1024,49],[1024],[1024],[1024],[1024],[],[]]","[[1,1024,49]]","[[1024],[1024],[1024],[1024],[],[]]",60,22.87656,0.381276,0.36945300000000003,0.42798189999999997,0.1102777750635896,87.3919643675058,0.11140103267924972,88.28211371506643,False
120,824,BATCH_NORMALIZATION,2,fused_bn_relu_quant_v2_spatial2,FUSION_BN_RELU_QUANT,BatchNormalization-Relu-QuantizeLinear,"[[1,1024,49],[1024],[1024],[1024],[1024],[],[]]","[[1,1024,49]]","[[1024],[1024],[1024],[1024],[],[]]",60,22.861833,0.38103055,0.3712505,0.4270235,0.1102067827118828,87.50217115021769,0.11132931721992072,88.39344303228636,False
121,566,BATCH_NORMALIZATION,2,fused_bn_relu_quant_v2_spatial2,FUSION_BN_RELU_QUANT,BatchNormalization-Relu-QuantizeLinear,"[[1,992,49],[992],[992],[992],[992],[],[]]","[[1,992,49]]","[[992],[992],[992],[992],[],[]]",60,22.203022,0.3700503666666667,0.3607815,0.41712204999999997,0.10703094634192953,87.60920209655963,0.1081211326965287,88.50156416498288,False
122,39,QLINEAR_CONV,1,qlinear_conv_o4i4_v4,,,"[[1,128,49],[],[],[128,128,1],[128],[128],[],[],[128]]","[[1,128,49]]","[[],[],[128,128,1],[128],[128],[],[],[128]]",60,22.107864,0.36846439999999997,0.3657555,0.39089345,0.10657223172227076,87.7157743282819,0.107657745742035,88.60922191072491,False
123,207,QLINEAR_CONV,3,fused_quant_qlinear_conv_o4i4_combined_hybrid,FUSION_CONV_BIAS_ACT,QuantizeLinear-QLinearConvInputPack,"[[1,128,49],[],[],[32,128,3],[32],[32],[],[]]","[[1,32,49]]","[[],[],[32,128,3],[32],[32],[],[]]",60,22.055627,0.36759378333333337,0.3493235,0.4432262499999998,0.10632042025516221,87.82209474853705,0.10740336939593813,88.71662528012085,False
124,809,BATCH_NORMALIZATION,2,fused_bn_relu_quant_v2_spatial2,FUSION_BN_RELU_QUANT,BatchNormalization-Relu-QuantizeLinear,"[[1,992,49],[992],[992],[992],[992],[],[]]","[[1,992,49]]","[[992],[992],[992],[992],[],[]]",60,21.963076,0.3660512666666667,0.35888,0.40796134999999994,0.10587427282915453,87.92796902136621,0.10695267764090602,88.82357795776176,False
125,192,QLINEAR_CONV,3,fused_quant_qlinear_conv_o4i4_combined_hybrid,FUSION_CONV_BIAS_ACT,QuantizeLinear-QLinearConvInputPack,"[[1,128,49],[],[],[32,128,3],[32],[32],[],[]]","[[1,32,49]]","[[],[],[32,128,3],[32],[32],[],[]]",60,21.932083,0.36553471666666665,0.347031,0.4444167999999997,0.10572486928760169,88.03369389065381,0.10680175231796288,88.93037971007972,False
126,9,RELU,1,relu_stride_optimized,,,"[[1,32,40,98]]","[[1,32,40,98]]",[],60,21.673334,0.36122223333333336,0.336927,0.5427393499999998,0.10447755483036124,88.13817144548418,0.10554173307535285,89.03592144315508,False
127,42,QLINEAR_CONV,3,fused_quant_qlinear_conv_o4i4_combined_hybrid,FUSION_CONV_BIAS_ACT,QuantizeLinear-QLinearConvInputPack,"[[1,128,49],[],[],[32,128,3],[32],[32],[],[]]","[[1,32,49]]","[[],[],[32,128,3],[32],[32],[],[]]",60,21.610365,0.36017275000000004,0.353333,0.40781225,0.10417400913913934,88.24234545462332,0.10523509555525457,89.14115653871033,False
128,117,QLINEAR_CONV,3,fused_quant_qlinear_conv_o4i4_combined_hybrid,FUSION_CONV_BIAS_ACT,QuantizeLinear-QLinearConvInputPack,"[[1,128,49],[],[],[32,128,3],[32],[32],[],[]]","[[1,32,49]]","[[],[],[32,128,3],[32],[32],[],[]]",60,21.246817,0.3541136166666667,0.3466665,0.3835963499999999,0.1024215050664633,88.34476695968978,0.10346474098146918,89.2446212796918,False
129,147,QLINEAR_CONV,3,fused_quant_qlinear_conv_o4i4_combined_hybrid,FUSION_CONV_BIAS_ACT,QuantizeLinear-QLinearConvInputPack,"[[1,128,49],[],[],[32,128,3],[32],[32],[],[]]","[[1,32,49]]","[[],[],[32,128,3],[32],[32],[],[]]",60,21.242967,0.35404945,0.3463025,0.38714824999999997,0.10240294591972118,88.4471699056095,0.10344599279661029,89.34806727248841,False
130,177,QLINEAR_CONV,3,fused_quant_qlinear_conv_o4i4_combined_hybrid,FUSION_CONV_BIAS_ACT,QuantizeLinear-QLinearConvInputPack,"[[1,128,49],[],[],[32,128,3],[32],[32],[],[]]","[[1,32,49]]","[[],[],[32,128,3],[32],[32],[],[]]",60,21.224011,0.3537335166666667,0.3477865,0.3815133499999999,0.10231156742994364,88.54948147303945,0.10335368355188697,89.4514209560403,False
131,72,QLINEAR_CONV,3,fused_quant_qlinear_conv_o4i4_combined_hybrid,FUSION_CONV_BIAS_ACT,QuantizeLinear-QLinearConvInputPack,"[[1,128,49],[],[],[32,128,3],[32],[32],[],[]]","[[1,32,49]]","[[],[],[32,128,3],[32],[32],[],[]]",60,21.201979,0.3533663166666667,0.34612,0.38962824999999995,0.10220536090500279,88.65168683394445,0.10324639523791018,89.5546673512782,False
132,15,RELU,1,relu_stride_optimized,,,"[[1,32,40,98]]","[[1,32,40,98]]",[],60,21.142342,0.35237236666666666,0.334636,0.4343775999999997,0.10191787731168862,88.75360471125614,0.10295598341961702,89.65762333469782,False
133,162,QLINEAR_CONV,3,fused_quant_qlinear_conv_o4i4_combined_hybrid,FUSION_CONV_BIAS_ACT,QuantizeLinear-QLinearConvInputPack,"[[1,128,49],[],[],[32,128,3],[32],[32],[],[]]","[[1,32,49]]","[[],[],[32,128,3],[32],[32],[],[]]",60,21.103022,0.3517170333333333,0.34711000000000003,0.38066924999999996,0.10172833298703926,88.85533304424318,0.10276450845113626,89.76038784314895,False
134,794,BATCH_NORMALIZATION,2,fused_bn_relu_quant_v2_spatial2,FUSION_BN_RELU_QUANT,BatchNormalization-Relu-QuantizeLinear,"[[1,960,49],[960],[960],[960],[960],[],[]]","[[1,960,49]]","[[960],[960],[960],[960],[],[]]",60,21.056406,0.3509401,0.34643250000000003,0.39401525,0.10150361787417421,88.95683666211735,0.10253750445493334,89.86292534760388,False
135,87,QLINEAR_CONV,3,fused_quant_qlinear_conv_o4i4_combined_hybrid,FUSION_CONV_BIAS_ACT,QuantizeLinear-QLinearConvInputPack,"[[1,128,49],[],[],[32,128,3],[32],[32],[],[]]","[[1,32,49]]","[[],[],[32,128,3],[32],[32],[],[]]",60,21.043231,0.35072051666666665,0.3451565,0.3830367,0.10144010702785541,89.05827676914521,0.10247334670544875,89.96539869430933,False
136,132,QLINEAR_CONV,3,fused_quant_qlinear_conv_o4i4_combined_hybrid,FUSION_CONV_BIAS_ACT,QuantizeLinear-QLinearConvInputPack,"[[1,128,49],[],[],[32,128,3],[32],[32],[],[]]","[[1,32,49]]","[[],[],[32,128,3],[32],[32],[],[]]",60,21.015885,0.35026475,0.34526,0.38306035,0.10130828405985283,89.15958505320506,0.1023401810267083,90.06773887533603,False
137,102,QLINEAR_CONV,3,fused_quant_qlinear_conv_o4i4_combined_hybrid,FUSION_CONV_BIAS_ACT,QuantizeLinear-QLinearConvInputPack,"[[1,128,49],[],[],[32,128,3],[32],[32],[],[]]","[[1,32,49]]","[[],[],[32,128,3],[32],[32],[],[]]",60,20.998021,0.3499670166666667,0.345729,0.3769585,0.1012221696189694,89.26080722282403,0.10225318944896311,90.16999206478499,False
138,57,QLINEAR_CONV,3,fused_quant_qlinear_conv_o4i4_combined_hybrid,FUSION_CONV_BIAS_ACT,QuantizeLinear-QLinearConvInputPack,"[[1,128,49],[],[],[32,128,3],[32],[32],[],[]]","[[1,32,49]]","[[],[],[32,128,3],[32],[32],[],[]]",60,20.91094,0.34851566666666667,0.346875,0.35047685,0.10080239064300832,89.36160961346704,0.10182913472540583,90.2718211995104,False
139,551,BATCH_NORMALIZATION,2,fused_bn_relu_quant_v2_spatial2,FUSION_BN_RELU_QUANT,BatchNormalization-Relu-QuantizeLinear,"[[1,960,49],[960],[960],[960],[960],[],[]]","[[1,960,49]]","[[960],[960],[960],[960],[],[]]",60,20.641718,0.34402863333333333,0.33958350000000004,0.37446085,0.09950459048607171,89.46111420395312,0.10051811555032125,90.37233931506071,False
140,779,BATCH_NORMALIZATION,2,fused_bn_relu_quant_v2_spatial2,FUSION_BN_RELU_QUANT,BatchNormalization-Relu-QuantizeLinear,"[[1,928,49],[928],[928],[928],[928],[],[]]","[[1,928,49]]","[[928],[928],[928],[928],[],[]]",60,20.305466,0.33842443333333333,0.3317445,0.37636464999999997,0.09788366835351847,89.55899787230663,0.09888068317235607,90.47121999823307,False
141,536,BATCH_NORMALIZATION,2,fused_bn_relu_quant_v2_spatial2,FUSION_BN_RELU_QUANT,BatchNormalization-Relu-QuantizeLinear,"[[1,928,49],[928],[928],[928],[928],[],[]]","[[1,928,49]]","[[928],[928],[928],[928],[],[]]",60,20.09406,0.334901,0.33018250000000005,0.36802579999999996,0.0968645735545149,89.65586244586115,0.09785120816760931,90.56907120640068,False
142,764,BATCH_NORMALIZATION,2,fused_bn_relu_quant_v2_spatial2,FUSION_BN_RELU_QUANT,BatchNormalization-Relu-QuantizeLinear,"[[1,896,49],[896],[896],[896],[896],[],[]]","[[1,896,49]]","[[896],[896],[896],[896],[],[]]",60,19.398128,0.32330213333333335,0.3150525,0.3652683,0.09350979326606444,89.74937223912721,0.09446225705456891,90.66353346345525,False
143,521,BATCH_NORMALIZATION,2,fused_bn_relu_quant_v2_spatial2,FUSION_BN_RELU_QUANT,BatchNormalization-Relu-QuantizeLinear,"[[1,896,49],[896],[896],[896],[896],[],[]]","[[1,896,49]]","[[896],[896],[896],[896],[],[]]",60,19.339269,0.32232115,0.31611999999999996,0.3582447,0.09322606006655947,89.84259829919377,0.09417563383051478,90.75770909728577,False
144,749,BATCH_NORMALIZATION,2,fused_bn_relu_quant_v2_spatial2,FUSION_BN_RELU_QUANT,BatchNormalization-Relu-QuantizeLinear,"[[1,864,49],[864],[864],[864],[864],[],[]]","[[1,864,49]]","[[864],[864],[864],[864],[],[]]",60,18.720881,0.3120146833333333,0.3052865,0.3483829,0.0902450850962832,89.93284338429005,0.09116429550882411,90.84887339279459,False
145,506,BATCH_NORMALIZATION,2,fused_bn_relu_quant_v2_spatial2,FUSION_BN_RELU_QUANT,BatchNormalization-Relu-QuantizeLinear,"[[1,864,49],[864],[864],[864],[864],[],[]]","[[1,864,49]]","[[864],[864],[864],[864],[],[]]",60,18.430211,0.30717018333333335,0.301354,0.34344224999999995,0.08884389362004143,90.02168727791009,0.08974883190027118,90.93862222469485,False
146,734,BATCH_NORMALIZATION,2,fused_bn_relu_quant_v2_spatial2,FUSION_BN_RELU_QUANT,BatchNormalization-Relu-QuantizeLinear,"[[1,832,49],[832],[832],[832],[832],[],[]]","[[1,832,49]]","[[832],[832],[832],[832],[],[]]",60,17.933073,0.29888455,0.29263,0.33254695,0.08644741125820193,90.1081346891683,0.0873279396601749,91.02595016435502,False
147,491,BATCH_NORMALIZATION,2,fused_bn_relu_quant_v2_spatial2,FUSION_BN_RELU_QUANT,BatchNormalization-Relu-QuantizeLinear,"[[1,832,49],[832],[832],[832],[832],[],[]]","[[1,832,49]]","[[832],[832],[832],[832],[],[]]",60,17.852077,0.2975346166666667,0.2910155,0.33648665,0.08605696537520857,90.1941916545435,0.08693351680801144,91.11288368116304,False
148,719,BATCH_NORMALIZATION,2,fused_bn_relu_quant_v2_spatial2,FUSION_BN_RELU_QUANT,BatchNormalization-Relu-QuantizeLinear,"[[1,800,49],[800],[800],[800],[800],[],[]]","[[1,800,49]]","[[800],[800],[800],[800],[],[]]",60,17.257393,0.2876232166666667,0.2782295,0.32318775,0.0831902569021726,90.27738191144567,0.08403760886915057,91.1969212900322,False
149,476,BATCH_NORMALIZATION,2,fused_bn_relu_quant_v2_spatial2,FUSION_BN_RELU_QUANT,BatchNormalization-Relu-QuantizeLinear,"[[1,800,49],[800],[800],[800],[800],[],[]]","[[1,800,49]]","[[800],[800],[800],[800],[],[]]",60,17.100051,0.28500085000000003,0.278802,0.3302351,0.0824317807290043,90.35981369217468,0.08327140707640646,91.2801926971086,False
150,461,BATCH_NORMALIZATION,2,fused_bn_relu_quant_v2_spatial2,FUSION_BN_RELU_QUANT,BatchNormalization-Relu-QuantizeLinear,"[[1,768,49],[768],[768],[768],[768],[],[]]","[[1,768,49]]","[[768],[768],[768],[768],[],[]]",60,16.363127,0.2727187833333333,0.2659635,0.30127634999999997,0.07887939614360506,90.43869308831829,0.0796828389260323,91.35987553603464,False
151,704,BATCH_NORMALIZATION,2,fused_bn_relu_quant_v2_spatial2,FUSION_BN_RELU_QUANT,BatchNormalization-Relu-QuantizeLinear,"[[1,768,49],[768],[768],[768],[768],[],[]]","[[1,768,49]]","[[768],[768],[768],[768],[],[]]",60,16.158077,0.2693012833333333,0.2644795,0.3012942999999999,0.07789094080867756,90.51658402912696,0.0786843154701071,91.43855985150475,False
152,689,BATCH_NORMALIZATION,2,fused_bn_relu_quant_v2_spatial2,FUSION_BN_RELU_QUANT,BatchNormalization-Relu-QuantizeLinear,"[[1,736,49],[736],[736],[736],[736],[],[]]","[[1,736,49]]","[[736],[736],[736],[736],[],[]]",60,15.467816000000001,0.25779693333333337,0.25179700000000005,0.29621559999999997,0.07456349790235037,90.5911475270293,0.0753229801898809,91.51388283169463,False
153,446,BATCH_NORMALIZATION,2,fused_bn_relu_quant_v2_spatial2,FUSION_BN_RELU_QUANT,BatchNormalization-Relu-QuantizeLinear,"[[1,736,49],[736],[736],[736],[736],[],[]]","[[1,736,49]]","[[736],[736],[736],[736],[],[]]",60,15.352662,0.2558777,0.2518235,0.2876874,0.07400839141301488,90.66515591844232,0.07476221954592278,91.58864505124055,False
154,674,BATCH_NORMALIZATION,2,fused_bn_relu_quant_v2_spatial2,FUSION_BN_RELU_QUANT,BatchNormalization-Relu-QuantizeLinear,"[[1,704,49],[704],[704],[704],[704],[],[]]","[[1,704,49]]","[[704],[704],[704],[704],[],[]]",60,14.992445,0.24987408333333333,0.242109,0.2855050499999999,0.07227194461768896,90.73742786306,0.07300808580428413,91.66165313704484,False
155,199,QLINEAR_CONV,3,fused_quant_qlinear_conv_o4i4_combined_hybrid,FUSION_CONV_BIAS_ACT,QuantizeLinear-QLinearConvInputPack,"[[1,128,49],[],[],[64,128,1],[64],[64],[],[],[64]]","[[1,64,49]]","[[],[],[64,128,1],[64],[64],[],[],[64]]",60,14.705208,0.24508680000000002,0.230182,0.3687003499999999,0.07088730211567204,90.80831516517569,0.07160933973303524,91.73326247677787,False
156,431,BATCH_NORMALIZATION,2,fused_bn_relu_quant_v2_spatial2,FUSION_BN_RELU_QUANT,BatchNormalization-Relu-QuantizeLinear,"[[1,704,49],[704],[704],[704],[704],[],[]]","[[1,704,49]]","[[704],[704],[704],[704],[],[]]",60,14.689689,0.24482815,0.239479,0.27685425,0.07081249188234973,90.87912765705804,0.07153376750424954,91.80479624428212,False
157,29,ADD,1,add_stride_optimized,,,"[[1,32,20,98],[1,32,20,98]]","[[1,32,20,98]]",[],60,14.639171,0.24398618333333333,0.240599,0.27215185,0.07056896695374759,90.94969662401178,0.07128776210095071,91.87608400638307,False
158,659,BATCH_NORMALIZATION,2,fused_bn_relu_quant_v2_spatial2,FUSION_BN_RELU_QUANT,BatchNormalization-Relu-QuantizeLinear,"[[1,672,49],[672],[672],[672],[672],[],[]]","[[1,672,49]]","[[672],[672],[672],[672],[],[]]",60,14.348597999999999,0.23914329999999998,0.230938,0.26603955,0.06916824307159257,91.01886486708337,0.06987277084926305,91.94595677723233,False
159,214,QLINEAR_CONV,3,fused_quant_qlinear_conv_o4i4_combined_hybrid,FUSION_CONV_BIAS_ACT,QuantizeLinear-QLinearConvInputPack,"[[1,128,49],[],[],[64,128,1],[64],[64],[],[],[64]]","[[1,64,49]]","[[],[],[64,128,1],[64],[64],[],[],[64]]",60,14.319632,0.23866053333333334,0.229271,0.26947369999999987,0.06902861080028552,91.08789347788365,0.06973171632390665,92.01568849355623,False
160,595,QLINEAR_CONV,3,fused_quant_qlinear_conv_o4i4_combined_hybrid,FUSION_CONV_BIAS_ACT,QuantizeLinear-QLinearConvInputPack,"[[1,128,49],[],[],[64,128,1],[64],[64],[],[],[64]]","[[1,64,49]]","[[],[],[64,128,1],[64],[64],[],[],[64]]",60,14.286044,0.23810073333333334,0.233099,0.28352565,0.06886669791177275,91.15676017579543,0.0695681542374028,92.08525664779363,False
161,820,QLINEAR_CONV,3,fused_quant_qlinear_conv_o4i4_combined_hybrid,FUSION_CONV_BIAS_ACT,QuantizeLinear-QLinearConvInputPack,"[[1,128,49],[],[],[64,128,1],[64],[64],[],[],[64]]","[[1,64,49]]","[[],[],[64,128,1],[64],[64],[],[],[64]]",60,14.26271,0.23771183333333334,0.2313285,0.2802889,0.06875421502084274,91.22551439081627,0.06945452562818281,92.15471117342182,False
162,625,QLINEAR_CONV,3,fused_quant_qlinear_conv_o4i4_combined_hybrid,FUSION_CONV_BIAS_ACT,QuantizeLinear-QLinearConvInputPack,"[[1,128,49],[],[],[64,128,1],[64],[64],[],[],[64]]","[[1,64,49]]","[[],[],[64,128,1],[64],[64],[],[],[64]]",60,14.260572999999999,0.23767621666666666,0.23,0.27035479999999995,0.06874391348926147,91.29425830430553,0.06944411916817154,92.22415529258998,False
163,715,QLINEAR_CONV,3,fused_quant_qlinear_conv_o4i4_combined_hybrid,FUSION_CONV_BIAS_ACT,QuantizeLinear-QLinearConvInputPack,"[[1,128,49],[],[],[64,128,1],[64],[64],[],[],[64]]","[[1,64,49]]","[[],[],[64,128,1],[64],[64],[],[],[64]]",60,14.233389,0.23722315000000002,0.23122399999999999,0.2766384,0.06861287145158933,91.36287117575712,0.06931174237409267,92.29346703496408,False
164,23,ADD,1,add_stride_optimized,,,"[[1,32,20,98],[1,32,20,98]]","[[1,32,20,98]]",[],60,14.164681,0.23607801666666667,0.2249475,0.27976555,0.06828166058032771,91.43115283633745,0.06897715788440865,92.36244419284849,False
165,307,QLINEAR_CONV,3,fused_quant_qlinear_conv_o4i4_combined_hybrid,FUSION_CONV_BIAS_ACT,QuantizeLinear-QLinearConvInputPack,"[[1,128,49],[],[],[64,128,1],[64],[64],[],[],[64]]","[[1,64,49]]","[[],[],[64,128,1],[64],[64],[],[],[64]]",60,14.158905,0.23598175000000002,0.230313,0.2593591,0.06825381703965694,91.49940665337711,0.06894903073746193,92.43139322358594,False
166,232,QLINEAR_CONV,3,fused_quant_qlinear_conv_o4i4_combined_hybrid,FUSION_CONV_BIAS_ACT,QuantizeLinear-QLinearConvInputPack,"[[1,128,49],[],[],[64,128,1],[64],[64],[],[],[64]]","[[1,64,49]]","[[],[],[64,128,1],[64],[64],[],[],[64]]",60,14.156508,0.2359418,0.23138,0.2738304,0.06824226216310086,91.5676489155402,0.0689373581662654,92.50033058175221,False
167,562,QLINEAR_CONV,3,fused_quant_qlinear_conv_o4i4_combined_hybrid,FUSION_CONV_BIAS_ACT,QuantizeLinear-QLinearConvInputPack,"[[1,128,49],[],[],[64,128,1],[64],[64],[],[],[64]]","[[1,64,49]]","[[],[],[64,128,1],[64],[64],[],[],[64]]",60,14.141356,0.23568926666666667,0.23263,0.24808044999999992,0.06816922107441606,91.63581813661462,0.06886357310211431,92.56919415485433,False
168,416,BATCH_NORMALIZATION,2,fused_bn_relu_quant_v2_spatial2,FUSION_BN_RELU_QUANT,BatchNormalization-Relu-QuantizeLinear,"[[1,672,49],[672],[672],[672],[672],[],[]]","[[1,672,49]]","[[672],[672],[672],[672],[],[]]",60,14.136721,0.23561201666666667,0.2305205,0.2617347,0.06814687778996158,91.70396501440457,0.06884100223540758,92.63803515708973,False
169,34,RESHAPE,1,reshape_stride_optimized,,,"[[1,32,10,98],[3]]","[[1,320,98]]",[[3]],60,14.106769,0.23511281666666667,0.230156,0.2829084,0.06800249244886551,91.77196750685344,0.06869514622686394,92.70673030331659,False
170,745,QLINEAR_CONV,3,fused_quant_qlinear_conv_o4i4_combined_hybrid,FUSION_CONV_BIAS_ACT,QuantizeLinear-QLinearConvInputPack,"[[1,128,49],[],[],[64,128,1],[64],[64],[],[],[64]]","[[1,64,49]]","[[],[],[64,128,1],[64],[64],[],[],[64]]",60,14.096406,0.2349401,0.230651,0.27317175,0.06795253701050485,91.83992004386394,0.06864468195681396,92.7753749852734,False
171,547,QLINEAR_CONV,3,fused_quant_qlinear_conv_o4i4_combined_hybrid,FUSION_CONV_BIAS_ACT,QuantizeLinear-QLinearConvInputPack,"[[1,128,49],[],[],[64,128,1],[64],[64],[],[],[64]]","[[1,64,49]]","[[],[],[64,128,1],[64],[64],[],[],[64]]",60,14.093493,0.23489155,0.2320835,0.26483389999999996,0.06793849472622958,91.90785853859018,0.06863049664188046,92.84400548191529,False
172,670,QLINEAR_CONV,3,fused_quant_qlinear_conv_o4i4_combined_hybrid,FUSION_CONV_BIAS_ACT,QuantizeLinear-QLinearConvInputPack,"[[1,128,49],[],[],[64,128,1],[64],[64],[],[],[64]]","[[1,64,49]]","[[],[],[64,128,1],[64],[64],[],[],[64]]",60,14.069482,0.23449136666666667,0.230599,0.2715726,0.06782274831780752,91.97568128690799,0.06851357127392037,92.91251905318921,False
173,805,QLINEAR_CONV,3,fused_quant_qlinear_conv_o4i4_combined_hybrid,FUSION_CONV_BIAS_ACT,QuantizeLinear-QLinearConvInputPack,"[[1,128,49],[],[],[64,128,1],[64],[64],[],[],[64]]","[[1,64,49]]","[[],[],[64,128,1],[64],[64],[],[],[64]]",60,14.068964,0.23448273333333333,0.2302865,0.27866084999999996,0.06782025126897313,92.04350153817695,0.06851104879086663,92.98103010198008,False
174,685,QLINEAR_CONV,3,fused_quant_qlinear_conv_o4i4_combined_hybrid,FUSION_CONV_BIAS_ACT,QuantizeLinear-QLinearConvInputPack,"[[1,128,49],[],[],[64,128,1],[64],[64],[],[],[64]]","[[1,64,49]]","[[],[],[64,128,1],[64],[64],[],[],[64]]",60,14.068591,0.23447651666666666,0.230911,0.27232845,0.06781845320099006,92.11131999137794,0.0685092324082816,93.04953933438836,False
175,775,QLINEAR_CONV,3,fused_quant_qlinear_conv_o4i4_combined_hybrid,FUSION_CONV_BIAS_ACT,QuantizeLinear-QLinearConvInputPack,"[[1,128,49],[],[],[64,128,1],[64],[64],[],[],[64]]","[[1,64,49]]","[[],[],[64,128,1],[64],[64],[],[],[64]]",60,14.058018,0.23430030000000002,0.230703,0.2621872,0.06776748544553436,92.17908747682347,0.06845774550996657,93.11799707989832,False
176,397,QLINEAR_CONV,3,fused_quant_qlinear_conv_o4i4_combined_hybrid,FUSION_CONV_BIAS_ACT,QuantizeLinear-QLinearConvInputPack,"[[1,128,49],[],[],[64,128,1],[64],[64],[],[],[64]]","[[1,64,49]]","[[],[],[64,128,1],[64],[64],[],[],[64]]",60,14.049263999999999,0.23415439999999998,0.22958299999999998,0.26858529999999997,0.06772528628434464,92.24681276310781,0.06841511652029006,93.1864121964186,False
177,169,QLINEAR_CONV,3,fused_quant_qlinear_conv_o4i4_combined_hybrid,FUSION_CONV_BIAS_ACT,QuantizeLinear-QLinearConvInputPack,"[[1,128,49],[],[],[64,128,1],[64],[64],[],[],[64]]","[[1,64,49]]","[[],[],[64,128,1],[64],[64],[],[],[64]]",60,14.035313,0.23392188333333333,0.23013050000000002,0.23954404999999993,0.06765803468533184,92.31447079779315,0.06834717991588327,93.25475937633449,False
178,442,QLINEAR_CONV,3,fused_quant_qlinear_conv_o4i4_combined_hybrid,FUSION_CONV_BIAS_ACT,QuantizeLinear-QLinearConvInputPack,"[[1,128,49],[],[],[64,128,1],[64],[64],[],[],[64]]","[[1,64,49]]","[[],[],[64,128,1],[64],[64],[],[],[64]]",60,14.033595,0.23389325,0.229896,0.27173130000000006,0.06764975296738303,92.38212055076053,0.06833881384274364,93.32309819017723,False
179,487,QLINEAR_CONV,3,fused_quant_qlinear_conv_o4i4_combined_hybrid,FUSION_CONV_BIAS_ACT,QuantizeLinear-QLinearConvInputPack,"[[1,128,49],[],[],[64,128,1],[64],[64],[],[],[64]]","[[1,64,49]]","[[],[],[64,128,1],[64],[64],[],[],[64]]",60,14.033177,0.23388628333333333,0.231094,0.2436485999999999,0.06764773797430818,92.44976828873484,0.06833677832553038,93.39143496850276,False
180,472,QLINEAR_CONV,3,fused_quant_qlinear_conv_o4i4_combined_hybrid,FUSION_CONV_BIAS_ACT,QuantizeLinear-QLinearConvInputPack,"[[1,128,49],[],[],[64,128,1],[64],[64],[],[],[64]]","[[1,64,49]]","[[],[],[64,128,1],[64],[64],[],[],[64]]",60,14.030255,0.23383758333333335,0.23088550000000002,0.24487954999999995,0.06763365230501453,92.51740194103986,0.06832254918367126,93.45975751768644,False
181,517,QLINEAR_CONV,3,fused_quant_qlinear_conv_o4i4_combined_hybrid,FUSION_CONV_BIAS_ACT,QuantizeLinear-QLinearConvInputPack,"[[1,128,49],[],[],[64,128,1],[64],[64],[],[],[64]]","[[1,64,49]]","[[],[],[64,128,1],[64],[64],[],[],[64]]",60,14.024784,0.2337464,0.231198,0.26555225,0.06760727903441036,92.58500922007427,0.06829590728253805,93.52805342496897,False
182,337,QLINEAR_CONV,3,fused_quant_qlinear_conv_o4i4_combined_hybrid,FUSION_CONV_BIAS_ACT,QuantizeLinear-QLinearConvInputPack,"[[1,128,49],[],[],[64,128,1],[64],[64],[],[],[64]]","[[1,64,49]]","[[],[],[64,128,1],[64],[64],[],[],[64]]",60,14.01474,0.233579,0.228802,0.2623696,0.06755886135392261,92.65256808142819,0.06824699643351921,93.59630042140249,False
183,49,QLINEAR_CONV,3,fused_quant_qlinear_conv_o4i4_combined_hybrid,FUSION_CONV_BIAS_ACT,QuantizeLinear-QLinearConvInputPack,"[[1,128,49],[],[],[64,128,1],[64],[64],[],[],[64]]","[[1,64,49]]","[[],[],[64,128,1],[64],[64],[],[],[64]]",60,14.012234,0.23353723333333332,0.2295315,0.2703416,0.06754678103658865,92.72011486246477,0.06823479306955653,93.66453521447204,False
184,247,QLINEAR_CONV,3,fused_quant_qlinear_conv_o4i4_combined_hybrid,FUSION_CONV_BIAS_ACT,QuantizeLinear-QLinearConvInputPack,"[[1,128,49],[],[],[64,128,1],[64],[64],[],[],[64]]","[[1,64,49]]","[[],[],[64,128,1],[64],[64],[],[],[64]]",60,14.010309,0.23350515,0.2294795,0.26390614999999995,0.06753750146321759,92.78765236392799,0.06822541897712708,93.73276063344916,False
185,502,QLINEAR_CONV,3,fused_quant_qlinear_conv_o4i4_combined_hybrid,FUSION_CONV_BIAS_ACT,QuantizeLinear-QLinearConvInputPack,"[[1,128,49],[],[],[64,128,1],[64],[64],[],[],[64]]","[[1,64,49]]","[[],[],[64,128,1],[64],[64],[],[],[64]]",60,14.008186,0.23346976666666666,0.231094,0.2426618499999999,0.06752726741944265,92.85517963134743,0.06821508069233348,93.8009757141415,False
186,532,QLINEAR_CONV,3,fused_quant_qlinear_conv_o4i4_combined_hybrid,FUSION_CONV_BIAS_ACT,QuantizeLinear-QLinearConvInputPack,"[[1,128,49],[],[],[64,128,1],[64],[64],[],[],[64]]","[[1,64,49]]","[[],[],[64,128,1],[64],[64],[],[],[64]]",60,13.984374,0.2330729,0.230495,0.23866074999999992,0.06741248030198208,92.92259211164941,0.06809912438639594,93.8690748385279,False
187,700,QLINEAR_CONV,3,fused_quant_qlinear_conv_o4i4_combined_hybrid,FUSION_CONV_BIAS_ACT,QuantizeLinear-QLinearConvInputPack,"[[1,128,49],[],[],[64,128,1],[64],[64],[],[],[64]]","[[1,64,49]]","[[],[],[64,128,1],[64],[64],[],[],[64]]",60,13.984324,0.2330720666666667,0.2300775,0.24088274999999992,0.0674122392741023,92.99000435092351,0.0680988809034757,93.93717371943137,False
188,262,QLINEAR_CONV,3,fused_quant_qlinear_conv_o4i4_combined_hybrid,FUSION_CONV_BIAS_ACT,QuantizeLinear-QLinearConvInputPack,"[[1,128,49],[],[],[64,128,1],[64],[64],[],[],[64]]","[[1,64,49]]","[[],[],[64,128,1],[64],[64],[],[],[64]]",60,13.984169,0.23306948333333333,0.229688,0.26364350000000003,0.06741149208767501,93.05741584301119,0.06809812610642295,94.00527184553779,False
189,577,QLINEAR_CONV,3,fused_quant_qlinear_conv_o4i4_combined_hybrid,FUSION_CONV_BIAS_ACT,QuantizeLinear-QLinearConvInputPack,"[[1,128,49],[],[],[64,128,1],[64],[64],[],[],[64]]","[[1,64,49]]","[[],[],[64,128,1],[64],[64],[],[],[64]]",60,13.984169,0.23306948333333333,0.231328,0.23624284999999998,0.06741149208767501,93.12482733509886,0.06809812610642295,94.07336997164421,False
190,184,QLINEAR_CONV,3,fused_quant_qlinear_conv_o4i4_combined_hybrid,FUSION_CONV_BIAS_ACT,QuantizeLinear-QLinearConvInputPack,"[[1,128,49],[],[],[64,128,1],[64],[64],[],[],[64]]","[[1,64,49]]","[[],[],[64,128,1],[64],[64],[],[],[64]]",60,13.981936000000001,0.23303226666666668,0.22973949999999999,0.26155785,0.06740072778256459,93.19222806288143,0.0680872521592048,94.14145722380341,False
191,412,QLINEAR_CONV,3,fused_quant_qlinear_conv_o4i4_combined_hybrid,FUSION_CONV_BIAS_ACT,QuantizeLinear-QLinearConvInputPack,"[[1,128,49],[],[],[64,128,1],[64],[64],[],[],[64]]","[[1,64,49]]","[[],[],[64,128,1],[64],[64],[],[],[64]]",60,13.977191,0.2329531833333333,0.23041699999999998,0.24357304999999993,0.06737785423677463,93.25960591711821,0.06806414563007353,94.20952136943349,False
192,64,QLINEAR_CONV,3,fused_quant_qlinear_conv_o4i4_combined_hybrid,FUSION_CONV_BIAS_ACT,QuantizeLinear-QLinearConvInputPack,"[[1,128,49],[],[],[64,128,1],[64],[64],[],[],[64]]","[[1,64,49]]","[[],[],[64,128,1],[64],[64],[],[],[64]]",60,13.970983,0.23284971666666668,0.22893249999999998,0.2737054,0.06734792821522266,93.32695384533343,0.0680339147906959,94.27755528422418,False
193,109,QLINEAR_CONV,3,fused_quant_qlinear_conv_o4i4_combined_hybrid,FUSION_CONV_BIAS_ACT,QuantizeLinear-QLinearConvInputPack,"[[1,128,49],[],[],[64,128,1],[64],[64],[],[],[64]]","[[1,64,49]]","[[],[],[64,128,1],[64],[64],[],[],[64]]",60,13.964583,0.23274304999999998,0.2297655,0.25339324999999996,0.0673170766466124,93.39427092198005,0.06800274897690452,94.34555803320109,False
194,124,QLINEAR_CONV,3,fused_quant_qlinear_conv_o4i4_combined_hybrid,FUSION_CONV_BIAS_ACT,QuantizeLinear-QLinearConvInputPack,"[[1,128,49],[],[],[64,128,1],[64],[64],[],[],[64]]","[[1,64,49]]","[[],[],[64,128,1],[64],[64],[],[],[64]]",60,13.954582,0.23257636666666667,0.229818,0.24597375,0.06726886625010126,93.46153978823016,0.0679540475231971,94.41351208072429,False
195,457,QLINEAR_CONV,3,fused_quant_qlinear_conv_o4i4_combined_hybrid,FUSION_CONV_BIAS_ACT,QuantizeLinear-QLinearConvInputPack,"[[1,128,49],[],[],[64,128,1],[64],[64],[],[],[64]]","[[1,64,49]]","[[],[],[64,128,1],[64],[64],[],[],[64]]",60,13.952553,0.23254255,0.230755,0.23619289999999998,0.06725908533874028,93.52879887356889,0.06794416698629356,94.48145624771058,False
196,367,QLINEAR_CONV,3,fused_quant_qlinear_conv_o4i4_combined_hybrid,FUSION_CONV_BIAS_ACT,QuantizeLinear-QLinearConvInputPack,"[[1,128,49],[],[],[64,128,1],[64],[64],[],[],[64]]","[[1,64,49]]","[[],[],[64,128,1],[64],[64],[],[],[64]]",60,13.948745,0.23247908333333334,0.22914050000000002,0.25909154999999995,0.06724072865541716,93.59603960222431,0.06792562332708768,94.54938187103767,False
197,427,QLINEAR_CONV,3,fused_quant_qlinear_conv_o4i4_combined_hybrid,FUSION_CONV_BIAS_ACT,QuantizeLinear-QLinearConvInputPack,"[[1,128,49],[],[],[64,128,1],[64],[64],[],[],[64]]","[[1,64,49]]","[[],[],[64,128,1],[64],[64],[],[],[64]]",60,13.948178,0.23246963333333334,0.22974,0.2511091999999999,0.0672379953992606,93.66327759762358,0.0679228622307721,94.61730473326844,False
198,139,QLINEAR_CONV,3,fused_quant_qlinear_conv_o4i4_combined_hybrid,FUSION_CONV_BIAS_ACT,QuantizeLinear-QLinearConvInputPack,"[[1,128,49],[],[],[64,128,1],[64],[64],[],[],[64]]","[[1,64,49]]","[[],[],[64,128,1],[64],[64],[],[],[64]]",60,13.947084,0.2324514,0.228802,0.26518464999999997,0.06723272170925128,93.73051031933282,0.06791753482447714,94.68522226809291,False
199,760,QLINEAR_CONV,3,fused_quant_qlinear_conv_o4i4_combined_hybrid,FUSION_CONV_BIAS_ACT,QuantizeLinear-QLinearConvInputPack,"[[1,128,49],[],[],[64,128,1],[64],[64],[],[],[64]]","[[1,64,49]]","[[],[],[64,128,1],[64],[64],[],[],[64]]",60,13.931979,0.23219965,0.23020849999999998,0.23831275000000002,0.06715990718677345,93.7976702265196,0.0678439786342711,94.75306624672719,False
200,790,QLINEAR_CONV,3,fused_quant_qlinear_conv_o4i4_combined_hybrid,FUSION_CONV_BIAS_ACT,QuantizeLinear-QLinearConvInputPack,"[[1,128,49],[],[],[64,128,1],[64],[64],[],[],[64]]","[[1,64,49]]","[[],[],[64,128,1],[64],[64],[],[],[64]]",60,13.931305,0.23218841666666667,0.230625,0.23883064999999998,0.06715665813095419,93.86482688465055,0.06784069648450619,94.8209069432117,False
201,322,QLINEAR_CONV,3,fused_quant_qlinear_conv_o4i4_combined_hybrid,FUSION_CONV_BIAS_ACT,QuantizeLinear-QLinearConvInputPack,"[[1,128,49],[],[],[64,128,1],[64],[64],[],[],[64]]","[[1,64,49]]","[[],[],[64,128,1],[64],[64],[],[],[64]]",60,13.923284,0.23205473333333335,0.22974,0.24518754999999995,0.06711799243848184,93.93194487708904,0.06780163695444047,94.88870858016614,False
202,382,QLINEAR_CONV,3,fused_quant_qlinear_conv_o4i4_combined_hybrid,FUSION_CONV_BIAS_ACT,QuantizeLinear-QLinearConvInputPack,"[[1,128,49],[],[],[64,128,1],[64],[64],[],[],[64]]","[[1,64,49]]","[[],[],[64,128,1],[64],[64],[],[],[64]]",60,13.92172,0.2320286666666667,0.22851549999999998,0.26253645000000003,0.0671104530864027,93.99905533017544,0.0677940208086952,94.95650260097483,False
203,730,QLINEAR_CONV,3,fused_quant_qlinear_conv_o4i4_combined_hybrid,FUSION_CONV_BIAS_ACT,QuantizeLinear-QLinearConvInputPack,"[[1,128,49],[],[],[64,128,1],[64],[64],[],[],[64]]","[[1,64,49]]","[[],[],[64,128,1],[64],[64],[],[],[64]]",60,13.917709,0.23196181666666668,0.2305465,0.23947905,0.06709111782988773,94.06614644800533,0.06777448860883314,95.02427708958366,False
204,352,QLINEAR_CONV,3,fused_quant_qlinear_conv_o4i4_combined_hybrid,FUSION_CONV_BIAS_ACT,QuantizeLinear-QLinearConvInputPack,"[[1,128,49],[],[],[64,128,1],[64],[64],[],[],[64]]","[[1,64,49]]","[[],[],[64,128,1],[64],[64],[],[],[64]]",60,13.905159,0.23175264999999998,0.2295835,0.24325794999999995,0.06703061983206603,94.1331770678374,0.06771337439585162,95.09199046397951,False
205,655,QLINEAR_CONV,3,fused_quant_qlinear_conv_o4i4_combined_hybrid,FUSION_CONV_BIAS_ACT,QuantizeLinear-QLinearConvInputPack,"[[1,128,49],[],[],[64,128,1],[64],[64],[],[],[64]]","[[1,64,49]]","[[],[],[64,128,1],[64],[64],[],[],[64]]",60,13.903596,0.2317266,0.230677,0.2364503,0.0670230853005445,94.20020015313794,0.06770576311976476,95.15969622709927,False
206,79,QLINEAR_CONV,3,fused_quant_qlinear_conv_o4i4_combined_hybrid,FUSION_CONV_BIAS_ACT,QuantizeLinear-QLinearConvInputPack,"[[1,128,49],[],[],[64,128,1],[64],[64],[],[],[64]]","[[1,64,49]]","[[],[],[64,128,1],[64],[64],[],[],[64]]",60,13.875354,0.2312559,0.228099,0.2414628999999999,0.06688694311293648,94.26708709625088,0.0675682342270935,95.22726446132637,False
207,610,QLINEAR_CONV,3,fused_quant_qlinear_conv_o4i4_combined_hybrid,FUSION_CONV_BIAS_ACT,QuantizeLinear-QLinearConvInputPack,"[[1,128,49],[],[],[64,128,1],[64],[64],[],[],[64]]","[[1,64,49]]","[[],[],[64,128,1],[64],[64],[],[],[64]]",60,13.872135,0.23120225,0.22940100000000002,0.23793789999999998,0.06687142573803705,94.33395852198892,0.06755255879668813,95.29481702012306,False
208,154,QLINEAR_CONV,3,fused_quant_qlinear_conv_o4i4_combined_hybrid,FUSION_CONV_BIAS_ACT,QuantizeLinear-QLinearConvInputPack,"[[1,128,49],[],[],[64,128,1],[64],[64],[],[],[64]]","[[1,64,49]]","[[],[],[64,128,1],[64],[64],[],[],[64]]",60,13.856663,0.2309443833333333,0.22825499999999999,0.24411429999999995,0.06679684207092171,94.40075536405985,0.06747721544184748,95.3622942355649,False
209,640,QLINEAR_CONV,3,fused_quant_qlinear_conv_o4i4_combined_hybrid,FUSION_CONV_BIAS_ACT,QuantizeLinear-QLinearConvInputPack,"[[1,128,49],[],[],[64,128,1],[64],[64],[],[],[64]]","[[1,64,49]]","[[],[],[64,128,1],[64],[64],[],[],[64]]",60,13.843594,0.23072656666666666,0.22924450000000002,0.23696609999999999,0.06673384220370801,94.46748920626355,0.0674135738761538,95.42970780944106,False
210,277,QLINEAR_CONV,3,fused_quant_qlinear_conv_o4i4_combined_hybrid,FUSION_CONV_BIAS_ACT,QuantizeLinear-QLinearConvInputPack,"[[1,128,49],[],[],[64,128,1],[64],[64],[],[],[64]]","[[1,64,49]]","[[],[],[64,128,1],[64],[64],[],[],[64]]",60,13.840883,0.23068138333333332,0.2283075,0.25367189999999995,0.06672077367206701,94.53420997993562,0.06740037223221813,95.49710818167327,False
211,292,QLINEAR_CONV,3,fused_quant_qlinear_conv_o4i4_combined_hybrid,FUSION_CONV_BIAS_ACT,QuantizeLinear-QLinearConvInputPack,"[[1,128,49],[],[],[64,128,1],[64],[64],[],[],[64]]","[[1,64,49]]","[[],[],[64,128,1],[64],[64],[],[],[64]]",60,13.82844,0.230474,0.228906,0.2354451,0.06666079147390801,94.60087077140953,0.06733977907268593,95.56444796074595,False
212,94,QLINEAR_CONV,3,fused_quant_qlinear_conv_o4i4_combined_hybrid,FUSION_CONV_BIAS_ACT,QuantizeLinear-QLinearConvInputPack,"[[1,128,49],[],[],[64,128,1],[64],[64],[],[],[64]]","[[1,64,49]]","[[],[],[64,128,1],[64],[64],[],[],[64]]",60,13.807608,0.2301268,0.228099,0.23936514999999992,0.06656036961808158,94.66743114102762,0.067238334348795,95.63168629509475,False
213,644,BATCH_NORMALIZATION,2,fused_bn_relu_quant_v2_spatial2,FUSION_BN_RELU_QUANT,BatchNormalization-Relu-QuantizeLinear,"[[1,640,49],[640],[640],[640],[640],[],[]]","[[1,640,49]]","[[640],[640],[640],[640],[],[]]",60,13.595417,0.22659028333333334,0.21973900000000002,0.26587225,0.06553749068136565,94.73296863170899,0.0662050366622004,95.69789133175695,False
214,401,BATCH_NORMALIZATION,2,fused_bn_relu_quant_v2_spatial2,FUSION_BN_RELU_QUANT,BatchNormalization-Relu-QuantizeLinear,"[[1,640,49],[640],[640],[640],[640],[],[]]","[[1,640,49]]","[[640],[640],[640],[640],[],[]]",60,13.380623,0.22301038333333334,0.21851549999999997,0.254487,0.06450206383322901,94.79747069554222,0.06515906325477783,95.76305039501173,False
215,629,BATCH_NORMALIZATION,2,fused_bn_relu_quant_v2_spatial2,FUSION_BN_RELU_QUANT,BatchNormalization-Relu-QuantizeLinear,"[[1,608,49],[608],[608],[608],[608],[],[]]","[[1,608,49]]","[[608],[608],[608],[608],[],[]]",60,12.944476,0.21574126666666665,0.2102865,0.24873944999999997,0.0623995920996878,94.85987028764191,0.06303517635045496,95.82608557136219,False
216,386,BATCH_NORMALIZATION,2,fused_bn_relu_quant_v2_spatial2,FUSION_BN_RELU_QUANT,BatchNormalization-Relu-QuantizeLinear,"[[1,608,49],[608],[608],[608],[608],[],[]]","[[1,608,49]]","[[608],[608],[608],[608],[],[]]",60,12.783072,0.21305120000000002,0.206354,0.24539029999999998,0.06162153482156716,94.92149182246348,0.06224919400527011,95.88833476536746,False
217,614,BATCH_NORMALIZATION,2,fused_bn_relu_quant_v2_spatial2,FUSION_BN_RELU_QUANT,BatchNormalization-Relu-QuantizeLinear,"[[1,576,49],[576],[576],[576],[576],[],[]]","[[1,576,49]]","[[576],[576],[576],[576],[],[]]",60,12.293752,0.20489586666666665,0.20099,0.22717004999999996,0.059262739579008156,94.98075456204249,0.05986637275458336,95.94820113812204,False
218,599,BATCH_NORMALIZATION,2,fused_bn_relu_quant_v2_spatial2,FUSION_BN_RELU_QUANT,BatchNormalization-Relu-QuantizeLinear,"[[1,544,49],[544],[544],[544],[544],[],[]]","[[1,544,49]]","[[544],[544],[544],[544],[],[]]",60,12.280828,0.20468046666666667,0.200937,0.22569584999999995,0.05920043869264579,95.03995500073513,0.059803437289358406,96.0080045754114,False
219,584,BATCH_NORMALIZATION,2,fused_bn_relu_quant_v2_spatial2,FUSION_BN_RELU_QUANT,BatchNormalization-Relu-QuantizeLinear,"[[1,512,49],[512],[512],[512],[512],[],[]]","[[1,512,49]]","[[512],[512],[512],[512],[],[]]",60,12.274112,0.20456853333333333,0.20122400000000001,0.23260925,0.05916806382783539,95.09912306456297,0.059770732663511086,96.06777530807491,False
220,19,DEQUANTIZE_LINEAR,4,fused_dequant_relu_quant_neon,FUSION_CONV_BIAS_ACT,DequantizeLinear-Relu-QuantizeLinear,"[[1,32,20,98],[],[],[],[]]","[[1,32,20,98]]","[[],[],[],[]]",60,12.266975,0.20444958333333335,0.203255,0.20847610000000003,0.05913365950827734,95.15825672407125,0.059735977911475294,96.12751128598639,False
221,26,DEQUANTIZE_LINEAR,4,fused_dequant_relu_quant_neon,FUSION_CONV_BIAS_ACT,DequantizeLinear-Relu-QuantizeLinear,"[[1,32,20,98],[],[],[],[]]","[[1,32,20,98]]","[[],[],[],[]]",60,12.172189,0.20286981666666665,0.20231749999999998,0.2058177,0.058676738136044036,95.2169334622073,0.05927440246990824,96.1867856884563,False
222,371,BATCH_NORMALIZATION,2,fused_bn_relu_quant_v2_spatial2,FUSION_BN_RELU_QUANT,BatchNormalization-Relu-QuantizeLinear,"[[1,576,49],[576],[576],[576],[576],[],[]]","[[1,576,49]]","[[576],[576],[576],[576],[],[]]",60,11.97859,0.19964316666666668,0.194583,0.23594745,0.057743483006140954,95.27467694521343,0.05833164147237757,96.24511732992868,False
223,20,DEQUANTIZE_LINEAR,1,dequantize_linear_neon_combined,,,"[[1,32,20,98],[],[]]","[[1,32,20,98]]","[[],[]]",60,11.927404,0.19879006666666665,0.196172,0.21358314999999994,0.057496737945065116,95.33217368315849,0.05808238313726424,96.30319971306594,False
224,28,DEQUANTIZE_LINEAR,1,dequantize_linear_neon_combined,,,"[[1,32,20,98],[],[]]","[[1,32,20,98]]","[[],[]]",60,11.775102,0.1962517,0.1957815,0.1980288,0.05676255738217739,95.38893624054066,0.05734072442288084,96.36054043748882,False
225,22,DEQUANTIZE_LINEAR,1,dequantize_linear_neon_combined,,,"[[1,32,20,98],[],[]]","[[1,32,20,98]]","[[],[]]",60,11.626877,0.19378128333333333,0.193333,0.19667220000000002,0.056048030232605926,95.44498427077326,0.0566189193058142,96.41715935679464,False
226,356,BATCH_NORMALIZATION,2,fused_bn_relu_quant_v2_spatial2,FUSION_BN_RELU_QUANT,BatchNormalization-Relu-QuantizeLinear,"[[1,544,49],[544],[544],[544],[544],[],[]]","[[1,544,49]]","[[544],[544],[544],[544],[],[]]",60,11.248489,0.18747481666666665,0.18265599999999999,0.22469474999999997,0.05422398908521483,95.49920825985848,0.054776299001300065,96.47193565579595,False
227,341,BATCH_NORMALIZATION,2,fused_bn_relu_quant_v2_spatial2,FUSION_BN_RELU_QUANT,BatchNormalization-Relu-QuantizeLinear,"[[1,512,49],[512],[512],[512],[512],[],[]]","[[1,512,49]]","[[512],[512],[512],[512],[],[]]",60,10.696616,0.17827693333333333,0.171901,0.20699689999999996,0.051563653503393585,95.55077191336187,0.05208886600841147,96.52402452180436,False
228,218,BATCH_NORMALIZATION,2,fused_bn_relu_quant_v2_spatial2,FUSION_BN_RELU_QUANT,BatchNormalization-Relu-QuantizeLinear,"[[1,512,49],[512],[512],[512],[512],[],[]]","[[1,512,49]]","[[512],[512],[512],[512],[],[]]",60,10.045262,0.16742103333333333,0.163021,0.1917892,0.04842376403142886,95.5991956773933,0.04891699452774479,96.57294151633211,False
229,30,RELU,1,relu_stride_optimized,,,"[[1,32,20,98]]","[[1,32,20,98]]",[],60,9.836721,0.16394535000000002,0.15567750000000002,0.22307039999999997,0.04741848012993598,95.64661415752323,0.04790147109432808,96.62084298742644,False
230,24,RELU,1,relu_stride_optimized,,,"[[1,32,20,98]]","[[1,32,20,98]]",[],60,9.789373,0.16315621666666666,0.15643249999999997,0.22629144999999998,0.04719023636891112,95.69380439389214,0.04767090250817277,96.66851388993462,False
231,326,BATCH_NORMALIZATION,2,fused_bn_relu_quant_v2_spatial2,FUSION_BN_RELU_QUANT,BatchNormalization-Relu-QuantizeLinear,"[[1,480,49],[480],[480],[480],[480],[],[]]","[[1,480,49]]","[[480],[480],[480],[480],[],[]]",60,9.689163,0.16148605000000002,0.15973949999999998,0.1860411,0.04670716829228062,95.74051156218442,0.04718291403941752,96.71569680397403,False
232,203,BATCH_NORMALIZATION,2,fused_bn_relu_quant_v2_spatial2,FUSION_BN_RELU_QUANT,BatchNormalization-Relu-QuantizeLinear,"[[1,480,49],[480],[480],[480],[480],[],[]]","[[1,480,49]]","[[480],[480],[480],[480],[],[]]",60,9.608431,0.16014051666666665,0.14992149999999999,0.20919749999999998,0.046317995036492435,95.78682955722091,0.04678977677707295,96.7624865807511,False
233,311,BATCH_NORMALIZATION,2,fused_bn_relu_quant_v2_spatial2,FUSION_BN_RELU_QUANT,BatchNormalization-Relu-QuantizeLinear,"[[1,448,49],[448],[448],[448],[448],[],[]]","[[1,448,49]]","[[448],[448],[448],[448],[],[]]",60,9.125218,0.15208696666666668,0.1475525,0.1827298,0.04398863893916826,95.83081819616008,0.04443669453026494,96.80692327528136,False
234,188,BATCH_NORMALIZATION,2,fused_bn_relu_quant_v2_spatial2,FUSION_BN_RELU_QUANT,BatchNormalization-Relu-QuantizeLinear,"[[1,448,49],[448],[448],[448],[448],[],[]]","[[1,448,49]]","[[448],[448],[448],[448],[],[]]",60,8.651924,0.14419873333333333,0.139427,0.1738645,0.0417070979526324,95.87252529411272,0.04213191442517515,96.84905518970653,False
235,296,BATCH_NORMALIZATION,2,fused_bn_relu_quant_v2_spatial2,FUSION_BN_RELU_QUANT,BatchNormalization-Relu-QuantizeLinear,"[[1,416,49],[416],[416],[416],[416],[],[]]","[[1,416,49]]","[[416],[416],[416],[416],[],[]]",60,8.487143,0.14145238333333332,0.139115,0.1677653,0.04091276165151225,95.91343805576423,0.041329487243556964,96.89038467695009,False
236,173,BATCH_NORMALIZATION,2,fused_bn_relu_quant_v2_spatial2,FUSION_BN_RELU_QUANT,BatchNormalization-Relu-QuantizeLinear,"[[1,416,49],[416],[416],[416],[416],[],[]]","[[1,416,49]]","[[416],[416],[416],[416],[],[]]",60,7.931141,0.13218568333333333,0.126589,0.164388,0.038232521987379794,95.95167057775161,0.03862194743111452,96.9290066243812,False
237,281,BATCH_NORMALIZATION,2,fused_bn_relu_quant_v2_spatial2,FUSION_BN_RELU_QUANT,BatchNormalization-Relu-QuantizeLinear,"[[1,384,49],[384],[384],[384],[384],[],[]]","[[1,384,49]]","[[384],[384],[384],[384],[],[]]",60,7.748964,0.1291494,0.12690099999999999,0.15129955,0.037354327266330846,95.98902490501794,0.037734807671884654,96.96674143205308,False
238,158,BATCH_NORMALIZATION,2,fused_bn_relu_quant_v2_spatial2,FUSION_BN_RELU_QUANT,BatchNormalization-Relu-QuantizeLinear,"[[1,384,49],[384],[384],[384],[384],[],[]]","[[1,384,49]]","[[384],[384],[384],[384],[],[]]",60,7.464948,0.1244158,0.1189325,0.1536018,0.03598521178032856,96.02501011679827,0.03635174677035795,97.00309317882345,False
239,266,BATCH_NORMALIZATION,2,fused_bn_relu_quant_v2_spatial2,FUSION_BN_RELU_QUANT,BatchNormalization-Relu-QuantizeLinear,"[[1,352,49],[352],[352],[352],[352],[],[]]","[[1,352,49]]","[[352],[352],[352],[352],[],[]]",60,7.026612,0.1171102,0.115547,0.13897720000000002,0.03387218784621112,96.05888230464448,0.03421720018378673,97.03731037900724,False
240,143,BATCH_NORMALIZATION,2,fused_bn_relu_quant_v2_spatial2,FUSION_BN_RELU_QUANT,BatchNormalization-Relu-QuantizeLinear,"[[1,352,49],[352],[352],[352],[352],[],[]]","[[1,352,49]]","[[352],[352],[352],[352],[],[]]",60,6.755877,0.11259795,0.1074735,0.13790834999999999,0.03256709418563274,96.09144939883012,0.03289881321553553,97.07020919222278,False
241,251,BATCH_NORMALIZATION,2,fused_bn_relu_quant_v2_spatial2,FUSION_BN_RELU_QUANT,BatchNormalization-Relu-QuantizeLinear,"[[1,320,49],[320],[320],[320],[320],[],[]]","[[1,320,49]]","[[320],[320],[320],[320],[],[]]",60,6.540054,0.1090009,0.1041405,0.13368224999999997,0.03152670698373048,96.12297610581385,0.031847828929614325,97.10205702115239,False
242,128,BATCH_NORMALIZATION,2,fused_bn_relu_quant_v2_spatial2,FUSION_BN_RELU_QUANT,BatchNormalization-Relu-QuantizeLinear,"[[1,320,49],[320],[320],[320],[320],[],[]]","[[1,320,49]]","[[320],[320],[320],[320],[],[]]",60,6.122555,0.10204258333333334,0.097969,0.12930395,0.029514129008227457,96.15249023482208,0.029814751415226055,97.13187177256762,False
243,32,DEQUANTIZE_LINEAR,1,dequantize_linear_neon_combined,,,"[[1,32,10,98],[],[]]","[[1,32,10,98]]","[[],[]]",60,6.013487,0.10022478333333333,0.099818,0.10130465000000001,0.028988360432417294,96.1814785952545,0.029283627512320182,97.16115540007993,False
244,236,BATCH_NORMALIZATION,2,fused_bn_relu_quant_v2_spatial2,FUSION_BN_RELU_QUANT,BatchNormalization-Relu-QuantizeLinear,"[[1,288,49],[288],[288],[288],[288],[],[]]","[[1,288,49]]","[[288],[288],[288],[288],[],[]]",60,6.01104,0.10018400000000001,0.0976305,0.12011444999999997,0.028976564527981464,96.21045515978248,0.029271711458203387,97.19042711153814,False
245,113,BATCH_NORMALIZATION,2,fused_bn_relu_quant_v2_spatial2,FUSION_BN_RELU_QUANT,BatchNormalization-Relu-QuantizeLinear,"[[1,288,49],[288],[288],[288],[288],[],[]]","[[1,288,49]]","[[288],[288],[288],[288],[],[]]",60,5.468703,0.09114504999999999,0.08747350000000001,0.11824479999999998,0.026362197783389538,96.23681735756587,0.026630715527863936,97.217057827066,False
246,221,BATCH_NORMALIZATION,2,fused_bn_relu_quant_v2_spatial2,FUSION_BN_RELU_QUANT,BatchNormalization-Relu-QuantizeLinear,"[[1,256,49],[256],[256],[256],[256],[],[]]","[[1,256,49]]","[[256],[256],[256],[256],[],[]]",60,5.256929,0.08761548333333334,0.085703,0.10309045,0.025341329019190867,96.26215868658505,0.025599448488824176,97.24265727555482,False
247,33,RELU,1,relu_stride_optimized,,,"[[1,32,10,98]]","[[1,32,10,98]]",[],60,4.85797,0.08096616666666666,0.07635449999999999,0.09223489999999998,0.023418124181505715,96.28557681076656,0.023656654441262793,97.26631392999609,False
248,98,BATCH_NORMALIZATION,2,fused_bn_relu_quant_v2_spatial2,FUSION_BN_RELU_QUANT,BatchNormalization-Relu-QuantizeLinear,"[[1,256,49],[256],[256],[256],[256],[],[]]","[[1,256,49]]","[[256],[256],[256],[256],[],[]]",60,4.836765,0.08061275,0.077031,0.10440899999999999,0.023315904257696217,96.30889271502426,0.02355339333478684,97.28986732333088,False
249,826,DEQUANTIZE_LINEAR,1,dequantize_linear_neon_combined,,,"[[1,512,49],[],[]]","[[1,512,49]]","[[],[]]",60,4.602816,0.07671359999999999,0.074401,0.07554185000000001,0.02218813962882056,96.33108085465308,0.022414141620618375,97.3122814649515,False
250,583,DEQUANTIZE_LINEAR,1,dequantize_linear_neon_combined,,,"[[1,512,49],[],[]]","[[1,512,49]]","[[],[]]",60,4.562238,0.0760373,0.07375000000000001,0.08097629999999992,0.02199253104271625,96.3530733856958,0.02221654062186425,97.33449800557337,False
251,83,BATCH_NORMALIZATION,2,fused_bn_relu_quant_v2_spatial2,FUSION_BN_RELU_QUANT,BatchNormalization-Relu-QuantizeLinear,"[[1,224,49],[224],[224],[224],[224],[],[]]","[[1,224,49]]","[[224],[224],[224],[224],[],[]]",60,4.187811,0.06979685,0.0684895,0.07509944999999998,0.020187584123960343,96.37326096981975,0.020393209034291933,97.35489121460766,False
252,827,RELU,1,relu_stride_optimized,,,"[[1,512,49]]","[[1,512,49]]",[],60,4.142808,0.06904679999999999,0.0682815,0.07299760000000001,0.019970644570496594,96.39323161439025,0.02017405979709612,97.37506527440476,False
253,201,QLINEAR_CONV,1,qlinear_conv_o4i4_v4,,,"[[1,64,49],[],[],[32,64,1],[32],[32],[],[],[32]]","[[1,32,49]]","[[],[],[32,64,1],[32],[32],[],[],[32]]",60,4.065261,0.06775434999999999,0.058672,0.10772134999999973,0.019596824790649614,96.4128284391809,0.019796432396771167,97.39486170680154,False
254,792,QLINEAR_CONV,1,qlinear_conv_o4i4_v4,,,"[[1,64,49],[],[],[32,64,1],[32],[32],[],[],[32]]","[[1,32,49]]","[[],[],[32,64,1],[32],[32],[],[],[32]]",60,3.678907,0.06131511666666667,0.059037,0.0644112499999999,0.01773438308145391,96.43056282226236,0.017915020393403577,97.41277672719494,False
255,66,QLINEAR_CONV,1,qlinear_conv_o4i4_v4,,,"[[1,64,49],[],[],[32,64,1],[32],[32],[],[],[32]]","[[1,32,49]]","[[],[],[32,64,1],[32],[32],[],[],[32]]",60,3.671975,0.061199583333333335,0.0585675,0.0940267,0.01770096697620291,96.44826378923857,0.017881263921340797,97.43065799111628,False
256,597,QLINEAR_CONV,1,qlinear_conv_o4i4_v4,,,"[[1,64,49],[],[],[32,64,1],[32],[32],[],[],[32]]","[[1,32,49]]","[[],[],[32,64,1],[32],[32],[],[],[32]]",60,3.669942,0.061165699999999996,0.059791,0.062010249999999996,0.017691166782611553,96.46595495602118,0.01787136390580363,97.44852935502207,False
257,111,QLINEAR_CONV,1,qlinear_conv_o4i4_v4,,,"[[1,64,49],[],[],[32,64,1],[32],[32],[],[],[32]]","[[1,32,49]]","[[],[],[32,64,1],[32],[32],[],[],[32]]",60,3.667502,0.06112503333333333,0.058567499999999995,0.08950789999999999,0.017679404622078888,96.48363436064325,0.017859481939295666,97.46638883696137,False
258,747,QLINEAR_CONV,1,qlinear_conv_o4i4_v4,,,"[[1,64,49],[],[],[32,64,1],[32],[32],[],[],[32]]","[[1,32,49]]","[[],[],[32,64,1],[32],[32],[],[],[32]]",60,3.644272,0.06073786666666667,0.059974,0.06163325,0.017567423069138798,96.50120178371239,0.01774635977454979,97.48413519673592,False
259,324,QLINEAR_CONV,1,qlinear_conv_o4i4_v4,,,"[[1,64,49],[],[],[32,64,1],[32],[32],[],[],[32]]","[[1,32,49]]","[[],[],[32,64,1],[32],[32],[],[],[32]]",60,3.643908,0.0607318,0.0595315,0.06176814999999997,0.017565668386174085,96.51876745209856,0.017744587218890405,97.5018797839548,False
260,612,QLINEAR_CONV,1,qlinear_conv_o4i4_v4,,,"[[1,64,49],[],[],[32,64,1],[32],[32],[],[],[32]]","[[1,32,49]]","[[],[],[32,64,1],[32],[32],[],[],[32]]",60,3.636927,0.06061545,0.058385,0.0631559999999999,0.017532016073600915,96.53629946817216,0.01771059213356578,97.51959037608837,False
261,807,QLINEAR_CONV,1,qlinear_conv_o4i4_v4,,,"[[1,64,49],[],[],[32,64,1],[32],[32],[],[],[32]]","[[1,32,49]]","[[],[],[32,64,1],[32],[32],[],[],[32]]",60,3.636611,0.06061018333333333,0.058541499999999996,0.06097624999999999,0.017530492777400784,96.55382996094956,0.01770905332150983,97.53729942940988,False
262,216,QLINEAR_CONV,1,qlinear_conv_o4i4_v4,,,"[[1,64,49],[],[],[32,64,1],[32],[32],[],[],[32]]","[[1,32,49]]","[[],[],[32,64,1],[32],[32],[],[],[32]]",60,3.633653,0.06056088333333333,0.059192999999999996,0.0615786,0.017516233568033723,96.57134619451759,0.017694648871948132,97.55499407828184,False
263,249,QLINEAR_CONV,1,qlinear_conv_o4i4_v4,,,"[[1,64,49],[],[],[32,64,1],[32],[32],[],[],[32]]","[[1,32,49]]","[[],[],[32,64,1],[32],[32],[],[],[32]]",60,3.629011,0.06048351666666667,0.058672,0.06207759999999994,0.017493856539676087,96.58884005105726,0.017672043917632576,97.57266612219946,False
264,444,QLINEAR_CONV,1,qlinear_conv_o4i4_v4,,,"[[1,64,49],[],[],[32,64,1],[32],[32],[],[],[32]]","[[1,32,49]]","[[],[],[32,64,1],[32],[32],[],[],[32]]",60,3.627551,0.06045918333333333,0.059271,0.06089289999999999,0.017486818525586867,96.60632686958284,0.01766493421636142,97.59033105641582,False
265,81,QLINEAR_CONV,1,qlinear_conv_o4i4_v4,,,"[[1,64,49],[],[],[32,64,1],[32],[32],[],[],[32]]","[[1,32,49]]","[[],[],[32,64,1],[32],[32],[],[],[32]]",60,3.623743,0.06039571666666667,0.058854,0.060682200000000006,0.017468461842263756,96.62379533142511,0.017646390557155552,97.60797744697298,False
266,504,QLINEAR_CONV,1,qlinear_conv_o4i4_v4,,,"[[1,64,49],[],[],[32,64,1],[32],[32],[],[],[32]]","[[1,32,49]]","[[],[],[32,64,1],[32],[32],[],[],[32]]",60,3.623693,0.06039488333333333,0.058698,0.06090845,0.01746822081438399,96.6412635522395,0.017646147074235306,97.62562359404721,False
267,777,QLINEAR_CONV,1,qlinear_conv_o4i4_v4,,,"[[1,64,49],[],[],[32,64,1],[32],[32],[],[],[32]]","[[1,32,49]]","[[],[],[32,64,1],[32],[32],[],[],[32]]",60,3.622868,0.06038113333333333,0.058802,0.0610697,0.017464243854367824,96.65872779609386,0.01764212960605126,97.64326572365326,False
268,474,QLINEAR_CONV,1,qlinear_conv_o4i4_v4,,,"[[1,64,49],[],[],[32,64,1],[32],[32],[],[],[32]]","[[1,32,49]]","[[],[],[32,64,1],[32],[32],[],[],[32]]",60,3.612449,0.06020748333333333,0.0594275,0.06051325,0.01741401846478182,96.67614181455863,0.017591392635130588,97.66085711628838,False
269,717,QLINEAR_CONV,1,qlinear_conv_o4i4_v4,,,"[[1,64,49],[],[],[32,64,1],[32],[32],[],[],[32]]","[[1,32,49]]","[[],[],[32,64,1],[32],[32],[],[],[32]]",60,3.611458,0.060190966666666665,0.05849,0.061068,0.017409241292204825,96.69355105585083,0.017586566803651327,97.67844368309204,False
270,672,QLINEAR_CONV,1,qlinear_conv_o4i4_v4,,,"[[1,64,49],[],[],[32,64,1],[32],[32],[],[],[32]]","[[1,32,49]]","[[],[],[32,64,1],[32],[32],[],[],[32]]",60,3.609589,0.06015981666666667,0.05901,0.06160465,0.017400231670059104,96.71095128752088,0.017577465412092565,97.69602114850413,False
271,732,QLINEAR_CONV,1,qlinear_conv_o4i4_v4,,,"[[1,64,49],[],[],[32,64,1],[32],[32],[],[],[32]]","[[1,32,49]]","[[],[],[32,64,1],[32],[32],[],[],[32]]",60,3.6086489999999998,0.06014414999999999,0.059323,0.0613202,0.01739570034591947,96.7283469878668,0.01757288793319196,97.71359403643733,False
272,549,QLINEAR_CONV,1,qlinear_conv_o4i4_v4,,,"[[1,64,49],[],[],[32,64,1],[32],[32],[],[],[32]]","[[1,32,49]]","[[],[],[32,64,1],[32],[32],[],[],[32]]",60,3.604948,0.06008246666666666,0.0589585,0.06162705,0.017377859462259063,96.74572484732906,0.017554865327435415,97.73114890176477,False
273,369,QLINEAR_CONV,1,qlinear_conv_o4i4_v4,,,"[[1,64,49],[],[],[32,64,1],[32],[32],[],[],[32]]","[[1,32,49]]","[[],[],[32,64,1],[32],[32],[],[],[32]]",60,3.604216,0.06007026666666667,0.058906,0.059927249999999994,0.017374330814099264,96.76309917814315,0.017551300737483025,97.74870020250225,False
274,489,QLINEAR_CONV,1,qlinear_conv_o4i4_v4,,,"[[1,64,49],[],[],[32,64,1],[32],[32],[],[],[32]]","[[1,32,49]]","[[],[],[32,64,1],[32],[32],[],[],[32]]",60,3.602858,0.06004763333333333,0.05862,0.059801549999999995,0.017367784496884774,96.78046696264003,0.01754468774136917,97.76624489024361,False
275,68,BATCH_NORMALIZATION,2,fused_bn_relu_quant_v2_spatial2,FUSION_BN_RELU_QUANT,BatchNormalization-Relu-QuantizeLinear,"[[1,192,49],[192],[192],[192],[192],[],[]]","[[1,192,49]]","[[192],[192],[192],[192],[],[]]",60,3.593175,0.05988625,0.059375,0.06216105,0.01732110703768895,96.79778806967772,0.0174975348390345,97.78374242508265,False
276,822,QLINEAR_CONV,1,qlinear_conv_o4i4_v4,,,"[[1,64,49],[],[],[32,64,1],[32],[32],[],[],[32]]","[[1,32,49]]","[[],[],[32,64,1],[32],[32],[],[],[32]]",60,3.591352,0.05985586666666667,0.059115,0.06323419999999999,0.01731231916119262,96.81510038883891,0.017488657451762365,97.80123108253441,False
277,762,QLINEAR_CONV,1,qlinear_conv_o4i4_v4,,,"[[1,64,49],[],[],[32,64,1],[32],[32],[],[],[32]]","[[1,32,49]]","[[],[],[32,64,1],[32],[32],[],[],[32]]",60,3.580582,0.05967636666666667,0.058933,0.060252299999999995,0.017260401755890647,96.8323607905948,0.01743621123074157,97.81866729376516,False
278,642,QLINEAR_CONV,1,qlinear_conv_o4i4_v4,,,"[[1,64,49],[],[],[32,64,1],[32],[32],[],[],[32]]","[[1,32,49]]","[[],[],[32,64,1],[32],[32],[],[],[32]]",60,3.578441,0.05964068333333334,0.0590105,0.060314599999999996,0.017250080942078996,96.84961087153688,0.017425785292096672,97.83609307905725,False
279,186,QLINEAR_CONV,1,qlinear_conv_o4i4_v4,,,"[[1,64,49],[],[],[32,64,1],[32],[32],[],[],[32]]","[[1,32,49]]","[[],[],[32,64,1],[32],[32],[],[],[32]]",60,3.574373,0.05957288333333333,0.0591145,0.0599506,0.01723047091378109,96.86684134245067,0.01740597552170553,97.85349905457896,False
280,399,QLINEAR_CONV,1,qlinear_conv_o4i4_v4,,,"[[1,64,49],[],[],[32,64,1],[32],[32],[],[],[32]]","[[1,32,49]]","[[],[],[32,64,1],[32],[32],[],[],[32]]",60,3.573963,0.05956605,0.058646,0.0607404,0.017228494485166997,96.88406983693584,0.01740397896175952,97.87090303354073,False
281,579,QLINEAR_CONV,1,qlinear_conv_o4i4_v4,,,"[[1,64,49],[],[],[32,64,1],[32],[32],[],[],[32]]","[[1,32,49]]","[[],[],[32,64,1],[32],[32],[],[],[32]]",60,3.5734369999999998,0.05955728333333333,0.0595315,0.060580800000000004,0.01722595887187184,96.90129579580771,0.01740141752143854,97.88830445106217,False
282,564,QLINEAR_CONV,1,qlinear_conv_o4i4_v4,,,"[[1,64,49],[],[],[32,64,1],[32],[32],[],[],[32]]","[[1,32,49]]","[[],[],[32,64,1],[32],[32],[],[],[32]]",60,3.5612019999999998,0.059353366666666664,0.058567999999999995,0.059690549999999995,0.017166979349692676,96.91846277515741,0.01734183725085456,97.90564628831302,False
283,702,QLINEAR_CONV,1,qlinear_conv_o4i4_v4,,,"[[1,64,49],[],[],[32,64,1],[32],[32],[],[],[32]]","[[1,32,49]]","[[],[],[32,64,1],[32],[32],[],[],[32]]",60,3.557236,0.059287266666666665,0.058359499999999995,0.05969579999999999,0.017147861018269494,96.93561063617568,0.01732252418562072,97.92296881249864,False
284,657,QLINEAR_CONV,1,qlinear_conv_o4i4_v4,,,"[[1,64,49],[],[],[32,64,1],[32],[32],[],[],[32]]","[[1,32,49]]","[[],[],[32,64,1],[32],[32],[],[],[32]]",60,3.557034,0.059283899999999994,0.059271,0.060315549999999996,0.017146887265635236,96.95275752344132,0.01732154051462293,97.94029035301327,False
285,429,QLINEAR_CONV,1,qlinear_conv_o4i4_v4,,,"[[1,64,49],[],[],[32,64,1],[32],[32],[],[],[32]]","[[1,32,49]]","[[],[],[32,64,1],[32],[32],[],[],[32]]",60,3.546511,0.05910851666666667,0.0586195,0.0601118,0.01709616053805932,96.96985368397938,0.017270297099228147,97.9575606501125,False
286,519,QLINEAR_CONV,1,qlinear_conv_o4i4_v4,,,"[[1,64,49],[],[],[32,64,1],[32],[32],[],[],[32]]","[[1,32,49]]","[[],[],[32,64,1],[32],[32],[],[],[32]]",60,3.544113,0.05906855,0.0590105,0.06011965,0.017084600840945655,96.98693828482033,0.01725861965837319,97.97481926977088,False
287,156,QLINEAR_CONV,1,qlinear_conv_o4i4_v4,,,"[[1,64,49],[],[],[32,64,1],[32],[32],[],[],[32]]","[[1,32,49]]","[[],[],[32,64,1],[32],[32],[],[],[32]]",60,3.5417229999999997,0.05902871666666666,0.058906,0.060156,0.01707307970829276,97.00401136452862,0.017246981174785472,97.99206625094565,False
288,141,QLINEAR_CONV,1,qlinear_conv_o4i4_v4,,,"[[1,64,49],[],[],[32,64,1],[32],[32],[],[],[32]]","[[1,32,49]]","[[],[],[32,64,1],[32],[32],[],[],[32]]",60,3.5413040000000002,0.05902173333333334,0.058724,0.0600078,0.017071059894660304,97.02108242442328,0.017244940787913818,98.00931119173357,False
289,627,QLINEAR_CONV,1,qlinear_conv_o4i4_v4,,,"[[1,64,49],[],[],[32,64,1],[32],[32],[],[],[32]]","[[1,32,49]]","[[],[],[32,64,1],[32],[32],[],[],[32]]",60,3.539897,0.05899828333333333,0.058125,0.0604794,0.01706427737012364,97.03814670179341,0.017238089178538123,98.0265492809121,False
290,264,QLINEAR_CONV,1,qlinear_conv_o4i4_v4,,,"[[1,64,49],[],[],[32,64,1],[32],[32],[],[],[32]]","[[1,32,49]]","[[],[],[32,64,1],[32],[32],[],[],[32]]",60,3.535362,0.0589227,0.058124999999999996,0.06028345,0.017042416141428707,97.05518911793483,0.01721600527767189,98.04376528618978,False
291,279,QLINEAR_CONV,1,qlinear_conv_o4i4_v4,,,"[[1,64,49],[],[],[32,64,1],[32],[32],[],[],[32]]","[[1,32,49]]","[[],[],[32,64,1],[32],[32],[],[],[32]]",60,3.534949,0.05891581666666667,0.058333,0.0596402,0.017040425251141824,97.07222954318597,0.017213994108750665,98.06097928029853,False
292,51,QLINEAR_CONV,1,qlinear_conv_o4i4_v4,,,"[[1,64,49],[],[],[32,64,1],[32],[32],[],[],[32]]","[[1,32,49]]","[[],[],[32,64,1],[32],[32],[],[],[32]]",60,3.528334,0.05880556666666667,0.05862,0.06043,0.017008537262648553,97.08923808044862,0.017181781318402235,98.07816106161692,False
293,687,QLINEAR_CONV,1,qlinear_conv_o4i4_v4,,,"[[1,64,49],[],[],[32,64,1],[32],[32],[],[],[32]]","[[1,32,49]]","[[],[],[32,64,1],[32],[32],[],[],[32]]",60,3.525157,0.05875261666666667,0.058698,0.059794599999999996,0.01699322235116811,97.1062313027998,0.01716631041364986,98.09532737203057,False
294,126,QLINEAR_CONV,1,qlinear_conv_o4i4_v4,,,"[[1,64,49],[],[],[32,64,1],[32],[32],[],[],[32]]","[[1,32,49]]","[[],[],[32,64,1],[32],[32],[],[],[32]]",60,3.521202,0.0586867,0.058099,0.059901199999999995,0.01697415704587848,97.12320545984568,0.017147050914658474,98.11247442294523,False
295,309,QLINEAR_CONV,1,qlinear_conv_o4i4_v4,,,"[[1,64,49],[],[],[32,64,1],[32],[32],[],[],[32]]","[[1,32,49]]","[[],[],[32,64,1],[32],[32],[],[],[32]]",60,3.519008,0.05865013333333333,0.058203000000000005,0.0604846,0.016963580742514275,97.14016904058819,0.01713636688411812,98.12961078982934,False
296,534,QLINEAR_CONV,1,qlinear_conv_o4i4_v4,,,"[[1,64,49],[],[],[32,64,1],[32],[32],[],[],[32]]","[[1,32,49]]","[[],[],[32,64,1],[32],[32],[],[],[32]]",60,3.517912,0.058631866666666664,0.058567499999999995,0.059794599999999996,0.016958297411389763,97.15712733799958,0.017131029738506345,98.14674181956785,False
297,234,QLINEAR_CONV,1,qlinear_conv_o4i4_v4,,,"[[1,64,49],[],[],[32,64,1],[32],[32],[],[],[32]]","[[1,32,49]]","[[],[],[32,64,1],[32],[32],[],[],[32]]",60,3.51735,0.0586225,0.058177,0.05964285,0.016955588258021174,97.1740829262576,0.01712829299048279,98.16387011255833,False
298,459,QLINEAR_CONV,1,qlinear_conv_o4i4_v4,,,"[[1,64,49],[],[],[32,64,1],[32],[32],[],[],[32]]","[[1,32,49]]","[[],[],[32,64,1],[32],[32],[],[],[32]]",60,3.517241,0.05862068333333333,0.05862,0.0595008,0.016955062817243283,97.19103798907484,0.017127762197716657,98.18099787475605,False
299,339,QLINEAR_CONV,1,qlinear_conv_o4i4_v4,,,"[[1,64,49],[],[],[32,64,1],[32],[32],[],[],[32]]","[[1,32,49]]","[[],[],[32,64,1],[32],[32],[],[],[32]]",60,3.514842,0.0585807,0.058437,0.06004424999999999,0.016943498299572025,97.20798148737441,0.017116079887203296,98.19811395464325,False
300,354,QLINEAR_CONV,1,qlinear_conv_o4i4_v4,,,"[[1,64,49],[],[],[32,64,1],[32],[32],[],[],[32]]","[[1,32,49]]","[[],[],[32,64,1],[32],[32],[],[],[32]]",60,3.510163,0.05850271666666666,0.058333499999999996,0.059961,0.01692094291058336,97.224902430285,0.017093294755526758,98.21520724939877,False
301,294,QLINEAR_CONV,1,qlinear_conv_o4i4_v4,,,"[[1,64,49],[],[],[32,64,1],[32],[32],[],[],[32]]","[[1,32,49]]","[[],[],[32,64,1],[32],[32],[],[],[32]]",60,3.501871,0.058364516666666665,0.058411500000000005,0.059538850000000004,0.01688097084700268,97.241783401132,0.017052915548033308,98.23226016494681,False
302,171,QLINEAR_CONV,1,qlinear_conv_o4i4_v4,,,"[[1,64,49],[],[],[32,64,1],[32],[32],[],[],[32]]","[[1,32,49]]","[[],[],[32,64,1],[32],[32],[],[],[32]]",60,3.501566,0.058359433333333335,0.058229,0.059403599999999994,0.016879500576936095,97.25866290170893,0.017051430302219815,98.24931159524903,False
303,414,QLINEAR_CONV,1,qlinear_conv_o4i4_v4,,,"[[1,64,49],[],[],[32,64,1],[32],[32],[],[],[32]]","[[1,32,49]]","[[],[],[32,64,1],[32],[32],[],[],[32]]",60,3.498021,0.05830035,0.058125,0.059393249999999995,0.016862411700260562,97.27552531340919,0.017034167363174438,98.2663457626122,False
304,96,QLINEAR_CONV,1,qlinear_conv_o4i4_v4,,,"[[1,64,49],[],[],[32,64,1],[32],[32],[],[],[32]]","[[1,32,49]]","[[],[],[32,64,1],[32],[32],[],[],[32]]",60,3.495778,0.058262966666666666,0.058125,0.059176450000000005,0.01685159918957418,97.29237691259877,0.017023244719372242,98.28336900733157,False
305,384,QLINEAR_CONV,1,qlinear_conv_o4i4_v4,,,"[[1,64,49],[],[],[32,64,1],[32],[32],[],[],[32]]","[[1,32,49]]","[[],[],[32,64,1],[32],[32],[],[],[32]]",60,3.476976,0.057949600000000004,0.057917,0.058752599999999995,0.016760963065666323,97.30913787566443,0.01693168540204327,98.30030069273361,False
306,38,BATCH_NORMALIZATION,2,fused_bn_relu_quant_v2_spatial2,FUSION_BN_RELU_QUANT,BatchNormalization-Relu-QuantizeLinear,"[[1,128,49],[128],[128],[128],[128],[],[]]","[[1,128,49]]","[[128],[128],[128],[128],[],[]]",60,3.255312,0.054255199999999996,0.05362,0.06018205,0.015692418986849598,97.32483029465128,0.015852257441379025,98.316152950175,False
307,53,BATCH_NORMALIZATION,2,fused_bn_relu_quant_v2_spatial2,FUSION_BN_RELU_QUANT,BatchNormalization-Relu-QuantizeLinear,"[[1,160,49],[160],[160],[160],[160],[],[]]","[[1,160,49]]","[[160],[160],[160],[160],[],[]]",60,3.239529,0.05399215,0.0536975,0.0583123,0.015616336126322112,97.3404466307776,0.015775399622774453,98.33192834979776,False
308,220,DEQUANTIZE_LINEAR,1,dequantize_linear_neon_combined,,,"[[1,256,49],[],[]]","[[1,256,49]]","[[],[]]",60,2.224011,0.03706685,0.036667,0.04007804999999999,0.010720973118202604,97.3511676038958,0.010830173858744971,98.34275852365651,False
309,36,DEQUANTIZE_LINEAR,1,dequantize_linear_neon_combined,,,"[[1,128,49],[],[]]","[[1,128,49]]","[[],[]]",60,1.347084,0.0224514,0.022448,0.0238098,0.006493696007780914,97.35766129990358,0.006559838922709289,98.34931836257923,False
310,508,DEQUANTIZE_LINEAR,1,dequantize_linear_neon_combined,,,"[[1,128,49],[],[]]","[[1,128,49]]","[[],[]]",60,1.330208,0.022170133333333335,0.0204165,0.02278345,0.006412344277801706,97.36407364418139,0.006477658567468159,98.35579602114669,False
311,796,DEQUANTIZE_LINEAR,1,dequantize_linear_neon_combined,,,"[[1,128,49],[],[]]","[[1,128,49]]","[[],[]]",60,1.299166,0.021652766666666667,0.0208855,0.024051649999999997,0.006262704528926703,97.37033634871031,0.006326494631263185,98.36212251577795,False
312,568,DEQUANTIZE_LINEAR,1,dequantize_linear_neon_combined,,,"[[1,128,49],[],[]]","[[1,128,49]]","[[],[]]",60,1.284632,0.021410533333333332,0.020650500000000002,0.02327945,0.006192642544835816,97.37652899125514,0.006255719016006338,98.36837823479397,False
313,831,BATCH_NORMALIZATION,1,batch_normalization_stride,,,"[[1,192],[192],[192],[192],[192]]","[[1,192]]","[[192],[192],[192],[192]]",60,1.280308,0.021338466666666667,0.020442500000000002,0.02156815,0.006171798453793502,97.38270078970893,0.006234662613063539,98.37461289740703,False
314,601,DEQUANTIZE_LINEAR,1,dequantize_linear_neon_combined,,,"[[1,128,49],[],[]]","[[1,128,49]]","[[],[]]",60,1.258641,0.02097735,0.0192185,0.023023699999999994,0.0060673514323749496,97.38876814114131,0.0061291517244045236,98.38074204913144,False
315,721,DEQUANTIZE_LINEAR,1,dequantize_linear_neon_combined,,,"[[1,128,49],[],[]]","[[1,128,49]]","[[],[]]",60,1.254631,0.020910516666666667,0.0197915,0.0236035,0.006048020996417577,97.39481616213773,0.006109624394200866,98.38685167352564,False
316,823,MUL,4,fused_dequant_sigmoid_mul_optimized,FUSION_POOL_CAM,DequantizeLinear-Sigmoid-Mul,"[[1,32,49],[],[],[1,32,49]]","[[1,32,49]]","[[],[]]",60,1.251304,0.020855066666666665,0.019297,0.023388600000000002,0.006031983001297832,97.40084814513902,0.006093423040687756,98.39294509656632,False
317,253,DEQUANTIZE_LINEAR,1,dequantize_linear_neon_combined,,,"[[1,128,49],[],[]]","[[1,128,49]]","[[],[]]",60,1.248595,0.020809916666666664,0.0179425,0.0195414,0.006018924110772016,97.4068670692498,0.006080231136068876,98.39902532770239,False
318,811,DEQUANTIZE_LINEAR,1,dequantize_linear_neon_combined,,,"[[1,128,49],[],[]]","[[1,128,49]]","[[],[]]",60,1.2444330000000001,0.020740550000000003,0.0205205,0.0239658,0.0059988609500601486,97.41286593019986,0.006059963617787673,98.40508529132018,False
319,478,DEQUANTIZE_LINEAR,1,dequantize_linear_neon_combined,,,"[[1,128,49],[],[]]","[[1,128,49]]","[[],[]]",60,1.241195,0.020686583333333335,0.02,0.022989849999999996,0.00598325198456639,97.41884918218442,0.006044195663872599,98.41112948698405,False
320,538,DEQUANTIZE_LINEAR,1,dequantize_linear_neon_combined,,,"[[1,128,49],[],[]]","[[1,128,49]]","[[],[]]",60,1.240882,0.020681366666666666,0.020156,0.022658699999999997,0.005981743150039044,97.42483092533446,0.006042671460791865,98.41717215844484,False
321,598,MUL,4,fused_dequant_sigmoid_mul_optimized,FUSION_POOL_CAM,DequantizeLinear-Sigmoid-Mul,"[[1,32,49],[],[],[1,32,49]]","[[1,32,49]]","[[],[]]",60,1.2367730000000001,0.020612883333333335,0.019792,0.02125,0.005961935478879731,97.43079286081334,0.006022662034406122,98.42319482047925,False
322,553,DEQUANTIZE_LINEAR,1,dequantize_linear_neon_combined,,,"[[1,128,49],[],[]]","[[1,128,49]]","[[],[]]",60,1.226615,0.020443583333333334,0.020208,0.02302785,0.005912968254826117,97.43670582906817,0.0059731960443291255,98.42916801652358,False
323,781,DEQUANTIZE_LINEAR,1,dequantize_linear_neon_combined,,,"[[1,128,49],[],[]]","[[1,128,49]]","[[],[]]",60,1.226406,0.020440100000000003,0.020287,0.02224,0.005911960758288688,97.44261778982646,0.005972178285722501,98.43514019480929,False
324,766,DEQUANTIZE_LINEAR,1,dequantize_linear_neon_combined,,,"[[1,128,49],[],[]]","[[1,128,49]]","[[],[]]",60,1.218229,0.020303816666666665,0.0204165,0.02219835,0.005872543058831473,97.44849033288529,0.0059323590889456155,98.44107255389824,False
325,403,DEQUANTIZE_LINEAR,1,dequantize_linear_neon_combined,,,"[[1,128,49],[],[]]","[[1,128,49]]","[[],[]]",60,1.211354,0.020189233333333334,0.019401,0.0221594,0.0058394017253634075,97.45432973461065,0.005898880187411913,98.44697143408565,False
326,523,DEQUANTIZE_LINEAR,1,dequantize_linear_neon_combined,,,"[[1,128,49],[],[]]","[[1,128,49]]","[[],[]]",60,1.20948,0.020158000000000002,0.019948,0.022616999999999998,0.0058303680004297125,97.46016010261108,0.005889754447561126,98.45286118853322,False
327,751,DEQUANTIZE_LINEAR,1,dequantize_linear_neon_combined,,,"[[1,128,49],[],[]]","[[1,128,49]]","[[],[]]",60,1.206303,0.02010505,0.019714000000000002,0.02304185,0.005815053088949271,97.46597515570004,0.005874283542808751,98.45873547207603,False
328,493,DEQUANTIZE_LINEAR,1,dequantize_linear_neon_combined,,,"[[1,128,49],[],[]]","[[1,128,49]]","[[],[]]",60,1.19953,0.019992166666666665,0.019896,0.021875,0.005782403452355932,97.4717575591524,0.005841301346432348,98.46457677342246,False
329,736,DEQUANTIZE_LINEAR,1,dequantize_linear_neon_combined,,,"[[1,128,49],[],[]]","[[1,128,49]]","[[],[]]",60,1.19917,0.01998616666666667,0.019844,0.022880599999999997,0.0057806680516216055,97.47753822720402,0.005839548269406584,98.47041632169187,False
330,706,DEQUANTIZE_LINEAR,1,dequantize_linear_neon_combined,,,"[[1,128,49],[],[]]","[[1,128,49]]","[[],[]]",60,1.18802,0.019800333333333333,0.019713,0.0215682,0.005726918834433399,97.48326514603845,0.005785251578191925,98.47620157327006,False
331,691,DEQUANTIZE_LINEAR,1,dequantize_linear_neon_combined,,,"[[1,128,49],[],[]]","[[1,128,49]]","[[],[]]",60,1.18396,0.019732666666666666,0.0197915,0.021737249999999996,0.005707347370596258,97.48897249340905,0.005765480765068022,98.48196705403512,False
332,463,DEQUANTIZE_LINEAR,1,dequantize_linear_neon_combined,,,"[[1,128,49],[],[]]","[[1,128,49]]","[[],[]]",60,1.18224,0.019704,0.0195315,0.02203105,0.005699056011532248,97.49467154942059,0.005757104952611589,98.48772415898773,False
333,448,DEQUANTIZE_LINEAR,1,dequantize_linear_neon_combined,,,"[[1,128,49],[],[]]","[[1,128,49]]","[[],[]]",60,1.177288,0.019621466666666663,0.019348999999999998,0.0214096,0.005675184610320051,97.50034673403091,0.005732990404190514,98.49345714939192,False
334,646,DEQUANTIZE_LINEAR,1,dequantize_linear_neon_combined,,,"[[1,128,49],[],[]]","[[1,128,49]]","[[],[]]",60,1.176875,0.01961458333333333,0.019452999999999998,0.021634900000000002,0.00567319372003317,97.50601992775094,0.005730979235269289,98.49918812862718,False
335,418,DEQUANTIZE_LINEAR,1,dequantize_linear_neon_combined,,,"[[1,128,49],[],[]]","[[1,128,49]]","[[],[]]",60,1.174166,0.019569433333333334,0.019323,0.021478949999999997,0.005660134829507354,97.51168006258045,0.005717787330650409,98.50490591595783,False
336,778,MUL,4,fused_dequant_sigmoid_mul_optimized,FUSION_POOL_CAM,DequantizeLinear-Sigmoid-Mul,"[[1,32,49],[],[],[1,32,49]]","[[1,32,49]]","[[],[]]",60,1.172655,0.01954425,0.0189585,0.02094055,0.005652850966980772,97.51733291354743,0.005710429276800602,98.51061634523464,False
337,52,MUL,4,fused_dequant_sigmoid_mul_optimized,FUSION_POOL_CAM,DequantizeLinear-Sigmoid-Mul,"[[1,32,49],[],[],[1,32,49]]","[[1,32,49]]","[[],[]]",60,1.170989,0.019516483333333334,0.0195315,0.02031725,0.005644819918026912,97.52297773346547,0.0057023164258980345,98.51631866166053,False
338,676,DEQUANTIZE_LINEAR,1,dequantize_linear_neon_combined,,,"[[1,128,49],[],[]]","[[1,128,49]]","[[],[]]",60,1.1706159999999999,0.019510266666666665,0.019375,0.022458399999999996,0.005643021850043844,97.52862075531552,0.005700500043313006,98.52201916170385,False
339,373,DEQUANTIZE_LINEAR,1,dequantize_linear_neon_combined,,,"[[1,128,49],[],[]]","[[1,128,49]]","[[],[]]",60,1.17041,0.01950683333333333,0.019140499999999998,0.0221273,0.005642028815179201,97.53426278413069,0.005699496893681597,98.52771865859754,False
340,661,DEQUANTIZE_LINEAR,1,dequantize_linear_neon_combined,,,"[[1,128,49],[],[]]","[[1,128,49]]","[[],[]]",60,1.169113,0.01948521666666667,0.019427,0.0214086,0.005635776551978026,97.53989856068267,0.005693180946730439,98.53341183954427,False
341,433,DEQUANTIZE_LINEAR,1,dequantize_linear_neon_combined,,,"[[1,128,49],[],[]]","[[1,128,49]]","[[],[]]",60,1.168801,0.019480016666666666,0.019348999999999998,0.02178405,0.005634272538008275,97.54553283322068,0.005691661613308109,98.53910350115758,False
342,388,DEQUANTIZE_LINEAR,1,dequantize_linear_neon_combined,,,"[[1,128,49],[],[]]","[[1,128,49]]","[[],[]]",60,1.168181,0.01946968333333333,0.019401,0.021893249999999996,0.005631283792299156,97.55116411701297,0.005688642425097069,98.54479214358268,False
343,616,DEQUANTIZE_LINEAR,1,dequantize_linear_neon_combined,,,"[[1,128,49],[],[]]","[[1,128,49]]","[[],[]]",60,1.160415,0.01934025,0.0190625,0.021317799999999994,0.00559384734201363,97.55675796435499,0.005650824657924599,98.5504429682406,False
344,358,DEQUANTIZE_LINEAR,1,dequantize_linear_neon_combined,,,"[[1,128,49],[],[]]","[[1,128,49]]","[[],[]]",60,1.156771,0.019279516666666666,0.019166,0.022455799999999998,0.005576281230136157,97.56233424558512,0.005633079622697135,98.5560760478633,False
345,175,DEQUANTIZE_LINEAR,1,dequantize_linear_neon_combined,,,"[[1,128,49],[],[]]","[[1,128,49]]","[[],[]]",60,1.15541,0.019256833333333334,0.018514999999999997,0.02255985,0.005569720451248879,97.56790396603637,0.005626452017608063,98.56170249988091,False
346,160,DEQUANTIZE_LINEAR,1,dequantize_linear_neon_combined,,,"[[1,128,49],[],[]]","[[1,128,49]]","[[],[]]",60,1.154841,0.01924735,0.0182295,0.021979,0.005566977553977122,97.57347094359035,0.005623681181975673,98.56732618106288,False
347,205,DEQUANTIZE_LINEAR,1,dequantize_linear_neon_combined,,,"[[1,128,49],[],[]]","[[1,128,49]]","[[],[]]",60,1.153597,0.019226616666666665,0.019036499999999998,0.02142945,0.0055609807803285016,97.57903192437068,0.005617623326919975,98.57294380438981,False
348,343,DEQUANTIZE_LINEAR,1,dequantize_linear_neon_combined,,,"[[1,128,49],[],[]]","[[1,128,49]]","[[],[]]",60,1.150056,0.0191676,0.018906,0.02073454999999999,0.00554391118588335,97.58457583555656,0.005600379866508217,98.57854418425632,False
349,631,DEQUANTIZE_LINEAR,1,dequantize_linear_neon_combined,,,"[[1,128,49],[],[]]","[[1,128,49]]","[[],[]]",60,1.145674,0.019094566666666667,0.01875,0.0215812,0.005522787502500505,97.59009862305906,0.005579041023377935,98.5841232252797,False
350,190,DEQUANTIZE_LINEAR,1,dequantize_linear_neon_combined,,,"[[1,128,49],[],[]]","[[1,128,49]]","[[],[]]",60,1.145365,0.019089416666666668,0.0183855,0.021231949999999996,0.0055212979502035405,97.59561992100927,0.005577536298930821,98.58970076157863,False
351,115,DEQUANTIZE_LINEAR,1,dequantize_linear_neon_combined,,,"[[1,128,49],[],[]]","[[1,128,49]]","[[],[]]",60,1.139797,0.018996616666666667,0.018125,0.021682649999999998,0.005494457085512605,97.60111437809479,0.0055504220409323245,98.59525118361955,False
352,586,DEQUANTIZE_LINEAR,1,dequantize_linear_neon_combined,,,"[[1,128,49],[],[]]","[[1,128,49]]","[[],[]]",60,1.137967,0.018966116666666664,0.018594,0.02069,0.005485635465113106,97.6066000135599,0.005541510566051354,98.6007926941856,False
353,130,DEQUANTIZE_LINEAR,1,dequantize_linear_neon_combined,,,"[[1,128,49],[],[]]","[[1,128,49]]","[[],[]]",60,1.13771,0.018961833333333334,0.018073,0.021835999999999998,0.0054843965818111,97.6120844101417,0.005540259063841295,98.60633295324944,False
354,145,DEQUANTIZE_LINEAR,1,dequantize_linear_neon_combined,,,"[[1,128,49],[],[]]","[[1,128,49]]","[[],[]]",60,1.135208,0.018920133333333332,0.018385,0.0211668,0.005472335546707522,97.61755674568842,0.005528075178512229,98.61186102842795,False
355,763,MUL,4,fused_dequant_sigmoid_mul_optimized,FUSION_POOL_CAM,DequantizeLinear-Sigmoid-Mul,"[[1,32,49],[],[],[1,32,49]]","[[1,32,49]]","[[],[]]",60,1.134688,0.018911466666666665,0.018411499999999997,0.01987785,0.0054698288567579375,97.62302657454518,0.005525542956141679,98.61738657138409,False
356,328,DEQUANTIZE_LINEAR,1,dequantize_linear_neon_combined,,,"[[1,128,49],[],[]]","[[1,128,49]]","[[],[]]",60,1.132083,0.01886805,0.018698,0.0206328,0.005457271304222038,97.6284838458494,0.005512857495996909,98.62289942888009,False
357,313,DEQUANTIZE_LINEAR,1,dequantize_linear_neon_combined,,,"[[1,128,49],[],[]]","[[1,128,49]]","[[],[]]",60,1.132032,0.018867199999999997,0.018723999999999998,0.020945799999999997,0.0054570254557846755,97.63394087130519,0.005512609143418259,98.62841203802351,False
358,85,DEQUANTIZE_LINEAR,1,dequantize_linear_neon_combined,,,"[[1,128,49],[],[]]","[[1,128,49]]","[[],[]]",60,1.130997,0.01884995,0.017969,0.0206302,0.005452036178673483,97.63939290748385,0.005507569046969186,98.63391960707048,False
359,235,MUL,4,fused_dequant_sigmoid_mul_optimized,FUSION_POOL_CAM,DequantizeLinear-Sigmoid-Mul,"[[1,32,49],[],[],[1,32,49]]","[[1,32,49]]","[[],[]]",60,1.125836,0.018763933333333333,0.018203499999999997,0.020187249999999997,0.005427157280923857,97.64482006476477,0.005482436739941486,98.63940204381042,False
360,298,DEQUANTIZE_LINEAR,1,dequantize_linear_neon_combined,,,"[[1,128,49],[],[]]","[[1,128,49]]","[[],[]]",60,1.120679,0.018677983333333332,0.018515499999999997,0.0200546,0.005402297665404612,97.65022236243017,0.0054573239115474044,98.64485936772196,False
361,268,DEQUANTIZE_LINEAR,1,dequantize_linear_neon_combined,,,"[[1,128,49],[],[]]","[[1,128,49]]","[[],[]]",60,1.119535,0.018658916666666667,0.01849,0.0196984,0.005396782947515526,97.65561914537768,0.005451753022332196,98.65031112074429,False
362,580,MUL,4,fused_dequant_sigmoid_mul_optimized,FUSION_POOL_CAM,DequantizeLinear-Sigmoid-Mul,"[[1,32,49],[],[],[1,32,49]]","[[1,32,49]]","[[],[]]",60,1.117448,0.018624133333333334,0.018359,0.020521,0.005386722443814021,97.6610058678215,0.0054415900452411655,98.65575271078953,False
363,238,DEQUANTIZE_LINEAR,1,dequantize_linear_neon_combined,,,"[[1,128,49],[],[]]","[[1,128,49]]","[[],[]]",60,1.115987,0.018599783333333335,0.018098999999999997,0.019890849999999998,0.005379679609167207,97.66638554743066,0.005434475474311603,98.66118718626385,False
364,283,DEQUANTIZE_LINEAR,1,dequantize_linear_neon_combined,,,"[[1,128,49],[],[]]","[[1,128,49]]","[[],[]]",60,1.115934,0.018598899999999998,0.018385,0.0199688,0.005379424119614654,97.67176497155027,0.005434217382416144,98.66662140364626,False
365,100,DEQUANTIZE_LINEAR,1,dequantize_linear_neon_combined,,,"[[1,128,49],[],[]]","[[1,128,49]]","[[],[]]",60,1.11203,0.018533833333333336,0.018020500000000002,0.02064845,0.005360604662762388,97.67712557621304,0.005415206236003406,98.67203660988227,False
366,70,DEQUANTIZE_LINEAR,1,dequantize_linear_neon_combined,,,"[[1,128,49],[],[]]","[[1,128,49]]","[[],[]]",60,1.10219,0.018369833333333332,0.017969,0.019805,0.005313170376024098,97.68243874658907,0.005367288797299167,98.67740389867957,False
367,808,MUL,4,fused_dequant_sigmoid_mul_optimized,FUSION_POOL_CAM,DequantizeLinear-Sigmoid-Mul,"[[1,32,49],[],[],[1,32,49]]","[[1,32,49]]","[[],[]]",60,1.101773,0.018362883333333333,0.0183335,0.019846600000000002,0.005311160203506834,97.68774990679258,0.005365258149744323,98.68276915682931,False
368,475,MUL,4,fused_dequant_sigmoid_mul_optimized,FUSION_POOL_CAM,DequantizeLinear-Sigmoid-Mul,"[[1,32,49],[],[],[1,32,49]]","[[1,32,49]]","[[],[]]",60,1.100624,0.018343733333333334,0.017604500000000002,0.019533599999999998,0.005305621382829772,97.6930555281754,0.005359662912237091,98.68812881974155,False
369,40,DEQUANTIZE_LINEAR,1,dequantize_linear_neon_combined,,,"[[1,128,49],[],[]]","[[1,128,49]]","[[],[]]",60,1.09886,0.018314333333333332,0.018282,0.018802,0.005297117919231566,97.69835264609463,0.005351072834810843,98.69347989257636,False
370,55,DEQUANTIZE_LINEAR,1,dequantize_linear_neon_combined,,,"[[1,128,49],[],[]]","[[1,128,49]]","[[],[]]",60,1.093389,0.01822315,0.017969,0.019077649999999998,0.00527074464862738,97.70362339074326,0.005324430933677624,98.69880432351005,False
371,223,DEQUANTIZE_LINEAR,1,dequantize_linear_neon_combined,,,"[[1,128,49],[],[]]","[[1,128,49]]","[[],[]]",60,1.092865,0.018214416666666667,0.01802,0.0192762,0.0052682186764474144,97.70889160941971,0.005321879232673455,98.70412620274271,False
372,718,MUL,4,fused_dequant_sigmoid_mul_optimized,FUSION_POOL_CAM,DequantizeLinear-Sigmoid-Mul,"[[1,32,49],[],[],[1,32,49]]","[[1,32,49]]","[[],[]]",60,1.090782,0.0181797,0.018125,0.0199506,0.00525817745497629,97.71414978687469,0.005311735734216044,98.70943793847692,False
373,793,MUL,4,fused_dequant_sigmoid_mul_optimized,FUSION_POOL_CAM,DequantizeLinear-Sigmoid-Mul,"[[1,32,49],[],[],[1,32,49]]","[[1,32,49]]","[[],[]]",60,1.087656,0.0181276,0.018151,0.0196074,0.0052431083919332105,97.71939289526662,0.005296513182042319,98.71473445165897,False
374,550,MUL,4,fused_dequant_sigmoid_mul_optimized,FUSION_POOL_CAM,DequantizeLinear-Sigmoid-Mul,"[[1,32,49],[],[],[1,32,49]]","[[1,32,49]]","[[],[]]",60,1.085257,0.018087616666666664,0.0179425,0.02047585,0.005231543874261955,97.72462443914088,0.005284830871528958,98.7200192825305,False
375,565,MUL,4,fused_dequant_sigmoid_mul_optimized,FUSION_POOL_CAM,DequantizeLinear-Sigmoid-Mul,"[[1,32,49],[],[],[1,32,49]]","[[1,32,49]]","[[],[]]",60,1.07953,0.017992166666666667,0.017890999999999997,0.0199558,0.005203936540913358,97.72982837568179,0.005256942337844084,98.72527622486834,False
376,224,RELU,1,relu_stride_optimized,,,"[[1,128,49]]","[[1,128,49]]",[],60,1.074846,0.0179141,0.0153125,0.04992214999999999,0.005181357049136716,97.73500973273093,0.005234132857875521,98.73051035772622,False
377,748,MUL,4,fused_dequant_sigmoid_mul_optimized,FUSION_POOL_CAM,DequantizeLinear-Sigmoid-Mul,"[[1,32,49],[],[],[1,32,49]]","[[1,32,49]]","[[],[]]",60,1.073861,0.017897683333333334,0.017813,0.0197452,0.005176608799905291,97.74018634153083,0.005229336244346693,98.73573969397056,False
378,673,MUL,4,fused_dequant_sigmoid_mul_optimized,FUSION_POOL_CAM,DequantizeLinear-Sigmoid-Mul,"[[1,32,49],[],[],[1,32,49]]","[[1,32,49]]","[[],[]]",60,1.06084,0.017680666666666667,0.017708500000000002,0.019703599999999998,0.0051138403194561765,97.74530018185028,0.005165928422256462,98.74090562239282,False
379,703,MUL,4,fused_dequant_sigmoid_mul_optimized,FUSION_POOL_CAM,DequantizeLinear-Sigmoid-Mul,"[[1,32,49],[],[],[1,32,49]]","[[1,32,49]]","[[],[]]",60,1.06073,0.01767883333333333,0.017604,0.0196932,0.005113310058120687,97.7504134919084,0.005165392759831922,98.74607101515265,False
380,460,MUL,4,fused_dequant_sigmoid_mul_optimized,FUSION_POOL_CAM,DequantizeLinear-Sigmoid-Mul,"[[1,32,49],[],[],[1,32,49]]","[[1,32,49]]","[[],[]]",60,1.058486,0.017641433333333335,0.017708500000000002,0.01964895,0.005102492726876712,97.75551598463528,0.005154465246371321,98.75122548039903,False
381,490,MUL,4,fused_dequant_sigmoid_mul_optimized,FUSION_POOL_CAM,DequantizeLinear-Sigmoid-Mul,"[[1,32,49],[],[],[1,32,49]]","[[1,32,49]]","[[],[]]",60,1.058125,0.017635416666666667,0.01776,0.01921805,0.0051007525055847885,97.76061673714086,0.005152707299687152,98.75637818769872,False
382,520,MUL,4,fused_dequant_sigmoid_mul_optimized,FUSION_POOL_CAM,DequantizeLinear-Sigmoid-Mul,"[[1,32,49],[],[],[1,32,49]]","[[1,32,49]]","[[],[]]",60,1.056976,0.017616266666666665,0.017526,0.019531,0.0050952136849077255,97.76571195082578,0.005147112062179919,98.76152529976089,False
383,505,MUL,4,fused_dequant_sigmoid_mul_optimized,FUSION_POOL_CAM,DequantizeLinear-Sigmoid-Mul,"[[1,32,49],[],[],[1,32,49]]","[[1,32,49]]","[[],[]]",60,1.054112,0.017568533333333334,0.017448,0.019492049999999997,0.00508140760795463,97.77079335843374,0.005133165360508279,98.7666584651214,False
384,217,MUL,4,fused_dequant_sigmoid_mul_optimized,FUSION_POOL_CAM,DequantizeLinear-Sigmoid-Mul,"[[1,32,49],[],[],[1,32,49]]","[[1,32,49]]","[[],[]]",60,1.053076,0.017551266666666666,0.0165885,0.01946345,0.005076413510285842,97.77586977194402,0.0051281203944008,98.7717865855158,False
385,535,MUL,4,fused_dequant_sigmoid_mul_optimized,FUSION_POOL_CAM,DequantizeLinear-Sigmoid-Mul,"[[1,32,49],[],[],[1,32,49]]","[[1,32,49]]","[[],[]]",60,1.052551,0.017542516666666667,0.017474000000000003,0.0193776,0.00507388271754828,97.78094365466157,0.005125563823738227,98.77691214933954,False
386,733,MUL,4,fused_dequant_sigmoid_mul_optimized,FUSION_POOL_CAM,DequantizeLinear-Sigmoid-Mul,"[[1,32,49],[],[],[1,32,49]]","[[1,32,49]]","[[],[]]",60,1.051922,0.017532033333333332,0.0173175,0.019786849999999998,0.005070850586820803,97.78601450524839,0.005122500808601543,98.78203465014813,False
387,613,MUL,4,fused_dequant_sigmoid_mul_optimized,FUSION_POOL_CAM,DequantizeLinear-Sigmoid-Mul,"[[1,32,49],[],[],[1,32,49]]","[[1,32,49]]","[[],[]]",60,1.049274,0.0174879,0.017422,0.0192814,0.005058085750308304,97.7910725909987,0.005109605953145362,98.78714425610129,False
388,355,MUL,4,fused_dequant_sigmoid_mul_optimized,FUSION_POOL_CAM,DequantizeLinear-Sigmoid-Mul,"[[1,32,49],[],[],[1,32,49]]","[[1,32,49]]","[[],[]]",60,1.046875,0.017447916666666667,0.016563,0.01935685,0.005046521232637048,97.79611911223134,0.005097923642632001,98.79224217974392,False
389,628,MUL,4,fused_dequant_sigmoid_mul_optimized,FUSION_POOL_CAM,DequantizeLinear-Sigmoid-Mul,"[[1,32,49],[],[],[1,32,49]]","[[1,32,49]]","[[],[]]",60,1.044375,0.01740625,0.0171875,0.0200572,0.00503446983864866,97.80115358206999,0.005085749496619746,98.79732792924054,False
390,385,MUL,4,fused_dequant_sigmoid_mul_optimized,FUSION_POOL_CAM,DequantizeLinear-Sigmoid-Mul,"[[1,32,49],[],[],[1,32,49]]","[[1,32,49]]","[[],[]]",60,1.043802,0.017396699999999998,0.017239499999999998,0.019135799999999998,0.005031707659146522,97.80618528972913,0.005082959182353737,98.8024108884229,False
391,658,MUL,4,fused_dequant_sigmoid_mul_optimized,FUSION_POOL_CAM,DequantizeLinear-Sigmoid-Mul,"[[1,32,49],[],[],[1,32,49]]","[[1,32,49]]","[[],[]]",60,1.043073,0.01738455,0.0169535,0.01984655,0.005028193472659508,97.81121348320178,0.005079409201376563,98.80749029762427,False
392,688,MUL,4,fused_dequant_sigmoid_mul_optimized,FUSION_POOL_CAM,DequantizeLinear-Sigmoid-Mul,"[[1,32,49],[],[],[1,32,49]]","[[1,32,49]]","[[],[]]",60,1.041303,0.01735505,0.0171095,0.01948945,0.0050196610857157304,97.8162331442875,0.005070789905999887,98.81256108753027,False
393,265,MUL,4,fused_dequant_sigmoid_mul_optimized,FUSION_POOL_CAM,DequantizeLinear-Sigmoid-Mul,"[[1,32,49],[],[],[1,32,49]]","[[1,32,49]]","[[],[]]",60,1.035313,0.017255216666666667,0.016224000000000002,0.018698099999999995,0.004990785945719555,97.82122393023322,0.005041620652154522,98.81760270818242,False
394,415,MUL,4,fused_dequant_sigmoid_mul_optimized,FUSION_POOL_CAM,DequantizeLinear-Sigmoid-Mul,"[[1,32,49],[],[],[1,32,49]]","[[1,32,49]]","[[],[]]",60,1.0340610000000001,0.017234350000000002,0.016979,0.019531,0.00498475060761017,97.82620868084082,0.005035523839831585,98.82263823202226,False
395,430,MUL,4,fused_dequant_sigmoid_mul_optimized,FUSION_POOL_CAM,DequantizeLinear-Sigmoid-Mul,"[[1,32,49],[],[],[1,32,49]]","[[1,32,49]]","[[],[]]",60,1.033697,0.017228283333333334,0.017239499999999998,0.018906049999999997,0.004982995924645461,97.83119167676547,0.005033751284172201,98.82767198330643,False
396,643,MUL,4,fused_dequant_sigmoid_mul_optimized,FUSION_POOL_CAM,DequantizeLinear-Sigmoid-Mul,"[[1,32,49],[],[],[1,32,49]]","[[1,32,49]]","[[],[]]",60,1.031771,0.017196183333333333,0.017135499999999998,0.0192762,0.004973711530716809,97.8361653882962,0.005024372322084359,98.83269635562851,False
397,187,MUL,4,fused_dequant_sigmoid_mul_optimized,FUSION_POOL_CAM,DequantizeLinear-Sigmoid-Mul,"[[1,32,49],[],[],[1,32,49]]","[[1,32,49]]","[[],[]]",60,1.030833,0.017180550000000003,0.016094,0.0189632,0.004969189847692366,97.8411345781439,0.00501980458250056,98.83771616021102,False
398,400,MUL,4,fused_dequant_sigmoid_mul_optimized,FUSION_POOL_CAM,DequantizeLinear-Sigmoid-Mul,"[[1,32,49],[],[],[1,32,49]]","[[1,32,49]]","[[],[]]",60,1.0289030000000001,0.017148383333333336,0.016927,0.01877345,0.004959886171533331,97.84609446431543,0.005010406141779099,98.8427265663528,False
399,310,MUL,4,fused_dequant_sigmoid_mul_optimized,FUSION_POOL_CAM,DequantizeLinear-Sigmoid-Mul,"[[1,32,49],[],[],[1,32,49]]","[[1,32,49]]","[[],[]]",60,1.024373,0.017072883333333334,0.016562,0.019242399999999996,0.004938049045626373,97.85103251336105,0.004988346589204893,98.847714912942,False
400,445,MUL,4,fused_dequant_sigmoid_mul_optimized,FUSION_POOL_CAM,DequantizeLinear-Sigmoid-Mul,"[[1,32,49],[],[],[1,32,49]]","[[1,32,49]]","[[],[]]",60,1.022919,0.01704865,0.016901,0.019179049999999996,0.0049310399548827275,97.85596355331593,0.004981266105884164,98.85269617904788,False
401,370,MUL,4,fused_dequant_sigmoid_mul_optimized,FUSION_POOL_CAM,DequantizeLinear-Sigmoid-Mul,"[[1,32,49],[],[],[1,32,49]]","[[1,32,49]]","[[],[]]",60,1.02229,0.017038166666666667,0.016875,0.01933085,0.004928007824155249,97.8608915611401,0.00497820309074748,98.85767438213863,False
402,325,MUL,4,fused_dequant_sigmoid_mul_optimized,FUSION_POOL_CAM,DequantizeLinear-Sigmoid-Mul,"[[1,32,49],[],[],[1,32,49]]","[[1,32,49]]","[[],[]]",60,1.021091,0.017018183333333332,0.0167965,0.01912185,0.004922227975598419,97.86581378911569,0.004972364370320004,98.86264674650894,False
403,202,MUL,4,fused_dequant_sigmoid_mul_optimized,FUSION_POOL_CAM,DequantizeLinear-Sigmoid-Mul,"[[1,32,49],[],[],[1,32,49]]","[[1,32,49]]","[[],[]]",60,1.012183,0.016869716666666666,0.015989,0.019237199999999996,0.0048792864485389985,97.87069307556423,0.004928985453249135,98.86757573196219,False
404,250,MUL,4,fused_dequant_sigmoid_mul_optimized,FUSION_POOL_CAM,DequantizeLinear-Sigmoid-Mul,"[[1,32,49],[],[],[1,32,49]]","[[1,32,49]]","[[],[]]",60,1.010782,0.016846366666666668,0.016536500000000003,0.018729249999999996,0.004872532847347907,97.87556560841158,0.004922163061823866,98.87249789502401,False
405,340,MUL,4,fused_dequant_sigmoid_mul_optimized,FUSION_POOL_CAM,DequantizeLinear-Sigmoid-Mul,"[[1,32,49],[],[],[1,32,49]]","[[1,32,49]]","[[],[]]",60,1.009475,0.01682458333333333,0.016693,0.019171249999999997,0.004866232378570778,97.88043184079015,0.00491579841828866,98.8774136934423,False
406,142,MUL,4,fused_dequant_sigmoid_mul_optimized,FUSION_POOL_CAM,DequantizeLinear-Sigmoid-Mul,"[[1,32,49],[],[],[1,32,49]]","[[1,32,49]]","[[],[]]",60,0.996771,0.01661285,0.015547,0.019181649999999998,0.00480499201487939,97.88523683280503,0.004853934277912781,98.88226762772022,False
407,295,MUL,4,fused_dequant_sigmoid_mul_optimized,FUSION_POOL_CAM,DequantizeLinear-Sigmoid-Mul,"[[1,32,49],[],[],[1,32,49]]","[[1,32,49]]","[[],[]]",60,0.992549,0.016542483333333333,0.0161455,0.018335599999999997,0.0047846396207118025,97.89002147242574,0.004833374580127284,98.88710100230035,False
408,112,MUL,4,fused_dequant_sigmoid_mul_optimized,FUSION_POOL_CAM,DequantizeLinear-Sigmoid-Mul,"[[1,32,49],[],[],[1,32,49]]","[[1,32,49]]","[[],[]]",60,0.991301,0.016521683333333332,0.015417,0.0192216,0.0047786235648327995,97.89480009599058,0.004827297246437966,98.89192829954679,False
409,280,MUL,4,fused_dequant_sigmoid_mul_optimized,FUSION_POOL_CAM,DequantizeLinear-Sigmoid-Mul,"[[1,32,49],[],[],[1,32,49]]","[[1,32,49]]","[[],[]]",60,0.985522,0.016425366666666667,0.0161715,0.0179222,0.004750765562489245,97.89955086155307,0.004799155490516036,98.89672745503731,False
410,172,MUL,4,fused_dequant_sigmoid_mul_optimized,FUSION_POOL_CAM,DequantizeLinear-Sigmoid-Mul,"[[1,32,49],[],[],[1,32,49]]","[[1,32,49]]","[[],[]]",60,0.967606,0.016126766666666667,0.015547,0.019390599999999997,0.004664400452610868,97.90421526200568,0.004711910690533809,98.90143936572784,False
411,157,MUL,4,fused_dequant_sigmoid_mul_optimized,FUSION_POOL_CAM,DequantizeLinear-Sigmoid-Mul,"[[1,32,49],[],[],[1,32,49]]","[[1,32,49]]","[[],[]]",60,0.965261,0.016087683333333335,0.015417,0.01888525,0.0046530962450497615,97.90886835825073,0.0047004913415743125,98.90613985706942,False
412,127,MUL,4,fused_dequant_sigmoid_mul_optimized,FUSION_POOL_CAM,DequantizeLinear-Sigmoid-Mul,"[[1,32,49],[],[],[1,32,49]]","[[1,32,49]]","[[],[]]",60,0.958805,0.015980083333333332,0.015469,0.0189684,0.00462197472521415,97.91349033297594,0.004669052826912264,98.91080890989633,False
413,67,MUL,4,fused_dequant_sigmoid_mul_optimized,FUSION_POOL_CAM,DequantizeLinear-Sigmoid-Mul,"[[1,32,49],[],[],[1,32,49]]","[[1,32,49]]","[[],[]]",60,0.958383,0.01597305,0.0158595,0.0169816,0.004619940449908911,97.91811027342585,0.004666997831065395,98.9154759077274,False
414,191,RELU,1,relu_stride_optimized,,,"[[1,128,49]]","[[1,128,49]]",[],60,0.9574969999999999,0.015958283333333333,0.0134115,0.01536755,0.0046156694358794265,97.92272594286173,0.0046626833137186526,98.92013859104112,False
415,662,RELU,1,relu_stride_optimized,,,"[[1,128,49]]","[[1,128,49]]",[],60,0.953072,0.015884533333333332,0.013646,0.014945499999999997,0.004594338468519981,97.92732028133025,0.004641135075276959,98.9247797261164,False
416,82,MUL,4,fused_dequant_sigmoid_mul_optimized,FUSION_POOL_CAM,DequantizeLinear-Sigmoid-Mul,"[[1,32,49],[],[],[1,32,49]]","[[1,32,49]]","[[],[]]",60,0.947344,0.015789066666666667,0.015495,0.017505200000000002,0.004566726314613789,97.93188700764486,0.004613241671933679,98.92939296778833,False
417,587,RELU,1,relu_stride_optimized,,,"[[1,128,49]]","[[1,128,49]]",[],60,0.943492,0.015724866666666667,0.015625,0.016406050000000002,0.004548157526756483,97.93643516517162,0.004594483747757997,98.93398745153608,False
418,97,MUL,4,fused_dequant_sigmoid_mul_optimized,FUSION_POOL_CAM,DequantizeLinear-Sigmoid-Mul,"[[1,32,49],[],[],[1,32,49]]","[[1,32,49]]","[[],[]]",60,0.94089,0.0156815,0.015365,0.017945649999999997,0.00453561443589337,97.94097077960751,0.004581812896588441,98.93856926443267,False
419,797,RELU,1,relu_stride_optimized,,,"[[1,128,49]]","[[1,128,49]]",[],60,0.913124,0.015218733333333335,0.014323,0.015692599999999998,0.004401766833700749,97.9453725464412,0.004446601961317926,98.94301586639399,False
420,389,RELU,1,relu_stride_optimized,,,"[[1,128,49]]","[[1,128,49]]",[],60,0.910313,0.015171883333333334,0.0143225,0.01564065,0.004388216246300206,97.9497607626875,0.004432913351541746,98.94744877974553,False
421,37,RELU,1,relu_stride_optimized,,,"[[1,128,49]]","[[1,128,49]]",[],60,0.904114,0.015068566666666667,0.014818,0.0168386,0.0043583336097666025,97.95411909629728,0.004402726339089757,98.95185150608462,False
422,812,RELU,1,relu_stride_optimized,,,"[[1,128,49]]","[[1,128,49]]",[],60,0.898491,0.014974850000000001,0.0148695,0.0161512,0.004331227614407921,97.95845032391169,0.004375344249878992,98.9562268503345,False
423,767,RELU,1,relu_stride_optimized,,,"[[1,128,49]]","[[1,128,49]]",[],60,0.895519,0.014925316666666666,0.0141665,0.015586,0.004316900917234527,97.96276722482892,0.004360871625099623,98.9605877219596,False
424,752,RELU,1,relu_stride_optimized,,,"[[1,128,49]]","[[1,128,49]]",[],60,0.88792,0.014798666666666667,0.013958499999999999,0.015638,0.0042802695000674264,97.967047494329,0.004323867090880771,98.96491158905047,False
425,344,RELU,1,relu_stride_optimized,,,"[[1,128,49]]","[[1,128,49]]",[],60,0.886823,0.014780383333333334,0.013541,0.015114399999999998,0.004274981348385322,97.97132247567738,0.004318525075610593,98.96923011412608,False
426,524,RELU,1,relu_stride_optimized,,,"[[1,128,49]]","[[1,128,49]]",[],60,0.883961,0.014732683333333333,0.014661,0.01593705,0.004261184912547416,97.97558366058993,0.004304588113255763,98.97353470223933,False
427,594,ADD,1,add_stride_optimized,,,"[[1,128,1],[1,128,49]]","[[1,128,49]]",[],60,0.879689,0.014661483333333334,0.013802,0.014856999999999999,0.004240591490500061,97.97982425208043,0.00428378493255002,98.97781848717189,False
428,239,RELU,1,relu_stride_optimized,,,"[[1,128,49]]","[[1,128,49]]",[],60,0.87359,0.014559833333333333,0.013437,0.01469055,0.004211190909725992,97.98403544299016,0.004254084885938522,98.98207257205783,False
429,782,RELU,1,relu_stride_optimized,,,"[[1,128,49]]","[[1,128,49]]",[],60,0.861506,0.014358433333333333,0.0142705,0.015431649999999998,0.004152939291743725,97.9881883822819,0.004195239933773683,98.98626781199161,False
430,374,RELU,1,relu_stride_optimized,,,"[[1,128,49]]","[[1,128,49]]",[],60,0.860361,0.01433935,0.013776,0.015374449999999998,0.004147419753297044,97.9923358020352,0.004189664174900071,98.99045747616651,False
431,569,RELU,1,relu_stride_optimized,,,"[[1,128,49]]","[[1,128,49]]",[],60,0.857502,0.0142917,0.014193,0.015390999999999998,0.004133637779131925,97.99646943981433,0.004175741821520455,98.99463321798804,False
432,299,RELU,1,relu_stride_optimized,,,"[[1,128,49]]","[[1,128,49]]",[],60,0.855778,0.014262966666666667,0.013516,0.014968799999999999,0.004125327137837532,98.00059476695218,0.004167346530430404,98.99880056451848,False
433,554,RELU,1,relu_stride_optimized,,,"[[1,128,49]]","[[1,128,49]]",[],60,0.851609,0.014193483333333333,0.01401,0.015583399999999999,0.004105230233222498,98.0046999971854,0.004147044924540367,99.00294760944301,False
434,464,RELU,1,relu_stride_optimized,,,"[[1,128,49]]","[[1,128,49]]",[],60,0.851041,0.014184016666666667,0.01401,0.015625,0.004102492156508337,98.0088024893419,0.004144278958566382,99.00709188840158,False
435,254,RELU,1,relu_stride_optimized,,,"[[1,128,49]]","[[1,128,49]]",[],60,0.847811,0.014130183333333332,0.013437,0.0147468,0.0040869217554753414,98.01288941109738,0.004128549961918548,99.0112204383635,False
436,56,RELU,1,relu_stride_optimized,,,"[[1,128,49]]","[[1,128,49]]",[],60,0.847506,0.0141251,0.013333,0.013859199999999999,0.004085451485408758,98.01697486258279,0.004127064716105053,99.0153475030796,False
437,804,ADD,1,add_stride_optimized,,,"[[1,128,1],[1,128,49]]","[[1,128,49]]",[],60,0.847139,0.014118983333333333,0.012916,0.014140049999999998,0.004083682340771263,98.02105854492356,0.0041252775514704545,99.01947278063106,False
438,479,RELU,1,relu_stride_optimized,,,"[[1,128,49]]","[[1,128,49]]",[],60,0.845469,0.01409115,0.0139325,0.015369199999999998,0.0040756320095870205,98.02513417693315,0.004117145221934267,99.023589925853,False
439,419,RELU,1,relu_stride_optimized,,,"[[1,128,49]]","[[1,128,49]]",[],60,0.844056,0.014067600000000001,0.013906,0.01527045,0.004068820561704783,98.02920299749485,0.00411026439460814,99.02770019024761,False
440,404,RELU,1,relu_stride_optimized,,,"[[1,128,49]]","[[1,128,49]]",[],60,0.843699,0.01406165,0.013958499999999999,0.0151612,0.004067099622643242,98.0332700971175,0.00410852592655759,99.03180871617417,False
441,722,RELU,1,relu_stride_optimized,,,"[[1,128,49]]","[[1,128,49]]",[],60,0.843441,0.01405735,0.013958499999999999,0.01573255,0.0040658559187836405,98.03733595303628,0.0041072695546891256,99.03591598572886,False
442,494,RELU,1,relu_stride_optimized,,,"[[1,128,49]]","[[1,128,49]]",[],60,0.843074,0.014051233333333333,0.014010499999999999,0.0149038,0.004064086774146145,98.04140003981043,0.004105482390054527,99.04002146811892,False
443,71,RELU,1,relu_stride_optimized,,,"[[1,128,49]]","[[1,128,49]]",[],60,0.842656,0.014044266666666666,0.013333,0.014159399999999992,0.004062071781071287,98.0454621115915,0.004103446872841278,99.04412491499177,False
444,146,RELU,1,relu_stride_optimized,,,"[[1,128,49]]","[[1,128,49]]",[],60,0.8421919999999999,0.014036533333333332,0.013386,0.01494705,0.004059835042347043,98.04952194663385,0.004101187351341402,99.04822610234311,False
445,774,ADD,1,add_stride_optimized,,,"[[1,128,1],[1,128,49]]","[[1,128,49]]",[],60,0.842188,0.014036466666666667,0.013229,0.0150546,0.004059815760116661,98.05358176239396,0.004101167872707783,99.05232727021581,False
446,737,RELU,1,relu_stride_optimized,,,"[[1,128,49]]","[[1,128,49]]",[],60,0.841403,0.014023383333333334,0.013958,0.014831049999999997,0.004056031622404308,98.05763779401636,0.004097345190859935,99.05642461540667,False
447,539,RELU,1,relu_stride_optimized,,,"[[1,128,49]]","[[1,128,49]]",[],60,0.840839,0.014013983333333334,0.013906,0.015010449999999998,0.004053312827920527,98.06169110684428,0.0040945987035195695,99.06051921411019,False
448,359,RELU,1,relu_stride_optimized,,,"[[1,128,49]]","[[1,128,49]]",[],60,0.839324,0.013988733333333333,0.013854,0.0155236,0.0040460096831635645,98.06573711652744,0.004087221171036143,99.06460643528122,False
449,602,RELU,1,relu_stride_optimized,,,"[[1,128,49]]","[[1,128,49]]",[],60,0.839006,0.013983433333333333,0.013802,0.015427399999999999,0.004044476745848242,98.06978159327329,0.004085672619663384,99.06869210790089,False
450,509,RELU,1,relu_stride_optimized,,,"[[1,128,49]]","[[1,128,49]]",[],60,0.838541,0.013975683333333332,0.013802,0.015366649999999999,0.004042235186566402,98.07382382845985,0.004083408228505105,99.0727755161294,False
451,206,RELU,1,relu_stride_optimized,,,"[[1,128,49]]","[[1,128,49]]",[],60,0.836824,0.013947066666666667,0.01388,0.015055550000000001,0.004033958289175178,98.07785778674902,0.0040750470250238875,99.07685056315442,False
452,692,RELU,1,relu_stride_optimized,,,"[[1,128,49]]","[[1,128,49]]",[],60,0.836147,0.013935783333333333,0.01375,0.0153702,0.004030694771683122,98.0818884815207,0.004071750266283768,99.0809223134207,False
453,48,ADD,1,add_stride_optimized,,,"[[1,128,1],[1,128,49]]","[[1,128,49]]",[],60,0.835312,0.013921866666666668,0.013906,0.014908999999999999,0.004026669606091001,98.0859151511268,0.0040676841015156754,99.08498999752221,False
454,677,RELU,1,relu_stride_optimized,,,"[[1,128,49]]","[[1,128,49]]",[],60,0.835257,0.01392095,0.013802,0.015023449999999999,0.004026404475423256,98.08994155560222,0.004067416270303406,99.08905741379252,False
455,707,RELU,1,relu_stride_optimized,,,"[[1,128,49]]","[[1,128,49]]",[],60,0.834321,0.01390535,0.013802,0.015055550000000001,0.004021892433514004,98.09396344803574,0.004062858270036418,99.09312027206255,False
456,449,RELU,1,relu_stride_optimized,,,"[[1,128,49]]","[[1,128,49]]",[],60,0.833336,0.013888933333333332,0.013776,0.014794549999999998,0.00401714418428258,98.09798059222003,0.004058061656507589,99.09717833371906,False
457,647,RELU,1,relu_stride_optimized,,,"[[1,128,49]]","[[1,128,49]]",[],60,0.833127,0.013885449999999999,0.013802,0.015057199999999998,0.004016136687745151,98.10199672890776,0.004057043897900964,99.10123537761696,False
458,434,RELU,1,relu_stride_optimized,,,"[[1,128,49]]","[[1,128,49]]",[],60,0.831615,0.01386025,0.01375,0.0151638,0.004008848004660975,98.10600557691242,0.004049680974392752,99.10528505859135,False
459,632,RELU,1,relu_stride_optimized,,,"[[1,128,49]]","[[1,128,49]]",[],60,0.831559,0.013859316666666668,0.013646,0.01511535,0.004008578053435635,98.11001415496585,0.004049408273522077,99.10933446686487,False
460,284,RELU,1,relu_stride_optimized,,,"[[1,128,49]]","[[1,128,49]]",[],60,0.83005,0.013834166666666666,0.013672,0.015075449999999997,0.004001303832024244,98.11401545879788,0.00404205995898908,99.11337652682386,False
461,617,RELU,1,relu_stride_optimized,,,"[[1,128,49]]","[[1,128,49]]",[],60,0.827132,0.013785533333333332,0.013646,0.015107549999999999,0.003987237444960999,98.11800269624284,0.0040278502957635754,99.11740437711963,False
462,41,RELU,1,relu_stride_optimized,,,"[[1,128,49]]","[[1,128,49]]",[],60,0.826305,0.01377175,0.013281,0.013802,0.0039832508438296405,98.12198594708667,0.004023823088262721,99.12142820020789,False
463,329,RELU,1,relu_stride_optimized,,,"[[1,128,49]]","[[1,128,49]]",[],60,0.8239569999999999,0.013732616666666666,0.0135155,0.01437765,0.003971932174595748,98.12595787926126,0.00401238913032801,99.12544058933821,False
464,314,RELU,1,relu_stride_optimized,,,"[[1,128,49]]","[[1,128,49]]",[],60,0.822192,0.0137032,0.01349,0.01474255,0.003963423890439946,98.1299213031517,0.004003794183243359,99.12944438352146,False
465,161,RELU,1,relu_stride_optimized,,,"[[1,128,49]]","[[1,128,49]]",[],60,0.818384,0.013639733333333333,0.013437,0.015208,0.003945067207116835,98.13386637035882,0.0039852505240374906,99.1334296340455,False
466,86,RELU,1,relu_stride_optimized,,,"[[1,128,49]]","[[1,128,49]]",[],60,0.8167719999999999,0.013612866666666666,0.01349,0.01427005,0.003937296468273123,98.1378036668271,0.003977400634688788,99.13740703468018,False
467,176,RELU,1,relu_stride_optimized,,,"[[1,128,49]]","[[1,128,49]]",[],60,0.815362,0.013589366666666667,0.0133595,0.014960999999999999,0.003930499482063673,98.14173416630916,0.003970534416337877,99.14137756909652,False
468,269,RELU,1,relu_stride_optimized,,,"[[1,128,49]]","[[1,128,49]]",[],60,0.814426,0.013573766666666666,0.013541,0.01432205,0.003925987440154421,98.14566015374932,0.003965976416070888,99.14534354551259,False
469,101,RELU,1,relu_stride_optimized,,,"[[1,128,49]]","[[1,128,49]]",[],60,0.8133859999999999,0.013556433333333333,0.013385,0.01490905,0.003920974060255252,98.14958112780957,0.003960911971329789,99.14930445748392,False
470,131,RELU,1,relu_stride_optimized,,,"[[1,128,49]]","[[1,128,49]]",[],60,0.813232,0.013553866666666666,0.013334,0.0146958,0.003920231694385568,98.15350135950395,0.003960162043935435,99.15326461952786,False
471,759,ADD,1,add_stride_optimized,,,"[[1,128,1],[1,128,49]]","[[1,128,49]]",[],60,0.811406,0.013523433333333333,0.012864500000000001,0.014486849999999999,0.00391142935621645,98.15741278886017,0.003951270047688082,99.15721588957555,False
472,116,RELU,1,relu_stride_optimized,,,"[[1,128,49]]","[[1,128,49]]",[],60,0.810733,0.013512216666666667,0.01336,0.01458565,0.003908185120954776,98.16132097398112,0.003947992767581583,99.16116388234313,False
473,516,ADD,1,add_stride_optimized,,,"[[1,128,1],[1,128,49]]","[[1,128,49]]",[],60,0.808702,0.013478366666666667,0.012865,0.014210299999999997,0.0038983945684786104,98.1652193685496,0.0039381024913612275,99.1651019848345,False
474,714,ADD,1,add_stride_optimized,,,"[[1,128,1],[1,128,49]]","[[1,128,49]]",[],60,0.795625,0.013260416666666667,0.012448,0.0142866,0.003835356136804156,98.1690547246864,0.0038744219684003216,99.1689764068029,False
475,456,ADD,1,add_stride_optimized,,,"[[1,128,1],[1,128,49]]","[[1,128,49]]",[],60,0.78651,0.0131085,0.012318,0.013932049999999998,0.003791416754322497,98.17284614144073,0.0038300350320396377,99.17280644183494,False
476,561,ADD,1,add_stride_optimized,,,"[[1,128,1],[1,128,49]]","[[1,128,49]]",[],60,0.782555,0.013042583333333333,0.013047,0.0142216,0.003772351449032869,98.17661849288976,0.0038107755330482494,99.17661721736799,False
477,789,ADD,1,add_stride_optimized,,,"[[1,128,1],[1,128,49]]","[[1,128,49]]",[],60,0.780423,0.01300705,0.0127865,0.014768599999999998,0.0037620740202395724,98.18038056691,0.003800393421328998,99.18041761078932,False
478,819,ADD,1,add_stride_optimized,,,"[[1,128,1],[1,128,49]]","[[1,128,49]]",[],60,0.775524,0.0129254,0.012865,0.014797199999999998,0.003738458108579929,98.18411902501859,0.003776536964803382,99.18419414775413,False
479,596,DEQUANTIZE_LINEAR,4,fused_dequant_relu_quant_neon,FUSION_CONV_BIAS_ACT,DequantizeLinear-Relu-QuantizeLinear,"[[1,64,49],[],[],[],[]]","[[1,64,49]]","[[],[],[],[]]",60,0.774579,0.01290965,0.0128905,0.013437,0.0037339026816523187,98.18785292770023,0.0037719351376107493,99.18796608289173,False
480,231,ADD,1,add_stride_optimized,,,"[[1,128,1],[1,128,49]]","[[1,128,49]]",[],60,0.773854,0.012897566666666667,0.012864500000000001,0.014146249999999999,0.0037304077773956867,98.19158333547763,0.003768404635267195,99.191734487527,False
481,576,ADD,1,add_stride_optimized,,,"[[1,128,1],[1,128,49]]","[[1,128,49]]",[],60,0.773701,0.012895016666666667,0.012864500000000001,0.0143906,0.003729670232083597,98.19531300570972,0.0037676595775312455,99.19550214710453,False
482,744,ADD,1,add_stride_optimized,,,"[[1,128,1],[1,128,49]]","[[1,128,49]]",[],60,0.772706,0.012878433333333333,0.012682,0.014323099999999998,0.0037248737772762196,98.199037879487,0.003762814267418368,99.19926496137195,False
483,50,DEQUANTIZE_LINEAR,4,fused_dequant_relu_quant_neon,FUSION_CONV_BIAS_ACT,DequantizeLinear-Relu-QuantizeLinear,"[[1,64,49],[],[],[],[]]","[[1,64,49]]","[[],[],[],[]]",60,0.763125,0.012718750000000001,0.01263,0.013286249999999998,0.0036786880149551255,98.20271656750195,0.003716158070241,99.2029811194422,False
484,531,ADD,1,add_stride_optimized,,,"[[1,128,1],[1,128,49]]","[[1,128,49]]",[],60,0.758641,0.012644016666666667,0.012474,0.014075049999999999,0.0036570726346975544,98.20637364013665,0.003694322521953418,99.20667544196415,False
485,501,ADD,1,add_stride_optimized,,,"[[1,128,1],[1,128,49]]","[[1,128,49]]",[],60,0.757399,0.012623316666666667,0.0125785,0.0141254,0.0036510855021641237,98.21002472563882,0.0036882744062145295,99.21036371637037,False
486,546,ADD,1,add_stride_optimized,,,"[[1,128,1],[1,128,49]]","[[1,128,49]]",[],60,0.756192,0.0126032,0.012552,0.013991849999999998,0.00364526708914653,98.21366999272796,0.0036823967285198123,99.21404611309889,False
487,471,ADD,1,add_stride_optimized,,,"[[1,128,1],[1,128,49]]","[[1,128,49]]",[],60,0.756043,0.012600716666666668,0.012396,0.0143906,0.003644548826064822,98.21731454155402,0.0036816711494174824,99.21772778424831,False
488,669,ADD,1,add_stride_optimized,,,"[[1,128,1],[1,128,49]]","[[1,128,49]]",[],60,0.755103,0.012585049999999999,0.011667,0.014260649999999998,0.003640017501925189,98.22095455905594,0.003677093670516874,99.22140487791883,False
489,486,ADD,1,add_stride_optimized,,,"[[1,128,1],[1,128,49]]","[[1,128,49]]",[],60,0.75479,0.012579833333333333,0.0125,0.01479365,0.003638508667397843,98.22459306772333,0.0036755694674361393,99.22508044738626,False
490,729,ADD,1,add_stride_optimized,,,"[[1,128,1],[1,128,49]]","[[1,128,49]]",[],60,0.751874,0.012531233333333334,0.012422,0.0142216,0.003624451921449788,98.22821751964479,0.0036613695435274447,99.22874181692978,False
491,654,ADD,1,add_stride_optimized,,,"[[1,128,1],[1,128,49]]","[[1,128,49]]",[],60,0.748542,0.012475700000000001,0.011719,0.01397105,0.003608389823542066,98.23182590946833,0.0036451438417223108,99.2323869607715,False
492,609,ADD,1,add_stride_optimized,,,"[[1,128,1],[1,128,49]]","[[1,128,49]]",[],60,0.745786,0.012429766666666666,0.0123695,0.014330850000000001,0.0035951043668092683,98.23542101383514,0.0036317230631584,99.23601868383467,False
493,213,ADD,1,add_stride_optimized,,,"[[1,128,1],[1,128,49]]","[[1,128,49]]",[],60,0.738903,0.01231505,0.0121875,0.013781249999999998,0.0035619244688804416,98.23898293830402,0.0035982052043574586,99.23961688903903,False
494,381,ADD,1,add_stride_optimized,,,"[[1,128,1],[1,128,49]]","[[1,128,49]]",[],60,0.738225,0.01230375,0.011406,0.014088049999999998,0.0035586561308307905,98.24254159443485,0.0035949035759589346,99.24321179261499,False
495,246,ADD,1,add_stride_optimized,,,"[[1,128,1],[1,128,49]]","[[1,128,49]]",[],60,0.738179,0.012302983333333333,0.011953,0.0134978,0.003558434385181404,98.24610002882004,0.003594679571672309,99.24680647218666,False
496,548,DEQUANTIZE_LINEAR,4,fused_dequant_relu_quant_neon,FUSION_CONV_BIAS_ACT,DequantizeLinear-Relu-QuantizeLinear,"[[1,64,49],[],[],[],[]]","[[1,64,49]]","[[],[],[],[]]",60,0.736358,0.012272633333333333,0.0115625,0.01271585,0.0035496561498002633,98.24964968496984,0.003585811923716982,99.25039228411038,False
497,699,ADD,1,add_stride_optimized,,,"[[1,128,1],[1,128,49]]","[[1,128,49]]",[],60,0.734271,0.01223785,0.01211,0.014171249999999998,0.0035395956460987582,98.25318928061594,0.003575648946625951,99.253967933057,False
498,684,ADD,1,add_stride_optimized,,,"[[1,128,1],[1,128,49]]","[[1,128,49]]",[],60,0.731979,0.012199650000000001,0.012083,0.013906,0.0035285469280902045,98.25671782754404,0.0035644876895619152,99.25753242074656,False
499,441,ADD,1,add_stride_optimized,,,"[[1,128,1],[1,128,49]]","[[1,128,49]]",[],60,0.731359,0.012189316666666667,0.012109499999999999,0.013646000000000002,0.003525558182381085,98.26024338572641,0.003561468501350876,99.2610938892479,False
500,518,DEQUANTIZE_LINEAR,4,fused_dequant_relu_quant_neon,FUSION_CONV_BIAS_ACT,DequantizeLinear-Relu-QuantizeLinear,"[[1,64,49],[],[],[],[]]","[[1,64,49]]","[[],[],[],[]]",60,0.73088,0.012181333333333332,0.011328,0.012557200000000001,0.0035232491352929097,98.26376663486171,0.0035591359349749275,99.26465302518288,False
501,411,ADD,1,add_stride_optimized,,,"[[1,128,1],[1,128,49]]","[[1,128,49]]",[],60,0.730781,0.012179683333333333,0.011875,0.01396845,0.00352277190009097,98.2672894067618,0.0035586538387928426,99.26821167902168,False
502,533,DEQUANTIZE_LINEAR,4,fused_dequant_relu_quant_neon,FUSION_CONV_BIAS_ACT,DequantizeLinear-Relu-QuantizeLinear,"[[1,64,49],[],[],[],[]]","[[1,64,49]]","[[],[],[],[]]",60,0.730208,0.012170133333333333,0.0113805,0.01251305,0.0035200097205888314,98.2708094164824,0.0035558635245268337,99.2717675425462,False
503,426,ADD,1,add_stride_optimized,,,"[[1,128,1],[1,128,49]]","[[1,128,49]]",[],60,0.727082,0.012118033333333333,0.011901,0.013921599999999998,0.003504940657545752,98.27431435713994,0.003540640972353109,99.27530818351855,False
504,396,ADD,1,add_stride_optimized,,,"[[1,128,1],[1,128,49]]","[[1,128,49]]",[],60,0.724274,0.012071233333333332,0.011823,0.014273600000000001,0.003491404531817996,98.27780576167176,0.003526966971552144,99.2788351504901,False
505,261,ADD,1,add_stride_optimized,,,"[[1,128,1],[1,128,49]]","[[1,128,49]]",[],60,0.717707,0.011961783333333333,0.011302,0.0137136,0.0034597479300893007,98.28126550960185,0.0034949879248071507,99.2823301384149,False
506,624,ADD,1,add_stride_optimized,,,"[[1,128,1],[1,128,49]]","[[1,128,49]]",[],60,0.716876,0.011947933333333332,0.011797,0.013815049999999999,0.0034557420467275614,98.28472125164858,0.003490941238672677,99.28582107965357,False
507,198,ADD,1,add_stride_optimized,,,"[[1,128,1],[1,128,49]]","[[1,128,49]]",[],60,0.71687,0.011947833333333333,0.011901,0.013866999999999999,0.0034557131233819895,98.28817696477196,0.003490912020722248,99.2893119916743,False
508,639,ADD,1,add_stride_optimized,,,"[[1,128,1],[1,128,49]]","[[1,128,49]]",[],60,0.715047,0.01191745,0.011589,0.013426649999999997,0.0034469252468856577,98.29162389001885,0.003482034633450111,99.29279402630775,False
509,821,DEQUANTIZE_LINEAR,4,fused_dequant_relu_quant_neon,FUSION_CONV_BIAS_ACT,DequantizeLinear-Relu-QuantizeLinear,"[[1,64,49],[],[],[],[]]","[[1,64,49]]","[[],[],[],[]]",60,0.713648,0.011894133333333333,0.011901,0.0134536,0.0034401812868097557,98.29506407130566,0.0034752219813416526,99.2962692482891,False
510,233,DEQUANTIZE_LINEAR,4,fused_dequant_relu_quant_neon,FUSION_CONV_BIAS_ACT,DequantizeLinear-Relu-QuantizeLinear,"[[1,64,49],[],[],[],[]]","[[1,64,49]]","[[],[],[],[]]",60,0.713439,0.011890650000000001,0.0116405,0.0128666,0.003439173790272327,98.29850324509593,0.0034742042227350286,99.29974345251183,False
511,63,ADD,1,add_stride_optimized,,,"[[1,128,1],[1,128,49]]","[[1,128,49]]",[],60,0.711198,0.0118533,0.011901,0.0131822,0.0034283709207011365,98.30193161601663,0.0034632913182496426,99.30320674383009,False
512,168,ADD,1,add_stride_optimized,,,"[[1,128,1],[1,128,49]]","[[1,128,49]]",[],60,0.709955,0.011832583333333334,0.011667,0.013869649999999999,0.0034223789676101108,98.30535399498424,0.003457238332852349,99.30666398216295,False
513,78,ADD,1,add_stride_optimized,,,"[[1,128,1],[1,128,49]]","[[1,128,49]]",[],60,0.708699,0.01181165,0.011094,0.0123544,0.003416324347270345,98.30877031933151,0.0034511220418957916,99.31011510420484,False
514,108,ADD,1,add_stride_optimized,,,"[[1,128,1],[1,128,49]]","[[1,128,49]]",[],60,0.708389,0.011806483333333334,0.011458,0.014375,0.0034148299744157853,98.31218514930593,0.003449612447790272,99.31356471665264,False
515,153,ADD,1,add_stride_optimized,,,"[[1,128,1],[1,128,49]]","[[1,128,49]]",[],60,0.707966,0.011799433333333333,0.0116145,0.01387225,0.00341279087855295,98.31559794018449,0.003447552582284999,99.31701226923492,False
516,671,DEQUANTIZE_LINEAR,4,fused_dequant_relu_quant_neon,FUSION_CONV_BIAS_ACT,DequantizeLinear-Relu-QuantizeLinear,"[[1,64,49],[],[],[],[]]","[[1,64,49]]","[[],[],[],[]]",60,0.707236,0.011787266666666666,0.010833,0.012411599999999998,0.003409271871508341,98.319007212056,0.0034439977316494197,99.32045626696657,False
517,503,DEQUANTIZE_LINEAR,4,fused_dequant_relu_quant_neon,FUSION_CONV_BIAS_ACT,DequantizeLinear-Relu-QuantizeLinear,"[[1,64,49],[],[],[],[]]","[[1,64,49]]","[[],[],[],[]]",60,0.704009,0.011733483333333333,0.011771,0.0128146,0.003393715932148131,98.32240092798814,0.003428283343976801,99.32388455031055,False
518,183,ADD,1,add_stride_optimized,,,"[[1,128,1],[1,128,49]]","[[1,128,49]]",[],60,0.70156,0.011692666666666665,0.0113805,0.013859199999999999,0.0033819103865971077,98.32578283837474,0.003416357550543195,99.3273009078611,False
519,716,DEQUANTIZE_LINEAR,4,fused_dequant_relu_quant_neon,FUSION_CONV_BIAS_ACT,DequantizeLinear-Relu-QuantizeLinear,"[[1,64,49],[],[],[],[]]","[[1,64,49]]","[[],[],[],[]]",60,0.697608,0.0116268,0.011666,0.012510400000000001,0.0033628595429802655,98.32914569791771,0.003397112660527022,99.33069802052162,False
520,138,ADD,1,add_stride_optimized,,,"[[1,128,1],[1,128,49]]","[[1,128,49]]",[],60,0.69698,0.011616333333333334,0.011406,0.013547199999999999,0.003359832232810382,98.33250553015053,0.0033940545150487425,99.33409207503668,False
521,806,DEQUANTIZE_LINEAR,4,fused_dequant_relu_quant_neon,FUSION_CONV_BIAS_ACT,DequantizeLinear-Relu-QuantizeLinear,"[[1,64,49],[],[],[],[]]","[[1,64,49]]","[[],[],[],[]]",60,0.69609,0.011601499999999999,0.0116405,0.012450600000000001,0.0033555419365505165,98.33586107208708,0.00338972051906838,99.33748179555575,False
522,428,DEQUANTIZE_LINEAR,4,fused_dequant_relu_quant_neon,FUSION_CONV_BIAS_ACT,DequantizeLinear-Relu-QuantizeLinear,"[[1,64,49],[],[],[],[]]","[[1,64,49]]","[[],[],[],[]]",60,0.693385,0.011556416666666668,0.011458,0.01260755,0.003342502328255082,98.33920357441534,0.00337654809308312,99.34085834364883,False
523,366,ADD,1,add_stride_optimized,,,"[[1,128,1],[1,128,49]]","[[1,128,49]]",[],60,0.693128,0.011552133333333332,0.011302,0.01342505,0.003341263444953076,98.34254483786029,0.0033752965908730595,99.34423364023971,False
524,306,ADD,1,add_stride_optimized,,,"[[1,128,1],[1,128,49]]","[[1,128,49]]",[],60,0.691819,0.011530316666666667,0.011224,0.013721499999999996,0.0033349533350607564,98.34587979119534,0.0033689222080210426,99.34760256244773,False
525,123,ADD,1,add_stride_optimized,,,"[[1,128,1],[1,128,49]]","[[1,128,49]]",[],60,0.689899,0.011498316666666668,0.01125,0.013916399999999999,0.003325697864477675,98.34920548905983,0.00335957246388363,99.35096213491161,False
526,351,ADD,1,add_stride_optimized,,,"[[1,128,1],[1,128,49]]","[[1,128,49]]",[],60,0.689639,0.011493983333333334,0.011172,0.013885299999999998,0.0033244445195028827,98.35252993357933,0.003358306352698356,99.3543204412643,False
527,776,DEQUANTIZE_LINEAR,4,fused_dequant_relu_quant_neon,FUSION_CONV_BIAS_ACT,DequantizeLinear-Relu-QuantizeLinear,"[[1,64,49],[],[],[],[]]","[[1,64,49]]","[[],[],[],[]]",60,0.688852,0.011480866666666667,0.011328,0.0128156,0.003320650740675339,98.35585058432001,0.0033544739315336976,99.35767491519584,False
528,336,ADD,1,add_stride_optimized,,,"[[1,128,1],[1,128,49]]","[[1,128,49]]",[],60,0.687763,0.011462716666666668,0.011302,0.013026199999999998,0.0033154011534539973,98.35916598547347,0.0033491708735307593,99.36102408606938,False
529,746,DEQUANTIZE_LINEAR,4,fused_dequant_relu_quant_neon,FUSION_CONV_BIAS_ACT,DequantizeLinear-Relu-QuantizeLinear,"[[1,64,49],[],[],[],[]]","[[1,64,49]]","[[],[],[],[]]",60,0.687451,0.011457516666666667,0.011406,0.01271325,0.0033138971394842467,98.36247988261294,0.0033476515401084294,99.36437173760949,False
530,321,ADD,1,add_stride_optimized,,,"[[1,128,1],[1,128,49]]","[[1,128,49]]",[],60,0.68693,0.011448833333333333,0.011198,0.013314849999999996,0.003311385628977067,98.36579126824192,0.0033451144480794756,99.36771685205757,False
531,761,DEQUANTIZE_LINEAR,4,fused_dequant_relu_quant_neon,FUSION_CONV_BIAS_ACT,DequantizeLinear-Relu-QuantizeLinear,"[[1,64,49],[],[],[],[]]","[[1,64,49]]","[[],[],[],[]]",60,0.686876,0.011447933333333334,0.011354,0.01240025,0.0033111253188669175,98.3691023935608,0.003344851486525611,99.3710617035441,False
532,578,DEQUANTIZE_LINEAR,4,fused_dequant_relu_quant_neon,FUSION_CONV_BIAS_ACT,DequantizeLinear-Relu-QuantizeLinear,"[[1,64,49],[],[],[],[]]","[[1,64,49]]","[[],[],[],[]]",60,0.686724,0.0114454,0.011354,0.01241165,0.0033103925941124234,98.37241278615491,0.003344111298448066,99.37440581484255,False
533,413,DEQUANTIZE_LINEAR,4,fused_dequant_relu_quant_neon,FUSION_CONV_BIAS_ACT,DequantizeLinear-Relu-QuantizeLinear,"[[1,64,49],[],[],[],[]]","[[1,64,49]]","[[],[],[],[]]",60,0.686046,0.0114341,0.010651,0.012505200000000001,0.0033071242560627732,98.37571991041098,0.003340809670049542,99.3777466245126,False
534,791,DEQUANTIZE_LINEAR,4,fused_dequant_relu_quant_neon,FUSION_CONV_BIAS_ACT,DequantizeLinear-Relu-QuantizeLinear,"[[1,64,49],[],[],[],[]]","[[1,64,49]]","[[],[],[],[]]",60,0.685475,0.011424583333333332,0.011406,0.012255599999999998,0.0033043717176758254,98.37902428212865,0.003338029095100343,99.3810846536077,False
535,563,DEQUANTIZE_LINEAR,4,fused_dequant_relu_quant_neon,FUSION_CONV_BIAS_ACT,DequantizeLinear-Relu-QuantizeLinear,"[[1,64,49],[],[],[],[]]","[[1,64,49]]","[[],[],[],[]]",60,0.683018,0.011383633333333334,0.011354,0.012716749999999999,0.003292527607664039,98.38231680973632,0.003326064344399498,99.3844107179521,False
536,308,DEQUANTIZE_LINEAR,4,fused_dequant_relu_quant_neon,FUSION_CONV_BIAS_ACT,DequantizeLinear-Relu-QuantizeLinear,"[[1,64,49],[],[],[],[]]","[[1,64,49]]","[[],[],[],[]]",60,0.681927,0.01136545,0.0104425,0.0121948,0.0032872683793275068,98.38560407811565,0.00332075154707975,99.38773146949917,False
537,473,DEQUANTIZE_LINEAR,4,fused_dequant_relu_quant_neon,FUSION_CONV_BIAS_ACT,DequantizeLinear-Relu-QuantizeLinear,"[[1,64,49],[],[],[],[]]","[[1,64,49]]","[[],[],[],[]]",60,0.68068,0.011344666666666666,0.01125,0.0123986,0.0032812571440060992,98.38888533525966,0.0033146790830488365,99.39104614858222,False
538,170,DEQUANTIZE_LINEAR,4,fused_dequant_relu_quant_neon,FUSION_CONV_BIAS_ACT,DequantizeLinear-Relu-QuantizeLinear,"[[1,64,49],[],[],[],[]]","[[1,64,49]]","[[],[],[],[]]",60,0.680312,0.011338533333333334,0.0103385,0.012883249999999999,0.0032794831788110087,98.39216481843847,0.0033128870487558327,99.39435903563097,False
539,488,DEQUANTIZE_LINEAR,4,fused_dequant_relu_quant_neon,FUSION_CONV_BIAS_ACT,DequantizeLinear-Relu-QuantizeLinear,"[[1,64,49],[],[],[],[]]","[[1,64,49]]","[[],[],[],[]]",60,0.680259,0.01133765,0.011302,0.012395050000000001,0.003279227689258455,98.39544404612774,0.003312628956860373,99.39767166458783,False
540,276,ADD,1,add_stride_optimized,,,"[[1,128,1],[1,128,49]]","[[1,128,49]]",[],60,0.674269,0.011237816666666667,0.011067500000000001,0.012612799999999999,0.0032503525492622795,98.398694398677,0.003283459703015009,99.40095512429085,False
541,458,DEQUANTIZE_LINEAR,4,fused_dequant_relu_quant_neon,FUSION_CONV_BIAS_ACT,DequantizeLinear-Relu-QuantizeLinear,"[[1,64,49],[],[],[],[]]","[[1,64,49]]","[[],[],[],[]]",60,0.67042,0.011173666666666667,0.01112,0.012297200000000001,0.003231798223077759,98.40192619690008,0.0032647163878145404,99.40421984067866,False
542,731,DEQUANTIZE_LINEAR,4,fused_dequant_relu_quant_neon,FUSION_CONV_BIAS_ACT,DequantizeLinear-Relu-QuantizeLinear,"[[1,64,49],[],[],[],[]]","[[1,64,49]]","[[],[],[],[]]",60,0.669116,0.011151933333333334,0.011094,0.012205249999999999,0.0032255122159734165,98.40515170911605,0.0032583663532545475,99.40747820703191,False
543,93,ADD,1,add_stride_optimized,,,"[[1,128,1],[1,128,49]]","[[1,128,49]]",[],60,0.668966,0.011149433333333332,0.010911500000000001,0.013026199999999998,0.0032247891323341133,98.40837649824839,0.0032576359044938124,99.4107358429364,False
544,140,DEQUANTIZE_LINEAR,4,fused_dequant_relu_quant_neon,FUSION_CONV_BIAS_ACT,DequantizeLinear-Relu-QuantizeLinear,"[[1,64,49],[],[],[],[]]","[[1,64,49]]","[[],[],[],[]]",60,0.668646,0.011144099999999999,0.010963500000000001,0.012007649999999998,0.0032232465539035996,98.41159974480229,0.003256077613804243,99.4139919205502,False
545,155,DEQUANTIZE_LINEAR,4,fused_dequant_relu_quant_neon,FUSION_CONV_BIAS_ACT,DequantizeLinear-Relu-QuantizeLinear,"[[1,64,49],[],[],[],[]]","[[1,64,49]]","[[],[],[],[]]",60,0.668644,0.011144066666666667,0.0102865,0.01286755,0.0032232369127884086,98.41482298171508,0.003256067874487434,99.41724798842469,False
546,291,ADD,1,add_stride_optimized,,,"[[1,128,1],[1,128,49]]","[[1,128,49]]",[],60,0.668177,0.011136283333333333,0.011042,0.012992399999999998,0.0032209857123913785,98.41804396742747,0.0032537937440123444,99.4205017821687,False
547,398,DEQUANTIZE_LINEAR,4,fused_dequant_relu_quant_neon,FUSION_CONV_BIAS_ACT,DequantizeLinear-Relu-QuantizeLinear,"[[1,64,49],[],[],[],[]]","[[1,64,49]]","[[],[],[],[]]",60,0.667652,0.011127533333333333,0.011094,0.012054449999999998,0.003218454919653817,98.42126242234711,0.0032512371733497704,99.42375301934204,False
548,215,DEQUANTIZE_LINEAR,4,fused_dequant_relu_quant_neon,FUSION_CONV_BIAS_ACT,DequantizeLinear-Relu-QuantizeLinear,"[[1,64,49],[],[],[],[]]","[[1,64,49]]","[[],[],[],[]]",60,0.666981,0.01111635,0.01099,0.0125,0.003215220325507334,98.42447764267261,0.0032479696325600814,99.4270009889746,False
549,200,DEQUANTIZE_LINEAR,4,fused_dequant_relu_quant_neon,FUSION_CONV_BIAS_ACT,DequantizeLinear-Relu-QuantizeLinear,"[[1,64,49],[],[],[],[]]","[[1,64,49]]","[[],[],[],[]]",60,0.660622,0.011010366666666667,0.010312499999999999,0.01277565,0.003184566399758473,98.42766220907237,0.003217003474763308,99.43021799244936,False
550,443,DEQUANTIZE_LINEAR,4,fused_dequant_relu_quant_neon,FUSION_CONV_BIAS_ACT,DequantizeLinear-Relu-QuantizeLinear,"[[1,64,49],[],[],[],[]]","[[1,64,49]]","[[],[],[],[]]",60,0.654425,0.010907083333333335,0.010859500000000001,0.011937449999999999,0.0031546934043400593,98.4308169024767,0.0031868262016281294,99.43340481865098,False
551,110,DEQUANTIZE_LINEAR,4,fused_dequant_relu_quant_neon,FUSION_CONV_BIAS_ACT,DequantizeLinear-Relu-QuantizeLinear,"[[1,64,49],[],[],[],[]]","[[1,64,49]]","[[],[],[],[]]",60,0.654162,0.0109027,0.010521,0.012557200000000001,0.003153425597692481,98.4339703280744,0.0031855454814676398,99.43659036413246,False
552,701,DEQUANTIZE_LINEAR,4,fused_dequant_relu_quant_neon,FUSION_CONV_BIAS_ACT,DequantizeLinear-Relu-QuantizeLinear,"[[1,64,49],[],[],[],[]]","[[1,64,49]]","[[],[],[],[]]",60,0.65203,0.010867166666666667,0.010911500000000001,0.011624399999999998,0.0031431481688991847,98.4371134762433,0.0031751633697483885,99.4397655275022,False
553,656,DEQUANTIZE_LINEAR,4,fused_dequant_relu_quant_neon,FUSION_CONV_BIAS_ACT,DequantizeLinear-Relu-QuantizeLinear,"[[1,64,49],[],[],[],[]]","[[1,64,49]]","[[],[],[],[]]",60,0.65047,0.010841166666666667,0.010781,0.01198425,0.003135628099050431,98.44024910434234,0.0031675667026367415,99.44293309420485,False
554,686,DEQUANTIZE_LINEAR,4,fused_dequant_relu_quant_neon,FUSION_CONV_BIAS_ACT,DequantizeLinear-Relu-QuantizeLinear,"[[1,64,49],[],[],[],[]]","[[1,64,49]]","[[],[],[],[]]",60,0.650313,0.01083855,0.010807,0.0118776,0.0031348712715079607,98.44338397561386,0.0031668021662671713,99.44609989637111,False
555,383,DEQUANTIZE_LINEAR,4,fused_dequant_relu_quant_neon,FUSION_CONV_BIAS_ACT,DequantizeLinear-Relu-QuantizeLinear,"[[1,64,49],[],[],[],[]]","[[1,64,49]]","[[],[],[],[]]",60,0.649737,0.01082895,0.010729,0.012419399999999999,0.003132094630333036,98.44651607024419,0.003163997243025948,99.44926389361413,False
556,626,DEQUANTIZE_LINEAR,4,fused_dequant_relu_quant_neon,FUSION_CONV_BIAS_ACT,DequantizeLinear-Relu-QuantizeLinear,"[[1,64,49],[],[],[],[]]","[[1,64,49]]","[[],[],[],[]]",60,0.646622,0.010777033333333333,0.010677,0.012263449999999999,0.0031170785934235058,98.4496331488376,0.0031488282570946774,99.45241272187123,False
557,611,DEQUANTIZE_LINEAR,4,fused_dequant_relu_quant_neon,FUSION_CONV_BIAS_ACT,DequantizeLinear-Relu-QuantizeLinear,"[[1,64,49],[],[],[],[]]","[[1,64,49]]","[[],[],[],[]]",60,0.644117,0.010735283333333335,0.010521,0.012328399999999998,0.003105003096647142,98.45273815193426,0.0031366297627903974,99.45554935163402,False
558,368,DEQUANTIZE_LINEAR,4,fused_dequant_relu_quant_neon,FUSION_CONV_BIAS_ACT,DequantizeLinear-Relu-QuantizeLinear,"[[1,64,49],[],[],[],[]]","[[1,64,49]]","[[],[],[],[]]",60,0.642809,0.010713483333333332,0.0107295,0.012036199999999999,0.003098697807312418,98.45583684974157,0.003130260249596785,99.45867961188361,False
559,641,DEQUANTIZE_LINEAR,4,fused_dequant_relu_quant_neon,FUSION_CONV_BIAS_ACT,DequantizeLinear-Relu-QuantizeLinear,"[[1,64,49],[],[],[],[]]","[[1,64,49]]","[[],[],[],[]]",60,0.640263,0.01067105,0.010417,0.01223905,0.0030864246676746447,98.45892327440924,0.0031178620992979044,99.46179747398291,False
560,185,DEQUANTIZE_LINEAR,4,fused_dequant_relu_quant_neon,FUSION_CONV_BIAS_ACT,DequantizeLinear-Relu-QuantizeLinear,"[[1,64,49],[],[],[],[]]","[[1,64,49]]","[[],[],[],[]]",60,0.636772,0.010612866666666667,0.010391,0.012200999999999998,0.0030695961011092615,98.46199287051036,0.0031008621218063907,99.46489833610472,False
561,248,DEQUANTIZE_LINEAR,4,fused_dequant_relu_quant_neon,FUSION_CONV_BIAS_ACT,DequantizeLinear-Relu-QuantizeLinear,"[[1,64,49],[],[],[],[]]","[[1,64,49]]","[[],[],[],[]]",60,0.636406,0.010606766666666666,0.0104425,0.011411199999999998,0.0030678317770293615,98.46506070228739,0.0030990798268301966,99.46799741593155,False
562,353,DEQUANTIZE_LINEAR,4,fused_dequant_relu_quant_neon,FUSION_CONV_BIAS_ACT,DequantizeLinear-Relu-QuantizeLinear,"[[1,64,49],[],[],[],[]]","[[1,64,49]]","[[],[],[],[]]",60,0.635889,0.01059815,0.010391,0.011702499999999998,0.0030653395487525627,98.46812604183614,0.003096562213434862,99.47109397814498,False
563,323,DEQUANTIZE_LINEAR,4,fused_dequant_relu_quant_neon,FUSION_CONV_BIAS_ACT,DequantizeLinear-Relu-QuantizeLinear,"[[1,64,49],[],[],[],[]]","[[1,64,49]]","[[],[],[],[]]",60,0.634636,0.010577266666666666,0.010364499999999999,0.01146155,0.003059299390085583,98.47118534122623,0.003090460531453519,99.47418443867643,False
564,125,DEQUANTIZE_LINEAR,4,fused_dequant_relu_quant_neon,FUSION_CONV_BIAS_ACT,DequantizeLinear-Relu-QuantizeLinear,"[[1,64,49],[],[],[],[]]","[[1,64,49]]","[[],[],[],[]]",60,0.630258,0.0105043,0.010078,0.011955649999999998,0.00303819498893312,98.47422353621516,0.0030691411669568573,99.47725357984339,False
565,338,DEQUANTIZE_LINEAR,4,fused_dequant_relu_quant_neon,FUSION_CONV_BIAS_ACT,DequantizeLinear-Relu-QuantizeLinear,"[[1,64,49],[],[],[],[]]","[[1,64,49]]","[[],[],[],[]]",60,0.6279170000000001,0.010465283333333334,0.0102345,0.01141125,0.0030269100636023945,98.47725044627876,0.003057741296630981,99.48031132114002,False
566,95,DEQUANTIZE_LINEAR,4,fused_dequant_relu_quant_neon,FUSION_CONV_BIAS_ACT,DequantizeLinear-Relu-QuantizeLinear,"[[1,64,49],[],[],[],[]]","[[1,64,49]]","[[],[],[],[]]",60,0.625521,0.01042535,0.010104,0.011330649999999998,0.0030153600076039243,98.48026580628637,0.003046073595092836,99.48335739473511,False
567,193,REDUCE_MEAN,1,reduce_mean_stride_optimized,,,"[[1,128,49]]","[[1,128,1]]",[],60,0.622657,0.010377616666666667,0.007136,0.011674149999999986,0.0030015539306508282,98.48326736021701,0.0030321268934211955,99.48638952162852,False
568,65,DEQUANTIZE_LINEAR,4,fused_dequant_relu_quant_neon,FUSION_CONV_BIAS_ACT,DequantizeLinear-Relu-QuantizeLinear,"[[1,64,49],[],[],[],[]]","[[1,64,49]]","[[],[],[],[]]",60,0.62203,0.010367166666666667,0.010208,0.010948349999999999,0.002998531441038541,98.48626589165805,0.0030290736176013223,99.48941859524612,False
569,293,DEQUANTIZE_LINEAR,4,fused_dequant_relu_quant_neon,FUSION_CONV_BIAS_ACT,DequantizeLinear-Relu-QuantizeLinear,"[[1,64,49],[],[],[],[]]","[[1,64,49]]","[[],[],[],[]]",60,0.620157,0.01033595,0.0100785,0.011138299999999997,0.0029895025366624413,98.48925539419471,0.0030199527474089405,99.49243854799353,False
570,80,DEQUANTIZE_LINEAR,4,fused_dequant_relu_quant_neon,FUSION_CONV_BIAS_ACT,DequantizeLinear-Relu-QuantizeLinear,"[[1,64,49],[],[],[],[]]","[[1,64,49]]","[[],[],[],[]]",60,0.61661,0.010276833333333334,0.010052,0.010833,0.002972404018871718,98.49222779821359,0.003002680069046752,99.49544122806257,False
571,278,DEQUANTIZE_LINEAR,4,fused_dequant_relu_quant_neon,FUSION_CONV_BIAS_ACT,DequantizeLinear-Relu-QuantizeLinear,"[[1,64,49],[],[],[],[]]","[[1,64,49]]","[[],[],[],[]]",60,0.615055,0.010250916666666667,0.010104,0.01094055,0.0029649080518109414,98.4951927062654,0.002995107750227129,99.4984363358128,False
572,263,DEQUANTIZE_LINEAR,4,fused_dequant_relu_quant_neon,FUSION_CONV_BIAS_ACT,DequantizeLinear-Relu-QuantizeLinear,"[[1,64,49],[],[],[],[]]","[[1,64,49]]","[[],[],[],[]]",60,0.614688,0.0102448,0.01013,0.01058345,0.002963138907173446,98.49815584517258,0.00299332058559253,99.50142965639839,False
573,43,REDUCE_MEAN,1,reduce_mean_stride_optimized,,,"[[1,128,49]]","[[1,128,1]]",[],60,0.557448,0.0092908,0.009089,0.0106874,0.0026872101904153373,98.50084305536299,0.0027145813384959277,99.50414423773688,False
574,46,EXPAND,1,expand_stride_optimized,,,"[[1,128,1,1],[4]]","[[1,128,1,100]]",[[4]],60,0.548701,0.009145016666666667,0.009062500000000001,0.009901199999999999,0.0026450447731287694,98.50348810013612,0.002671986436428248,99.5068162241733,False
575,589,REDUCE_MEAN,1,reduce_mean_stride_optimized,,,"[[1,128,49]]","[[1,128,1]]",[],60,0.546874,0.009114566666666666,0.00901,0.010742,0.002636237614402056,98.50612433775052,0.0026630895705224917,99.50947931374382,False
576,592,EXPAND,1,expand_stride_optimized,,,"[[1,128,1,1],[4]]","[[1,128,1,100]]",[[4]],60,0.544845,0.00908075,0.0090365,0.00979365,0.002626456703041081,98.50875079445356,0.002653209033618945,99.51213252277745,False
577,556,REDUCE_MEAN,1,reduce_mean_stride_optimized,,,"[[1,128,49]]","[[1,128,1]]",[],60,0.522239,0.008703983333333333,0.008282,0.0100026,0.002517483178040491,98.5112682776316,0.0025431255357177256,99.51467564831317,False
578,739,REDUCE_MEAN,1,reduce_mean_stride_optimized,,,"[[1,128,49]]","[[1,128,1]]",[],60,0.520683,0.00867805,0.0077345,0.009276199999999998,0.002509982390422119,98.51377826002202,0.002535548347239698,99.51721119666041,False
579,571,REDUCE_MEAN,1,reduce_mean_stride_optimized,,,"[[1,128,49]]","[[1,128,1]]",[],60,0.519485,0.008658083333333334,0.007865,0.008726649999999997,0.002504207362422884,98.51628246738444,0.0025297144964706248,99.51974091115689,False
580,226,REDUCE_MEAN,1,reduce_mean_stride_optimized,,,"[[1,128,49]]","[[1,128,1]]",[],60,0.516201,0.008603350000000001,0.008411499999999999,0.010909399999999998,0.0024883766512797385,98.51877084403573,0.002513722538268926,99.52225463369516,False
581,436,REDUCE_MEAN,1,reduce_mean_stride_optimized,,,"[[1,128,49]]","[[1,128,1]]",[],60,0.515416,0.008590266666666667,0.007578,0.009062050000000002,0.002484592513567385,98.5212554365493,0.0025098998564210776,99.52476453355158,False
582,817,EXPAND,1,expand_stride_optimized,,,"[[1,128,1,1],[4]]","[[1,128,1,100]]",[[4]],60,0.512033,0.008533883333333332,0.0084895,0.00942705,0.0024682845672223,98.52372372111653,0.0024934258020372934,99.52725795935362,False
583,724,REDUCE_MEAN,1,reduce_mean_stride_optimized,,,"[[1,128,49]]","[[1,128,1]]",[],60,0.510834,0.0085139,0.007761,0.009307449999999997,0.0024625047186654695,98.52618622583519,0.002487587081609816,99.52974554643522,False
584,451,REDUCE_MEAN,1,reduce_mean_stride_optimized,,,"[[1,128,49]]","[[1,128,1]]",[],60,0.508592,0.008476533333333335,0.007656,0.009338599999999997,0.002451697028536684,98.52863792286372,0.002476669307466025,99.53222221574269,False
585,814,REDUCE_MEAN,1,reduce_mean_stride_optimized,,,"[[1,128,49]]","[[1,128,1]]",[],60,0.506769,0.008446150000000001,0.008021,0.009559799999999993,0.002442909152040352,98.53108083201576,0.0024677919201938885,99.53469000766289,False
586,604,REDUCE_MEAN,1,reduce_mean_stride_optimized,,,"[[1,128,49]]","[[1,128,1]]",[],60,0.503748,0.0083958,0.007995,0.010305299999999993,0.0024283462475447855,98.5335091782633,0.002453080682152679,99.53714308834505,False
587,772,EXPAND,1,expand_stride_optimized,,,"[[1,128,1,1],[4]]","[[1,128,1,100]]",[[4]],60,0.502083,0.008368049999999998,0.008359,0.009375,0.0024203200191485197,98.53592949828246,0.0024449727009085167,99.53958806104596,False
588,787,EXPAND,1,expand_stride_optimized,,,"[[1,128,1,1],[4]]","[[1,128,1,100]]",[[4]],60,0.501928,0.008365466666666667,0.008281,0.009427,0.0024195728327212397,98.53834907111518,0.0024442179038557566,99.54203227894982,False
589,574,EXPAND,1,expand_stride_optimized,,,"[[1,128,1,1],[4]]","[[1,128,1,100]]",[[4]],60,0.500831,0.008347183333333334,0.0083335,0.009375,0.0024142846810391353,98.54076335579622,0.0024388758885855793,99.5444711548384,False
590,802,EXPAND,1,expand_stride_optimized,,,"[[1,128,1,1],[4]]","[[1,128,1,100]]",[[4]],60,0.500671,0.008344516666666666,0.0082815,0.00932465,0.002413513391823879,98.54317686918804,0.0024380967432407947,99.54690925158165,False
591,118,REDUCE_MEAN,1,reduce_mean_stride_optimized,,,"[[1,128,49]]","[[1,128,1]]",[],60,0.500573,0.008342883333333334,0.007032,0.012019049999999996,0.002413040977179534,98.54558991016522,0.0024376195167171142,99.54934687109836,False
592,769,REDUCE_MEAN,1,reduce_mean_stride_optimized,,,"[[1,128,49]]","[[1,128,1]]",[],60,0.500055,0.00833425,0.008047,0.009278799999999999,0.00241054392834514,98.54800045409357,0.002435097033663375,99.55178196813203,False
593,208,REDUCE_MEAN,1,reduce_mean_stride_optimized,,,"[[1,128,49]]","[[1,128,1]]",[],60,0.49833,0.0083055,0.007604,0.01047959999999999,0.0024022284664931533,98.55040268256006,0.0024266968729149186,99.55420866500495,False
594,559,EXPAND,1,expand_stride_optimized,,,"[[1,128,1,1],[4]]","[[1,128,1,100]]",[[4]],60,0.495728,0.008262133333333333,0.008151,0.0093776,0.00238968537563004,98.5527923679357,0.002414026021745363,99.55662269102669,False
595,784,REDUCE_MEAN,1,reduce_mean_stride_optimized,,,"[[1,128,49]]","[[1,128,1]]",[],60,0.495359,0.008255983333333333,0.008099,0.00922155,0.0023879065898773544,98.55518027452557,0.002412229117793954,99.55903492014448,False
596,316,REDUCE_MEAN,1,reduce_mean_stride_optimized,,,"[[1,128,49]]","[[1,128,1]]",[],60,0.49219,0.008203166666666668,0.0076565,0.008508199999999999,0.0023726302428576746,98.55755290476843,0.002396797170308819,99.56143171731479,False
597,799,REDUCE_MEAN,1,reduce_mean_stride_optimized,,,"[[1,128,49]]","[[1,128,1]]",[],60,0.489375,0.00815625,0.008021,0.0091696,0.0023590603732267512,98.55991196514165,0.0023830890818990194,99.56381480639669,False
598,544,EXPAND,1,expand_stride_optimized,,,"[[1,128,1,1],[4]]","[[1,128,1,100]]",[[4]],60,0.487912,0.008131866666666666,0.008125,0.009430550000000001,0.0023520078974647468,98.56226397303912,0.0023759647716526475,99.56619077116835,False
599,541,REDUCE_MEAN,1,reduce_mean_stride_optimized,,,"[[1,128,49]]","[[1,128,1]]",[],60,0.487812,0.0081302,0.008021,0.009276199999999998,0.0023515258417052113,98.56461549888083,0.0023754778058121574,99.56856624897416,False
600,481,REDUCE_MEAN,1,reduce_mean_stride_optimized,,,"[[1,128,49]]","[[1,128,1]]",[],60,0.487552,0.008125866666666667,0.0078905,0.0092242,0.0023502724967304194,98.56696577137755,0.0023742116946268827,99.5709404606688,False
601,529,EXPAND,1,expand_stride_optimized,,,"[[1,128,1,1],[4]]","[[1,128,1,100]]",[[4]],60,0.485934,0.0080989,0.008177,0.0092216,0.002342472834541135,98.5693082442121,0.0023663325873277507,99.57330679325612,False
602,511,REDUCE_MEAN,1,reduce_mean_stride_optimized,,,"[[1,128,49]]","[[1,128,1]]",[],60,0.48359599999999997,0.008059933333333333,0.0080205,0.009016199999999999,0.0023312023708831953,98.57163944658298,0.0023549473259770895,99.5756617405821,False
603,514,EXPAND,1,expand_stride_optimized,,,"[[1,128,1,1],[4]]","[[1,128,1,100]]",[[4]],60,0.483278,0.008054633333333333,0.0079945,0.0093802,0.0023296694335678725,98.57396911601654,0.002353398774604331,99.57801513935671,False
604,229,EXPAND,1,expand_stride_optimized,,,"[[1,128,1,1],[4]]","[[1,128,1,100]]",[[4]],60,0.482912,0.008048533333333333,0.0077339999999999996,0.00947905,0.002327905109487973,98.57629702112602,0.002351616479628136,99.58036675583634,False
605,331,REDUCE_MEAN,1,reduce_mean_stride_optimized,,,"[[1,128,49]]","[[1,128,1]]",[],60,0.482707,0.008045116666666666,0.007292,0.00809645,0.002326916895180925,98.57862393802121,0.0023506181996551315,99.582717374036,False
606,757,EXPAND,1,expand_stride_optimized,,,"[[1,128,1,1],[4]]","[[1,128,1,100]]",[[4]],60,0.482342,0.008039033333333332,0.007865,0.009333449999999998,0.0023251573916586205,98.58094909541286,0.002348840774337342,99.58506621481033,False
607,754,REDUCE_MEAN,1,reduce_mean_stride_optimized,,,"[[1,128,49]]","[[1,128,1]]",[],60,0.479162,0.007986033333333333,0.007838,0.008958,0.0023098280185053924,98.58325892343137,0.002333355260609753,99.58739957007093,False
608,682,EXPAND,1,expand_stride_optimized,,,"[[1,128,1,1],[4]]","[[1,128,1,100]]",[[4]],60,0.478697,0.007978283333333332,0.00724,0.008581049999999998,0.0023075864592235523,98.5855665098906,0.0023310908694514736,99.58973066094038,False
609,230,SLICE,1,slice_stride_optimized,,,"[[1,128,100],[1],[1],[1],[1]]","[[1,128,49]]","[[1],[1],[1],[1]]",60,0.478443,0.00797405,0.007865,0.009493,0.0023063620375943323,98.5878728719282,0.0023298539762166286,99.5920605149166,False
610,667,EXPAND,1,expand_stride_optimized,,,"[[1,128,1,1],[4]]","[[1,128,1,100]]",[[4]],60,0.476824,0.007947066666666667,0.007136,0.008208249999999999,0.002298557554847453,98.59017142948305,0.0023219699992590914,99.59438248491585,False
611,526,REDUCE_MEAN,1,reduce_mean_stride_optimized,,,"[[1,128,49]]","[[1,128,1]]",[],60,0.4763,0.007938333333333334,0.007968,0.008861800000000001,0.002296031582667487,98.59246746106572,0.002319418298254923,99.59670190321411,False
612,466,REDUCE_MEAN,1,reduce_mean_stride_optimized,,,"[[1,128,49]]","[[1,128,1]]",[],60,0.47625,0.0079375,0.007865,0.008752600000000001,0.0022957905547877195,98.5947632516205,0.002319174815334678,99.59902107802945,False
613,301,REDUCE_MEAN,1,reduce_mean_stride_optimized,,,"[[1,128,49]]","[[1,128,1]]",[],60,0.475567,0.007926116666666667,0.007083,0.0128849,0.002292498113950092,98.59705574973445,0.0023158488386441295,99.6013369268681,False
614,406,REDUCE_MEAN,1,reduce_mean_stride_optimized,,,"[[1,128,49]]","[[1,128,1]]",[],60,0.47135499999999997,0.007855916666666666,0.007656,0.0090136,0.002272193925358458,98.59932794365982,0.0022953378374426813,99.60363226470554,False
615,496,REDUCE_MEAN,1,reduce_mean_stride_optimized,,,"[[1,128,49]]","[[1,128,1]]",[],60,0.471251,0.007854183333333332,0.00776,0.00883585,0.002271692587368541,98.60159963624719,0.002294831392968572,99.60592709609851,False
616,76,EXPAND,1,expand_stride_optimized,,,"[[1,128,1,1],[4]]","[[1,128,1,100]]",[[4]],60,0.471196,0.007853266666666667,0.007761,0.008679849999999998,0.0022714274567007964,98.60387106370389,0.002294563561756302,99.60822165966027,False
617,376,REDUCE_MEAN,1,reduce_mean_stride_optimized,,,"[[1,128,49]]","[[1,128,1]]",[],60,0.469685,0.007828083333333334,0.007604,0.008703299999999995,0.002264143594174215,98.60613520729807,0.002287205507906495,99.61050886516819,False
618,346,REDUCE_MEAN,1,reduce_mean_stride_optimized,,,"[[1,128,49]]","[[1,128,1]]",[],60,0.469427,0.007823783333333332,0.007213499999999999,0.008695449999999995,0.0022628998903146138,98.60839810718838,0.00228594913603803,99.61279481430422,False
619,196,EXPAND,1,expand_stride_optimized,,,"[[1,128,1,1],[4]]","[[1,128,1,100]]",[[4]],60,0.468437,0.007807283333333333,0.0070834999999999995,0.008859200000000001,0.0022581275382952126,98.61065623472668,0.0022811281742171766,99.61507594247844,False
620,151,EXPAND,1,expand_stride_optimized,,,"[[1,128,1,1],[4]]","[[1,128,1,100]]",[[4]],60,0.467805,0.007796750000000001,0.007031,0.00928305,0.002255080945894948,98.61291131567258,0.0022780505501052784,99.61735399302854,False
621,652,EXPAND,1,expand_stride_optimized,,,"[[1,128,1,1],[4]]","[[1,128,1,100]]",[[4]],60,0.46771,0.007795166666666667,0.0076305,0.00896935,0.0022546229929233893,98.6151659386655,0.002277587932556813,99.6196315809611,False
622,103,REDUCE_MEAN,1,reduce_mean_stride_optimized,,,"[[1,128,49]]","[[1,128,1]]",[],60,0.467706,0.0077951,0.007083,0.012513199999999993,0.0022546037106930083,98.6174205423762,0.0022775684539231935,99.62190914941502,False
623,148,REDUCE_MEAN,1,reduce_mean_stride_optimized,,,"[[1,128,49]]","[[1,128,1]]",[],60,0.467555,0.007792583333333334,0.007032,0.0107316,0.0022538758064961093,98.6196744181827,0.002276833135504053,99.62418598255053,False
624,709,REDUCE_MEAN,1,reduce_mean_stride_optimized,,,"[[1,128,49]]","[[1,128,1]]",[],60,0.46703,0.007783833333333334,0.00763,0.008812450000000001,0.002251345013758548,98.62192576319646,0.002274276564841479,99.62646025911538,False
625,391,REDUCE_MEAN,1,reduce_mean_stride_optimized,,,"[[1,128,49]]","[[1,128,1]]",[],60,0.466199,0.0077699833333333326,0.0075785,0.00892685,0.002247339130396808,98.62417310232685,0.002270229878707006,99.62873048899408,False
626,364,EXPAND,1,expand_stride_optimized,,,"[[1,128,1,1],[4]]","[[1,128,1,100]]",[[4]],60,0.465833,0.007763883333333333,0.007604,0.009167,0.0022455748063169084,98.62641867713317,0.0022684475837308118,99.63099893657781,False
627,694,REDUCE_MEAN,1,reduce_mean_stride_optimized,,,"[[1,128,49]]","[[1,128,1]]",[],60,0.465628,0.007760466666666666,0.007761,0.008443199999999998,0.0022445865920098606,98.62866326372519,0.0022674493037578066,99.63326638588157,False
628,499,EXPAND,1,expand_stride_optimized,,,"[[1,128,1,1],[4]]","[[1,128,1,100]]",[[4]],60,0.464843,0.007747383333333333,0.007682,0.009330799999999998,0.0022408024542975072,98.63090406617948,0.0022636266219099583,99.63553001250348,False
629,619,REDUCE_MEAN,1,reduce_mean_stride_optimized,,,"[[1,128,49]]","[[1,128,1]]",[],60,0.464791,0.0077465166666666665,0.007396,0.0090266,0.002240551785302549,98.63314461796479,0.0022633733996729032,99.63779338590315,False
630,421,REDUCE_MEAN,1,reduce_mean_stride_optimized,,,"[[1,128,49]]","[[1,128,1]]",[],60,0.46364299999999997,0.007727383333333333,0.007448,0.008854,0.0022350177851830815,98.63537963574997,0.0022577830318240757,99.64005116893497,False
631,679,REDUCE_MEAN,1,reduce_mean_stride_optimized,,,"[[1,128,49]]","[[1,128,1]]",[],60,0.461667,0.00769445,0.007448,0.00880815,0.0022254923633746606,98.63760512811335,0.002248160586815989,99.64229932952179,False
632,361,REDUCE_MEAN,1,reduce_mean_stride_optimized,,,"[[1,128,49]]","[[1,128,1]]",[],60,0.46114299999999997,0.007685716666666666,0.007344,0.010265299999999996,0.0022229663911946945,98.63982809450455,0.0022456088858118202,99.6445449384076,False
633,379,EXPAND,1,expand_stride_optimized,,,"[[1,128,1,1],[4]]","[[1,128,1,100]]",[[4]],60,0.460258,0.007670966666666667,0.006875,0.008958,0.0022187001977228057,98.64204679470227,0.002241299238123482,99.64678623764573,False
634,91,EXPAND,1,expand_stride_optimized,,,"[[1,128,1,1],[4]]","[[1,128,1,100]]",[[4]],60,0.460052,0.007667533333333334,0.006771,0.00830015,0.0022177071628581625,98.64426450186512,0.002240296088492072,99.64902653373422,False
635,664,REDUCE_MEAN,1,reduce_mean_stride_optimized,,,"[[1,128,49]]","[[1,128,1]]",[],60,0.460051,0.007667516666666666,0.007604,0.00892255,0.002217702342300567,98.64648220420743,0.002240291218833667,99.65126682495305,False
636,727,EXPAND,1,expand_stride_optimized,,,"[[1,128,1,1],[4]]","[[1,128,1,100]]",[[4]],60,0.458177,0.007636283333333333,0.007422,0.009393249999999999,0.002208668617366872,98.6486908728248,0.00223116547898288,99.65349799043204,False
637,484,EXPAND,1,expand_stride_optimized,,,"[[1,128,1,1],[4]]","[[1,128,1,100]]",[[4]],60,0.457915,0.007631916666666667,0.007448,0.00912185,0.0022074056312768892,98.65089827845608,0.0022298896284807957,99.65572788006052,False
638,649,REDUCE_MEAN,1,reduce_mean_stride_optimized,,,"[[1,128,49]]","[[1,128,1]]",[],60,0.457756,0.007629266666666666,0.0075,0.008560199999999999,0.002206639162619228,98.6531049176187,0.0022291153527944163,99.65795699541331,False
639,133,REDUCE_MEAN,1,reduce_mean_stride_optimized,,,"[[1,128,49]]","[[1,128,1]]",[],60,0.456924,0.0076154,0.007031,0.012627499999999996,0.0022026284586998926,98.65530754607741,0.0022250637970015375,99.66018205921031,False
640,286,REDUCE_MEAN,1,reduce_mean_stride_optimized,,,"[[1,128,49]]","[[1,128,1]]",[],60,0.456411,0.00760685,0.0071614999999999995,0.008505999999999984,0.0022001555126534757,98.65750770159006,0.002222565662239823,99.66240462487255,False
641,742,EXPAND,1,expand_stride_optimized,,,"[[1,128,1,1],[4]]","[[1,128,1,100]]",[[4]],60,0.456202,0.007603366666666667,0.007448,0.00885665,0.0021991480161160466,98.65970684960618,0.0022215479036331986,99.66462617277618,False
642,136,EXPAND,1,expand_stride_optimized,,,"[[1,128,1,1],[4]]","[[1,128,1,100]]",[[4]],60,0.455312,0.007588533333333333,0.006875,0.00892165,0.002194857719856181,98.66190170732604,0.0022172139076528353,99.66684338668384,False
643,178,REDUCE_MEAN,1,reduce_mean_stride_optimized,,,"[[1,128,49]]","[[1,128,1]]",[],60,0.454475,0.007574583333333333,0.006979,0.010486249999999999,0.002190822913148869,98.66409253023919,0.0022131380035679323,99.6690565246874,False
644,634,REDUCE_MEAN,1,reduce_mean_stride_optimized,,,"[[1,128,49]]","[[1,128,1]]",[],60,0.4499,0.007498333333333333,0.007239499999999999,0.008836799999999999,0.0021687688621501206,98.66626129910134,0.0021908593163655044,99.67124738400378,False
645,697,EXPAND,1,expand_stride_optimized,,,"[[1,128,1,1],[4]]","[[1,128,1,100]]",[[4]],60,0.44771299999999997,0.007461883333333333,0.007369499999999999,0.008468299999999998,0.0021582263026890796,98.66841952540402,0.0021802093734339836,99.67342759337721,False
646,469,EXPAND,1,expand_stride_optimized,,,"[[1,128,1,1],[4]]","[[1,128,1,100]]",[[4]],60,0.447656,0.0074609333333333335,0.007291499999999999,0.008856600000000001,0.0021579515309061445,98.67057747693492,0.002179931802904904,99.67560752518011,False
647,61,EXPAND,1,expand_stride_optimized,,,"[[1,128,1,1],[4]]","[[1,128,1,100]]",[[4]],60,0.447183,0.00745305,0.007213499999999999,0.008434499999999996,0.0021556714071635417,98.67273314834209,0.002177628454479385,99.67778515363459,False
648,349,EXPAND,1,expand_stride_optimized,,,"[[1,128,1,1],[4]]","[[1,128,1,100]]",[[4]],60,0.445889,0.007431483333333333,0.007239,0.008018499999999998,0.0021494336056351528,98.67488258194773,0.0021713271165034417,99.67995648075109,False
649,409,EXPAND,1,expand_stride_optimized,,,"[[1,128,1,1],[4]]","[[1,128,1,100]]",[[4]],60,0.445626,0.007427100000000001,0.007135,0.009280449999999999,0.0021481657989875745,98.67703074774671,0.0021700463963429525,99.68212652714743,False
650,163,REDUCE_MEAN,1,reduce_mean_stride_optimized,,,"[[1,128,49]]","[[1,128,1]]",[],60,0.445109,0.007418483333333333,0.006901,0.011963449999999999,0.002145673570710776,98.67917642131742,0.002167528782947618,99.68429405593038,False
651,454,EXPAND,1,expand_stride_optimized,,,"[[1,128,1,1],[4]]","[[1,128,1,100]]",[[4]],60,0.444739,0.007412316666666667,0.00724,0.0084631,0.0021438899644004947,98.68132031128182,0.002165727009337804,99.68645978293972,False
652,424,EXPAND,1,expand_stride_optimized,,,"[[1,128,1,1],[4]]","[[1,128,1,100]]",[[4]],60,0.44406,0.0074010000000000005,0.007265,0.008671099999999998,0.0021406168057932487,98.68346092808761,0.0021624205112808757,99.688622203451,False
653,211,EXPAND,1,expand_stride_optimized,,,"[[1,128,1,1],[4]]","[[1,128,1,100]]",[[4]],60,0.443962,0.007399366666666667,0.007188,0.008700599999999998,0.002140144391148904,98.68560107247876,0.0021619432847571956,99.69078414673577,False
654,712,EXPAND,1,expand_stride_optimized,,,"[[1,128,1,1],[4]]","[[1,128,1,100]]",[[4]],60,0.443019,0.00738365,0.007291499999999999,0.008609649999999998,0.0021355986053364843,98.6877366710841,0.002157351196881373,99.69294149793265,False
655,47,SLICE,1,slice_stride_optimized,,,"[[1,128,100],[1],[1],[1],[1]]","[[1,128,49]]","[[1],[1],[1],[1]]",60,0.442292,0.007371533333333334,0.007266,0.0085446,0.0021320940599646615,98.68986876514406,0.0021538109552210086,99.69509530888787,False
656,241,REDUCE_MEAN,1,reduce_mean_stride_optimized,,,"[[1,128,49]]","[[1,128,1]]",[],60,0.440932,0.007348866666666666,0.007161,0.008300199999999999,0.002125538101634979,98.69199430324569,0.0021471882197903413,99.69724249710767,False
657,333,DEQUANTIZE_LINEAR,1,dequantize_linear_neon_combined,,,"[[1,32,49],[],[]]","[[1,32,49]]","[[],[]]",60,0.44031,0.0073384999999999995,0.005261,0.00661665,0.0021225397148106682,98.6941168429605,0.0021441592922624925,99.69938665639992,False
658,439,EXPAND,1,expand_stride_optimized,,,"[[1,128,1,1],[4]]","[[1,128,1,100]]",[[4]],60,0.439846,0.007330766666666667,0.007161,0.009083799999999998,0.0021203029760864236,98.69623714593658,0.002141899770762618,99.70152855617069,False
659,256,REDUCE_MEAN,1,reduce_mean_stride_optimized,,,"[[1,128,49]]","[[1,128,1]]",[],60,0.438437,0.0073072833333333335,0.0071094999999999995,0.008153649999999998,0.0021135108104345687,98.69835065674701,0.0021350384220701108,99.70366359459275,False
660,166,EXPAND,1,expand_stride_optimized,,,"[[1,128,1,1],[4]]","[[1,128,1,100]]",[[4]],60,0.436254,0.007270899999999999,0.006953,0.00880815,0.002102987533203909,98.70045364428022,0.002124407957772209,99.70578800255052,False
661,607,EXPAND,1,expand_stride_optimized,,,"[[1,128,1,1],[4]]","[[1,128,1,100]]",[[4]],60,0.436247,0.0072707833333333334,0.006927,0.00891215,0.0021029537893007414,98.70255659806952,0.0021243738701633747,99.70791237642068,False
662,271,REDUCE_MEAN,1,reduce_mean_stride_optimized,,,"[[1,128,49]]","[[1,128,1]]",[],60,0.435988,0.007266466666666666,0.007136,0.008125,0.002101705264883545,98.7046583033344,0.002123112628636505,99.71003548904932,False
663,88,REDUCE_MEAN,1,reduce_mean_stride_optimized,,,"[[1,128,49]]","[[1,128,1]]",[],60,0.434539,0.007242316666666667,0.006979,0.008304549999999996,0.0020947202769278756,98.70675302361133,0.0021160564936078016,99.71215154554292,False
664,181,EXPAND,1,expand_stride_optimized,,,"[[1,128,1,1],[4]]","[[1,128,1,100]]",[[4]],60,0.433644,0.007227399999999999,0.006927,0.00887225,0.002090405877880033,98.7088434294892,0.0021116981493354142,99.71426324369226,False
665,106,EXPAND,1,expand_stride_optimized,,,"[[1,128,1,1],[4]]","[[1,128,1,100]]",[[4]],60,0.432969,0.00721615,0.006875,0.008664199999999999,0.002087152001503169,98.71093058149071,0.002108411129912105,99.71637165482217,False
666,73,REDUCE_MEAN,1,reduce_mean_stride_optimized,,,"[[1,128,49]]","[[1,128,1]]",[],60,0.431977,0.007199616666666667,0.007031,0.00777825,0.0020823700083685767,98.71301295149908,0.002103580428774442,99.71847523525095,False
667,622,EXPAND,1,expand_stride_optimized,,,"[[1,128,1,1],[4]]","[[1,128,1,100]]",[[4]],60,0.431142,0.007185700000000001,0.006901,0.008804600000000001,0.002078344842776455,98.71509129634185,0.0020995142640063487,99.72057474951495,False
668,572,AVERAGE_POOL,1,average_pool_stride_optimized,,,"[[1,128,49]]","[[1,128,1]]",[],60,0.428221,0.007137016666666667,0.007135,0.00833825,0.002064263994040424,98.7171555603359,0.0020852899918056295,99.72266003950676,False
669,394,EXPAND,1,expand_stride_optimized,,,"[[1,128,1,1],[4]]","[[1,128,1,100]]",[[4]],60,0.427759,0.0071293166666666664,0.006875,0.008703199999999998,0.0020620368964313703,98.71921759723233,0.002083040209622565,99.72474307971639,False
670,121,EXPAND,1,expand_stride_optimized,,,"[[1,128,1,1],[4]]","[[1,128,1,100]]",[[4]],60,0.425732,0.007095533333333333,0.006771,0.00906725,0.002052265626185586,98.72126986285852,0.002073169412035828,99.72681624912843,False
671,334,EXPAND,1,expand_stride_optimized,,,"[[1,128,1,1],[4]]","[[1,128,1,100]]",[[4]],60,0.425575,0.007092916666666667,0.006823,0.00787015,0.0020515087986431152,98.72332137165716,0.002072404875666258,99.7288886540041,False
672,244,EXPAND,1,expand_stride_optimized,,,"[[1,128,1,1],[4]]","[[1,128,1,100]]",[[4]],60,0.423284,0.007054733333333333,0.006875,0.007659649999999996,0.0020404649011921574,98.72536183655835,0.002061248488260627,99.73094990249236,False
673,637,EXPAND,1,expand_stride_optimized,,,"[[1,128,1,1],[4]]","[[1,128,1,100]]",[[4]],60,0.422078,0.007034633333333333,0.006849,0.008317499999999999,0.00203465130873216,98.72739648786708,0.002055375680224315,99.73300527817258,False
674,304,EXPAND,1,expand_stride_optimized,,,"[[1,128,1,1],[4]]","[[1,128,1,100]]",[[4]],60,0.421875,0.00703125,0.006771,0.008292399999999998,0.0020336727355403025,98.72943016060262,0.00205438713956812,99.73505966531215,False
675,58,REDUCE_MEAN,1,reduce_mean_stride_optimized,,,"[[1,128,49]]","[[1,128,1]]",[],60,0.420368,0.0070061333333333335,0.0070055,0.0075,0.002026408155244103,98.73145656875786,0.0020470485643519325,99.7371067138765,False
676,590,AVERAGE_POOL,1,average_pool_stride_optimized,,,"[[1,128,49]]","[[1,128,1]]",[],60,0.420315,0.00700525,0.006927,0.0081302,0.002026152665691549,98.73348272142356,0.002046790472456473,99.73915350434896,False
677,44,AVERAGE_POOL,1,average_pool_stride_optimized,,,"[[1,128,49]]","[[1,128,1]]",[],60,0.418595,0.006976583333333333,0.006927,0.007507799999999999,0.0020178613066275386,98.73550058273018,0.002038414660000041,99.74119191900897,False
678,319,EXPAND,1,expand_stride_optimized,,,"[[1,128,1,1],[4]]","[[1,128,1,100]]",[[4]],60,0.41599,0.006933166666666667,0.006719,0.00782335,0.0020053037540916398,98.73750588648427,0.0020257291998552708,99.74321764820883,False
679,259,EXPAND,1,expand_stride_optimized,,,"[[1,128,1,1],[4]]","[[1,128,1,100]]",[[4]],60,0.415628,0.006927133333333333,0.0067445000000000005,0.007604,0.002003558712242121,98.73950944519652,0.0020239663835126963,99.74524161459235,False
680,289,EXPAND,1,expand_stride_optimized,,,"[[1,128,1,1],[4]]","[[1,128,1,100]]",[[4]],60,0.413906,0.006898433333333333,0.006719,0.007708099999999996,0.00199525771206292,98.74150470290859,0.0020155808317394545,99.74725719542408,False
681,274,EXPAND,1,expand_stride_optimized,,,"[[1,128,1,1],[4]]","[[1,128,1,100]]",[[4]],60,0.409116,0.006818599999999999,0.006719,0.0071947999999999995,0.001972167241181171,98.74347687014976,0.001992255167979973,99.74924945059206,False
682,575,SLICE,1,slice_stride_optimized,,,"[[1,128,100],[1],[1],[1],[1]]","[[1,128,49]]","[[1],[1],[1],[1]]",60,0.407967,0.00679945,0.006589,0.00830185,0.001966628420504108,98.74544349857027,0.00198665993047274,99.75123611052253,False
683,593,SLICE,1,slice_stride_optimized,,,"[[1,128,100],[1],[1],[1],[1]]","[[1,128,49]]","[[1],[1],[1],[1]]",60,0.40505599999999997,0.006750933333333333,0.006641,0.007713249999999999,0.0019525957773440304,98.74739609434761,0.00197248435485607,99.75320859487738,False
684,668,SLICE,1,slice_stride_optimized,,,"[[1,128,100],[1],[1],[1],[1]]","[[1,128,49]]","[[1],[1],[1],[1]]",60,0.403859,0.0067309833333333334,0.006562500000000001,0.0088576,0.0019468255699023906,98.74934291991751,0.001966655373745402,99.75517525025113,False
685,542,AVERAGE_POOL,1,average_pool_stride_optimized,,,"[[1,128,49]]","[[1,128,1]]",[],60,0.396878,0.006614633333333333,0.006614,0.0079768,0.001913173257329219,98.75125609317485,0.0019326602884207796,99.75710791053955,False
686,557,AVERAGE_POOL,1,average_pool_stride_optimized,,,"[[1,128,49]]","[[1,128,1]]",[],60,0.396512,0.006608533333333333,0.006511,0.00766475,0.0019114089332493188,98.7531675021081,0.0019308779934445852,99.75903878853299,False
687,785,AVERAGE_POOL,1,average_pool_stride_optimized,,,"[[1,128,49]]","[[1,128,1]]",[],60,0.394847,0.006580783333333334,0.006615,0.0075103999999999995,0.0019033827048530534,98.75507088481295,0.0019227700122004233,99.76096155854519,False
688,800,AVERAGE_POOL,1,average_pool_stride_optimized,,,"[[1,128,49]]","[[1,128,1]]",[],60,0.394325,0.006572083333333333,0.006614500000000001,0.007552,0.0019008663737882779,98.75697175118674,0.0019202280505130642,99.7628817865957,False
689,815,AVERAGE_POOL,1,average_pool_stride_optimized,,,"[[1,128,49]]","[[1,128,1]]",[],60,0.393755,0.0065625833333333335,0.006537,0.0076092,0.001898118655958926,98.7588698698427,0.0019174523452222699,99.76479923894092,False
690,770,AVERAGE_POOL,1,average_pool_stride_optimized,,,"[[1,128,49]]","[[1,128,1]]",[],60,0.391142,0.006519033333333333,0.006432,0.0076586,0.0018855225389622636,98.76075539238165,0.0019047279278102606,99.76670396686873,False
691,527,AVERAGE_POOL,1,average_pool_stride_optimized,,,"[[1,128,49]]","[[1,128,1]]",[],60,0.390258,0.0065043,0.006354,0.007718449999999998,0.00188126116604797,98.7626366535477,0.001900423149780327,99.76860439001851,False
692,560,SLICE,1,slice_stride_optimized,,,"[[1,128,100],[1],[1],[1],[1]]","[[1,128,49]]","[[1],[1],[1],[1]]",60,0.389638,0.006493966666666667,0.006172,0.00823775,0.0018782724203388502,98.76451492596804,0.0018974039615692875,99.77050179398007,False
693,818,SLICE,1,slice_stride_optimized,,,"[[1,128,100],[1],[1],[1],[1]]","[[1,128,49]]","[[1],[1],[1],[1]]",60,0.388185,0.00646975,0.006146,0.008431899999999997,0.0018712681501527996,98.7663861941182,0.0018903283479069647,99.77239212232799,False
694,650,AVERAGE_POOL,1,average_pool_stride_optimized,,,"[[1,128,49]]","[[1,128,1]]",[],60,0.38557400000000003,0.006426233333333334,0.005547,0.007252999999999999,0.0018586816742713285,98.76824487579248,0.001877613669811765,99.77426973599779,False
695,482,AVERAGE_POOL,1,average_pool_stride_optimized,,,"[[1,128,49]]","[[1,128,1]]",[],60,0.385208,0.006420133333333333,0.006458,0.0074496499999999995,0.0018569173501914284,98.77010179314267,0.001875831374835571,99.77614556737262,False
696,620,AVERAGE_POOL,1,average_pool_stride_optimized,,,"[[1,128,49]]","[[1,128,1]]",[],60,0.385053,0.006417549999999999,0.006328,0.007359599999999999,0.0018561701637641484,98.77195796330643,0.001875076577782811,99.77802064395041,False
697,755,AVERAGE_POOL,1,average_pool_stride_optimized,,,"[[1,128,49]]","[[1,128,1]]",[],60,0.384531,0.00640885,0.006406,0.007454849999999999,0.0018536538326993735,98.77381161713913,0.001872534616095452,99.77989317856651,False
698,771,DEQUANTIZE_LINEAR,1,dequantize_linear_neon_combined,,,"[[1,32,49],[],[]]","[[1,32,49]]","[[],[]]",60,0.38402000000000003,0.006400333333333333,0.0053384999999999995,0.007414249999999999,0.001851190527768147,98.7756628076669,0.0018700462206505469,99.78176322478716,False
699,740,AVERAGE_POOL,1,average_pool_stride_optimized,,,"[[1,128,49]]","[[1,128,1]]",[],60,0.382291,0.006371516666666666,0.006354,0.0073466,0.0018428557836857786,98.7775056634506,0.0018616265812684712,99.78362485136843,False
700,512,AVERAGE_POOL,1,average_pool_stride_optimized,,,"[[1,128,49]]","[[1,128,1]]",[],60,0.381976,0.006366266666666666,0.006146,0.007604,0.0018413373080432417,98.77934700075863,0.001860092638870927,99.7854849440073,False
701,545,SLICE,1,slice_stride_optimized,,,"[[1,128,100],[1],[1],[1],[1]]","[[1,128,49]]","[[1],[1],[1],[1]]",60,0.381719,0.006361983333333333,0.006224,0.00766125,0.0018400984247412355,98.78118709918337,0.001858841136660867,99.78734378514396,False
702,497,AVERAGE_POOL,1,average_pool_stride_optimized,,,"[[1,128,49]]","[[1,128,1]]",[],60,0.380575,0.006342916666666667,0.006354,0.0073466,0.0018345837068521496,98.78302168289022,0.001853270247445659,99.78919705539141,False
703,725,AVERAGE_POOL,1,average_pool_stride_optimized,,,"[[1,128,49]]","[[1,128,1]]",[],60,0.37957799999999997,0.006326299999999999,0.006302,0.007298849999999999,0.001829777610929581,98.78485146050116,0.0018484151980159714,99.79104547058942,False
704,227,AVERAGE_POOL,1,average_pool_stride_optimized,,,"[[1,128,49]]","[[1,128,1]]",[],60,0.377602,0.006293366666666666,0.0063025,0.007260799999999999,0.0018202521891211598,98.78667171269028,0.0018387927530078847,99.79288426334243,False
705,347,AVERAGE_POOL,1,average_pool_stride_optimized,,,"[[1,128,49]]","[[1,128,1]]",[],60,0.373122,0.0062187,0.005416,0.006538699999999999,0.0017986560910939705,98.78847036878138,0.0018169766833539226,99.79470124002579,False
706,710,AVERAGE_POOL,1,average_pool_stride_optimized,,,"[[1,128,49]]","[[1,128,1]]",[],60,0.372029,0.006200483333333334,0.0059895,0.007349199999999999,0.0017933872216422475,98.79026375600301,0.0018116541467173646,99.79651289417251,False
707,258,DEQUANTIZE_LINEAR,1,dequantize_linear_neon_combined,,,"[[1,32,49],[],[]]","[[1,32,49]]","[[],[]]",60,0.37047,0.0061745,0.0053644999999999995,0.006616599999999999,0.0017858719723510895,98.79204962797536,0.0018040623492641221,99.79831695652177,False
708,332,AVERAGE_POOL,1,average_pool_stride_optimized,,,"[[1,128,49]]","[[1,128,1]]",[],60,0.368437,0.006140616666666667,0.0059895,0.007085599999999999,0.0017760717787597333,98.79382569975412,0.0017941623337269558,99.8001111188555,False
709,467,AVERAGE_POOL,1,average_pool_stride_optimized,,,"[[1,128,49]]","[[1,128,1]]",[],60,0.368338,0.006138966666666666,0.006094,0.007448,0.001775594543557793,98.79560129429768,0.0017936802375448705,99.80190479909304,False
710,272,AVERAGE_POOL,1,average_pool_stride_optimized,,,"[[1,128,49]]","[[1,128,1]]",[],60,0.366666,0.0061110999999999995,0.0053384999999999995,0.0064086,0.0017675345712583601,98.79736882886894,0.001785538168691874,99.80369033726173,False
711,773,SLICE,1,slice_stride_optimized,,,"[[1,128,100],[1],[1],[1],[1]]","[[1,128,49]]","[[1],[1],[1],[1]]",60,0.366407,0.006106783333333333,0.005833,0.007917,0.0017662860468411628,98.79913511491579,0.0017842769271650043,99.8054746141889,False
712,636,DEQUANTIZE_LINEAR,1,dequantize_linear_neon_combined,,,"[[1,32,49],[],[]]","[[1,32,49]]","[[],[]]",60,0.366093,0.00610155,0.00599,0.0068854,0.0017647723917562216,98.80089988730754,0.001782747854425865,99.80725736204332,False
713,788,SLICE,1,slice_stride_optimized,,,"[[1,128,100],[1],[1],[1],[1]]","[[1,128,49]]","[[1],[1],[1],[1]]",60,0.36453,0.0060755,0.005937,0.0077183999999999985,0.0017572378602346821,98.80265712516777,0.0017751365783390026,99.80903249862166,False
714,452,AVERAGE_POOL,1,average_pool_stride_optimized,,,"[[1,128,49]]","[[1,128,1]]",[],60,0.362241,0.0060373499999999995,0.0059635,0.007044999999999999,0.0017462036038989148,98.80440332877167,0.0017639899302501817,99.81079648855192,False
715,500,SLICE,1,slice_stride_optimized,,,"[[1,128,100],[1],[1],[1],[1]]","[[1,128,49]]","[[1],[1],[1],[1]]",60,0.361667,0.006027783333333333,0.005911,0.0074584,0.0017434366038391812,98.80614676537552,0.001761194746325768,99.81255768329824,False
716,695,AVERAGE_POOL,1,average_pool_stride_optimized,,,"[[1,128,49]]","[[1,128,1]]",[],60,0.359474,0.0059912333333333335,0.0059635,0.006990399999999999,0.0017328651210325682,98.80787963049654,0.0017505155854438174,99.81430819888368,False
717,348,DEQUANTIZE_LINEAR,1,dequantize_linear_neon_combined,,,"[[1,32,49],[],[]]","[[1,32,49]]","[[],[]]",60,0.357863,0.005964383333333333,0.005938,0.006771,0.0017250992027464517,98.80960472969929,0.0017426705657535198,99.81605086944943,False
718,530,SLICE,1,slice_stride_optimized,,,"[[1,128,100],[1],[1],[1],[1]]","[[1,128,49]]","[[1],[1],[1],[1]]",60,0.355937,0.005932283333333333,0.005807,0.0074974499999999975,0.0017158148088177983,98.8113205445081,0.0017332916036656783,99.8177841610531,False
719,680,AVERAGE_POOL,1,average_pool_stride_optimized,,,"[[1,128,49]]","[[1,128,1]]",[],60,0.355623,0.0059270500000000005,0.005599,0.007153249999999999,0.0017143011537328568,98.81303484566185,0.001731762530926539,99.81951592358402,False
720,605,AVERAGE_POOL,1,average_pool_stride_optimized,,,"[[1,128,49]]","[[1,128,1]]",[],60,0.355262,0.005921033333333334,0.0057815,0.0070346,0.0017125609324409338,98.8147474065943,0.0017300045842423692,99.82124592816827,False
721,803,SLICE,1,slice_stride_optimized,,,"[[1,128,100],[1],[1],[1],[1]]","[[1,128,49]]","[[1],[1],[1],[1]]",60,0.355104,0.0059184,0.005834,0.0069894,0.0017117992843408679,98.81645920587863,0.0017292351782143946,99.82297516334648,False
722,437,AVERAGE_POOL,1,average_pool_stride_optimized,,,"[[1,128,49]]","[[1,128,1]]",[],60,0.35124500000000003,0.0058540833333333335,0.005651,0.007188,0.0016931967525803937,98.81815240263121,0.001710443166429877,99.82468560651292,False
723,515,SLICE,1,slice_stride_optimized,,,"[[1,128,100],[1],[1],[1],[1]]","[[1,128,49]]","[[1],[1],[1],[1]]",60,0.349588,0.005826466666666667,0.0056775,0.007088199999999999,0.0016852090886448907,98.81983761171986,0.0017023741424529542,99.82638798065537,False
724,380,SLICE,1,slice_stride_optimized,,,"[[1,128,100],[1],[1],[1],[1]]","[[1,128,49]]","[[1],[1],[1],[1]]",60,0.347818,0.005796966666666667,0.005573,0.0082316,0.0016766767017011128,98.82151428842157,0.0016937548470762772,99.82808173550245,False
725,59,AVERAGE_POOL,1,average_pool_stride_optimized,,,"[[1,128,49]]","[[1,128,1]]",[],60,0.34724299999999997,0.005787383333333332,0.0058075,0.0065785999999999996,0.0016739048810837838,98.82318819330266,0.0016909547934934584,99.82977269029594,False
726,635,AVERAGE_POOL,1,average_pool_stride_optimized,,,"[[1,128,49]]","[[1,128,1]]",[],60,0.346667,0.005777783333333333,0.005469,0.007094349999999999,0.0016711282399088593,98.82485932154256,0.0016881498702522345,99.83146084016619,False
727,377,AVERAGE_POOL,1,average_pool_stride_optimized,,,"[[1,128,49]]","[[1,128,1]]",[],60,0.345836,0.005763933333333333,0.0059115,0.00656205,0.0016671223565471196,98.82652644389911,0.001684103184117761,99.8331449433503,False
728,365,SLICE,1,slice_stride_optimized,,,"[[1,128,100],[1],[1],[1],[1]]","[[1,128,49]]","[[1],[1],[1],[1]]",60,0.345108,0.0057518000000000005,0.0048695000000000006,0.007491299999999998,0.0016636129906177014,98.82819005688972,0.001680558072798992,99.83482550142311,False
729,407,AVERAGE_POOL,1,average_pool_stride_optimized,,,"[[1,128,49]]","[[1,128,1]]",[],60,0.345054,0.005750900000000001,0.005391,0.0069374499999999995,0.0016633526805075523,98.82985340957023,0.0016802951112451275,99.83650579653435,False
730,422,AVERAGE_POOL,1,average_pool_stride_optimized,,,"[[1,128,49]]","[[1,128,1]]",[],60,0.344686,0.005744766666666666,0.005521,0.00646415,0.0016615787153124615,98.83151498828555,0.0016785030769521235,99.8381842996113,False
731,210,DEQUANTIZE_LINEAR,1,dequantize_linear_neon_combined,,,"[[1,32,49],[],[]]","[[1,32,49]]","[[],[]]",60,0.344531,0.005742183333333333,0.005417,0.007029449999999997,0.0016608315288851817,98.83317581981443,0.0016777482798993636,99.8398620478912,False
732,665,AVERAGE_POOL,1,average_pool_stride_optimized,,,"[[1,128,49]]","[[1,128,1]]",[],60,0.343647,0.005727449999999999,0.005703,0.0068256,0.0016565701559708881,98.8348323899704,0.00167344350186943,99.84153549139307,False
733,212,SLICE,1,slice_stride_optimized,,,"[[1,128,100],[1],[1],[1],[1]]","[[1,128,49]]","[[1],[1],[1],[1]]",60,0.343536,0.0057256,0.005208,0.007754899999999997,0.0016560350740778035,98.83648842504448,0.001672902969786486,99.84320839436286,False
734,209,AVERAGE_POOL,1,average_pool_stride_optimized,,,"[[1,128,49]]","[[1,128,1]]",[],60,0.343284,0.0057214,0.005703,0.0065308499999999995,0.001654820293563774,98.83814324533805,0.0016716758158684506,99.84488007017873,False
735,392,AVERAGE_POOL,1,average_pool_stride_optimized,,,"[[1,128,49]]","[[1,128,1]]",[],60,0.343175,0.0057195833333333335,0.005313,0.006836,0.0016542948527858805,98.83979754019083,0.0016711450231023162,99.84655121520183,False
736,164,AVERAGE_POOL,1,average_pool_stride_optimized,,,"[[1,128,49]]","[[1,128,1]]",[],60,0.342653,0.005710883333333333,0.005547,0.006929599999999999,0.0016517785217211054,98.84144931871255,0.0016686030614149572,99.84821981826325,False
737,728,SLICE,1,slice_stride_optimized,,,"[[1,128,100],[1],[1],[1],[1]]","[[1,128,49]]","[[1],[1],[1],[1]]",60,0.342601,0.005710016666666666,0.005469,0.007689899999999998,0.001651527852726147,98.84310084656528,0.001668349839177902,99.84988816810242,False
738,302,AVERAGE_POOL,1,average_pool_stride_optimized,,,"[[1,128,49]]","[[1,128,1]]",[],60,0.342135,0.005702250000000001,0.005364,0.00699465,0.0016492814728867116,98.84475012803817,0.0016660805783612178,99.85155424868078,False
739,362,AVERAGE_POOL,1,average_pool_stride_optimized,,,"[[1,128,49]]","[[1,128,1]]",[],60,0.341927,0.005698783333333333,0.005469,0.0065698499999999995,0.0016482787969068777,98.84639840683508,0.0016650676894129982,99.8532193163702,False
740,591,DEQUANTIZE_LINEAR,1,dequantize_linear_neon_combined,,,"[[1,32,49],[],[]]","[[1,32,49]]","[[],[]]",60,0.341241,0.00568735,0.005443,0.006718,0.0016449718943964643,98.84804337872947,0.0016617271037472352,99.85488104347395,False
741,666,DEQUANTIZE_LINEAR,1,dequantize_linear_neon_combined,,,"[[1,32,49],[],[]]","[[1,32,49]]","[[],[]]",60,0.3412,0.005686666666666667,0.0053644999999999995,0.006940049999999999,0.0016447742515350548,98.849688152981,0.0016615274477526343,99.8565425709217,False
742,573,DEQUANTIZE_LINEAR,1,dequantize_linear_neon_combined,,,"[[1,32,49],[],[]]","[[1,32,49]]","[[],[]]",60,0.340935,0.00568225,0.0052604999999999996,0.0069894,0.0016434968037722856,98.85133164978477,0.001660236988275335,99.85820280790998,False
743,606,DEQUANTIZE_LINEAR,1,dequantize_linear_neon_combined,,,"[[1,32,49],[],[]]","[[1,32,49]]","[[],[]]",60,0.340626,0.0056771,0.005312,0.007088249999999999,0.001642007251475321,98.85297365703624,0.0016587322638282206,99.85986154017381,False
744,317,AVERAGE_POOL,1,average_pool_stride_optimized,,,"[[1,128,49]]","[[1,128,1]]",[],60,0.340417,0.005673616666666667,0.005339,0.006938349999999999,0.0016409997549378921,98.85461465679118,0.001657714505221596,99.86151925467904,False
745,180,DEQUANTIZE_LINEAR,1,dequantize_linear_neon_combined,,,"[[1,32,49],[],[]]","[[1,32,49]]","[[],[]]",60,0.340156,0.005669266666666667,0.00526,0.007349199999999999,0.0016397415894055043,98.85625439838059,0.0016564435243779164,99.86317569820342,False
746,393,DEQUANTIZE_LINEAR,1,dequantize_linear_neon_combined,,,"[[1,32,49],[],[]]","[[1,32,49]]","[[],[]]",60,0.339845,0.0056640833333333335,0.0054164999999999994,0.006843849999999999,0.001638242395993349,98.85789264077658,0.0016549290606139918,99.86483062726404,False
747,801,DEQUANTIZE_LINEAR,1,dequantize_linear_neon_combined,,,"[[1,32,49],[],[]]","[[1,32,49]]","[[],[]]",60,0.339686,0.005661433333333333,0.005364,0.00678145,0.0016374759273356876,98.85953011670392,0.0016541547849276124,99.86648478204897,False
748,149,AVERAGE_POOL,1,average_pool_stride_optimized,,,"[[1,128,49]]","[[1,128,1]]",[],60,0.339633,0.00566055,0.005625,0.0066202,0.0016372204377831337,98.86116733714171,0.0016538966930321527,99.868138678742,False
749,242,AVERAGE_POOL,1,average_pool_stride_optimized,,,"[[1,128,49]]","[[1,128,1]]",[],60,0.339531,0.005658850000000001,0.005469,0.006510050000000001,0.0016367287409084076,98.86280406588261,0.0016533999878748525,99.86979207872987,False
750,425,SLICE,1,slice_stride_optimized,,,"[[1,128,100],[1],[1],[1],[1]]","[[1,128,49]]","[[1],[1],[1],[1]]",60,0.33953,0.005658833333333333,0.0053904999999999995,0.007457499999999999,0.0016367239203508124,98.86444078980297,0.0016533951182164475,99.87144547384808,False
751,621,DEQUANTIZE_LINEAR,1,dequantize_linear_neon_combined,,,"[[1,32,49],[],[]]","[[1,32,49]]","[[],[]]",60,0.338694,0.0056449,0.0052604999999999996,0.007414199999999998,0.0016326939342010956,98.86607348373717,0.0016493240837899491,99.87309479793187,False
752,726,DEQUANTIZE_LINEAR,1,dequantize_linear_neon_combined,,,"[[1,32,49],[],[]]","[[1,32,49]]","[[],[]]",60,0.338595,0.00564325,0.005364,0.006807449999999998,0.0016322166989991554,98.86770570043616,0.001648841987607864,99.87474363991947,False
753,257,AVERAGE_POOL,1,average_pool_stride_optimized,,,"[[1,128,49]]","[[1,128,1]]",[],60,0.338333,0.005638883333333333,0.0053644999999999995,0.006463249999999999,0.0016309537129091725,98.86933665414907,0.0016475661371057797,99.87639120605658,False
754,713,SLICE,1,slice_stride_optimized,,,"[[1,128,100],[1],[1],[1],[1]]","[[1,128,49]]","[[1],[1],[1],[1]]",60,0.33823,0.005637166666666666,0.005521,0.007188,0.0016304571954768512,98.87096711134454,0.0016470645622900745,99.87803827061887,False
755,303,DEQUANTIZE_LINEAR,1,dequantize_linear_neon_combined,,,"[[1,32,49],[],[]]","[[1,32,49]]","[[],[]]",60,0.338176,0.005636266666666666,0.005261,0.006942599999999998,0.0016301968853667018,98.87259730822991,0.0016468016007362102,99.87968507221962,False
756,513,DEQUANTIZE_LINEAR,1,dequantize_linear_neon_combined,,,"[[1,32,49],[],[]]","[[1,32,49]]","[[],[]]",60,0.338025,0.005633750000000001,0.005313,0.00708565,0.0016294689811698034,98.87422677721108,0.0016460662823170697,99.88133113850193,False
757,228,DEQUANTIZE_LINEAR,1,dequantize_linear_neon_combined,,,"[[1,32,49],[],[]]","[[1,32,49]]","[[],[]]",60,0.337762,0.0056293666666666665,0.005442499999999999,0.006773599999999999,0.0016282011745222251,98.8758549783856,0.0016447855621565804,99.8829759240641,False
758,543,DEQUANTIZE_LINEAR,1,dequantize_linear_neon_combined,,,"[[1,32,49],[],[]]","[[1,32,49]]","[[],[]]",60,0.337539,0.005625649999999999,0.0052864999999999995,0.006781399999999999,0.0016271261901784609,98.87748210457578,0.0016436996283322872,99.88461962369243,False
759,60,DEQUANTIZE_LINEAR,1,dequantize_linear_neon_combined,,,"[[1,32,49],[],[]]","[[1,32,49]]","[[],[]]",60,0.337445,0.005624083333333333,0.005417,0.006146,0.0016266730577644973,98.87910877763355,0.0016432418804422264,99.88626286557287,False
760,287,AVERAGE_POOL,1,average_pool_stride_optimized,,,"[[1,128,49]]","[[1,128,1]]",[],60,0.336823,0.005613716666666667,0.005416,0.006336849999999998,0.001623674670940187,98.88073245230449,0.0016402129529143772,99.8879030785258,False
761,135,DEQUANTIZE_LINEAR,1,dequantize_linear_neon_combined,,,"[[1,32,49],[],[]]","[[1,32,49]]","[[],[]]",60,0.336669,0.00561115,0.0052864999999999995,0.007096999999999999,0.0016229323050705022,98.88235538460955,0.0016394630255200226,99.88954254155132,False
762,194,AVERAGE_POOL,1,average_pool_stride_optimized,,,"[[1,128,49]]","[[1,128,1]]",[],60,0.336669,0.00561115,0.005468,0.0067762,0.0016229323050705022,98.88397831691462,0.0016394630255200226,99.89118200457685,False
763,179,AVERAGE_POOL,1,average_pool_stride_optimized,,,"[[1,128,49]]","[[1,128,1]]",[],60,0.336406,0.005606766666666666,0.0054164999999999994,0.006875,0.001621664498422924,98.88559998141305,0.0016381823053595332,99.8928201868822,False
764,758,SLICE,1,slice_stride_optimized,,,"[[1,128,100],[1],[1],[1],[1]]","[[1,128,49]]","[[1],[1],[1],[1]]",60,0.336296,0.0056049333333333335,0.005442499999999999,0.00792385,0.0016211342370874347,98.88722111565014,0.0016376466429349936,99.89445783352514,False
765,438,DEQUANTIZE_LINEAR,1,dequantize_linear_neon_combined,,,"[[1,32,49],[],[]]","[[1,32,49]]","[[],[]]",60,0.336254,0.005604233333333333,0.0053644999999999995,0.00641645,0.00162093177366843,98.88884204742381,0.001637442117281988,99.89609527564242,False
766,786,DEQUANTIZE_LINEAR,1,dequantize_linear_neon_combined,,,"[[1,32,49],[],[]]","[[1,32,49]]","[[],[]]",60,0.33562,0.005593666666666666,0.005312,0.00713855,0.001617875540152975,98.89045992296396,0.00163435475385328,99.89772963039627,False
767,150,DEQUANTIZE_LINEAR,1,dequantize_linear_neon_combined,,,"[[1,32,49],[],[]]","[[1,32,49]]","[[],[]]",60,0.335099,0.005584983333333333,0.00526,0.006838599999999999,0.0016153640296457954,98.8920752869936,0.001631817661824326,99.8993614480581,False
768,453,DEQUANTIZE_LINEAR,1,dequantize_linear_neon_combined,,,"[[1,32,49],[],[]]","[[1,32,49]]","[[],[]]",60,0.335054,0.005584233333333333,0.0052864999999999995,0.0066722,0.0016151471045540043,98.89369043409816,0.0016315985271961053,99.9009930465853,False
769,290,SLICE,1,slice_stride_optimized,,,"[[1,128,100],[1],[1],[1],[1]]","[[1,128,49]]","[[1],[1],[1],[1]]",60,0.335052,0.0055842,0.004922,0.006986999999999994,0.0016151374634388136,98.8953055715616,0.0016315887878792954,99.90262463537317,False
770,683,SLICE,1,slice_stride_optimized,,,"[[1,128,100],[1],[1],[1],[1]]","[[1,128,49]]","[[1],[1],[1],[1]]",60,0.334945,0.005582416666666667,0.005364,0.006890599999999999,0.0016146216637761106,98.89692019322537,0.001631067734429971,99.90425570310761,False
771,134,AVERAGE_POOL,1,average_pool_stride_optimized,,,"[[1,128,49]]","[[1,128,1]]",[],60,0.334793,0.005579883333333333,0.005442499999999999,0.0066695999999999995,0.0016138889390216165,98.89853408216439,0.0016303275463524257,99.90588603065396,False
772,711,DEQUANTIZE_LINEAR,1,dequantize_linear_neon_combined,,,"[[1,32,49],[],[]]","[[1,32,49]]","[[],[]]",60,0.334536,0.0055756,0.005261,0.0068776,0.0016126500557196103,98.90014673222011,0.001629076044142366,99.9075151066981,False
773,558,DEQUANTIZE_LINEAR,1,dequantize_linear_neon_combined,,,"[[1,32,49],[],[]]","[[1,32,49]]","[[],[]]",60,0.334212,0.0055702,0.005261,0.006377399999999999,0.0016110881950587156,98.90175782041517,0.0016274982748191774,99.90914260497291,False
774,104,AVERAGE_POOL,1,average_pool_stride_optimized,,,"[[1,128,49]]","[[1,128,1]]",[],60,0.334162,0.005569366666666667,0.005442,0.006890599999999999,0.0016108471671789479,98.90336866758236,0.0016272547918989328,99.91076985976481,False
775,363,DEQUANTIZE_LINEAR,1,dequantize_linear_neon_combined,,,"[[1,32,49],[],[]]","[[1,32,49]]","[[],[]]",60,0.333911,0.005565183333333334,0.00526,0.006742449999999999,0.0016096372072225138,98.90497830478958,0.001626032507639302,99.91239589227246,False
776,816,DEQUANTIZE_LINEAR,1,dequantize_linear_neon_combined,,,"[[1,32,49],[],[]]","[[1,32,49]]","[[],[]]",60,0.333545,0.005559083333333333,0.0053124999999999995,0.006338499999999998,0.0016078728831426137,98.90658617767272,0.0016242502126631079,99.91402014248511,False
777,120,DEQUANTIZE_LINEAR,1,dequantize_linear_neon_combined,,,"[[1,32,49],[],[]]","[[1,32,49]]","[[],[]]",60,0.333228,0.0055538,0.00526,0.006172049999999999,0.0016063447663848863,98.90819252243911,0.001622706530948754,99.91564284901607,False
778,195,DEQUANTIZE_LINEAR,1,dequantize_linear_neon_combined,,,"[[1,32,49],[],[]]","[[1,32,49]]","[[],[]]",60,0.333121,0.005552016666666667,0.005261,0.006731999999999999,0.0016058289667221833,98.90979835140583,0.0016221854774994295,99.91726503449357,False
779,483,DEQUANTIZE_LINEAR,1,dequantize_linear_neon_combined,,,"[[1,32,49],[],[]]","[[1,32,49]]","[[],[]]",60,0.333017,0.005550283333333334,0.0052604999999999996,0.0066202,0.0016053276287322665,98.91140367903456,0.0016216790330253195,99.91888671352659,False
780,165,DEQUANTIZE_LINEAR,1,dequantize_linear_neon_combined,,,"[[1,32,49],[],[]]","[[1,32,49]]","[[],[]]",60,0.332864,0.005547733333333333,0.0052604999999999996,0.00661405,0.0016045900834201772,98.91300826911798,0.0016209339752893696,99.92050764750188,False
781,698,SLICE,1,slice_stride_optimized,,,"[[1,128,100],[1],[1],[1],[1]]","[[1,128,49]]","[[1],[1],[1],[1]]",60,0.332084,0.005534733333333333,0.005443,0.0069816,0.0016008300484958004,98.91460909916648,0.0016171356417335457,99.92212478314362,False
782,681,DEQUANTIZE_LINEAR,1,dequantize_linear_neon_combined,,,"[[1,32,49],[],[]]","[[1,32,49]]","[[],[]]",60,0.331973,0.005532883333333334,0.00526,0.006785649999999999,0.0016002949666027162,98.91620939413309,0.0016165951096506015,99.92374137825327,False
783,75,DEQUANTIZE_LINEAR,1,dequantize_linear_neon_combined,,,"[[1,32,49],[],[]]","[[1,32,49]]","[[],[]]",60,0.330992,0.005516533333333334,0.00526,0.0063046000000000005,0.001595565999601673,98.9178049601327,0.0016118179747553925,99.92535319622803,False
784,408,DEQUANTIZE_LINEAR,1,dequantize_linear_neon_combined,,,"[[1,32,49],[],[]]","[[1,32,49]]","[[],[]]",60,0.33011,0.005501833333333333,0.005261,0.006390449999999999,0.00159131426780257,98.9193962744005,0.0016075229360422688,99.92696071916407,False
785,651,DEQUANTIZE_LINEAR,1,dequantize_linear_neon_combined,,,"[[1,32,49],[],[]]","[[1,32,49]]","[[],[]]",60,0.330055,0.005500916666666666,0.005261,0.006679999999999999,0.0015910491371348258,98.92098732353763,0.0016072551048299992,99.9285679742689,False
786,119,AVERAGE_POOL,1,average_pool_stride_optimized,,,"[[1,128,49]]","[[1,128,1]]",[],60,0.329899,0.005498316666666667,0.005417,0.006471049999999999,0.0015902971301499506,98.92257762066778,0.0016064954381188343,99.93017446970703,False
787,696,DEQUANTIZE_LINEAR,1,dequantize_linear_neon_combined,,,"[[1,32,49],[],[]]","[[1,32,49]]","[[],[]]",60,0.329586,0.0054931,0.005261,0.0064605999999999995,0.0015887882956226044,98.9241664089634,0.0016049712350380998,99.93177944094207,False
788,756,DEQUANTIZE_LINEAR,1,dequantize_linear_neon_combined,,,"[[1,32,49],[],[]]","[[1,32,49]]","[[],[]]",60,0.329376,0.0054896,0.00526,0.0064719999999999995,0.00158777597852758,98.92575418494192,0.0016039486067730706,99.93338338954884,False
789,378,DEQUANTIZE_LINEAR,1,dequantize_linear_neon_combined,,,"[[1,32,49],[],[]]","[[1,32,49]]","[[],[]]",60,0.329164,0.005486066666666667,0.00526,0.0063072499999999995,0.0015867540203173647,98.92734093896225,0.0016029162391912313,99.93498630578803,False
790,423,DEQUANTIZE_LINEAR,1,dequantize_linear_neon_combined,,,"[[1,32,49],[],[]]","[[1,32,49]]","[[],[]]",60,0.329009,0.005483483333333333,0.00526,0.006255200000000001,0.0015860068338900846,98.92892694579614,0.0016021614421384712,99.93658846723017,False
791,468,DEQUANTIZE_LINEAR,1,dequantize_linear_neon_combined,,,"[[1,32,49],[],[]]","[[1,32,49]]","[[],[]]",60,0.328807,0.005480116666666667,0.005261,0.006412200000000001,0.0015850330812558226,98.93051197887739,0.0016011777711406813,99.9381896450013,False
792,243,DEQUANTIZE_LINEAR,1,dequantize_linear_neon_combined,,,"[[1,32,49],[],[]]","[[1,32,49]]","[[],[]]",60,0.328696,0.005478266666666666,0.005261,0.006255200000000001,0.0015844979993627384,98.93209647687675,0.0016006372390577372,99.93979028224035,False
793,743,SLICE,1,slice_stride_optimized,,,"[[1,128,100],[1],[1],[1],[1]]","[[1,128,49]]","[[1],[1],[1],[1]]",60,0.32849,0.005474833333333333,0.0051825,0.0073674499999999985,0.0015835049644980952,98.93367998184125,0.0015996340894263272,99.94138991632978,False
794,105,DEQUANTIZE_LINEAR,1,dequantize_linear_neon_combined,,,"[[1,32,49],[],[]]","[[1,32,49]]","[[],[]]",60,0.328024,0.005467066666666667,0.0052604999999999996,0.0062682499999999995,0.0015812585846586601,98.93526124042592,0.0015973648286096427,99.9429872811584,False
795,273,DEQUANTIZE_LINEAR,1,dequantize_linear_neon_combined,,,"[[1,32,49],[],[]]","[[1,32,49]]","[[],[]]",60,0.327448,0.0054574666666666665,0.00526,0.00636445,0.0015784819434837357,98.9368397223694,0.0015945599053684193,99.94458184106377,False
796,318,DEQUANTIZE_LINEAR,1,dequantize_linear_neon_combined,,,"[[1,32,49],[],[]]","[[1,32,49]]","[[],[]]",60,0.326776,0.005446266666666667,0.00526,0.00620585,0.0015752425287796573,98.93841496489817,0.0015912874949203248,99.94617312855868,False
797,288,DEQUANTIZE_LINEAR,1,dequantize_linear_neon_combined,,,"[[1,32,49],[],[]]","[[1,32,49]]","[[],[]]",60,0.326661,0.00544435,0.00526,0.00646065,0.0015746881646561913,98.93998965306282,0.001590727484203761,99.94776385604288,False
798,90,DEQUANTIZE_LINEAR,1,dequantize_linear_neon_combined,,,"[[1,32,49],[],[]]","[[1,32,49]]","[[],[]]",60,0.326516,0.005441933333333333,0.005261,0.00625265,0.0015739891838048652,98.94156364224663,0.0015900213837350503,99.94935387742662,False
799,498,DEQUANTIZE_LINEAR,1,dequantize_linear_neon_combined,,,"[[1,32,49],[],[]]","[[1,32,49]]","[[],[]]",60,0.326512,0.005441866666666667,0.005261,0.006276049999999999,0.0015739699015744836,98.9431376121482,0.0015900019051014306,99.95094387933172,False
800,410,SLICE,1,slice_stride_optimized,,,"[[1,128,100],[1],[1],[1],[1]]","[[1,128,49]]","[[1],[1],[1],[1]]",60,0.325468,0.0054244666666666665,0.0051825,0.00698255,0.0015689372394449331,98.94470654938765,0.0015849179817267129,99.95252879731345,False
801,350,SLICE,1,slice_stride_optimized,,,"[[1,128,100],[1],[1],[1],[1]]","[[1,128,49]]","[[1],[1],[1],[1]]",60,0.325418,0.005423633333333333,0.005234,0.006586499999999996,0.0015686962115651656,98.94627524559921,0.0015846744988064678,99.95411347181225,False
802,74,AVERAGE_POOL,1,average_pool_stride_optimized,,,"[[1,128,49]]","[[1,128,1]]",[],60,0.324787,0.005413116666666666,0.005312,0.00606185,0.0015656544397224966,98.94784090003893,0.0015816017443529744,99.9556950735566,False
803,485,SLICE,1,slice_stride_optimized,,,"[[1,128,100],[1],[1],[1],[1]]","[[1,128,49]]","[[1],[1],[1],[1]]",60,0.324637,0.005410616666666667,0.005312,0.006781399999999999,0.0015649313560831934,98.94940583139501,0.001580871295592239,99.95727594485219,False
804,470,SLICE,1,slice_stride_optimized,,,"[[1,128,100],[1],[1],[1],[1]]","[[1,128,49]]","[[1],[1],[1],[1]]",60,0.323906,0.005398433333333333,0.005078,0.007259849999999998,0.0015614075284809891,98.9509672389235,0.0015773115752982553,99.95885325642749,False
805,528,DEQUANTIZE_LINEAR,1,dequantize_linear_neon_combined,,,"[[1,32,49],[],[]]","[[1,32,49]]","[[],[]]",60,0.323857,0.005397616666666666,0.00526,0.0061034999999999996,0.0015611713211588166,98.95252841024465,0.0015770729620364153,99.96043032938952,False
806,741,DEQUANTIZE_LINEAR,1,dequantize_linear_neon_combined,,,"[[1,32,49],[],[]]","[[1,32,49]]","[[],[]]",60,0.323705,0.005395083333333333,0.00526,0.006161649999999999,0.0015604385964043228,98.95408884884105,0.00157633277395887,99.96200666216349,False
807,455,SLICE,1,slice_stride_optimized,,,"[[1,128,100],[1],[1],[1],[1]]","[[1,128,49]]","[[1],[1],[1],[1]]",60,0.323384,0.005389733333333333,0.0051825,0.006820499999999997,0.001558891197416214,98.95564774003847,0.0015747696136108966,99.9635814317771,False
808,89,AVERAGE_POOL,1,average_pool_stride_optimized,,,"[[1,128,49]]","[[1,128,1]]",[],60,0.323381,0.005389683333333333,0.0052604999999999996,0.00640605,0.0015588767357434278,98.95720661677422,0.0015747550046356818,99.96515618678174,False
809,608,SLICE,1,slice_stride_optimized,,,"[[1,128,100],[1],[1],[1],[1]]","[[1,128,49]]","[[1],[1],[1],[1]]",60,0.322971,0.00538285,0.005,0.007961249999999998,0.0015569003071293323,98.95876351708135,0.0015727584446896719,99.96672894522644,False
810,305,SLICE,1,slice_stride_optimized,,,"[[1,128,100],[1],[1],[1],[1]]","[[1,128,49]]","[[1],[1],[1],[1]]",60,0.322599,0.00537665,0.004948,0.0070258499999999975,0.0015551070597038601,98.96031862414105,0.0015709469317630482,99.9682998921582,False
811,320,SLICE,1,slice_stride_optimized,,,"[[1,128,100],[1],[1],[1],[1]]","[[1,128,49]]","[[1],[1],[1],[1]]",60,0.320935,0.005348916666666667,0.005104,0.00614505,0.0015470856518651898,98.96186570979292,0.0015628438201772908,99.96986273597838,False
812,45,DEQUANTIZE_LINEAR,1,dequantize_linear_neon_combined,,,"[[1,32,49],[],[]]","[[1,32,49]]","[[],[]]",60,0.320098,0.005334966666666666,0.005208,0.005843449999999999,0.001543050845157878,98.96340876063807,0.001558767916092388,99.97142150389448,False
813,245,SLICE,1,slice_stride_optimized,,,"[[1,128,100],[1],[1],[1],[1]]","[[1,128,49]]","[[1],[1],[1],[1]]",60,0.31948,0.005324666666666667,0.0052085,0.007254649999999999,0.0015400717405639488,98.96494883237864,0.0015557584671981582,99.97297726236168,False
814,623,SLICE,1,slice_stride_optimized,,,"[[1,128,100],[1],[1],[1],[1]]","[[1,128,49]]","[[1],[1],[1],[1]]",60,0.31849,0.005308166666666667,0.005078,0.0069816,0.0015352993885445476,98.96648413176719,0.0015509375053773052,99.97452819986705,False
815,335,SLICE,1,slice_stride_optimized,,,"[[1,128,100],[1],[1],[1],[1]]","[[1,128,49]]","[[1],[1],[1],[1]]",60,0.317912,0.0052985333333333325,0.004948,0.006299499999999998,0.0015325131062544324,98.96801664487344,0.0015481228428192715,99.97607632270987,False
816,395,SLICE,1,slice_stride_optimized,,,"[[1,128,100],[1],[1],[1],[1]]","[[1,128,49]]","[[1],[1],[1],[1]]",60,0.31693,0.005282166666666667,0.005104,0.00703365,0.001527779318695794,98.96954442419214,0.0015433408382656577,99.97761966354814,False
817,440,SLICE,1,slice_stride_optimized,,,"[[1,128,100],[1],[1],[1],[1]]","[[1,128,49]]","[[1],[1],[1],[1]]",60,0.314114,0.005235233333333334,0.004948,0.0064746,0.001514204628507275,98.97105862882064,0.0015296278801974529,99.97914929142834,False
818,62,SLICE,1,slice_stride_optimized,,,"[[1,128,100],[1],[1],[1],[1]]","[[1,128,49]]","[[1],[1],[1],[1]]",60,0.312549,0.00520915,0.0042705,0.005734199999999999,0.0015066604558705446,98.97256528927652,0.001522006864793781,99.98067129829313,False
819,653,SLICE,1,slice_stride_optimized,,,"[[1,128,100],[1],[1],[1],[1]]","[[1,128,49]]","[[1],[1],[1],[1]]",60,0.306562,0.005109366666666667,0.004974,0.0065708,0.0014777997775471555,98.97404308905406,0.0014928522199236314,99.98216415051306,False
820,182,SLICE,1,slice_stride_optimized,,,"[[1,128,100],[1],[1],[1],[1]]","[[1,128,49]]","[[1],[1],[1],[1]]",60,0.30645500000000003,0.005107583333333334,0.004739,0.007648249999999997,0.0014772839778844525,98.97552037303196,0.001492331166474307,99.98365648167953,False
821,638,SLICE,1,slice_stride_optimized,,,"[[1,128,100],[1],[1],[1],[1]]","[[1,128,49]]","[[1],[1],[1],[1]]",60,0.301612,0.005026866666666667,0.004792,0.006689449999999999,0.0014539380174501493,98.9769743110494,0.0014687474108193656,99.98512522909036,False
822,197,SLICE,1,slice_stride_optimized,,,"[[1,128,100],[1],[1],[1],[1]]","[[1,128,49]]","[[1],[1],[1],[1]]",60,0.294374,0.0049062333333333335,0.004583,0.007307599999999998,0.0014190468215749714,98.97839335787098,0.0014335008232846834,99.98655872991364,False
823,92,SLICE,1,slice_stride_optimized,,,"[[1,128,100],[1],[1],[1],[1]]","[[1,128,49]]","[[1],[1],[1],[1]]",60,0.292292,0.004871533333333333,0.004713500000000001,0.007312799999999999,0.0014090104206614426,98.97980236829164,0.001423362194485677,99.98798209210813,False
824,137,SLICE,1,slice_stride_optimized,,,"[[1,128,100],[1],[1],[1],[1]]","[[1,128,49]]","[[1],[1],[1],[1]]",60,0.291873,0.00486455,0.0043490000000000004,0.00798725,0.001406990607028989,98.98120935889867,0.0014213218076140229,99.98940341391574,False
825,122,SLICE,1,slice_stride_optimized,,,"[[1,128,100],[1],[1],[1],[1]]","[[1,128,49]]","[[1],[1],[1],[1]]",60,0.289848,0.0048308,0.0042705,0.008737049999999996,0.0013972289778983954,98.98260658787656,0.001411460749344096,99.99081487466508,False
826,152,SLICE,1,slice_stride_optimized,,,"[[1,128,100],[1],[1],[1],[1]]","[[1,128,49]]","[[1],[1],[1],[1]]",60,0.289374,0.004822900000000001,0.004297,0.008815050000000001,0.0013949440335981973,98.98400153191015,0.0014091525312601722,99.99222402719634,False
827,107,SLICE,1,slice_stride_optimized,,,"[[1,128,100],[1],[1],[1],[1]]","[[1,128,49]]","[[1],[1],[1],[1]]",60,0.288649,0.004810816666666666,0.004115,0.00979365,0.0013914491293415651,98.9853929810395,0.001405622028916618,99.99362964922526,False
828,275,SLICE,1,slice_stride_optimized,,,"[[1,128,100],[1],[1],[1],[1]]","[[1,128,49]]","[[1],[1],[1],[1]]",60,0.287446,0.0047907666666666664,0.004739500000000001,0.005833,0.0013856499985543532,98.98677863103805,0.001399763829855521,99.99502941305511,False
829,260,SLICE,1,slice_stride_optimized,,,"[[1,128,100],[1],[1],[1],[1]]","[[1,128,49]]","[[1],[1],[1],[1]]",60,0.28578,0.004763,0.004505,0.00610085,0.0013776189496004924,98.98815624998765,0.0013916509789529538,99.99642106403407,False
830,167,SLICE,1,slice_stride_optimized,,,"[[1,128,100],[1],[1],[1],[1]]","[[1,128,49]]","[[1],[1],[1],[1]]",60,0.28546900000000003,0.004757816666666667,0.004297,0.0080756,0.0013761197561883369,98.98953236974384,0.0013901365151890292,99.99781120054925,False
831,77,SLICE,1,slice_stride_optimized,,,"[[1,128,100],[1],[1],[1],[1]]","[[1,128,49]]","[[1],[1],[1],[1]]",60,0.267864,0.0044643999999999994,0.004323,0.0056276,0.0012912538397221159,98.99082362358357,0.0013044061789707258,99.99911560672822,False
832,830,DEQUANTIZE_LINEAR,1,dequantize_linear_neon_combined,,,"[[1,192,1],[],[]]","[[1,192,1]]","[[],[]]",60,0.181613,0.0030268833333333333,0.0027605,0.004458249999999999,0.0008754759265651697,98.99169909951013,0.0008843932718895053,100.00000000000011,False
